edge_id,from_state,to_state,from_port,via_output_port,to_port,delta_x,delta_y,arc_delay,net_delay,total_delay,net_family,net_span,direction
0,0,0,ISEA[0],ZSEA[0],ISEA[0],1,0,61,0,61,ZSEA,1,E
1,0,1,ISEA[0],ZSEB[0],ISEB[0],1,0,57,0,57,ZSEB,1,E
2,0,2,ISEA[0],ZSNA[0],ISNA[0],0,1,58,0,58,ZSNA,1,N
3,0,3,ISEA[0],ZSNB[0],ISNB[0],0,1,57,0,57,ZSNB,1,N
4,0,4,ISEA[0],ZSSA[0],ISSA[0],0,-1,62,0,62,ZSSA,1,S
5,0,5,ISEA[0],ZSSB[0],ISSB[0],0,-1,58,0,58,ZSSB,1,S
6,0,8,ISEA[0],ZDE[0],IDE[0],2,0,67,0,67,ZDE,2,E
7,0,9,ISEA[0],ZDN[0],IDN[0],0,2,57,0,57,ZDN,2,N
8,0,10,ISEA[0],ZDS[0],IDS[0],0,-2,66,0,66,ZDS,2,S
9,0,12,ISEA[0],ZQE[0],IQE[0],4,0,82,0,82,ZQE,4,E
10,0,13,ISEA[0],ZQN[0],IQN[0],0,4,96,0,96,ZQN,4,N
11,0,14,ISEA[0],ZQS[0],IQS[0],0,-4,102,0,102,ZQS,4,S
12,0,20,ISEA[0],ZSEA[1],ISEA[1],1,0,57,0,57,ZSEA,1,E
13,0,21,ISEA[0],ZSEB[1],ISEB[1],1,0,58,0,58,ZSEB,1,E
14,0,28,ISEA[0],ZDE[1],IDE[1],2,0,75,0,75,ZDE,2,E
15,0,32,ISEA[0],ZQE[1],IQE[1],4,0,77,0,77,ZQE,4,E
16,1,0,ISEB[0],ZSEA[0],ISEA[0],1,0,69,0,69,ZSEA,1,E
17,1,1,ISEB[0],ZSEB[0],ISEB[0],1,0,65,0,65,ZSEB,1,E
18,1,2,ISEB[0],ZSNA[0],ISNA[0],0,1,61,0,61,ZSNA,1,N
19,1,3,ISEB[0],ZSNB[0],ISNB[0],0,1,60,0,60,ZSNB,1,N
20,1,4,ISEB[0],ZSSA[0],ISSA[0],0,-1,60,0,60,ZSSA,1,S
21,1,5,ISEB[0],ZSSB[0],ISSB[0],0,-1,56,0,56,ZSSB,1,S
22,1,8,ISEB[0],ZDE[0],IDE[0],2,0,75,0,75,ZDE,2,E
23,1,9,ISEB[0],ZDN[0],IDN[0],0,2,60,0,60,ZDN,2,N
24,1,10,ISEB[0],ZDS[0],IDS[0],0,-2,64,0,64,ZDS,2,S
25,1,12,ISEB[0],ZQE[0],IQE[0],4,0,90,0,90,ZQE,4,E
26,1,13,ISEB[0],ZQN[0],IQN[0],0,4,99,0,99,ZQN,4,N
27,1,14,ISEB[0],ZQS[0],IQS[0],0,-4,100,0,100,ZQS,4,S
28,1,20,ISEB[0],ZSEA[1],ISEA[1],1,0,62,0,62,ZSEA,1,E
29,1,21,ISEB[0],ZSEB[1],ISEB[1],1,0,63,0,63,ZSEB,1,E
30,1,28,ISEB[0],ZDE[1],IDE[1],2,0,80,0,80,ZDE,2,E
31,1,32,ISEB[0],ZQE[1],IQE[1],4,0,82,0,82,ZQE,4,E
32,2,0,ISNA[0],ZSEA[0],ISEA[0],1,0,59,0,59,ZSEA,1,E
33,2,1,ISNA[0],ZSEB[0],ISEB[0],1,0,64,0,64,ZSEB,1,E
34,2,2,ISNA[0],ZSNA[0],ISNA[0],0,1,51,0,51,ZSNA,1,N
35,2,3,ISNA[0],ZSNB[0],ISNB[0],0,1,53,0,53,ZSNB,1,N
36,2,6,ISNA[0],ZSWA[0],ISWA[0],-1,0,56,0,56,ZSWA,1,W
37,2,7,ISNA[0],ZSWB[0],ISWB[0],-1,0,61,0,61,ZSWB,1,W
38,2,8,ISNA[0],ZDE[0],IDE[0],2,0,81,0,81,ZDE,2,E
39,2,9,ISNA[0],ZDN[0],IDN[0],0,2,53,0,53,ZDN,2,N
40,2,11,ISNA[0],ZDW[0],IDW[0],-2,0,71,0,71,ZDW,2,W
41,2,12,ISNA[0],ZQE[0],IQE[0],4,0,83,0,83,ZQE,4,E
42,2,13,ISNA[0],ZQN[0],IQN[0],0,4,89,0,89,ZQN,4,N
43,2,15,ISNA[0],ZQW[0],IQW[0],-4,0,79,0,79,ZQW,4,W
44,2,22,ISNA[0],ZSNA[1],ISNA[1],0,1,55,0,55,ZSNA,1,N
45,2,23,ISNA[0],ZSNB[1],ISNB[1],0,1,59,0,59,ZSNB,1,N
46,2,29,ISNA[0],ZDN[1],IDN[1],0,2,64,0,64,ZDN,2,N
47,2,33,ISNA[0],ZQN[1],IQN[1],0,4,95,0,95,ZQN,4,N
48,3,0,ISNB[0],ZSEA[0],ISEA[0],1,0,53,0,53,ZSEA,1,E
49,3,1,ISNB[0],ZSEB[0],ISEB[0],1,0,58,0,58,ZSEB,1,E
50,3,2,ISNB[0],ZSNA[0],ISNA[0],0,1,54,0,54,ZSNA,1,N
51,3,3,ISNB[0],ZSNB[0],ISNB[0],0,1,56,0,56,ZSNB,1,N
52,3,6,ISNB[0],ZSWA[0],ISWA[0],-1,0,62,0,62,ZSWA,1,W
53,3,7,ISNB[0],ZSWB[0],ISWB[0],-1,0,67,0,67,ZSWB,1,W
54,3,8,ISNB[0],ZDE[0],IDE[0],2,0,75,0,75,ZDE,2,E
55,3,9,ISNB[0],ZDN[0],IDN[0],0,2,56,0,56,ZDN,2,N
56,3,11,ISNB[0],ZDW[0],IDW[0],-2,0,77,0,77,ZDW,2,W
57,3,12,ISNB[0],ZQE[0],IQE[0],4,0,77,0,77,ZQE,4,E
58,3,13,ISNB[0],ZQN[0],IQN[0],0,4,92,0,92,ZQN,4,N
59,3,15,ISNB[0],ZQW[0],IQW[0],-4,0,85,0,85,ZQW,4,W
60,3,22,ISNB[0],ZSNA[1],ISNA[1],0,1,49,0,49,ZSNA,1,N
61,3,23,ISNB[0],ZSNB[1],ISNB[1],0,1,53,0,53,ZSNB,1,N
62,3,29,ISNB[0],ZDN[1],IDN[1],0,2,58,0,58,ZDN,2,N
63,3,33,ISNB[0],ZQN[1],IQN[1],0,4,89,0,89,ZQN,4,N
64,4,0,ISSA[0],ZSEA[0],ISEA[0],1,0,63,0,63,ZSEA,1,E
65,4,1,ISSA[0],ZSEB[0],ISEB[0],1,0,63,0,63,ZSEB,1,E
66,4,4,ISSA[0],ZSSA[0],ISSA[0],0,-1,57,0,57,ZSSA,1,S
67,4,5,ISSA[0],ZSSB[0],ISSB[0],0,-1,57,0,57,ZSSB,1,S
68,4,6,ISSA[0],ZSWA[0],ISWA[0],-1,0,54,0,54,ZSWA,1,W
69,4,7,ISSA[0],ZSWB[0],ISWB[0],-1,0,59,0,59,ZSWB,1,W
70,4,8,ISSA[0],ZDE[0],IDE[0],2,0,71,0,71,ZDE,2,E
71,4,10,ISSA[0],ZDS[0],IDS[0],0,-2,67,0,67,ZDS,2,S
72,4,11,ISSA[0],ZDW[0],IDW[0],-2,0,72,0,72,ZDW,2,W
73,4,12,ISSA[0],ZQE[0],IQE[0],4,0,81,0,81,ZQE,4,E
74,4,14,ISSA[0],ZQS[0],IQS[0],0,-4,105,0,105,ZQS,4,S
75,4,15,ISSA[0],ZQW[0],IQW[0],-4,0,79,0,79,ZQW,4,W
76,4,24,ISSA[0],ZSSA[1],ISSA[1],0,-1,54,0,54,ZSSA,1,S
77,4,25,ISSA[0],ZSSB[1],ISSB[1],0,-1,62,0,62,ZSSB,1,S
78,4,30,ISSA[0],ZDS[1],IDS[1],0,-2,59,0,59,ZDS,2,S
79,4,34,ISSA[0],ZQS[1],IQS[1],0,-4,95,0,95,ZQS,4,S
80,5,0,ISSB[0],ZSEA[0],ISEA[0],1,0,67,0,67,ZSEA,1,E
81,5,1,ISSB[0],ZSEB[0],ISEB[0],1,0,67,0,67,ZSEB,1,E
82,5,4,ISSB[0],ZSSA[0],ISSA[0],0,-1,54,0,54,ZSSA,1,S
83,5,5,ISSB[0],ZSSB[0],ISSB[0],0,-1,54,0,54,ZSSB,1,S
84,5,6,ISSB[0],ZSWA[0],ISWA[0],-1,0,59,0,59,ZSWA,1,W
85,5,7,ISSB[0],ZSWB[0],ISWB[0],-1,0,64,0,64,ZSWB,1,W
86,5,8,ISSB[0],ZDE[0],IDE[0],2,0,75,0,75,ZDE,2,E
87,5,10,ISSB[0],ZDS[0],IDS[0],0,-2,64,0,64,ZDS,2,S
88,5,11,ISSB[0],ZDW[0],IDW[0],-2,0,77,0,77,ZDW,2,W
89,5,12,ISSB[0],ZQE[0],IQE[0],4,0,85,0,85,ZQE,4,E
90,5,14,ISSB[0],ZQS[0],IQS[0],0,-4,102,0,102,ZQS,4,S
91,5,15,ISSB[0],ZQW[0],IQW[0],-4,0,84,0,84,ZQW,4,W
92,5,24,ISSB[0],ZSSA[1],ISSA[1],0,-1,57,0,57,ZSSA,1,S
93,5,25,ISSB[0],ZSSB[1],ISSB[1],0,-1,65,0,65,ZSSB,1,S
94,5,30,ISSB[0],ZDS[1],IDS[1],0,-2,62,0,62,ZDS,2,S
95,5,34,ISSB[0],ZQS[1],IQS[1],0,-4,98,0,98,ZQS,4,S
96,6,2,ISWA[0],ZSNA[0],ISNA[0],0,1,57,0,57,ZSNA,1,N
97,6,3,ISWA[0],ZSNB[0],ISNB[0],0,1,61,0,61,ZSNB,1,N
98,6,4,ISWA[0],ZSSA[0],ISSA[0],0,-1,55,0,55,ZSSA,1,S
99,6,5,ISWA[0],ZSSB[0],ISSB[0],0,-1,64,0,64,ZSSB,1,S
100,6,6,ISWA[0],ZSWA[0],ISWA[0],-1,0,70,0,70,ZSWA,1,W
101,6,7,ISWA[0],ZSWB[0],ISWB[0],-1,0,67,0,67,ZSWB,1,W
102,6,9,ISWA[0],ZDN[0],IDN[0],0,2,64,0,64,ZDN,2,N
103,6,10,ISWA[0],ZDS[0],IDS[0],0,-2,66,0,66,ZDS,2,S
104,6,11,ISWA[0],ZDW[0],IDW[0],-2,0,83,0,83,ZDW,2,W
105,6,13,ISWA[0],ZQN[0],IQN[0],0,4,90,0,90,ZQN,4,N
106,6,14,ISWA[0],ZQS[0],IQS[0],0,-4,99,0,99,ZQS,4,S
107,6,15,ISWA[0],ZQW[0],IQW[0],-4,0,85,0,85,ZQW,4,W
108,6,26,ISWA[0],ZSWA[1],ISWA[1],-1,0,63,0,63,ZSWA,1,W
109,6,27,ISWA[0],ZSWB[1],ISWB[1],-1,0,62,0,62,ZSWB,1,W
110,6,31,ISWA[0],ZDW[1],IDW[1],-2,0,78,0,78,ZDW,2,W
111,6,35,ISWA[0],ZQW[1],IQW[1],-4,0,80,0,80,ZQW,4,W
112,7,2,ISWB[0],ZSNA[0],ISNA[0],0,1,51,0,51,ZSNA,1,N
113,7,3,ISWB[0],ZSNB[0],ISNB[0],0,1,55,0,55,ZSNB,1,N
114,7,4,ISWB[0],ZSSA[0],ISSA[0],0,-1,49,0,49,ZSSA,1,S
115,7,5,ISWB[0],ZSSB[0],ISSB[0],0,-1,58,0,58,ZSSB,1,S
116,7,6,ISWB[0],ZSWA[0],ISWA[0],-1,0,63,0,63,ZSWA,1,W
117,7,7,ISWB[0],ZSWB[0],ISWB[0],-1,0,60,0,60,ZSWB,1,W
118,7,9,ISWB[0],ZDN[0],IDN[0],0,2,58,0,58,ZDN,2,N
119,7,10,ISWB[0],ZDS[0],IDS[0],0,-2,60,0,60,ZDS,2,S
120,7,11,ISWB[0],ZDW[0],IDW[0],-2,0,76,0,76,ZDW,2,W
121,7,13,ISWB[0],ZQN[0],IQN[0],0,4,84,0,84,ZQN,4,N
122,7,14,ISWB[0],ZQS[0],IQS[0],0,-4,93,0,93,ZQS,4,S
123,7,15,ISWB[0],ZQW[0],IQW[0],-4,0,78,0,78,ZQW,4,W
124,7,26,ISWB[0],ZSWA[1],ISWA[1],-1,0,67,0,67,ZSWA,1,W
125,7,27,ISWB[0],ZSWB[1],ISWB[1],-1,0,66,0,66,ZSWB,1,W
126,7,31,ISWB[0],ZDW[1],IDW[1],-2,0,82,0,82,ZDW,2,W
127,7,35,ISWB[0],ZQW[1],IQW[1],-4,0,84,0,84,ZQW,4,W
128,8,0,IDE[0],ZSEA[0],ISEA[0],1,0,74,0,74,ZSEA,1,E
129,8,1,IDE[0],ZSEB[0],ISEB[0],1,0,70,0,70,ZSEB,1,E
130,8,2,IDE[0],ZSNA[0],ISNA[0],0,1,71,0,71,ZSNA,1,N
131,8,3,IDE[0],ZSNB[0],ISNB[0],0,1,70,0,70,ZSNB,1,N
132,8,4,IDE[0],ZSSA[0],ISSA[0],0,-1,64,0,64,ZSSA,1,S
133,8,5,IDE[0],ZSSB[0],ISSB[0],0,-1,60,0,60,ZSSB,1,S
134,8,8,IDE[0],ZDE[0],IDE[0],2,0,80,0,80,ZDE,2,E
135,8,9,IDE[0],ZDN[0],IDN[0],0,2,70,0,70,ZDN,2,N
136,8,10,IDE[0],ZDS[0],IDS[0],0,-2,68,0,68,ZDS,2,S
137,8,12,IDE[0],ZQE[0],IQE[0],4,0,95,0,95,ZQE,4,E
138,8,13,IDE[0],ZQN[0],IQN[0],0,4,109,0,109,ZQN,4,N
139,8,14,IDE[0],ZQS[0],IQS[0],0,-4,104,0,104,ZQS,4,S
140,8,20,IDE[0],ZSEA[1],ISEA[1],1,0,67,0,67,ZSEA,1,E
141,8,21,IDE[0],ZSEB[1],ISEB[1],1,0,68,0,68,ZSEB,1,E
142,8,28,IDE[0],ZDE[1],IDE[1],2,0,85,0,85,ZDE,2,E
143,8,32,IDE[0],ZQE[1],IQE[1],4,0,87,0,87,ZQE,4,E
144,8,157,IDE[0],ZLN[7],ILN[7],0,12,106,0,106,ZLN,12,N
145,9,0,IDN[0],ZSEA[0],ISEA[0],1,0,63,0,63,ZSEA,1,E
146,9,1,IDN[0],ZSEB[0],ISEB[0],1,0,68,0,68,ZSEB,1,E
147,9,2,IDN[0],ZSNA[0],ISNA[0],0,1,51,0,51,ZSNA,1,N
148,9,3,IDN[0],ZSNB[0],ISNB[0],0,1,53,0,53,ZSNB,1,N
149,9,6,IDN[0],ZSWA[0],ISWA[0],-1,0,62,0,62,ZSWA,1,W
150,9,7,IDN[0],ZSWB[0],ISWB[0],-1,0,67,0,67,ZSWB,1,W
151,9,8,IDN[0],ZDE[0],IDE[0],2,0,85,0,85,ZDE,2,E
152,9,9,IDN[0],ZDN[0],IDN[0],0,2,53,0,53,ZDN,2,N
153,9,11,IDN[0],ZDW[0],IDW[0],-2,0,77,0,77,ZDW,2,W
154,9,12,IDN[0],ZQE[0],IQE[0],4,0,87,0,87,ZQE,4,E
155,9,13,IDN[0],ZQN[0],IQN[0],0,4,89,0,89,ZQN,4,N
156,9,15,IDN[0],ZQW[0],IQW[0],-4,0,85,0,85,ZQW,4,W
157,9,22,IDN[0],ZSNA[1],ISNA[1],0,1,59,0,59,ZSNA,1,N
158,9,23,IDN[0],ZSNB[1],ISNB[1],0,1,63,0,63,ZSNB,1,N
159,9,29,IDN[0],ZDN[1],IDN[1],0,2,68,0,68,ZDN,2,N
160,9,33,IDN[0],ZQN[1],IQN[1],0,4,99,0,99,ZQN,4,N
161,9,159,IDN[0],ZLW[7],ILW[7],-10,0,108,0,108,ZLW,10,W
162,10,0,IDS[0],ZSEA[0],ISEA[0],1,0,62,0,62,ZSEA,1,E
163,10,1,IDS[0],ZSEB[0],ISEB[0],1,0,62,0,62,ZSEB,1,E
164,10,4,IDS[0],ZSSA[0],ISSA[0],0,-1,54,0,54,ZSSA,1,S
165,10,5,IDS[0],ZSSB[0],ISSB[0],0,-1,54,0,54,ZSSB,1,S
166,10,6,IDS[0],ZSWA[0],ISWA[0],-1,0,63,0,63,ZSWA,1,W
167,10,7,IDS[0],ZSWB[0],ISWB[0],-1,0,68,0,68,ZSWB,1,W
168,10,8,IDS[0],ZDE[0],IDE[0],2,0,70,0,70,ZDE,2,E
169,10,10,IDS[0],ZDS[0],IDS[0],0,-2,64,0,64,ZDS,2,S
170,10,11,IDS[0],ZDW[0],IDW[0],-2,0,81,0,81,ZDW,2,W
171,10,12,IDS[0],ZQE[0],IQE[0],4,0,80,0,80,ZQE,4,E
172,10,14,IDS[0],ZQS[0],IQS[0],0,-4,102,0,102,ZQS,4,S
173,10,15,IDS[0],ZQW[0],IQW[0],-4,0,88,0,88,ZQW,4,W
174,10,24,IDS[0],ZSSA[1],ISSA[1],0,-1,57,0,57,ZSSA,1,S
175,10,25,IDS[0],ZSSB[1],ISSB[1],0,-1,65,0,65,ZSSB,1,S
176,10,30,IDS[0],ZDS[1],IDS[1],0,-2,62,0,62,ZDS,2,S
177,10,34,IDS[0],ZQS[1],IQS[1],0,-4,98,0,98,ZQS,4,S
178,10,156,IDS[0],ZLE[7],ILE[7],10,0,105,0,105,ZLE,10,E
179,11,2,IDW[0],ZSNA[0],ISNA[0],0,1,65,0,65,ZSNA,1,N
180,11,3,IDW[0],ZSNB[0],ISNB[0],0,1,69,0,69,ZSNB,1,N
181,11,4,IDW[0],ZSSA[0],ISSA[0],0,-1,64,0,64,ZSSA,1,S
182,11,5,IDW[0],ZSSB[0],ISSB[0],0,-1,73,0,73,ZSSB,1,S
183,11,6,IDW[0],ZSWA[0],ISWA[0],-1,0,69,0,69,ZSWA,1,W
184,11,7,IDW[0],ZSWB[0],ISWB[0],-1,0,66,0,66,ZSWB,1,W
185,11,9,IDW[0],ZDN[0],IDN[0],0,2,72,0,72,ZDN,2,N
186,11,10,IDW[0],ZDS[0],IDS[0],0,-2,75,0,75,ZDS,2,S
187,11,11,IDW[0],ZDW[0],IDW[0],-2,0,82,0,82,ZDW,2,W
188,11,13,IDW[0],ZQN[0],IQN[0],0,4,98,0,98,ZQN,4,N
189,11,14,IDW[0],ZQS[0],IQS[0],0,-4,108,0,108,ZQS,4,S
190,11,15,IDW[0],ZQW[0],IQW[0],-4,0,84,0,84,ZQW,4,W
191,11,26,IDW[0],ZSWA[1],ISWA[1],-1,0,75,0,75,ZSWA,1,W
192,11,27,IDW[0],ZSWB[1],ISWB[1],-1,0,74,0,74,ZSWB,1,W
193,11,31,IDW[0],ZDW[1],IDW[1],-2,0,90,0,90,ZDW,2,W
194,11,35,IDW[0],ZQW[1],IQW[1],-4,0,92,0,92,ZQW,4,W
195,11,158,IDW[0],ZLS[7],ILS[7],0,-12,111,0,111,ZLS,12,S
196,12,0,IQE[0],ZSEA[0],ISEA[0],1,0,77,0,77,ZSEA,1,E
197,12,1,IQE[0],ZSEB[0],ISEB[0],1,0,73,0,73,ZSEB,1,E
198,12,2,IQE[0],ZSNA[0],ISNA[0],0,1,74,0,74,ZSNA,1,N
199,12,3,IQE[0],ZSNB[0],ISNB[0],0,1,73,0,73,ZSNB,1,N
200,12,4,IQE[0],ZSSA[0],ISSA[0],0,-1,68,0,68,ZSSA,1,S
201,12,5,IQE[0],ZSSB[0],ISSB[0],0,-1,64,0,64,ZSSB,1,S
202,12,8,IQE[0],ZDE[0],IDE[0],2,0,83,0,83,ZDE,2,E
203,12,9,IQE[0],ZDN[0],IDN[0],0,2,73,0,73,ZDN,2,N
204,12,10,IQE[0],ZDS[0],IDS[0],0,-2,72,0,72,ZDS,2,S
205,12,12,IQE[0],ZQE[0],IQE[0],4,0,98,0,98,ZQE,4,E
206,12,13,IQE[0],ZQN[0],IQN[0],0,4,112,0,112,ZQN,4,N
207,12,14,IQE[0],ZQS[0],IQS[0],0,-4,108,0,108,ZQS,4,S
208,12,16,IQE[0],ZLE[0],ILE[0],10,0,121,0,121,ZLE,10,E
209,12,18,IQE[0],ZLS[0],ILS[0],0,-12,113,0,113,ZLS,12,S
210,12,20,IQE[0],ZSEA[1],ISEA[1],1,0,68,0,68,ZSEA,1,E
211,12,21,IQE[0],ZSEB[1],ISEB[1],1,0,69,0,69,ZSEB,1,E
212,12,28,IQE[0],ZDE[1],IDE[1],2,0,86,0,86,ZDE,2,E
213,12,32,IQE[0],ZQE[1],IQE[1],4,0,88,0,88,ZQE,4,E
214,13,0,IQN[0],ZSEA[0],ISEA[0],1,0,63,0,63,ZSEA,1,E
215,13,1,IQN[0],ZSEB[0],ISEB[0],1,0,68,0,68,ZSEB,1,E
216,13,2,IQN[0],ZSNA[0],ISNA[0],0,1,57,0,57,ZSNA,1,N
217,13,3,IQN[0],ZSNB[0],ISNB[0],0,1,59,0,59,ZSNB,1,N
218,13,6,IQN[0],ZSWA[0],ISWA[0],-1,0,61,0,61,ZSWA,1,W
219,13,7,IQN[0],ZSWB[0],ISWB[0],-1,0,66,0,66,ZSWB,1,W
220,13,8,IQN[0],ZDE[0],IDE[0],2,0,85,0,85,ZDE,2,E
221,13,9,IQN[0],ZDN[0],IDN[0],0,2,59,0,59,ZDN,2,N
222,13,11,IQN[0],ZDW[0],IDW[0],-2,0,76,0,76,ZDW,2,W
223,13,12,IQN[0],ZQE[0],IQE[0],4,0,87,0,87,ZQE,4,E
224,13,13,IQN[0],ZQN[0],IQN[0],0,4,95,0,95,ZQN,4,N
225,13,15,IQN[0],ZQW[0],IQW[0],-4,0,84,0,84,ZQW,4,W
226,13,16,IQN[0],ZLE[0],ILE[0],10,0,116,0,116,ZLE,10,E
227,13,17,IQN[0],ZLN[0],ILN[0],0,12,122,0,122,ZLN,12,N
228,13,22,IQN[0],ZSNA[1],ISNA[1],0,1,60,0,60,ZSNA,1,N
229,13,23,IQN[0],ZSNB[1],ISNB[1],0,1,64,0,64,ZSNB,1,N
230,13,29,IQN[0],ZDN[1],IDN[1],0,2,69,0,69,ZDN,2,N
231,13,33,IQN[0],ZQN[1],IQN[1],0,4,100,0,100,ZQN,4,N
232,14,0,IQS[0],ZSEA[0],ISEA[0],1,0,64,0,64,ZSEA,1,E
233,14,1,IQS[0],ZSEB[0],ISEB[0],1,0,64,0,64,ZSEB,1,E
234,14,4,IQS[0],ZSSA[0],ISSA[0],0,-1,55,0,55,ZSSA,1,S
235,14,5,IQS[0],ZSSB[0],ISSB[0],0,-1,55,0,55,ZSSB,1,S
236,14,6,IQS[0],ZSWA[0],ISWA[0],-1,0,60,0,60,ZSWA,1,W
237,14,7,IQS[0],ZSWB[0],ISWB[0],-1,0,65,0,65,ZSWB,1,W
238,14,8,IQS[0],ZDE[0],IDE[0],2,0,72,0,72,ZDE,2,E
239,14,10,IQS[0],ZDS[0],IDS[0],0,-2,65,0,65,ZDS,2,S
240,14,11,IQS[0],ZDW[0],IDW[0],-2,0,78,0,78,ZDW,2,W
241,14,12,IQS[0],ZQE[0],IQE[0],4,0,82,0,82,ZQE,4,E
242,14,14,IQS[0],ZQS[0],IQS[0],0,-4,103,0,103,ZQS,4,S
243,14,15,IQS[0],ZQW[0],IQW[0],-4,0,85,0,85,ZQW,4,W
244,14,18,IQS[0],ZLS[0],ILS[0],0,-12,116,0,116,ZLS,12,S
245,14,19,IQS[0],ZLW[0],ILW[0],-10,0,114,0,114,ZLW,10,W
246,14,24,IQS[0],ZSSA[1],ISSA[1],0,-1,55,0,55,ZSSA,1,S
247,14,25,IQS[0],ZSSB[1],ISSB[1],0,-1,63,0,63,ZSSB,1,S
248,14,30,IQS[0],ZDS[1],IDS[1],0,-2,60,0,60,ZDS,2,S
249,14,34,IQS[0],ZQS[1],IQS[1],0,-4,96,0,96,ZQS,4,S
250,15,2,IQW[0],ZSNA[0],ISNA[0],0,1,63,0,63,ZSNA,1,N
251,15,3,IQW[0],ZSNB[0],ISNB[0],0,1,67,0,67,ZSNB,1,N
252,15,4,IQW[0],ZSSA[0],ISSA[0],0,-1,68,0,68,ZSSA,1,S
253,15,5,IQW[0],ZSSB[0],ISSB[0],0,-1,77,0,77,ZSSB,1,S
254,15,6,IQW[0],ZSWA[0],ISWA[0],-1,0,75,0,75,ZSWA,1,W
255,15,7,IQW[0],ZSWB[0],ISWB[0],-1,0,72,0,72,ZSWB,1,W
256,15,9,IQW[0],ZDN[0],IDN[0],0,2,70,0,70,ZDN,2,N
257,15,10,IQW[0],ZDS[0],IDS[0],0,-2,79,0,79,ZDS,2,S
258,15,11,IQW[0],ZDW[0],IDW[0],-2,0,88,0,88,ZDW,2,W
259,15,13,IQW[0],ZQN[0],IQN[0],0,4,96,0,96,ZQN,4,N
260,15,14,IQW[0],ZQS[0],IQS[0],0,-4,112,0,112,ZQS,4,S
261,15,15,IQW[0],ZQW[0],IQW[0],-4,0,90,0,90,ZQW,4,W
262,15,17,IQW[0],ZLN[0],ILN[0],0,12,113,0,113,ZLN,12,N
263,15,19,IQW[0],ZLW[0],ILW[0],-10,0,116,0,116,ZLW,10,W
264,15,26,IQW[0],ZSWA[1],ISWA[1],-1,0,73,0,73,ZSWA,1,W
265,15,27,IQW[0],ZSWB[1],ISWB[1],-1,0,72,0,72,ZSWB,1,W
266,15,31,IQW[0],ZDW[1],IDW[1],-2,0,88,0,88,ZDW,2,W
267,15,35,IQW[0],ZQW[1],IQW[1],-4,0,90,0,90,ZQW,4,W
268,16,0,ILE[0],ZSEA[0],ISEA[0],1,0,77,0,77,ZSEA,1,E
269,16,1,ILE[0],ZSEB[0],ISEB[0],1,0,73,0,73,ZSEB,1,E
270,16,2,ILE[0],ZSNA[0],ISNA[0],0,1,73,0,73,ZSNA,1,N
271,16,3,ILE[0],ZSNB[0],ISNB[0],0,1,72,0,72,ZSNB,1,N
272,16,4,ILE[0],ZSSA[0],ISSA[0],0,-1,71,0,71,ZSSA,1,S
273,16,5,ILE[0],ZSSB[0],ISSB[0],0,-1,67,0,67,ZSSB,1,S
274,16,8,ILE[0],ZDE[0],IDE[0],2,0,83,0,83,ZDE,2,E
275,16,9,ILE[0],ZDN[0],IDN[0],0,2,72,0,72,ZDN,2,N
276,16,10,ILE[0],ZDS[0],IDS[0],0,-2,75,0,75,ZDS,2,S
277,16,12,ILE[0],ZQE[0],IQE[0],4,0,98,0,98,ZQE,4,E
278,16,13,ILE[0],ZQN[0],IQN[0],0,4,111,0,111,ZQN,4,N
279,16,14,ILE[0],ZQS[0],IQS[0],0,-4,111,0,111,ZQS,4,S
280,16,16,ILE[0],ZLE[0],ILE[0],10,0,133,0,133,ZLE,10,E
281,16,17,ILE[0],ZLN[0],ILN[0],0,12,127,0,127,ZLN,12,N
282,16,18,ILE[0],ZLS[0],ILS[0],0,-12,125,0,125,ZLS,12,S
283,16,20,ILE[0],ZSEA[1],ISEA[1],1,0,70,0,70,ZSEA,1,E
284,16,21,ILE[0],ZSEB[1],ISEB[1],1,0,71,0,71,ZSEB,1,E
285,16,28,ILE[0],ZDE[1],IDE[1],2,0,88,0,88,ZDE,2,E
286,16,32,ILE[0],ZQE[1],IQE[1],4,0,90,0,90,ZQE,4,E
287,17,0,ILN[0],ZSEA[0],ISEA[0],1,0,71,0,71,ZSEA,1,E
288,17,1,ILN[0],ZSEB[0],ISEB[0],1,0,76,0,76,ZSEB,1,E
289,17,2,ILN[0],ZSNA[0],ISNA[0],0,1,67,0,67,ZSNA,1,N
290,17,3,ILN[0],ZSNB[0],ISNB[0],0,1,69,0,69,ZSNB,1,N
291,17,6,ILN[0],ZSWA[0],ISWA[0],-1,0,68,0,68,ZSWA,1,W
292,17,7,ILN[0],ZSWB[0],ISWB[0],-1,0,73,0,73,ZSWB,1,W
293,17,8,ILN[0],ZDE[0],IDE[0],2,0,93,0,93,ZDE,2,E
294,17,9,ILN[0],ZDN[0],IDN[0],0,2,69,0,69,ZDN,2,N
295,17,11,ILN[0],ZDW[0],IDW[0],-2,0,83,0,83,ZDW,2,W
296,17,12,ILN[0],ZQE[0],IQE[0],4,0,95,0,95,ZQE,4,E
297,17,13,ILN[0],ZQN[0],IQN[0],0,4,105,0,105,ZQN,4,N
298,17,15,ILN[0],ZQW[0],IQW[0],-4,0,91,0,91,ZQW,4,W
299,17,16,ILN[0],ZLE[0],ILE[0],10,0,128,0,128,ZLE,10,E
300,17,17,ILN[0],ZLN[0],ILN[0],0,12,127,0,127,ZLN,12,N
301,17,19,ILN[0],ZLW[0],ILW[0],-10,0,131,0,131,ZLW,10,W
302,17,22,ILN[0],ZSNA[1],ISNA[1],0,1,67,0,67,ZSNA,1,N
303,17,23,ILN[0],ZSNB[1],ISNB[1],0,1,71,0,71,ZSNB,1,N
304,17,29,ILN[0],ZDN[1],IDN[1],0,2,76,0,76,ZDN,2,N
305,17,33,ILN[0],ZQN[1],IQN[1],0,4,107,0,107,ZQN,4,N
306,18,0,ILS[0],ZSEA[0],ISEA[0],1,0,75,0,75,ZSEA,1,E
307,18,1,ILS[0],ZSEB[0],ISEB[0],1,0,75,0,75,ZSEB,1,E
308,18,4,ILS[0],ZSSA[0],ISSA[0],0,-1,63,0,63,ZSSA,1,S
309,18,5,ILS[0],ZSSB[0],ISSB[0],0,-1,63,0,63,ZSSB,1,S
310,18,6,ILS[0],ZSWA[0],ISWA[0],-1,0,68,0,68,ZSWA,1,W
311,18,7,ILS[0],ZSWB[0],ISWB[0],-1,0,73,0,73,ZSWB,1,W
312,18,8,ILS[0],ZDE[0],IDE[0],2,0,83,0,83,ZDE,2,E
313,18,10,ILS[0],ZDS[0],IDS[0],0,-2,73,0,73,ZDS,2,S
314,18,11,ILS[0],ZDW[0],IDW[0],-2,0,86,0,86,ZDW,2,W
315,18,12,ILS[0],ZQE[0],IQE[0],4,0,93,0,93,ZQE,4,E
316,18,14,ILS[0],ZQS[0],IQS[0],0,-4,111,0,111,ZQS,4,S
317,18,15,ILS[0],ZQW[0],IQW[0],-4,0,93,0,93,ZQW,4,W
318,18,16,ILS[0],ZLE[0],ILE[0],10,0,131,0,131,ZLE,10,E
319,18,18,ILS[0],ZLS[0],ILS[0],0,-12,135,0,135,ZLS,12,S
320,18,19,ILS[0],ZLW[0],ILW[0],-10,0,134,0,134,ZLW,10,W
321,18,24,ILS[0],ZSSA[1],ISSA[1],0,-1,59,0,59,ZSSA,1,S
322,18,25,ILS[0],ZSSB[1],ISSB[1],0,-1,67,0,67,ZSSB,1,S
323,18,30,ILS[0],ZDS[1],IDS[1],0,-2,64,0,64,ZDS,2,S
324,18,34,ILS[0],ZQS[1],IQS[1],0,-4,100,0,100,ZQS,4,S
325,19,2,ILW[0],ZSNA[0],ISNA[0],0,1,67,0,67,ZSNA,1,N
326,19,3,ILW[0],ZSNB[0],ISNB[0],0,1,71,0,71,ZSNB,1,N
327,19,4,ILW[0],ZSSA[0],ISSA[0],0,-1,64,0,64,ZSSA,1,S
328,19,5,ILW[0],ZSSB[0],ISSB[0],0,-1,73,0,73,ZSSB,1,S
329,19,6,ILW[0],ZSWA[0],ISWA[0],-1,0,76,0,76,ZSWA,1,W
330,19,7,ILW[0],ZSWB[0],ISWB[0],-1,0,73,0,73,ZSWB,1,W
331,19,9,ILW[0],ZDN[0],IDN[0],0,2,74,0,74,ZDN,2,N
332,19,10,ILW[0],ZDS[0],IDS[0],0,-2,75,0,75,ZDS,2,S
333,19,11,ILW[0],ZDW[0],IDW[0],-2,0,89,0,89,ZDW,2,W
334,19,13,ILW[0],ZQN[0],IQN[0],0,4,100,0,100,ZQN,4,N
335,19,14,ILW[0],ZQS[0],IQS[0],0,-4,108,0,108,ZQS,4,S
336,19,15,ILW[0],ZQW[0],IQW[0],-4,0,91,0,91,ZQW,4,W
337,19,17,ILW[0],ZLN[0],ILN[0],0,12,133,0,133,ZLN,12,N
338,19,18,ILW[0],ZLS[0],ILS[0],0,-12,133,0,133,ZLS,12,S
339,19,19,ILW[0],ZLW[0],ILW[0],-10,0,129,0,129,ZLW,10,W
340,19,26,ILW[0],ZSWA[1],ISWA[1],-1,0,70,0,70,ZSWA,1,W
341,19,27,ILW[0],ZSWB[1],ISWB[1],-1,0,69,0,69,ZSWB,1,W
342,19,31,ILW[0],ZDW[1],IDW[1],-2,0,85,0,85,ZDW,2,W
343,19,35,ILW[0],ZQW[1],IQW[1],-4,0,87,0,87,ZQW,4,W
344,20,20,ISEA[1],ZSEA[1],ISEA[1],1,0,69,0,69,ZSEA,1,E
345,20,21,ISEA[1],ZSEB[1],ISEB[1],1,0,62,0,62,ZSEB,1,E
346,20,22,ISEA[1],ZSNA[1],ISNA[1],0,1,62,0,62,ZSNA,1,N
347,20,23,ISEA[1],ZSNB[1],ISNB[1],0,1,63,0,63,ZSNB,1,N
348,20,24,ISEA[1],ZSSA[1],ISSA[1],0,-1,55,0,55,ZSSA,1,S
349,20,25,ISEA[1],ZSSB[1],ISSB[1],0,-1,53,0,53,ZSSB,1,S
350,20,28,ISEA[1],ZDE[1],IDE[1],2,0,74,0,74,ZDE,2,E
351,20,29,ISEA[1],ZDN[1],IDN[1],0,2,62,0,62,ZDN,2,N
352,20,30,ISEA[1],ZDS[1],IDS[1],0,-2,57,0,57,ZDS,2,S
353,20,32,ISEA[1],ZQE[1],IQE[1],4,0,85,0,85,ZQE,4,E
354,20,33,ISEA[1],ZQN[1],IQN[1],0,4,91,0,91,ZQN,4,N
355,20,34,ISEA[1],ZQS[1],IQS[1],0,-4,93,0,93,ZQS,4,S
356,20,40,ISEA[1],ZSEA[2],ISEA[2],1,0,61,0,61,ZSEA,1,E
357,20,41,ISEA[1],ZSEB[2],ISEB[2],1,0,56,0,56,ZSEB,1,E
358,20,48,ISEA[1],ZDE[2],IDE[2],2,0,78,0,78,ZDE,2,E
359,20,52,ISEA[1],ZQE[2],IQE[2],4,0,85,0,85,ZQE,4,E
360,21,20,ISEB[1],ZSEA[1],ISEA[1],1,0,66,0,66,ZSEA,1,E
361,21,21,ISEB[1],ZSEB[1],ISEB[1],1,0,59,0,59,ZSEB,1,E
362,21,22,ISEB[1],ZSNA[1],ISNA[1],0,1,57,0,57,ZSNA,1,N
363,21,23,ISEB[1],ZSNB[1],ISNB[1],0,1,58,0,58,ZSNB,1,N
364,21,24,ISEB[1],ZSSA[1],ISSA[1],0,-1,59,0,59,ZSSA,1,S
365,21,25,ISEB[1],ZSSB[1],ISSB[1],0,-1,57,0,57,ZSSB,1,S
366,21,28,ISEB[1],ZDE[1],IDE[1],2,0,71,0,71,ZDE,2,E
367,21,29,ISEB[1],ZDN[1],IDN[1],0,2,57,0,57,ZDN,2,N
368,21,30,ISEB[1],ZDS[1],IDS[1],0,-2,61,0,61,ZDS,2,S
369,21,32,ISEB[1],ZQE[1],IQE[1],4,0,82,0,82,ZQE,4,E
370,21,33,ISEB[1],ZQN[1],IQN[1],0,4,86,0,86,ZQN,4,N
371,21,34,ISEB[1],ZQS[1],IQS[1],0,-4,97,0,97,ZQS,4,S
372,21,40,ISEB[1],ZSEA[2],ISEA[2],1,0,67,0,67,ZSEA,1,E
373,21,41,ISEB[1],ZSEB[2],ISEB[2],1,0,62,0,62,ZSEB,1,E
374,21,48,ISEB[1],ZDE[2],IDE[2],2,0,84,0,84,ZDE,2,E
375,21,52,ISEB[1],ZQE[2],IQE[2],4,0,91,0,91,ZQE,4,E
376,22,20,ISNA[1],ZSEA[1],ISEA[1],1,0,56,0,56,ZSEA,1,E
377,22,21,ISNA[1],ZSEB[1],ISEB[1],1,0,56,0,56,ZSEB,1,E
378,22,22,ISNA[1],ZSNA[1],ISNA[1],0,1,55,0,55,ZSNA,1,N
379,22,23,ISNA[1],ZSNB[1],ISNB[1],0,1,53,0,53,ZSNB,1,N
380,22,26,ISNA[1],ZSWA[1],ISWA[1],-1,0,67,0,67,ZSWA,1,W
381,22,27,ISNA[1],ZSWB[1],ISWB[1],-1,0,64,0,64,ZSWB,1,W
382,22,28,ISNA[1],ZDE[1],IDE[1],2,0,77,0,77,ZDE,2,E
383,22,29,ISNA[1],ZDN[1],IDN[1],0,2,53,0,53,ZDN,2,N
384,22,31,ISNA[1],ZDW[1],IDW[1],-2,0,78,0,78,ZDW,2,W
385,22,32,ISNA[1],ZQE[1],IQE[1],4,0,85,0,85,ZQE,4,E
386,22,33,ISNA[1],ZQN[1],IQN[1],0,4,85,0,85,ZQN,4,N
387,22,35,ISNA[1],ZQW[1],IQW[1],-4,0,84,0,84,ZQW,4,W
388,22,42,ISNA[1],ZSNA[2],ISNA[2],0,1,62,0,62,ZSNA,1,N
389,22,43,ISNA[1],ZSNB[2],ISNB[2],0,1,58,0,58,ZSNB,1,N
390,22,49,ISNA[1],ZDN[2],IDN[2],0,2,65,0,65,ZDN,2,N
391,22,53,ISNA[1],ZQN[2],IQN[2],0,4,96,0,96,ZQN,4,N
392,23,20,ISNB[1],ZSEA[1],ISEA[1],1,0,53,0,53,ZSEA,1,E
393,23,21,ISNB[1],ZSEB[1],ISEB[1],1,0,53,0,53,ZSEB,1,E
394,23,22,ISNB[1],ZSNA[1],ISNA[1],0,1,63,0,63,ZSNA,1,N
395,23,23,ISNB[1],ZSNB[1],ISNB[1],0,1,61,0,61,ZSNB,1,N
396,23,26,ISNB[1],ZSWA[1],ISWA[1],-1,0,62,0,62,ZSWA,1,W
397,23,27,ISNB[1],ZSWB[1],ISWB[1],-1,0,59,0,59,ZSWB,1,W
398,23,28,ISNB[1],ZDE[1],IDE[1],2,0,74,0,74,ZDE,2,E
399,23,29,ISNB[1],ZDN[1],IDN[1],0,2,61,0,61,ZDN,2,N
400,23,31,ISNB[1],ZDW[1],IDW[1],-2,0,73,0,73,ZDW,2,W
401,23,32,ISNB[1],ZQE[1],IQE[1],4,0,82,0,82,ZQE,4,E
402,23,33,ISNB[1],ZQN[1],IQN[1],0,4,93,0,93,ZQN,4,N
403,23,35,ISNB[1],ZQW[1],IQW[1],-4,0,79,0,79,ZQW,4,W
404,23,42,ISNB[1],ZSNA[2],ISNA[2],0,1,54,0,54,ZSNA,1,N
405,23,43,ISNB[1],ZSNB[2],ISNB[2],0,1,50,0,50,ZSNB,1,N
406,23,49,ISNB[1],ZDN[2],IDN[2],0,2,57,0,57,ZDN,2,N
407,23,53,ISNB[1],ZQN[2],IQN[2],0,4,88,0,88,ZQN,4,N
408,24,20,ISSA[1],ZSEA[1],ISEA[1],1,0,66,0,66,ZSEA,1,E
409,24,21,ISSA[1],ZSEB[1],ISEB[1],1,0,64,0,64,ZSEB,1,E
410,24,24,ISSA[1],ZSSA[1],ISSA[1],0,-1,49,0,49,ZSSA,1,S
411,24,25,ISSA[1],ZSSB[1],ISSB[1],0,-1,52,0,52,ZSSB,1,S
412,24,26,ISSA[1],ZSWA[1],ISWA[1],-1,0,57,0,57,ZSWA,1,W
413,24,27,ISSA[1],ZSWB[1],ISWB[1],-1,0,60,0,60,ZSWB,1,W
414,24,28,ISSA[1],ZDE[1],IDE[1],2,0,72,0,72,ZDE,2,E
415,24,30,ISSA[1],ZDS[1],IDS[1],0,-2,55,0,55,ZDS,2,S
416,24,31,ISSA[1],ZDW[1],IDW[1],-2,0,70,0,70,ZDW,2,W
417,24,32,ISSA[1],ZQE[1],IQE[1],4,0,86,0,86,ZQE,4,E
418,24,34,ISSA[1],ZQS[1],IQS[1],0,-4,88,0,88,ZQS,4,S
419,24,35,ISSA[1],ZQW[1],IQW[1],-4,0,84,0,84,ZQW,4,W
420,24,44,ISSA[1],ZSSA[2],ISSA[2],0,-1,54,0,54,ZSSA,1,S
421,24,45,ISSA[1],ZSSB[2],ISSB[2],0,-1,51,0,51,ZSSB,1,S
422,24,50,ISSA[1],ZDS[2],IDS[2],0,-2,56,0,56,ZDS,2,S
423,24,54,ISSA[1],ZQS[2],IQS[2],0,-4,97,0,97,ZQS,4,S
424,25,20,ISSB[1],ZSEA[1],ISEA[1],1,0,70,0,70,ZSEA,1,E
425,25,21,ISSB[1],ZSEB[1],ISEB[1],1,0,68,0,68,ZSEB,1,E
426,25,24,ISSB[1],ZSSA[1],ISSA[1],0,-1,48,0,48,ZSSA,1,S
427,25,25,ISSB[1],ZSSB[1],ISSB[1],0,-1,51,0,51,ZSSB,1,S
428,25,26,ISSB[1],ZSWA[1],ISWA[1],-1,0,59,0,59,ZSWA,1,W
429,25,27,ISSB[1],ZSWB[1],ISWB[1],-1,0,62,0,62,ZSWB,1,W
430,25,28,ISSB[1],ZDE[1],IDE[1],2,0,76,0,76,ZDE,2,E
431,25,30,ISSB[1],ZDS[1],IDS[1],0,-2,54,0,54,ZDS,2,S
432,25,31,ISSB[1],ZDW[1],IDW[1],-2,0,72,0,72,ZDW,2,W
433,25,32,ISSB[1],ZQE[1],IQE[1],4,0,90,0,90,ZQE,4,E
434,25,34,ISSB[1],ZQS[1],IQS[1],0,-4,87,0,87,ZQS,4,S
435,25,35,ISSB[1],ZQW[1],IQW[1],-4,0,86,0,86,ZQW,4,W
436,25,44,ISSB[1],ZSSA[2],ISSA[2],0,-1,53,0,53,ZSSA,1,S
437,25,45,ISSB[1],ZSSB[2],ISSB[2],0,-1,50,0,50,ZSSB,1,S
438,25,50,ISSB[1],ZDS[2],IDS[2],0,-2,55,0,55,ZDS,2,S
439,25,54,ISSB[1],ZQS[2],IQS[2],0,-4,96,0,96,ZQS,4,S
440,26,22,ISWA[1],ZSNA[1],ISNA[1],0,1,53,0,53,ZSNA,1,N
441,26,23,ISWA[1],ZSNB[1],ISNB[1],0,1,51,0,51,ZSNB,1,N
442,26,24,ISWA[1],ZSSA[1],ISSA[1],0,-1,54,0,54,ZSSA,1,S
443,26,25,ISWA[1],ZSSB[1],ISSB[1],0,-1,59,0,59,ZSSB,1,S
444,26,26,ISWA[1],ZSWA[1],ISWA[1],-1,0,60,0,60,ZSWA,1,W
445,26,27,ISWA[1],ZSWB[1],ISWB[1],-1,0,58,0,58,ZSWB,1,W
446,26,29,ISWA[1],ZDN[1],IDN[1],0,2,55,0,55,ZDN,2,N
447,26,30,ISWA[1],ZDS[1],IDS[1],0,-2,64,0,64,ZDS,2,S
448,26,31,ISWA[1],ZDW[1],IDW[1],-2,0,72,0,72,ZDW,2,W
449,26,33,ISWA[1],ZQN[1],IQN[1],0,4,86,0,86,ZQN,4,N
450,26,34,ISWA[1],ZQS[1],IQS[1],0,-4,98,0,98,ZQS,4,S
451,26,35,ISWA[1],ZQW[1],IQW[1],-4,0,81,0,81,ZQW,4,W
452,26,46,ISWA[1],ZSWA[2],ISWA[2],-1,0,67,0,67,ZSWA,1,W
453,26,47,ISWA[1],ZSWB[2],ISWB[2],-1,0,62,0,62,ZSWB,1,W
454,26,51,ISWA[1],ZDW[2],IDW[2],-2,0,78,0,78,ZDW,2,W
455,26,55,ISWA[1],ZQW[2],IQW[2],-4,0,88,0,88,ZQW,4,W
456,27,22,ISWB[1],ZSNA[1],ISNA[1],0,1,51,0,51,ZSNA,1,N
457,27,23,ISWB[1],ZSNB[1],ISNB[1],0,1,49,0,49,ZSNB,1,N
458,27,24,ISWB[1],ZSSA[1],ISSA[1],0,-1,59,0,59,ZSSA,1,S
459,27,25,ISWB[1],ZSSB[1],ISSB[1],0,-1,64,0,64,ZSSB,1,S
460,27,26,ISWB[1],ZSWA[1],ISWA[1],-1,0,59,0,59,ZSWA,1,W
461,27,27,ISWB[1],ZSWB[1],ISWB[1],-1,0,57,0,57,ZSWB,1,W
462,27,29,ISWB[1],ZDN[1],IDN[1],0,2,53,0,53,ZDN,2,N
463,27,30,ISWB[1],ZDS[1],IDS[1],0,-2,69,0,69,ZDS,2,S
464,27,31,ISWB[1],ZDW[1],IDW[1],-2,0,71,0,71,ZDW,2,W
465,27,33,ISWB[1],ZQN[1],IQN[1],0,4,84,0,84,ZQN,4,N
466,27,34,ISWB[1],ZQS[1],IQS[1],0,-4,103,0,103,ZQS,4,S
467,27,35,ISWB[1],ZQW[1],IQW[1],-4,0,80,0,80,ZQW,4,W
468,27,46,ISWB[1],ZSWA[2],ISWA[2],-1,0,60,0,60,ZSWA,1,W
469,27,47,ISWB[1],ZSWB[2],ISWB[2],-1,0,55,0,55,ZSWB,1,W
470,27,51,ISWB[1],ZDW[2],IDW[2],-2,0,71,0,71,ZDW,2,W
471,27,55,ISWB[1],ZQW[2],IQW[2],-4,0,81,0,81,ZQW,4,W
472,28,17,IDE[1],ZLN[0],ILN[0],0,12,109,0,109,ZLN,12,N
473,28,20,IDE[1],ZSEA[1],ISEA[1],1,0,77,0,77,ZSEA,1,E
474,28,21,IDE[1],ZSEB[1],ISEB[1],1,0,70,0,70,ZSEB,1,E
475,28,22,IDE[1],ZSNA[1],ISNA[1],0,1,71,0,71,ZSNA,1,N
476,28,23,IDE[1],ZSNB[1],ISNB[1],0,1,72,0,72,ZSNB,1,N
477,28,24,IDE[1],ZSSA[1],ISSA[1],0,-1,62,0,62,ZSSA,1,S
478,28,25,IDE[1],ZSSB[1],ISSB[1],0,-1,60,0,60,ZSSB,1,S
479,28,28,IDE[1],ZDE[1],IDE[1],2,0,82,0,82,ZDE,2,E
480,28,29,IDE[1],ZDN[1],IDN[1],0,2,71,0,71,ZDN,2,N
481,28,30,IDE[1],ZDS[1],IDS[1],0,-2,64,0,64,ZDS,2,S
482,28,32,IDE[1],ZQE[1],IQE[1],4,0,93,0,93,ZQE,4,E
483,28,33,IDE[1],ZQN[1],IQN[1],0,4,100,0,100,ZQN,4,N
484,28,34,IDE[1],ZQS[1],IQS[1],0,-4,100,0,100,ZQS,4,S
485,28,40,IDE[1],ZSEA[2],ISEA[2],1,0,75,0,75,ZSEA,1,E
486,28,41,IDE[1],ZSEB[2],ISEB[2],1,0,70,0,70,ZSEB,1,E
487,28,48,IDE[1],ZDE[2],IDE[2],2,0,92,0,92,ZDE,2,E
488,28,52,IDE[1],ZQE[2],IQE[2],4,0,99,0,99,ZQE,4,E
489,29,19,IDN[1],ZLW[0],ILW[0],-10,0,104,0,104,ZLW,10,W
490,29,20,IDN[1],ZSEA[1],ISEA[1],1,0,64,0,64,ZSEA,1,E
491,29,21,IDN[1],ZSEB[1],ISEB[1],1,0,64,0,64,ZSEB,1,E
492,29,22,IDN[1],ZSNA[1],ISNA[1],0,1,59,0,59,ZSNA,1,N
493,29,23,IDN[1],ZSNB[1],ISNB[1],0,1,57,0,57,ZSNB,1,N
494,29,26,IDN[1],ZSWA[1],ISWA[1],-1,0,67,0,67,ZSWA,1,W
495,29,27,IDN[1],ZSWB[1],ISWB[1],-1,0,64,0,64,ZSWB,1,W
496,29,28,IDN[1],ZDE[1],IDE[1],2,0,85,0,85,ZDE,2,E
497,29,29,IDN[1],ZDN[1],IDN[1],0,2,57,0,57,ZDN,2,N
498,29,31,IDN[1],ZDW[1],IDW[1],-2,0,78,0,78,ZDW,2,W
499,29,32,IDN[1],ZQE[1],IQE[1],4,0,93,0,93,ZQE,4,E
500,29,33,IDN[1],ZQN[1],IQN[1],0,4,89,0,89,ZQN,4,N
501,29,35,IDN[1],ZQW[1],IQW[1],-4,0,84,0,84,ZQW,4,W
502,29,42,IDN[1],ZSNA[2],ISNA[2],0,1,59,0,59,ZSNA,1,N
503,29,43,IDN[1],ZSNB[2],ISNB[2],0,1,55,0,55,ZSNB,1,N
504,29,49,IDN[1],ZDN[2],IDN[2],0,2,62,0,62,ZDN,2,N
505,29,53,IDN[1],ZQN[2],IQN[2],0,4,93,0,93,ZQN,4,N
506,30,16,IDS[1],ZLE[0],ILE[0],10,0,112,0,112,ZLE,10,E
507,30,20,IDS[1],ZSEA[1],ISEA[1],1,0,64,0,64,ZSEA,1,E
508,30,21,IDS[1],ZSEB[1],ISEB[1],1,0,62,0,62,ZSEB,1,E
509,30,24,IDS[1],ZSSA[1],ISSA[1],0,-1,50,0,50,ZSSA,1,S
510,30,25,IDS[1],ZSSB[1],ISSB[1],0,-1,53,0,53,ZSSB,1,S
511,30,26,IDS[1],ZSWA[1],ISWA[1],-1,0,57,0,57,ZSWA,1,W
512,30,27,IDS[1],ZSWB[1],ISWB[1],-1,0,60,0,60,ZSWB,1,W
513,30,28,IDS[1],ZDE[1],IDE[1],2,0,70,0,70,ZDE,2,E
514,30,30,IDS[1],ZDS[1],IDS[1],0,-2,56,0,56,ZDS,2,S
515,30,31,IDS[1],ZDW[1],IDW[1],-2,0,70,0,70,ZDW,2,W
516,30,32,IDS[1],ZQE[1],IQE[1],4,0,84,0,84,ZQE,4,E
517,30,34,IDS[1],ZQS[1],IQS[1],0,-4,89,0,89,ZQS,4,S
518,30,35,IDS[1],ZQW[1],IQW[1],-4,0,84,0,84,ZQW,4,W
519,30,44,IDS[1],ZSSA[2],ISSA[2],0,-1,63,0,63,ZSSA,1,S
520,30,45,IDS[1],ZSSB[2],ISSB[2],0,-1,60,0,60,ZSSB,1,S
521,30,50,IDS[1],ZDS[2],IDS[2],0,-2,65,0,65,ZDS,2,S
522,30,54,IDS[1],ZQS[2],IQS[2],0,-4,106,0,106,ZQS,4,S
523,31,18,IDW[1],ZLS[0],ILS[0],0,-12,107,0,107,ZLS,12,S
524,31,22,IDW[1],ZSNA[1],ISNA[1],0,1,61,0,61,ZSNA,1,N
525,31,23,IDW[1],ZSNB[1],ISNB[1],0,1,59,0,59,ZSNB,1,N
526,31,24,IDW[1],ZSSA[1],ISSA[1],0,-1,58,0,58,ZSSA,1,S
527,31,25,IDW[1],ZSSB[1],ISSB[1],0,-1,63,0,63,ZSSB,1,S
528,31,26,IDW[1],ZSWA[1],ISWA[1],-1,0,67,0,67,ZSWA,1,W
529,31,27,IDW[1],ZSWB[1],ISWB[1],-1,0,65,0,65,ZSWB,1,W
530,31,29,IDW[1],ZDN[1],IDN[1],0,2,63,0,63,ZDN,2,N
531,31,30,IDW[1],ZDS[1],IDS[1],0,-2,68,0,68,ZDS,2,S
532,31,31,IDW[1],ZDW[1],IDW[1],-2,0,79,0,79,ZDW,2,W
533,31,33,IDW[1],ZQN[1],IQN[1],0,4,94,0,94,ZQN,4,N
534,31,34,IDW[1],ZQS[1],IQS[1],0,-4,102,0,102,ZQS,4,S
535,31,35,IDW[1],ZQW[1],IQW[1],-4,0,88,0,88,ZQW,4,W
536,31,46,IDW[1],ZSWA[2],ISWA[2],-1,0,68,0,68,ZSWA,1,W
537,31,47,IDW[1],ZSWB[2],ISWB[2],-1,0,63,0,63,ZSWB,1,W
538,31,51,IDW[1],ZDW[2],IDW[2],-2,0,79,0,79,ZDW,2,W
539,31,55,IDW[1],ZQW[2],IQW[2],-4,0,89,0,89,ZQW,4,W
540,32,20,IQE[1],ZSEA[1],ISEA[1],1,0,77,0,77,ZSEA,1,E
541,32,21,IQE[1],ZSEB[1],ISEB[1],1,0,70,0,70,ZSEB,1,E
542,32,22,IQE[1],ZSNA[1],ISNA[1],0,1,67,0,67,ZSNA,1,N
543,32,23,IQE[1],ZSNB[1],ISNB[1],0,1,68,0,68,ZSNB,1,N
544,32,24,IQE[1],ZSSA[1],ISSA[1],0,-1,66,0,66,ZSSA,1,S
545,32,25,IQE[1],ZSSB[1],ISSB[1],0,-1,64,0,64,ZSSB,1,S
546,32,28,IQE[1],ZDE[1],IDE[1],2,0,82,0,82,ZDE,2,E
547,32,29,IQE[1],ZDN[1],IDN[1],0,2,67,0,67,ZDN,2,N
548,32,30,IQE[1],ZDS[1],IDS[1],0,-2,68,0,68,ZDS,2,S
549,32,32,IQE[1],ZQE[1],IQE[1],4,0,93,0,93,ZQE,4,E
550,32,33,IQE[1],ZQN[1],IQN[1],0,4,96,0,96,ZQN,4,N
551,32,34,IQE[1],ZQS[1],IQS[1],0,-4,104,0,104,ZQS,4,S
552,32,36,IQE[1],ZLE[1],ILE[1],10,0,116,0,116,ZLE,10,E
553,32,38,IQE[1],ZLS[1],ILS[1],0,-12,113,0,113,ZLS,12,S
554,32,40,IQE[1],ZSEA[2],ISEA[2],1,0,70,0,70,ZSEA,1,E
555,32,41,IQE[1],ZSEB[2],ISEB[2],1,0,65,0,65,ZSEB,1,E
556,32,48,IQE[1],ZDE[2],IDE[2],2,0,87,0,87,ZDE,2,E
557,32,52,IQE[1],ZQE[2],IQE[2],4,0,94,0,94,ZQE,4,E
558,33,20,IQN[1],ZSEA[1],ISEA[1],1,0,61,0,61,ZSEA,1,E
559,33,21,IQN[1],ZSEB[1],ISEB[1],1,0,61,0,61,ZSEB,1,E
560,33,22,IQN[1],ZSNA[1],ISNA[1],0,1,61,0,61,ZSNA,1,N
561,33,23,IQN[1],ZSNB[1],ISNB[1],0,1,59,0,59,ZSNB,1,N
562,33,26,IQN[1],ZSWA[1],ISWA[1],-1,0,68,0,68,ZSWA,1,W
563,33,27,IQN[1],ZSWB[1],ISWB[1],-1,0,65,0,65,ZSWB,1,W
564,33,28,IQN[1],ZDE[1],IDE[1],2,0,82,0,82,ZDE,2,E
565,33,29,IQN[1],ZDN[1],IDN[1],0,2,59,0,59,ZDN,2,N
566,33,31,IQN[1],ZDW[1],IDW[1],-2,0,79,0,79,ZDW,2,W
567,33,32,IQN[1],ZQE[1],IQE[1],4,0,90,0,90,ZQE,4,E
568,33,33,IQN[1],ZQN[1],IQN[1],0,4,91,0,91,ZQN,4,N
569,33,35,IQN[1],ZQW[1],IQW[1],-4,0,85,0,85,ZQW,4,W
570,33,36,IQN[1],ZLE[1],ILE[1],10,0,120,0,120,ZLE,10,E
571,33,37,IQN[1],ZLN[1],ILN[1],0,12,121,0,121,ZLN,12,N
572,33,42,IQN[1],ZSNA[2],ISNA[2],0,1,62,0,62,ZSNA,1,N
573,33,43,IQN[1],ZSNB[2],ISNB[2],0,1,58,0,58,ZSNB,1,N
574,33,49,IQN[1],ZDN[2],IDN[2],0,2,65,0,65,ZDN,2,N
575,33,53,IQN[1],ZQN[2],IQN[2],0,4,96,0,96,ZQN,4,N
576,34,20,IQS[1],ZSEA[1],ISEA[1],1,0,75,0,75,ZSEA,1,E
577,34,21,IQS[1],ZSEB[1],ISEB[1],1,0,73,0,73,ZSEB,1,E
578,34,24,IQS[1],ZSSA[1],ISSA[1],0,-1,57,0,57,ZSSA,1,S
579,34,25,IQS[1],ZSSB[1],ISSB[1],0,-1,60,0,60,ZSSB,1,S
580,34,26,IQS[1],ZSWA[1],ISWA[1],-1,0,63,0,63,ZSWA,1,W
581,34,27,IQS[1],ZSWB[1],ISWB[1],-1,0,66,0,66,ZSWB,1,W
582,34,28,IQS[1],ZDE[1],IDE[1],2,0,81,0,81,ZDE,2,E
583,34,30,IQS[1],ZDS[1],IDS[1],0,-2,63,0,63,ZDS,2,S
584,34,31,IQS[1],ZDW[1],IDW[1],-2,0,76,0,76,ZDW,2,W
585,34,32,IQS[1],ZQE[1],IQE[1],4,0,95,0,95,ZQE,4,E
586,34,34,IQS[1],ZQS[1],IQS[1],0,-4,96,0,96,ZQS,4,S
587,34,35,IQS[1],ZQW[1],IQW[1],-4,0,90,0,90,ZQW,4,W
588,34,38,IQS[1],ZLS[1],ILS[1],0,-12,115,0,115,ZLS,12,S
589,34,39,IQS[1],ZLW[1],ILW[1],-10,0,113,0,113,ZLW,10,W
590,34,44,IQS[1],ZSSA[2],ISSA[2],0,-1,66,0,66,ZSSA,1,S
591,34,45,IQS[1],ZSSB[2],ISSB[2],0,-1,63,0,63,ZSSB,1,S
592,34,50,IQS[1],ZDS[2],IDS[2],0,-2,68,0,68,ZDS,2,S
593,34,54,IQS[1],ZQS[2],IQS[2],0,-4,109,0,109,ZQS,4,S
594,35,22,IQW[1],ZSNA[1],ISNA[1],0,1,67,0,67,ZSNA,1,N
595,35,23,IQW[1],ZSNB[1],ISNB[1],0,1,65,0,65,ZSNB,1,N
596,35,24,IQW[1],ZSSA[1],ISSA[1],0,-1,69,0,69,ZSSA,1,S
597,35,25,IQW[1],ZSSB[1],ISSB[1],0,-1,74,0,74,ZSSB,1,S
598,35,26,IQW[1],ZSWA[1],ISWA[1],-1,0,73,0,73,ZSWA,1,W
599,35,27,IQW[1],ZSWB[1],ISWB[1],-1,0,71,0,71,ZSWB,1,W
600,35,29,IQW[1],ZDN[1],IDN[1],0,2,69,0,69,ZDN,2,N
601,35,30,IQW[1],ZDS[1],IDS[1],0,-2,79,0,79,ZDS,2,S
602,35,31,IQW[1],ZDW[1],IDW[1],-2,0,85,0,85,ZDW,2,W
603,35,33,IQW[1],ZQN[1],IQN[1],0,4,100,0,100,ZQN,4,N
604,35,34,IQW[1],ZQS[1],IQS[1],0,-4,113,0,113,ZQS,4,S
605,35,35,IQW[1],ZQW[1],IQW[1],-4,0,94,0,94,ZQW,4,W
606,35,37,IQW[1],ZLN[1],ILN[1],0,12,116,0,116,ZLN,12,N
607,35,39,IQW[1],ZLW[1],ILW[1],-10,0,121,0,121,ZLW,10,W
608,35,46,IQW[1],ZSWA[2],ISWA[2],-1,0,75,0,75,ZSWA,1,W
609,35,47,IQW[1],ZSWB[2],ISWB[2],-1,0,70,0,70,ZSWB,1,W
610,35,51,IQW[1],ZDW[2],IDW[2],-2,0,86,0,86,ZDW,2,W
611,35,55,IQW[1],ZQW[2],IQW[2],-4,0,96,0,96,ZQW,4,W
612,36,20,ILE[1],ZSEA[1],ISEA[1],1,0,72,0,72,ZSEA,1,E
613,36,21,ILE[1],ZSEB[1],ISEB[1],1,0,65,0,65,ZSEB,1,E
614,36,22,ILE[1],ZSNA[1],ISNA[1],0,1,70,0,70,ZSNA,1,N
615,36,23,ILE[1],ZSNB[1],ISNB[1],0,1,71,0,71,ZSNB,1,N
616,36,24,ILE[1],ZSSA[1],ISSA[1],0,-1,64,0,64,ZSSA,1,S
617,36,25,ILE[1],ZSSB[1],ISSB[1],0,-1,62,0,62,ZSSB,1,S
618,36,28,ILE[1],ZDE[1],IDE[1],2,0,77,0,77,ZDE,2,E
619,36,29,ILE[1],ZDN[1],IDN[1],0,2,70,0,70,ZDN,2,N
620,36,30,ILE[1],ZDS[1],IDS[1],0,-2,66,0,66,ZDS,2,S
621,36,32,ILE[1],ZQE[1],IQE[1],4,0,88,0,88,ZQE,4,E
622,36,33,ILE[1],ZQN[1],IQN[1],0,4,99,0,99,ZQN,4,N
623,36,34,ILE[1],ZQS[1],IQS[1],0,-4,102,0,102,ZQS,4,S
624,36,36,ILE[1],ZLE[1],ILE[1],10,0,126,0,126,ZLE,10,E
625,36,37,ILE[1],ZLN[1],ILN[1],0,12,128,0,128,ZLN,12,N
626,36,38,ILE[1],ZLS[1],ILS[1],0,-12,135,0,135,ZLS,12,S
627,36,40,ILE[1],ZSEA[2],ISEA[2],1,0,69,0,69,ZSEA,1,E
628,36,41,ILE[1],ZSEB[2],ISEB[2],1,0,64,0,64,ZSEB,1,E
629,36,48,ILE[1],ZDE[2],IDE[2],2,0,86,0,86,ZDE,2,E
630,36,52,ILE[1],ZQE[2],IQE[2],4,0,93,0,93,ZQE,4,E
631,37,20,ILN[1],ZSEA[1],ISEA[1],1,0,71,0,71,ZSEA,1,E
632,37,21,ILN[1],ZSEB[1],ISEB[1],1,0,71,0,71,ZSEB,1,E
633,37,22,ILN[1],ZSNA[1],ISNA[1],0,1,67,0,67,ZSNA,1,N
634,37,23,ILN[1],ZSNB[1],ISNB[1],0,1,65,0,65,ZSNB,1,N
635,37,26,ILN[1],ZSWA[1],ISWA[1],-1,0,71,0,71,ZSWA,1,W
636,37,27,ILN[1],ZSWB[1],ISWB[1],-1,0,68,0,68,ZSWB,1,W
637,37,28,ILN[1],ZDE[1],IDE[1],2,0,92,0,92,ZDE,2,E
638,37,29,ILN[1],ZDN[1],IDN[1],0,2,65,0,65,ZDN,2,N
639,37,31,ILN[1],ZDW[1],IDW[1],-2,0,82,0,82,ZDW,2,W
640,37,32,ILN[1],ZQE[1],IQE[1],4,0,100,0,100,ZQE,4,E
641,37,33,ILN[1],ZQN[1],IQN[1],0,4,97,0,97,ZQN,4,N
642,37,35,ILN[1],ZQW[1],IQW[1],-4,0,88,0,88,ZQW,4,W
643,37,36,ILN[1],ZLE[1],ILE[1],10,0,125,0,125,ZLE,10,E
644,37,37,ILN[1],ZLN[1],ILN[1],0,12,129,0,129,ZLN,12,N
645,37,39,ILN[1],ZLW[1],ILW[1],-10,0,127,0,127,ZLW,10,W
646,37,42,ILN[1],ZSNA[2],ISNA[2],0,1,66,0,66,ZSNA,1,N
647,37,43,ILN[1],ZSNB[2],ISNB[2],0,1,62,0,62,ZSNB,1,N
648,37,49,ILN[1],ZDN[2],IDN[2],0,2,69,0,69,ZDN,2,N
649,37,53,ILN[1],ZQN[2],IQN[2],0,4,100,0,100,ZQN,4,N
650,38,20,ILS[1],ZSEA[1],ISEA[1],1,0,75,0,75,ZSEA,1,E
651,38,21,ILS[1],ZSEB[1],ISEB[1],1,0,73,0,73,ZSEB,1,E
652,38,24,ILS[1],ZSSA[1],ISSA[1],0,-1,58,0,58,ZSSA,1,S
653,38,25,ILS[1],ZSSB[1],ISSB[1],0,-1,61,0,61,ZSSB,1,S
654,38,26,ILS[1],ZSWA[1],ISWA[1],-1,0,72,0,72,ZSWA,1,W
655,38,27,ILS[1],ZSWB[1],ISWB[1],-1,0,75,0,75,ZSWB,1,W
656,38,28,ILS[1],ZDE[1],IDE[1],2,0,81,0,81,ZDE,2,E
657,38,30,ILS[1],ZDS[1],IDS[1],0,-2,64,0,64,ZDS,2,S
658,38,31,ILS[1],ZDW[1],IDW[1],-2,0,85,0,85,ZDW,2,W
659,38,32,ILS[1],ZQE[1],IQE[1],4,0,95,0,95,ZQE,4,E
660,38,34,ILS[1],ZQS[1],IQS[1],0,-4,97,0,97,ZQS,4,S
661,38,35,ILS[1],ZQW[1],IQW[1],-4,0,99,0,99,ZQW,4,W
662,38,36,ILS[1],ZLE[1],ILE[1],10,0,125,0,125,ZLE,10,E
663,38,38,ILS[1],ZLS[1],ILS[1],0,-12,132,0,132,ZLS,12,S
664,38,39,ILS[1],ZLW[1],ILW[1],-10,0,125,0,125,ZLW,10,W
665,38,44,ILS[1],ZSSA[2],ISSA[2],0,-1,67,0,67,ZSSA,1,S
666,38,45,ILS[1],ZSSB[2],ISSB[2],0,-1,64,0,64,ZSSB,1,S
667,38,50,ILS[1],ZDS[2],IDS[2],0,-2,69,0,69,ZDS,2,S
668,38,54,ILS[1],ZQS[2],IQS[2],0,-4,110,0,110,ZQS,4,S
669,39,22,ILW[1],ZSNA[1],ISNA[1],0,1,66,0,66,ZSNA,1,N
670,39,23,ILW[1],ZSNB[1],ISNB[1],0,1,64,0,64,ZSNB,1,N
671,39,24,ILW[1],ZSSA[1],ISSA[1],0,-1,60,0,60,ZSSA,1,S
672,39,25,ILW[1],ZSSB[1],ISSB[1],0,-1,65,0,65,ZSSB,1,S
673,39,26,ILW[1],ZSWA[1],ISWA[1],-1,0,73,0,73,ZSWA,1,W
674,39,27,ILW[1],ZSWB[1],ISWB[1],-1,0,71,0,71,ZSWB,1,W
675,39,29,ILW[1],ZDN[1],IDN[1],0,2,68,0,68,ZDN,2,N
676,39,30,ILW[1],ZDS[1],IDS[1],0,-2,70,0,70,ZDS,2,S
677,39,31,ILW[1],ZDW[1],IDW[1],-2,0,85,0,85,ZDW,2,W
678,39,33,ILW[1],ZQN[1],IQN[1],0,4,99,0,99,ZQN,4,N
679,39,34,ILW[1],ZQS[1],IQS[1],0,-4,104,0,104,ZQS,4,S
680,39,35,ILW[1],ZQW[1],IQW[1],-4,0,94,0,94,ZQW,4,W
681,39,37,ILW[1],ZLN[1],ILN[1],0,12,128,0,128,ZLN,12,N
682,39,38,ILW[1],ZLS[1],ILS[1],0,-12,132,0,132,ZLS,12,S
683,39,39,ILW[1],ZLW[1],ILW[1],-10,0,133,0,133,ZLW,10,W
684,39,46,ILW[1],ZSWA[2],ISWA[2],-1,0,78,0,78,ZSWA,1,W
685,39,47,ILW[1],ZSWB[2],ISWB[2],-1,0,73,0,73,ZSWB,1,W
686,39,51,ILW[1],ZDW[2],IDW[2],-2,0,89,0,89,ZDW,2,W
687,39,55,ILW[1],ZQW[2],IQW[2],-4,0,99,0,99,ZQW,4,W
688,40,40,ISEA[2],ZSEA[2],ISEA[2],1,0,62,0,62,ZSEA,1,E
689,40,41,ISEA[2],ZSEB[2],ISEB[2],1,0,63,0,63,ZSEB,1,E
690,40,42,ISEA[2],ZSNA[2],ISNA[2],0,1,56,0,56,ZSNA,1,N
691,40,43,ISEA[2],ZSNB[2],ISNB[2],0,1,56,0,56,ZSNB,1,N
692,40,44,ISEA[2],ZSSA[2],ISSA[2],0,-1,55,0,55,ZSSA,1,S
693,40,45,ISEA[2],ZSSB[2],ISSB[2],0,-1,57,0,57,ZSSB,1,S
694,40,48,ISEA[2],ZDE[2],IDE[2],2,0,77,0,77,ZDE,2,E
695,40,49,ISEA[2],ZDN[2],IDN[2],0,2,59,0,59,ZDN,2,N
696,40,50,ISEA[2],ZDS[2],IDS[2],0,-2,54,0,54,ZDS,2,S
697,40,52,ISEA[2],ZQE[2],IQE[2],4,0,84,0,84,ZQE,4,E
698,40,53,ISEA[2],ZQN[2],IQN[2],0,4,91,0,91,ZQN,4,N
699,40,54,ISEA[2],ZQS[2],IQS[2],0,-4,92,0,92,ZQS,4,S
700,40,60,ISEA[2],ZSEA[3],ISEA[3],1,0,69,0,69,ZSEA,1,E
701,40,61,ISEA[2],ZSEB[3],ISEB[3],1,0,67,0,67,ZSEB,1,E
702,40,68,ISEA[2],ZDE[3],IDE[3],2,0,74,0,74,ZDE,2,E
703,40,72,ISEA[2],ZQE[3],IQE[3],4,0,83,0,83,ZQE,4,E
704,41,40,ISEB[2],ZSEA[2],ISEA[2],1,0,65,0,65,ZSEA,1,E
705,41,41,ISEB[2],ZSEB[2],ISEB[2],1,0,66,0,66,ZSEB,1,E
706,41,42,ISEB[2],ZSNA[2],ISNA[2],0,1,54,0,54,ZSNA,1,N
707,41,43,ISEB[2],ZSNB[2],ISNB[2],0,1,54,0,54,ZSNB,1,N
708,41,44,ISEB[2],ZSSA[2],ISSA[2],0,-1,53,0,53,ZSSA,1,S
709,41,45,ISEB[2],ZSSB[2],ISSB[2],0,-1,55,0,55,ZSSB,1,S
710,41,48,ISEB[2],ZDE[2],IDE[2],2,0,80,0,80,ZDE,2,E
711,41,49,ISEB[2],ZDN[2],IDN[2],0,2,57,0,57,ZDN,2,N
712,41,50,ISEB[2],ZDS[2],IDS[2],0,-2,52,0,52,ZDS,2,S
713,41,52,ISEB[2],ZQE[2],IQE[2],4,0,87,0,87,ZQE,4,E
714,41,53,ISEB[2],ZQN[2],IQN[2],0,4,89,0,89,ZQN,4,N
715,41,54,ISEB[2],ZQS[2],IQS[2],0,-4,90,0,90,ZQS,4,S
716,41,60,ISEB[2],ZSEA[3],ISEA[3],1,0,65,0,65,ZSEA,1,E
717,41,61,ISEB[2],ZSEB[3],ISEB[3],1,0,63,0,63,ZSEB,1,E
718,41,68,ISEB[2],ZDE[3],IDE[3],2,0,70,0,70,ZDE,2,E
719,41,72,ISEB[2],ZQE[3],IQE[3],4,0,79,0,79,ZQE,4,E
720,42,40,ISNA[2],ZSEA[2],ISEA[2],1,0,65,0,65,ZSEA,1,E
721,42,41,ISNA[2],ZSEB[2],ISEB[2],1,0,65,0,65,ZSEB,1,E
722,42,42,ISNA[2],ZSNA[2],ISNA[2],0,1,56,0,56,ZSNA,1,N
723,42,43,ISNA[2],ZSNB[2],ISNB[2],0,1,56,0,56,ZSNB,1,N
724,42,46,ISNA[2],ZSWA[2],ISWA[2],-1,0,69,0,69,ZSWA,1,W
725,42,47,ISNA[2],ZSWB[2],ISWB[2],-1,0,62,0,62,ZSWB,1,W
726,42,48,ISNA[2],ZDE[2],IDE[2],2,0,75,0,75,ZDE,2,E
727,42,49,ISNA[2],ZDN[2],IDN[2],0,2,54,0,54,ZDN,2,N
728,42,51,ISNA[2],ZDW[2],IDW[2],-2,0,80,0,80,ZDW,2,W
729,42,52,ISNA[2],ZQE[2],IQE[2],4,0,89,0,89,ZQE,4,E
730,42,53,ISNA[2],ZQN[2],IQN[2],0,4,87,0,87,ZQN,4,N
731,42,55,ISNA[2],ZQW[2],IQW[2],-4,0,89,0,89,ZQW,4,W
732,42,62,ISNA[2],ZSNA[3],ISNA[3],0,1,55,0,55,ZSNA,1,N
733,42,63,ISNA[2],ZSNB[3],ISNB[3],0,1,62,0,62,ZSNB,1,N
734,42,69,ISNA[2],ZDN[3],IDN[3],0,2,63,0,63,ZDN,2,N
735,42,73,ISNA[2],ZQN[3],IQN[3],0,4,92,0,92,ZQN,4,N
736,43,40,ISNB[2],ZSEA[2],ISEA[2],1,0,59,0,59,ZSEA,1,E
737,43,41,ISNB[2],ZSEB[2],ISEB[2],1,0,59,0,59,ZSEB,1,E
738,43,42,ISNB[2],ZSNA[2],ISNA[2],0,1,60,0,60,ZSNA,1,N
739,43,43,ISNB[2],ZSNB[2],ISNB[2],0,1,60,0,60,ZSNB,1,N
740,43,46,ISNB[2],ZSWA[2],ISWA[2],-1,0,64,0,64,ZSWA,1,W
741,43,47,ISNB[2],ZSWB[2],ISWB[2],-1,0,57,0,57,ZSWB,1,W
742,43,48,ISNB[2],ZDE[2],IDE[2],2,0,69,0,69,ZDE,2,E
743,43,49,ISNB[2],ZDN[2],IDN[2],0,2,58,0,58,ZDN,2,N
744,43,51,ISNB[2],ZDW[2],IDW[2],-2,0,75,0,75,ZDW,2,W
745,43,52,ISNB[2],ZQE[2],IQE[2],4,0,83,0,83,ZQE,4,E
746,43,53,ISNB[2],ZQN[2],IQN[2],0,4,91,0,91,ZQN,4,N
747,43,55,ISNB[2],ZQW[2],IQW[2],-4,0,84,0,84,ZQW,4,W
748,43,62,ISNB[2],ZSNA[3],ISNA[3],0,1,56,0,56,ZSNA,1,N
749,43,63,ISNB[2],ZSNB[3],ISNB[3],0,1,63,0,63,ZSNB,1,N
750,43,69,ISNB[2],ZDN[3],IDN[3],0,2,64,0,64,ZDN,2,N
751,43,73,ISNB[2],ZQN[3],IQN[3],0,4,93,0,93,ZQN,4,N
752,44,40,ISSA[2],ZSEA[2],ISEA[2],1,0,62,0,62,ZSEA,1,E
753,44,41,ISSA[2],ZSEB[2],ISEB[2],1,0,62,0,62,ZSEB,1,E
754,44,44,ISSA[2],ZSSA[2],ISSA[2],0,-1,59,0,59,ZSSA,1,S
755,44,45,ISSA[2],ZSSB[2],ISSB[2],0,-1,62,0,62,ZSSB,1,S
756,44,46,ISSA[2],ZSWA[2],ISWA[2],-1,0,64,0,64,ZSWA,1,W
757,44,47,ISSA[2],ZSWB[2],ISWB[2],-1,0,66,0,66,ZSWB,1,W
758,44,48,ISSA[2],ZDE[2],IDE[2],2,0,81,0,81,ZDE,2,E
759,44,50,ISSA[2],ZDS[2],IDS[2],0,-2,65,0,65,ZDS,2,S
760,44,51,ISSA[2],ZDW[2],IDW[2],-2,0,79,0,79,ZDW,2,W
761,44,52,ISSA[2],ZQE[2],IQE[2],4,0,82,0,82,ZQE,4,E
762,44,54,ISSA[2],ZQS[2],IQS[2],0,-4,105,0,105,ZQS,4,S
763,44,55,ISSA[2],ZQW[2],IQW[2],-4,0,77,0,77,ZQW,4,W
764,44,64,ISSA[2],ZSSA[3],ISSA[3],0,-1,49,0,49,ZSSA,1,S
765,44,65,ISSA[2],ZSSB[3],ISSB[3],0,-1,50,0,50,ZSSB,1,S
766,44,70,ISSA[2],ZDS[3],IDS[3],0,-2,60,0,60,ZDS,2,S
767,44,74,ISSA[2],ZQS[3],IQS[3],0,-4,92,0,92,ZQS,4,S
768,45,40,ISSB[2],ZSEA[2],ISEA[2],1,0,62,0,62,ZSEA,1,E
769,45,41,ISSB[2],ZSEB[2],ISEB[2],1,0,62,0,62,ZSEB,1,E
770,45,44,ISSB[2],ZSSA[2],ISSA[2],0,-1,58,0,58,ZSSA,1,S
771,45,45,ISSB[2],ZSSB[2],ISSB[2],0,-1,61,0,61,ZSSB,1,S
772,45,46,ISSB[2],ZSWA[2],ISWA[2],-1,0,69,0,69,ZSWA,1,W
773,45,47,ISSB[2],ZSWB[2],ISWB[2],-1,0,71,0,71,ZSWB,1,W
774,45,48,ISSB[2],ZDE[2],IDE[2],2,0,81,0,81,ZDE,2,E
775,45,50,ISSB[2],ZDS[2],IDS[2],0,-2,64,0,64,ZDS,2,S
776,45,51,ISSB[2],ZDW[2],IDW[2],-2,0,84,0,84,ZDW,2,W
777,45,52,ISSB[2],ZQE[2],IQE[2],4,0,82,0,82,ZQE,4,E
778,45,54,ISSB[2],ZQS[2],IQS[2],0,-4,104,0,104,ZQS,4,S
779,45,55,ISSB[2],ZQW[2],IQW[2],-4,0,82,0,82,ZQW,4,W
780,45,64,ISSB[2],ZSSA[3],ISSA[3],0,-1,55,0,55,ZSSA,1,S
781,45,65,ISSB[2],ZSSB[3],ISSB[3],0,-1,56,0,56,ZSSB,1,S
782,45,70,ISSB[2],ZDS[3],IDS[3],0,-2,66,0,66,ZDS,2,S
783,45,74,ISSB[2],ZQS[3],IQS[3],0,-4,98,0,98,ZQS,4,S
784,46,42,ISWA[2],ZSNA[2],ISNA[2],0,1,61,0,61,ZSNA,1,N
785,46,43,ISWA[2],ZSNB[2],ISNB[2],0,1,56,0,56,ZSNB,1,N
786,46,44,ISWA[2],ZSSA[2],ISSA[2],0,-1,56,0,56,ZSSA,1,S
787,46,45,ISWA[2],ZSSB[2],ISSB[2],0,-1,60,0,60,ZSSB,1,S
788,46,46,ISWA[2],ZSWA[2],ISWA[2],-1,0,57,0,57,ZSWA,1,W
789,46,47,ISWA[2],ZSWB[2],ISWB[2],-1,0,59,0,59,ZSWB,1,W
790,46,49,ISWA[2],ZDN[2],IDN[2],0,2,55,0,55,ZDN,2,N
791,46,50,ISWA[2],ZDS[2],IDS[2],0,-2,66,0,66,ZDS,2,S
792,46,51,ISWA[2],ZDW[2],IDW[2],-2,0,75,0,75,ZDW,2,W
793,46,53,ISWA[2],ZQN[2],IQN[2],0,4,92,0,92,ZQN,4,N
794,46,54,ISWA[2],ZQS[2],IQS[2],0,-4,101,0,101,ZQS,4,S
795,46,55,ISWA[2],ZQW[2],IQW[2],-4,0,80,0,80,ZQW,4,W
796,46,66,ISWA[2],ZSWA[3],ISWA[3],-1,0,59,0,59,ZSWA,1,W
797,46,67,ISWA[2],ZSWB[3],ISWB[3],-1,0,60,0,60,ZSWB,1,W
798,46,71,ISWA[2],ZDW[3],IDW[3],-2,0,73,0,73,ZDW,2,W
799,46,75,ISWA[2],ZQW[3],IQW[3],-4,0,78,0,78,ZQW,4,W
800,47,42,ISWB[2],ZSNA[2],ISNA[2],0,1,63,0,63,ZSNA,1,N
801,47,43,ISWB[2],ZSNB[2],ISNB[2],0,1,58,0,58,ZSNB,1,N
802,47,44,ISWB[2],ZSSA[2],ISSA[2],0,-1,51,0,51,ZSSA,1,S
803,47,45,ISWB[2],ZSSB[2],ISSB[2],0,-1,55,0,55,ZSSB,1,S
804,47,46,ISWB[2],ZSWA[2],ISWA[2],-1,0,62,0,62,ZSWA,1,W
805,47,47,ISWB[2],ZSWB[2],ISWB[2],-1,0,64,0,64,ZSWB,1,W
806,47,49,ISWB[2],ZDN[2],IDN[2],0,2,57,0,57,ZDN,2,N
807,47,50,ISWB[2],ZDS[2],IDS[2],0,-2,61,0,61,ZDS,2,S
808,47,51,ISWB[2],ZDW[2],IDW[2],-2,0,80,0,80,ZDW,2,W
809,47,53,ISWB[2],ZQN[2],IQN[2],0,4,94,0,94,ZQN,4,N
810,47,54,ISWB[2],ZQS[2],IQS[2],0,-4,96,0,96,ZQS,4,S
811,47,55,ISWB[2],ZQW[2],IQW[2],-4,0,85,0,85,ZQW,4,W
812,47,66,ISWB[2],ZSWA[3],ISWA[3],-1,0,57,0,57,ZSWA,1,W
813,47,67,ISWB[2],ZSWB[3],ISWB[3],-1,0,58,0,58,ZSWB,1,W
814,47,71,ISWB[2],ZDW[3],IDW[3],-2,0,71,0,71,ZDW,2,W
815,47,75,ISWB[2],ZQW[3],IQW[3],-4,0,76,0,76,ZQW,4,W
816,48,37,IDE[2],ZLN[1],ILN[1],0,12,110,0,110,ZLN,12,N
817,48,40,IDE[2],ZSEA[2],ISEA[2],1,0,70,0,70,ZSEA,1,E
818,48,41,IDE[2],ZSEB[2],ISEB[2],1,0,71,0,71,ZSEB,1,E
819,48,42,IDE[2],ZSNA[2],ISNA[2],0,1,62,0,62,ZSNA,1,N
820,48,43,IDE[2],ZSNB[2],ISNB[2],0,1,62,0,62,ZSNB,1,N
821,48,44,IDE[2],ZSSA[2],ISSA[2],0,-1,63,0,63,ZSSA,1,S
822,48,45,IDE[2],ZSSB[2],ISSB[2],0,-1,65,0,65,ZSSB,1,S
823,48,48,IDE[2],ZDE[2],IDE[2],2,0,85,0,85,ZDE,2,E
824,48,49,IDE[2],ZDN[2],IDN[2],0,2,65,0,65,ZDN,2,N
825,48,50,IDE[2],ZDS[2],IDS[2],0,-2,62,0,62,ZDS,2,S
826,48,52,IDE[2],ZQE[2],IQE[2],4,0,92,0,92,ZQE,4,E
827,48,53,IDE[2],ZQN[2],IQN[2],0,4,97,0,97,ZQN,4,N
828,48,54,IDE[2],ZQS[2],IQS[2],0,-4,100,0,100,ZQS,4,S
829,48,60,IDE[2],ZSEA[3],ISEA[3],1,0,72,0,72,ZSEA,1,E
830,48,61,IDE[2],ZSEB[3],ISEB[3],1,0,70,0,70,ZSEB,1,E
831,48,68,IDE[2],ZDE[3],IDE[3],2,0,77,0,77,ZDE,2,E
832,48,72,IDE[2],ZQE[3],IQE[3],4,0,86,0,86,ZQE,4,E
833,49,39,IDN[2],ZLW[1],ILW[1],-10,0,106,0,106,ZLW,10,W
834,49,40,IDN[2],ZSEA[2],ISEA[2],1,0,63,0,63,ZSEA,1,E
835,49,41,IDN[2],ZSEB[2],ISEB[2],1,0,63,0,63,ZSEB,1,E
836,49,42,IDN[2],ZSNA[2],ISNA[2],0,1,60,0,60,ZSNA,1,N
837,49,43,IDN[2],ZSNB[2],ISNB[2],0,1,60,0,60,ZSNB,1,N
838,49,46,IDN[2],ZSWA[2],ISWA[2],-1,0,64,0,64,ZSWA,1,W
839,49,47,IDN[2],ZSWB[2],ISWB[2],-1,0,57,0,57,ZSWB,1,W
840,49,48,IDN[2],ZDE[2],IDE[2],2,0,73,0,73,ZDE,2,E
841,49,49,IDN[2],ZDN[2],IDN[2],0,2,58,0,58,ZDN,2,N
842,49,51,IDN[2],ZDW[2],IDW[2],-2,0,75,0,75,ZDW,2,W
843,49,52,IDN[2],ZQE[2],IQE[2],4,0,87,0,87,ZQE,4,E
844,49,53,IDN[2],ZQN[2],IQN[2],0,4,91,0,91,ZQN,4,N
845,49,55,IDN[2],ZQW[2],IQW[2],-4,0,84,0,84,ZQW,4,W
846,49,62,IDN[2],ZSNA[3],ISNA[3],0,1,58,0,58,ZSNA,1,N
847,49,63,IDN[2],ZSNB[3],ISNB[3],0,1,65,0,65,ZSNB,1,N
848,49,69,IDN[2],ZDN[3],IDN[3],0,2,66,0,66,ZDN,2,N
849,49,73,IDN[2],ZQN[3],IQN[3],0,4,95,0,95,ZQN,4,N
850,50,36,IDS[2],ZLE[1],ILE[1],10,0,113,0,113,ZLE,10,E
851,50,40,IDS[2],ZSEA[2],ISEA[2],1,0,58,0,58,ZSEA,1,E
852,50,41,IDS[2],ZSEB[2],ISEB[2],1,0,58,0,58,ZSEB,1,E
853,50,44,IDS[2],ZSSA[2],ISSA[2],0,-1,61,0,61,ZSSA,1,S
854,50,45,IDS[2],ZSSB[2],ISSB[2],0,-1,64,0,64,ZSSB,1,S
855,50,46,IDS[2],ZSWA[2],ISWA[2],-1,0,66,0,66,ZSWA,1,W
856,50,47,IDS[2],ZSWB[2],ISWB[2],-1,0,68,0,68,ZSWB,1,W
857,50,48,IDS[2],ZDE[2],IDE[2],2,0,77,0,77,ZDE,2,E
858,50,50,IDS[2],ZDS[2],IDS[2],0,-2,67,0,67,ZDS,2,S
859,50,51,IDS[2],ZDW[2],IDW[2],-2,0,81,0,81,ZDW,2,W
860,50,52,IDS[2],ZQE[2],IQE[2],4,0,78,0,78,ZQE,4,E
861,50,54,IDS[2],ZQS[2],IQS[2],0,-4,107,0,107,ZQS,4,S
862,50,55,IDS[2],ZQW[2],IQW[2],-4,0,79,0,79,ZQW,4,W
863,50,64,IDS[2],ZSSA[3],ISSA[3],0,-1,51,0,51,ZSSA,1,S
864,50,65,IDS[2],ZSSB[3],ISSB[3],0,-1,52,0,52,ZSSB,1,S
865,50,70,IDS[2],ZDS[3],IDS[3],0,-2,62,0,62,ZDS,2,S
866,50,74,IDS[2],ZQS[3],IQS[3],0,-4,94,0,94,ZQS,4,S
867,51,38,IDW[2],ZLS[1],ILS[1],0,-12,108,0,108,ZLS,12,S
868,51,42,IDW[2],ZSNA[2],ISNA[2],0,1,72,0,72,ZSNA,1,N
869,51,43,IDW[2],ZSNB[2],ISNB[2],0,1,67,0,67,ZSNB,1,N
870,51,44,IDW[2],ZSSA[2],ISSA[2],0,-1,61,0,61,ZSSA,1,S
871,51,45,IDW[2],ZSSB[2],ISSB[2],0,-1,65,0,65,ZSSB,1,S
872,51,46,IDW[2],ZSWA[2],ISWA[2],-1,0,69,0,69,ZSWA,1,W
873,51,47,IDW[2],ZSWB[2],ISWB[2],-1,0,71,0,71,ZSWB,1,W
874,51,49,IDW[2],ZDN[2],IDN[2],0,2,66,0,66,ZDN,2,N
875,51,50,IDW[2],ZDS[2],IDS[2],0,-2,71,0,71,ZDS,2,S
876,51,51,IDW[2],ZDW[2],IDW[2],-2,0,87,0,87,ZDW,2,W
877,51,53,IDW[2],ZQN[2],IQN[2],0,4,103,0,103,ZQN,4,N
878,51,54,IDW[2],ZQS[2],IQS[2],0,-4,106,0,106,ZQS,4,S
879,51,55,IDW[2],ZQW[2],IQW[2],-4,0,92,0,92,ZQW,4,W
880,51,66,IDW[2],ZSWA[3],ISWA[3],-1,0,65,0,65,ZSWA,1,W
881,51,67,IDW[2],ZSWB[3],ISWB[3],-1,0,66,0,66,ZSWB,1,W
882,51,71,IDW[2],ZDW[3],IDW[3],-2,0,79,0,79,ZDW,2,W
883,51,75,IDW[2],ZQW[3],IQW[3],-4,0,84,0,84,ZQW,4,W
884,52,40,IQE[2],ZSEA[2],ISEA[2],1,0,74,0,74,ZSEA,1,E
885,52,41,IQE[2],ZSEB[2],ISEB[2],1,0,75,0,75,ZSEB,1,E
886,52,42,IQE[2],ZSNA[2],ISNA[2],0,1,70,0,70,ZSNA,1,N
887,52,43,IQE[2],ZSNB[2],ISNB[2],0,1,70,0,70,ZSNB,1,N
888,52,44,IQE[2],ZSSA[2],ISSA[2],0,-1,67,0,67,ZSSA,1,S
889,52,45,IQE[2],ZSSB[2],ISSB[2],0,-1,69,0,69,ZSSB,1,S
890,52,48,IQE[2],ZDE[2],IDE[2],2,0,89,0,89,ZDE,2,E
891,52,49,IQE[2],ZDN[2],IDN[2],0,2,73,0,73,ZDN,2,N
892,52,50,IQE[2],ZDS[2],IDS[2],0,-2,66,0,66,ZDS,2,S
893,52,52,IQE[2],ZQE[2],IQE[2],4,0,96,0,96,ZQE,4,E
894,52,53,IQE[2],ZQN[2],IQN[2],0,4,105,0,105,ZQN,4,N
895,52,54,IQE[2],ZQS[2],IQS[2],0,-4,104,0,104,ZQS,4,S
896,52,56,IQE[2],ZLE[2],ILE[2],10,0,113,0,113,ZLE,10,E
897,52,58,IQE[2],ZLS[2],ILS[2],0,-12,120,0,120,ZLS,12,S
898,52,60,IQE[2],ZSEA[3],ISEA[3],1,0,73,0,73,ZSEA,1,E
899,52,61,IQE[2],ZSEB[3],ISEB[3],1,0,71,0,71,ZSEB,1,E
900,52,68,IQE[2],ZDE[3],IDE[3],2,0,78,0,78,ZDE,2,E
901,52,72,IQE[2],ZQE[3],IQE[3],4,0,87,0,87,ZQE,4,E
902,53,40,IQN[2],ZSEA[2],ISEA[2],1,0,69,0,69,ZSEA,1,E
903,53,41,IQN[2],ZSEB[2],ISEB[2],1,0,69,0,69,ZSEB,1,E
904,53,42,IQN[2],ZSNA[2],ISNA[2],0,1,70,0,70,ZSNA,1,N
905,53,43,IQN[2],ZSNB[2],ISNB[2],0,1,70,0,70,ZSNB,1,N
906,53,46,IQN[2],ZSWA[2],ISWA[2],-1,0,73,0,73,ZSWA,1,W
907,53,47,IQN[2],ZSWB[2],ISWB[2],-1,0,66,0,66,ZSWB,1,W
908,53,48,IQN[2],ZDE[2],IDE[2],2,0,79,0,79,ZDE,2,E
909,53,49,IQN[2],ZDN[2],IDN[2],0,2,68,0,68,ZDN,2,N
910,53,51,IQN[2],ZDW[2],IDW[2],-2,0,84,0,84,ZDW,2,W
911,53,52,IQN[2],ZQE[2],IQE[2],4,0,93,0,93,ZQE,4,E
912,53,53,IQN[2],ZQN[2],IQN[2],0,4,101,0,101,ZQN,4,N
913,53,55,IQN[2],ZQW[2],IQW[2],-4,0,93,0,93,ZQW,4,W
914,53,56,IQN[2],ZLE[2],ILE[2],10,0,118,0,118,ZLE,10,E
915,53,57,IQN[2],ZLN[2],ILN[2],0,12,115,0,115,ZLN,12,N
916,53,62,IQN[2],ZSNA[3],ISNA[3],0,1,56,0,56,ZSNA,1,N
917,53,63,IQN[2],ZSNB[3],ISNB[3],0,1,63,0,63,ZSNB,1,N
918,53,69,IQN[2],ZDN[3],IDN[3],0,2,64,0,64,ZDN,2,N
919,53,73,IQN[2],ZQN[3],IQN[3],0,4,93,0,93,ZQN,4,N
920,54,40,IQS[2],ZSEA[2],ISEA[2],1,0,66,0,66,ZSEA,1,E
921,54,41,IQS[2],ZSEB[2],ISEB[2],1,0,66,0,66,ZSEB,1,E
922,54,44,IQS[2],ZSSA[2],ISSA[2],0,-1,57,0,57,ZSSA,1,S
923,54,45,IQS[2],ZSSB[2],ISSB[2],0,-1,60,0,60,ZSSB,1,S
924,54,46,IQS[2],ZSWA[2],ISWA[2],-1,0,67,0,67,ZSWA,1,W
925,54,47,IQS[2],ZSWB[2],ISWB[2],-1,0,69,0,69,ZSWB,1,W
926,54,48,IQS[2],ZDE[2],IDE[2],2,0,85,0,85,ZDE,2,E
927,54,50,IQS[2],ZDS[2],IDS[2],0,-2,63,0,63,ZDS,2,S
928,54,51,IQS[2],ZDW[2],IDW[2],-2,0,82,0,82,ZDW,2,W
929,54,52,IQS[2],ZQE[2],IQE[2],4,0,86,0,86,ZQE,4,E
930,54,54,IQS[2],ZQS[2],IQS[2],0,-4,103,0,103,ZQS,4,S
931,54,55,IQS[2],ZQW[2],IQW[2],-4,0,80,0,80,ZQW,4,W
932,54,58,IQS[2],ZLS[2],ILS[2],0,-12,114,0,114,ZLS,12,S
933,54,59,IQS[2],ZLW[2],ILW[2],-10,0,115,0,115,ZLW,10,W
934,54,64,IQS[2],ZSSA[3],ISSA[3],0,-1,56,0,56,ZSSA,1,S
935,54,65,IQS[2],ZSSB[3],ISSB[3],0,-1,57,0,57,ZSSB,1,S
936,54,70,IQS[2],ZDS[3],IDS[3],0,-2,67,0,67,ZDS,2,S
937,54,74,IQS[2],ZQS[3],IQS[3],0,-4,99,0,99,ZQS,4,S
938,55,42,IQW[2],ZSNA[2],ISNA[2],0,1,73,0,73,ZSNA,1,N
939,55,43,IQW[2],ZSNB[2],ISNB[2],0,1,68,0,68,ZSNB,1,N
940,55,44,IQW[2],ZSSA[2],ISSA[2],0,-1,69,0,69,ZSSA,1,S
941,55,45,IQW[2],ZSSB[2],ISSB[2],0,-1,73,0,73,ZSSB,1,S
942,55,46,IQW[2],ZSWA[2],ISWA[2],-1,0,70,0,70,ZSWA,1,W
943,55,47,IQW[2],ZSWB[2],ISWB[2],-1,0,72,0,72,ZSWB,1,W
944,55,49,IQW[2],ZDN[2],IDN[2],0,2,67,0,67,ZDN,2,N
945,55,50,IQW[2],ZDS[2],IDS[2],0,-2,79,0,79,ZDS,2,S
946,55,51,IQW[2],ZDW[2],IDW[2],-2,0,88,0,88,ZDW,2,W
947,55,53,IQW[2],ZQN[2],IQN[2],0,4,104,0,104,ZQN,4,N
948,55,54,IQW[2],ZQS[2],IQS[2],0,-4,114,0,114,ZQS,4,S
949,55,55,IQW[2],ZQW[2],IQW[2],-4,0,93,0,93,ZQW,4,W
950,55,57,IQW[2],ZLN[2],ILN[2],0,12,123,0,123,ZLN,12,N
951,55,59,IQW[2],ZLW[2],ILW[2],-10,0,119,0,119,ZLW,10,W
952,55,66,IQW[2],ZSWA[3],ISWA[3],-1,0,71,0,71,ZSWA,1,W
953,55,67,IQW[2],ZSWB[3],ISWB[3],-1,0,72,0,72,ZSWB,1,W
954,55,71,IQW[2],ZDW[3],IDW[3],-2,0,85,0,85,ZDW,2,W
955,55,75,IQW[2],ZQW[3],IQW[3],-4,0,90,0,90,ZQW,4,W
956,56,40,ILE[2],ZSEA[2],ISEA[2],1,0,72,0,72,ZSEA,1,E
957,56,41,ILE[2],ZSEB[2],ISEB[2],1,0,73,0,73,ZSEB,1,E
958,56,42,ILE[2],ZSNA[2],ISNA[2],0,1,65,0,65,ZSNA,1,N
959,56,43,ILE[2],ZSNB[2],ISNB[2],0,1,65,0,65,ZSNB,1,N
960,56,44,ILE[2],ZSSA[2],ISSA[2],0,-1,68,0,68,ZSSA,1,S
961,56,45,ILE[2],ZSSB[2],ISSB[2],0,-1,70,0,70,ZSSB,1,S
962,56,48,ILE[2],ZDE[2],IDE[2],2,0,87,0,87,ZDE,2,E
963,56,49,ILE[2],ZDN[2],IDN[2],0,2,68,0,68,ZDN,2,N
964,56,50,ILE[2],ZDS[2],IDS[2],0,-2,67,0,67,ZDS,2,S
965,56,52,ILE[2],ZQE[2],IQE[2],4,0,94,0,94,ZQE,4,E
966,56,53,ILE[2],ZQN[2],IQN[2],0,4,100,0,100,ZQN,4,N
967,56,54,ILE[2],ZQS[2],IQS[2],0,-4,105,0,105,ZQS,4,S
968,56,56,ILE[2],ZLE[2],ILE[2],10,0,128,0,128,ZLE,10,E
969,56,57,ILE[2],ZLN[2],ILN[2],0,12,134,0,134,ZLN,12,N
970,56,58,ILE[2],ZLS[2],ILS[2],0,-12,129,0,129,ZLS,12,S
971,56,60,ILE[2],ZSEA[3],ISEA[3],1,0,71,0,71,ZSEA,1,E
972,56,61,ILE[2],ZSEB[3],ISEB[3],1,0,69,0,69,ZSEB,1,E
973,56,68,ILE[2],ZDE[3],IDE[3],2,0,76,0,76,ZDE,2,E
974,56,72,ILE[2],ZQE[3],IQE[3],4,0,85,0,85,ZQE,4,E
975,57,40,ILN[2],ZSEA[2],ISEA[2],1,0,73,0,73,ZSEA,1,E
976,57,41,ILN[2],ZSEB[2],ISEB[2],1,0,73,0,73,ZSEB,1,E
977,57,42,ILN[2],ZSNA[2],ISNA[2],0,1,66,0,66,ZSNA,1,N
978,57,43,ILN[2],ZSNB[2],ISNB[2],0,1,66,0,66,ZSNB,1,N
979,57,46,ILN[2],ZSWA[2],ISWA[2],-1,0,79,0,79,ZSWA,1,W
980,57,47,ILN[2],ZSWB[2],ISWB[2],-1,0,72,0,72,ZSWB,1,W
981,57,48,ILN[2],ZDE[2],IDE[2],2,0,83,0,83,ZDE,2,E
982,57,49,ILN[2],ZDN[2],IDN[2],0,2,64,0,64,ZDN,2,N
983,57,51,ILN[2],ZDW[2],IDW[2],-2,0,90,0,90,ZDW,2,W
984,57,52,ILN[2],ZQE[2],IQE[2],4,0,97,0,97,ZQE,4,E
985,57,53,ILN[2],ZQN[2],IQN[2],0,4,97,0,97,ZQN,4,N
986,57,55,ILN[2],ZQW[2],IQW[2],-4,0,99,0,99,ZQW,4,W
987,57,56,ILN[2],ZLE[2],ILE[2],10,0,130,0,130,ZLE,10,E
988,57,57,ILN[2],ZLN[2],ILN[2],0,12,129,0,129,ZLN,12,N
989,57,59,ILN[2],ZLW[2],ILW[2],-10,0,126,0,126,ZLW,10,W
990,57,62,ILN[2],ZSNA[3],ISNA[3],0,1,63,0,63,ZSNA,1,N
991,57,63,ILN[2],ZSNB[3],ISNB[3],0,1,70,0,70,ZSNB,1,N
992,57,69,ILN[2],ZDN[3],IDN[3],0,2,71,0,71,ZDN,2,N
993,57,73,ILN[2],ZQN[3],IQN[3],0,4,100,0,100,ZQN,4,N
994,58,40,ILS[2],ZSEA[2],ISEA[2],1,0,69,0,69,ZSEA,1,E
995,58,41,ILS[2],ZSEB[2],ISEB[2],1,0,69,0,69,ZSEB,1,E
996,58,44,ILS[2],ZSSA[2],ISSA[2],0,-1,68,0,68,ZSSA,1,S
997,58,45,ILS[2],ZSSB[2],ISSB[2],0,-1,71,0,71,ZSSB,1,S
998,58,46,ILS[2],ZSWA[2],ISWA[2],-1,0,78,0,78,ZSWA,1,W
999,58,47,ILS[2],ZSWB[2],ISWB[2],-1,0,80,0,80,ZSWB,1,W
1000,58,48,ILS[2],ZDE[2],IDE[2],2,0,88,0,88,ZDE,2,E
1001,58,50,ILS[2],ZDS[2],IDS[2],0,-2,74,0,74,ZDS,2,S
1002,58,51,ILS[2],ZDW[2],IDW[2],-2,0,93,0,93,ZDW,2,W
1003,58,52,ILS[2],ZQE[2],IQE[2],4,0,89,0,89,ZQE,4,E
1004,58,54,ILS[2],ZQS[2],IQS[2],0,-4,114,0,114,ZQS,4,S
1005,58,55,ILS[2],ZQW[2],IQW[2],-4,0,91,0,91,ZQW,4,W
1006,58,56,ILS[2],ZLE[2],ILE[2],10,0,128,0,128,ZLE,10,E
1007,58,58,ILS[2],ZLS[2],ILS[2],0,-12,130,0,130,ZLS,12,S
1008,58,59,ILS[2],ZLW[2],ILW[2],-10,0,135,0,135,ZLW,10,W
1009,58,64,ILS[2],ZSSA[3],ISSA[3],0,-1,59,0,59,ZSSA,1,S
1010,58,65,ILS[2],ZSSB[3],ISSB[3],0,-1,60,0,60,ZSSB,1,S
1011,58,70,ILS[2],ZDS[3],IDS[3],0,-2,70,0,70,ZDS,2,S
1012,58,74,ILS[2],ZQS[3],IQS[3],0,-4,102,0,102,ZQS,4,S
1013,59,42,ILW[2],ZSNA[2],ISNA[2],0,1,75,0,75,ZSNA,1,N
1014,59,43,ILW[2],ZSNB[2],ISNB[2],0,1,70,0,70,ZSNB,1,N
1015,59,44,ILW[2],ZSSA[2],ISSA[2],0,-1,62,0,62,ZSSA,1,S
1016,59,45,ILW[2],ZSSB[2],ISSB[2],0,-1,66,0,66,ZSSB,1,S
1017,59,46,ILW[2],ZSWA[2],ISWA[2],-1,0,73,0,73,ZSWA,1,W
1018,59,47,ILW[2],ZSWB[2],ISWB[2],-1,0,75,0,75,ZSWB,1,W
1019,59,49,ILW[2],ZDN[2],IDN[2],0,2,69,0,69,ZDN,2,N
1020,59,50,ILW[2],ZDS[2],IDS[2],0,-2,72,0,72,ZDS,2,S
1021,59,51,ILW[2],ZDW[2],IDW[2],-2,0,91,0,91,ZDW,2,W
1022,59,53,ILW[2],ZQN[2],IQN[2],0,4,106,0,106,ZQN,4,N
1023,59,54,ILW[2],ZQS[2],IQS[2],0,-4,107,0,107,ZQS,4,S
1024,59,55,ILW[2],ZQW[2],IQW[2],-4,0,96,0,96,ZQW,4,W
1025,59,57,ILW[2],ZLN[2],ILN[2],0,12,128,0,128,ZLN,12,N
1026,59,58,ILW[2],ZLS[2],ILS[2],0,-12,133,0,133,ZLS,12,S
1027,59,59,ILW[2],ZLW[2],ILW[2],-10,0,132,0,132,ZLW,10,W
1028,59,66,ILW[2],ZSWA[3],ISWA[3],-1,0,73,0,73,ZSWA,1,W
1029,59,67,ILW[2],ZSWB[3],ISWB[3],-1,0,74,0,74,ZSWB,1,W
1030,59,71,ILW[2],ZDW[3],IDW[3],-2,0,87,0,87,ZDW,2,W
1031,59,75,ILW[2],ZQW[3],IQW[3],-4,0,92,0,92,ZQW,4,W
1032,60,60,ISEA[3],ZSEA[3],ISEA[3],1,0,58,0,58,ZSEA,1,E
1033,60,61,ISEA[3],ZSEB[3],ISEB[3],1,0,55,0,55,ZSEB,1,E
1034,60,62,ISEA[3],ZSNA[3],ISNA[3],0,1,57,0,57,ZSNA,1,N
1035,60,63,ISEA[3],ZSNB[3],ISNB[3],0,1,61,0,61,ZSNB,1,N
1036,60,64,ISEA[3],ZSSA[3],ISSA[3],0,-1,63,0,63,ZSSA,1,S
1037,60,65,ISEA[3],ZSSB[3],ISSB[3],0,-1,63,0,63,ZSSB,1,S
1038,60,68,ISEA[3],ZDE[3],IDE[3],2,0,68,0,68,ZDE,2,E
1039,60,69,ISEA[3],ZDN[3],IDN[3],0,2,65,0,65,ZDN,2,N
1040,60,70,ISEA[3],ZDS[3],IDS[3],0,-2,68,0,68,ZDS,2,S
1041,60,72,ISEA[3],ZQE[3],IQE[3],4,0,79,0,79,ZQE,4,E
1042,60,73,ISEA[3],ZQN[3],IQN[3],0,4,99,0,99,ZQN,4,N
1043,60,74,ISEA[3],ZQS[3],IQS[3],0,-4,98,0,98,ZQS,4,S
1044,60,80,ISEA[3],ZSEA[4],ISEA[4],1,0,62,0,62,ZSEA,1,E
1045,60,81,ISEA[3],ZSEB[4],ISEB[4],1,0,54,0,54,ZSEB,1,E
1046,60,88,ISEA[3],ZDE[4],IDE[4],2,0,76,0,76,ZDE,2,E
1047,60,92,ISEA[3],ZQE[4],IQE[4],4,0,78,0,78,ZQE,4,E
1048,61,60,ISEB[3],ZSEA[3],ISEA[3],1,0,59,0,59,ZSEA,1,E
1049,61,61,ISEB[3],ZSEB[3],ISEB[3],1,0,56,0,56,ZSEB,1,E
1050,61,62,ISEB[3],ZSNA[3],ISNA[3],0,1,56,0,56,ZSNA,1,N
1051,61,63,ISEB[3],ZSNB[3],ISNB[3],0,1,60,0,60,ZSNB,1,N
1052,61,64,ISEB[3],ZSSA[3],ISSA[3],0,-1,64,0,64,ZSSA,1,S
1053,61,65,ISEB[3],ZSSB[3],ISSB[3],0,-1,64,0,64,ZSSB,1,S
1054,61,68,ISEB[3],ZDE[3],IDE[3],2,0,69,0,69,ZDE,2,E
1055,61,69,ISEB[3],ZDN[3],IDN[3],0,2,64,0,64,ZDN,2,N
1056,61,70,ISEB[3],ZDS[3],IDS[3],0,-2,69,0,69,ZDS,2,S
1057,61,72,ISEB[3],ZQE[3],IQE[3],4,0,80,0,80,ZQE,4,E
1058,61,73,ISEB[3],ZQN[3],IQN[3],0,4,98,0,98,ZQN,4,N
1059,61,74,ISEB[3],ZQS[3],IQS[3],0,-4,99,0,99,ZQS,4,S
1060,61,80,ISEB[3],ZSEA[4],ISEA[4],1,0,70,0,70,ZSEA,1,E
1061,61,81,ISEB[3],ZSEB[4],ISEB[4],1,0,62,0,62,ZSEB,1,E
1062,61,88,ISEB[3],ZDE[4],IDE[4],2,0,84,0,84,ZDE,2,E
1063,61,92,ISEB[3],ZQE[4],IQE[4],4,0,86,0,86,ZQE,4,E
1064,62,60,ISNA[3],ZSEA[3],ISEA[3],1,0,64,0,64,ZSEA,1,E
1065,62,61,ISNA[3],ZSEB[3],ISEB[3],1,0,63,0,63,ZSEB,1,E
1066,62,62,ISNA[3],ZSNA[3],ISNA[3],0,1,54,0,54,ZSNA,1,N
1067,62,63,ISNA[3],ZSNB[3],ISNB[3],0,1,52,0,52,ZSNB,1,N
1068,62,66,ISNA[3],ZSWA[3],ISWA[3],-1,0,58,0,58,ZSWA,1,W
1069,62,67,ISNA[3],ZSWB[3],ISWB[3],-1,0,66,0,66,ZSWB,1,W
1070,62,68,ISNA[3],ZDE[3],IDE[3],2,0,78,0,78,ZDE,2,E
1071,62,69,ISNA[3],ZDN[3],IDN[3],0,2,55,0,55,ZDN,2,N
1072,62,71,ISNA[3],ZDW[3],IDW[3],-2,0,76,0,76,ZDW,2,W
1073,62,72,ISNA[3],ZQE[3],IQE[3],4,0,84,0,84,ZQE,4,E
1074,62,73,ISNA[3],ZQN[3],IQN[3],0,4,93,0,93,ZQN,4,N
1075,62,75,ISNA[3],ZQW[3],IQW[3],-4,0,85,0,85,ZQW,4,W
1076,62,82,ISNA[3],ZSNA[4],ISNA[4],0,1,55,0,55,ZSNA,1,N
1077,62,83,ISNA[3],ZSNB[4],ISNB[4],0,1,58,0,58,ZSNB,1,N
1078,62,89,ISNA[3],ZDN[4],IDN[4],0,2,59,0,59,ZDN,2,N
1079,62,93,ISNA[3],ZQN[4],IQN[4],0,4,91,0,91,ZQN,4,N
1080,63,60,ISNB[3],ZSEA[3],ISEA[3],1,0,66,0,66,ZSEA,1,E
1081,63,61,ISNB[3],ZSEB[3],ISEB[3],1,0,65,0,65,ZSEB,1,E
1082,63,62,ISNB[3],ZSNA[3],ISNA[3],0,1,55,0,55,ZSNA,1,N
1083,63,63,ISNB[3],ZSNB[3],ISNB[3],0,1,53,0,53,ZSNB,1,N
1084,63,66,ISNB[3],ZSWA[3],ISWA[3],-1,0,61,0,61,ZSWA,1,W
1085,63,67,ISNB[3],ZSWB[3],ISWB[3],-1,0,69,0,69,ZSWB,1,W
1086,63,68,ISNB[3],ZDE[3],IDE[3],2,0,80,0,80,ZDE,2,E
1087,63,69,ISNB[3],ZDN[3],IDN[3],0,2,56,0,56,ZDN,2,N
1088,63,71,ISNB[3],ZDW[3],IDW[3],-2,0,79,0,79,ZDW,2,W
1089,63,72,ISNB[3],ZQE[3],IQE[3],4,0,86,0,86,ZQE,4,E
1090,63,73,ISNB[3],ZQN[3],IQN[3],0,4,94,0,94,ZQN,4,N
1091,63,75,ISNB[3],ZQW[3],IQW[3],-4,0,88,0,88,ZQW,4,W
1092,63,82,ISNB[3],ZSNA[4],ISNA[4],0,1,57,0,57,ZSNA,1,N
1093,63,83,ISNB[3],ZSNB[4],ISNB[4],0,1,60,0,60,ZSNB,1,N
1094,63,89,ISNB[3],ZDN[4],IDN[4],0,2,61,0,61,ZDN,2,N
1095,63,93,ISNB[3],ZQN[4],IQN[4],0,4,93,0,93,ZQN,4,N
1096,64,60,ISSA[3],ZSEA[3],ISEA[3],1,0,63,0,63,ZSEA,1,E
1097,64,61,ISSA[3],ZSEB[3],ISEB[3],1,0,67,0,67,ZSEB,1,E
1098,64,64,ISSA[3],ZSSA[3],ISSA[3],0,-1,55,0,55,ZSSA,1,S
1099,64,65,ISSA[3],ZSSB[3],ISSB[3],0,-1,49,0,49,ZSSB,1,S
1100,64,66,ISSA[3],ZSWA[3],ISWA[3],-1,0,59,0,59,ZSWA,1,W
1101,64,67,ISSA[3],ZSWB[3],ISWB[3],-1,0,66,0,66,ZSWB,1,W
1102,64,68,ISSA[3],ZDE[3],IDE[3],2,0,81,0,81,ZDE,2,E
1103,64,70,ISSA[3],ZDS[3],IDS[3],0,-2,52,0,52,ZDS,2,S
1104,64,71,ISSA[3],ZDW[3],IDW[3],-2,0,76,0,76,ZDW,2,W
1105,64,72,ISSA[3],ZQE[3],IQE[3],4,0,86,0,86,ZQE,4,E
1106,64,74,ISSA[3],ZQS[3],IQS[3],0,-4,92,0,92,ZQS,4,S
1107,64,75,ISSA[3],ZQW[3],IQW[3],-4,0,84,0,84,ZQW,4,W
1108,64,84,ISSA[3],ZSSA[4],ISSA[4],0,-1,58,0,58,ZSSA,1,S
1109,64,85,ISSA[3],ZSSB[4],ISSB[4],0,-1,60,0,60,ZSSB,1,S
1110,64,90,ISSA[3],ZDS[4],IDS[4],0,-2,68,0,68,ZDS,2,S
1111,64,94,ISSA[3],ZQS[4],IQS[4],0,-4,103,0,103,ZQS,4,S
1112,65,60,ISSB[3],ZSEA[3],ISEA[3],1,0,61,0,61,ZSEA,1,E
1113,65,61,ISSB[3],ZSEB[3],ISEB[3],1,0,65,0,65,ZSEB,1,E
1114,65,64,ISSB[3],ZSSA[3],ISSA[3],0,-1,61,0,61,ZSSA,1,S
1115,65,65,ISSB[3],ZSSB[3],ISSB[3],0,-1,55,0,55,ZSSB,1,S
1116,65,66,ISSB[3],ZSWA[3],ISWA[3],-1,0,58,0,58,ZSWA,1,W
1117,65,67,ISSB[3],ZSWB[3],ISWB[3],-1,0,65,0,65,ZSWB,1,W
1118,65,68,ISSB[3],ZDE[3],IDE[3],2,0,79,0,79,ZDE,2,E
1119,65,70,ISSB[3],ZDS[3],IDS[3],0,-2,58,0,58,ZDS,2,S
1120,65,71,ISSB[3],ZDW[3],IDW[3],-2,0,75,0,75,ZDW,2,W
1121,65,72,ISSB[3],ZQE[3],IQE[3],4,0,84,0,84,ZQE,4,E
1122,65,74,ISSB[3],ZQS[3],IQS[3],0,-4,98,0,98,ZQS,4,S
1123,65,75,ISSB[3],ZQW[3],IQW[3],-4,0,83,0,83,ZQW,4,W
1124,65,84,ISSB[3],ZSSA[4],ISSA[4],0,-1,51,0,51,ZSSA,1,S
1125,65,85,ISSB[3],ZSSB[4],ISSB[4],0,-1,53,0,53,ZSSB,1,S
1126,65,90,ISSB[3],ZDS[4],IDS[4],0,-2,61,0,61,ZDS,2,S
1127,65,94,ISSB[3],ZQS[4],IQS[4],0,-4,96,0,96,ZQS,4,S
1128,66,62,ISWA[3],ZSNA[3],ISNA[3],0,1,58,0,58,ZSNA,1,N
1129,66,63,ISWA[3],ZSNB[3],ISNB[3],0,1,59,0,59,ZSNB,1,N
1130,66,64,ISWA[3],ZSSA[3],ISSA[3],0,-1,56,0,56,ZSSA,1,S
1131,66,65,ISWA[3],ZSSB[3],ISSB[3],0,-1,54,0,54,ZSSB,1,S
1132,66,66,ISWA[3],ZSWA[3],ISWA[3],-1,0,61,0,61,ZSWA,1,W
1133,66,67,ISWA[3],ZSWB[3],ISWB[3],-1,0,63,0,63,ZSWB,1,W
1134,66,69,ISWA[3],ZDN[3],IDN[3],0,2,62,0,62,ZDN,2,N
1135,66,70,ISWA[3],ZDS[3],IDS[3],0,-2,56,0,56,ZDS,2,S
1136,66,71,ISWA[3],ZDW[3],IDW[3],-2,0,76,0,76,ZDW,2,W
1137,66,73,ISWA[3],ZQN[3],IQN[3],0,4,93,0,93,ZQN,4,N
1138,66,74,ISWA[3],ZQS[3],IQS[3],0,-4,94,0,94,ZQS,4,S
1139,66,75,ISWA[3],ZQW[3],IQW[3],-4,0,85,0,85,ZQW,4,W
1140,66,86,ISWA[3],ZSWA[4],ISWA[4],-1,0,58,0,58,ZSWA,1,W
1141,66,87,ISWA[3],ZSWB[4],ISWB[4],-1,0,60,0,60,ZSWB,1,W
1142,66,91,ISWA[3],ZDW[4],IDW[4],-2,0,68,0,68,ZDW,2,W
1143,66,95,ISWA[3],ZQW[4],IQW[4],-4,0,78,0,78,ZQW,4,W
1144,67,62,ISWB[3],ZSNA[3],ISNA[3],0,1,53,0,53,ZSNA,1,N
1145,67,63,ISWB[3],ZSNB[3],ISNB[3],0,1,54,0,54,ZSNB,1,N
1146,67,64,ISWB[3],ZSSA[3],ISSA[3],0,-1,55,0,55,ZSSA,1,S
1147,67,65,ISWB[3],ZSSB[3],ISSB[3],0,-1,53,0,53,ZSSB,1,S
1148,67,66,ISWB[3],ZSWA[3],ISWA[3],-1,0,56,0,56,ZSWA,1,W
1149,67,67,ISWB[3],ZSWB[3],ISWB[3],-1,0,58,0,58,ZSWB,1,W
1150,67,69,ISWB[3],ZDN[3],IDN[3],0,2,57,0,57,ZDN,2,N
1151,67,70,ISWB[3],ZDS[3],IDS[3],0,-2,55,0,55,ZDS,2,S
1152,67,71,ISWB[3],ZDW[3],IDW[3],-2,0,71,0,71,ZDW,2,W
1153,67,73,ISWB[3],ZQN[3],IQN[3],0,4,88,0,88,ZQN,4,N
1154,67,74,ISWB[3],ZQS[3],IQS[3],0,-4,93,0,93,ZQS,4,S
1155,67,75,ISWB[3],ZQW[3],IQW[3],-4,0,80,0,80,ZQW,4,W
1156,67,86,ISWB[3],ZSWA[4],ISWA[4],-1,0,65,0,65,ZSWA,1,W
1157,67,87,ISWB[3],ZSWB[4],ISWB[4],-1,0,67,0,67,ZSWB,1,W
1158,67,91,ISWB[3],ZDW[4],IDW[4],-2,0,75,0,75,ZDW,2,W
1159,67,95,ISWB[3],ZQW[4],IQW[4],-4,0,85,0,85,ZQW,4,W
1160,68,57,IDE[3],ZLN[2],ILN[2],0,12,112,0,112,ZLN,12,N
1161,68,60,IDE[3],ZSEA[3],ISEA[3],1,0,73,0,73,ZSEA,1,E
1162,68,61,IDE[3],ZSEB[3],ISEB[3],1,0,70,0,70,ZSEB,1,E
1163,68,62,IDE[3],ZSNA[3],ISNA[3],0,1,62,0,62,ZSNA,1,N
1164,68,63,IDE[3],ZSNB[3],ISNB[3],0,1,66,0,66,ZSNB,1,N
1165,68,64,IDE[3],ZSSA[3],ISSA[3],0,-1,64,0,64,ZSSA,1,S
1166,68,65,IDE[3],ZSSB[3],ISSB[3],0,-1,64,0,64,ZSSB,1,S
1167,68,68,IDE[3],ZDE[3],IDE[3],2,0,83,0,83,ZDE,2,E
1168,68,69,IDE[3],ZDN[3],IDN[3],0,2,70,0,70,ZDN,2,N
1169,68,70,IDE[3],ZDS[3],IDS[3],0,-2,69,0,69,ZDS,2,S
1170,68,72,IDE[3],ZQE[3],IQE[3],4,0,94,0,94,ZQE,4,E
1171,68,73,IDE[3],ZQN[3],IQN[3],0,4,104,0,104,ZQN,4,N
1172,68,74,IDE[3],ZQS[3],IQS[3],0,-4,99,0,99,ZQS,4,S
1173,68,80,IDE[3],ZSEA[4],ISEA[4],1,0,78,0,78,ZSEA,1,E
1174,68,81,IDE[3],ZSEB[4],ISEB[4],1,0,70,0,70,ZSEB,1,E
1175,68,88,IDE[3],ZDE[4],IDE[4],2,0,92,0,92,ZDE,2,E
1176,68,92,IDE[3],ZQE[4],IQE[4],4,0,94,0,94,ZQE,4,E
1177,69,59,IDN[3],ZLW[2],ILW[2],-10,0,104,0,104,ZLW,10,W
1178,69,60,IDN[3],ZSEA[3],ISEA[3],1,0,67,0,67,ZSEA,1,E
1179,69,61,IDN[3],ZSEB[3],ISEB[3],1,0,66,0,66,ZSEB,1,E
1180,69,62,IDN[3],ZSNA[3],ISNA[3],0,1,52,0,52,ZSNA,1,N
1181,69,63,IDN[3],ZSNB[3],ISNB[3],0,1,50,0,50,ZSNB,1,N
1182,69,66,IDN[3],ZSWA[3],ISWA[3],-1,0,62,0,62,ZSWA,1,W
1183,69,67,IDN[3],ZSWB[3],ISWB[3],-1,0,70,0,70,ZSWB,1,W
1184,69,68,IDN[3],ZDE[3],IDE[3],2,0,81,0,81,ZDE,2,E
1185,69,69,IDN[3],ZDN[3],IDN[3],0,2,53,0,53,ZDN,2,N
1186,69,71,IDN[3],ZDW[3],IDW[3],-2,0,80,0,80,ZDW,2,W
1187,69,72,IDN[3],ZQE[3],IQE[3],4,0,87,0,87,ZQE,4,E
1188,69,73,IDN[3],ZQN[3],IQN[3],0,4,91,0,91,ZQN,4,N
1189,69,75,IDN[3],ZQW[3],IQW[3],-4,0,89,0,89,ZQW,4,W
1190,69,82,IDN[3],ZSNA[4],ISNA[4],0,1,55,0,55,ZSNA,1,N
1191,69,83,IDN[3],ZSNB[4],ISNB[4],0,1,58,0,58,ZSNB,1,N
1192,69,89,IDN[3],ZDN[4],IDN[4],0,2,59,0,59,ZDN,2,N
1193,69,93,IDN[3],ZQN[4],IQN[4],0,4,91,0,91,ZQN,4,N
1194,70,56,IDS[3],ZLE[2],ILE[2],10,0,112,0,112,ZLE,10,E
1195,70,60,IDS[3],ZSEA[3],ISEA[3],1,0,60,0,60,ZSEA,1,E
1196,70,61,IDS[3],ZSEB[3],ISEB[3],1,0,64,0,64,ZSEB,1,E
1197,70,64,IDS[3],ZSSA[3],ISSA[3],0,-1,62,0,62,ZSSA,1,S
1198,70,65,IDS[3],ZSSB[3],ISSB[3],0,-1,56,0,56,ZSSB,1,S
1199,70,66,IDS[3],ZSWA[3],ISWA[3],-1,0,65,0,65,ZSWA,1,W
1200,70,67,IDS[3],ZSWB[3],ISWB[3],-1,0,72,0,72,ZSWB,1,W
1201,70,68,IDS[3],ZDE[3],IDE[3],2,0,78,0,78,ZDE,2,E
1202,70,70,IDS[3],ZDS[3],IDS[3],0,-2,59,0,59,ZDS,2,S
1203,70,71,IDS[3],ZDW[3],IDW[3],-2,0,82,0,82,ZDW,2,W
1204,70,72,IDS[3],ZQE[3],IQE[3],4,0,83,0,83,ZQE,4,E
1205,70,74,IDS[3],ZQS[3],IQS[3],0,-4,99,0,99,ZQS,4,S
1206,70,75,IDS[3],ZQW[3],IQW[3],-4,0,90,0,90,ZQW,4,W
1207,70,84,IDS[3],ZSSA[4],ISSA[4],0,-1,57,0,57,ZSSA,1,S
1208,70,85,IDS[3],ZSSB[4],ISSB[4],0,-1,59,0,59,ZSSB,1,S
1209,70,90,IDS[3],ZDS[4],IDS[4],0,-2,67,0,67,ZDS,2,S
1210,70,94,IDS[3],ZQS[4],IQS[4],0,-4,102,0,102,ZQS,4,S
1211,71,58,IDW[3],ZLS[2],ILS[2],0,-12,105,0,105,ZLS,12,S
1212,71,62,IDW[3],ZSNA[3],ISNA[3],0,1,61,0,61,ZSNA,1,N
1213,71,63,IDW[3],ZSNB[3],ISNB[3],0,1,62,0,62,ZSNB,1,N
1214,71,64,IDW[3],ZSSA[3],ISSA[3],0,-1,66,0,66,ZSSA,1,S
1215,71,65,IDW[3],ZSSB[3],ISSB[3],0,-1,64,0,64,ZSSB,1,S
1216,71,66,IDW[3],ZSWA[3],ISWA[3],-1,0,71,0,71,ZSWA,1,W
1217,71,67,IDW[3],ZSWB[3],ISWB[3],-1,0,73,0,73,ZSWB,1,W
1218,71,69,IDW[3],ZDN[3],IDN[3],0,2,65,0,65,ZDN,2,N
1219,71,70,IDW[3],ZDS[3],IDS[3],0,-2,66,0,66,ZDS,2,S
1220,71,71,IDW[3],ZDW[3],IDW[3],-2,0,86,0,86,ZDW,2,W
1221,71,73,IDW[3],ZQN[3],IQN[3],0,4,96,0,96,ZQN,4,N
1222,71,74,IDW[3],ZQS[3],IQS[3],0,-4,104,0,104,ZQS,4,S
1223,71,75,IDW[3],ZQW[3],IQW[3],-4,0,95,0,95,ZQW,4,W
1224,71,86,IDW[3],ZSWA[4],ISWA[4],-1,0,72,0,72,ZSWA,1,W
1225,71,87,IDW[3],ZSWB[4],ISWB[4],-1,0,74,0,74,ZSWB,1,W
1226,71,91,IDW[3],ZDW[4],IDW[4],-2,0,82,0,82,ZDW,2,W
1227,71,95,IDW[3],ZQW[4],IQW[4],-4,0,92,0,92,ZQW,4,W
1228,72,60,IQE[3],ZSEA[3],ISEA[3],1,0,69,0,69,ZSEA,1,E
1229,72,61,IQE[3],ZSEB[3],ISEB[3],1,0,66,0,66,ZSEB,1,E
1230,72,62,IQE[3],ZSNA[3],ISNA[3],0,1,70,0,70,ZSNA,1,N
1231,72,63,IQE[3],ZSNB[3],ISNB[3],0,1,74,0,74,ZSNB,1,N
1232,72,64,IQE[3],ZSSA[3],ISSA[3],0,-1,75,0,75,ZSSA,1,S
1233,72,65,IQE[3],ZSSB[3],ISSB[3],0,-1,75,0,75,ZSSB,1,S
1234,72,68,IQE[3],ZDE[3],IDE[3],2,0,79,0,79,ZDE,2,E
1235,72,69,IQE[3],ZDN[3],IDN[3],0,2,78,0,78,ZDN,2,N
1236,72,70,IQE[3],ZDS[3],IDS[3],0,-2,80,0,80,ZDS,2,S
1237,72,72,IQE[3],ZQE[3],IQE[3],4,0,90,0,90,ZQE,4,E
1238,72,73,IQE[3],ZQN[3],IQN[3],0,4,112,0,112,ZQN,4,N
1239,72,74,IQE[3],ZQS[3],IQS[3],0,-4,110,0,110,ZQS,4,S
1240,72,76,IQE[3],ZLE[3],ILE[3],10,0,115,0,115,ZLE,10,E
1241,72,78,IQE[3],ZLS[3],ILS[3],0,-12,116,0,116,ZLS,12,S
1242,72,80,IQE[3],ZSEA[4],ISEA[4],1,0,74,0,74,ZSEA,1,E
1243,72,81,IQE[3],ZSEB[4],ISEB[4],1,0,66,0,66,ZSEB,1,E
1244,72,88,IQE[3],ZDE[4],IDE[4],2,0,88,0,88,ZDE,2,E
1245,72,92,IQE[3],ZQE[4],IQE[4],4,0,90,0,90,ZQE,4,E
1246,73,60,IQN[3],ZSEA[3],ISEA[3],1,0,70,0,70,ZSEA,1,E
1247,73,61,IQN[3],ZSEB[3],ISEB[3],1,0,69,0,69,ZSEB,1,E
1248,73,62,IQN[3],ZSNA[3],ISNA[3],0,1,63,0,63,ZSNA,1,N
1249,73,63,IQN[3],ZSNB[3],ISNB[3],0,1,61,0,61,ZSNB,1,N
1250,73,66,IQN[3],ZSWA[3],ISWA[3],-1,0,67,0,67,ZSWA,1,W
1251,73,67,IQN[3],ZSWB[3],ISWB[3],-1,0,75,0,75,ZSWB,1,W
1252,73,68,IQN[3],ZDE[3],IDE[3],2,0,84,0,84,ZDE,2,E
1253,73,69,IQN[3],ZDN[3],IDN[3],0,2,64,0,64,ZDN,2,N
1254,73,71,IQN[3],ZDW[3],IDW[3],-2,0,85,0,85,ZDW,2,W
1255,73,72,IQN[3],ZQE[3],IQE[3],4,0,90,0,90,ZQE,4,E
1256,73,73,IQN[3],ZQN[3],IQN[3],0,4,102,0,102,ZQN,4,N
1257,73,75,IQN[3],ZQW[3],IQW[3],-4,0,94,0,94,ZQW,4,W
1258,73,76,IQN[3],ZLE[3],ILE[3],10,0,123,0,123,ZLE,10,E
1259,73,77,IQN[3],ZLN[3],ILN[3],0,12,115,0,115,ZLN,12,N
1260,73,82,IQN[3],ZSNA[4],ISNA[4],0,1,61,0,61,ZSNA,1,N
1261,73,83,IQN[3],ZSNB[4],ISNB[4],0,1,64,0,64,ZSNB,1,N
1262,73,89,IQN[3],ZDN[4],IDN[4],0,2,65,0,65,ZDN,2,N
1263,73,93,IQN[3],ZQN[4],IQN[4],0,4,97,0,97,ZQN,4,N
1264,74,60,IQS[3],ZSEA[3],ISEA[3],1,0,71,0,71,ZSEA,1,E
1265,74,61,IQS[3],ZSEB[3],ISEB[3],1,0,75,0,75,ZSEB,1,E
1266,74,64,IQS[3],ZSSA[3],ISSA[3],0,-1,66,0,66,ZSSA,1,S
1267,74,65,IQS[3],ZSSB[3],ISSB[3],0,-1,60,0,60,ZSSB,1,S
1268,74,66,IQS[3],ZSWA[3],ISWA[3],-1,0,68,0,68,ZSWA,1,W
1269,74,67,IQS[3],ZSWB[3],ISWB[3],-1,0,75,0,75,ZSWB,1,W
1270,74,68,IQS[3],ZDE[3],IDE[3],2,0,89,0,89,ZDE,2,E
1271,74,70,IQS[3],ZDS[3],IDS[3],0,-2,63,0,63,ZDS,2,S
1272,74,71,IQS[3],ZDW[3],IDW[3],-2,0,85,0,85,ZDW,2,W
1273,74,72,IQS[3],ZQE[3],IQE[3],4,0,94,0,94,ZQE,4,E
1274,74,74,IQS[3],ZQS[3],IQS[3],0,-4,103,0,103,ZQS,4,S
1275,74,75,IQS[3],ZQW[3],IQW[3],-4,0,93,0,93,ZQW,4,W
1276,74,78,IQS[3],ZLS[3],ILS[3],0,-12,115,0,115,ZLS,12,S
1277,74,79,IQS[3],ZLW[3],ILW[3],-10,0,122,0,122,ZLW,10,W
1278,74,84,IQS[3],ZSSA[4],ISSA[4],0,-1,62,0,62,ZSSA,1,S
1279,74,85,IQS[3],ZSSB[4],ISSB[4],0,-1,64,0,64,ZSSB,1,S
1280,74,90,IQS[3],ZDS[4],IDS[4],0,-2,72,0,72,ZDS,2,S
1281,74,94,IQS[3],ZQS[4],IQS[4],0,-4,107,0,107,ZQS,4,S
1282,75,62,IQW[3],ZSNA[3],ISNA[3],0,1,68,0,68,ZSNA,1,N
1283,75,63,IQW[3],ZSNB[3],ISNB[3],0,1,69,0,69,ZSNB,1,N
1284,75,64,IQW[3],ZSSA[3],ISSA[3],0,-1,67,0,67,ZSSA,1,S
1285,75,65,IQW[3],ZSSB[3],ISSB[3],0,-1,65,0,65,ZSSB,1,S
1286,75,66,IQW[3],ZSWA[3],ISWA[3],-1,0,67,0,67,ZSWA,1,W
1287,75,67,IQW[3],ZSWB[3],ISWB[3],-1,0,69,0,69,ZSWB,1,W
1288,75,69,IQW[3],ZDN[3],IDN[3],0,2,72,0,72,ZDN,2,N
1289,75,70,IQW[3],ZDS[3],IDS[3],0,-2,67,0,67,ZDS,2,S
1290,75,71,IQW[3],ZDW[3],IDW[3],-2,0,82,0,82,ZDW,2,W
1291,75,73,IQW[3],ZQN[3],IQN[3],0,4,103,0,103,ZQN,4,N
1292,75,74,IQW[3],ZQS[3],IQS[3],0,-4,105,0,105,ZQS,4,S
1293,75,75,IQW[3],ZQW[3],IQW[3],-4,0,91,0,91,ZQW,4,W
1294,75,77,IQW[3],ZLN[3],ILN[3],0,12,117,0,117,ZLN,12,N
1295,75,79,IQW[3],ZLW[3],ILW[3],-10,0,114,0,114,ZLW,10,W
1296,75,86,IQW[3],ZSWA[4],ISWA[4],-1,0,77,0,77,ZSWA,1,W
1297,75,87,IQW[3],ZSWB[4],ISWB[4],-1,0,79,0,79,ZSWB,1,W
1298,75,91,IQW[3],ZDW[4],IDW[4],-2,0,87,0,87,ZDW,2,W
1299,75,95,IQW[3],ZQW[4],IQW[4],-4,0,97,0,97,ZQW,4,W
1300,76,60,ILE[3],ZSEA[3],ISEA[3],1,0,72,0,72,ZSEA,1,E
1301,76,61,ILE[3],ZSEB[3],ISEB[3],1,0,69,0,69,ZSEB,1,E
1302,76,62,ILE[3],ZSNA[3],ISNA[3],0,1,64,0,64,ZSNA,1,N
1303,76,63,ILE[3],ZSNB[3],ISNB[3],0,1,68,0,68,ZSNB,1,N
1304,76,64,ILE[3],ZSSA[3],ISSA[3],0,-1,69,0,69,ZSSA,1,S
1305,76,65,ILE[3],ZSSB[3],ISSB[3],0,-1,69,0,69,ZSSB,1,S
1306,76,68,ILE[3],ZDE[3],IDE[3],2,0,82,0,82,ZDE,2,E
1307,76,69,ILE[3],ZDN[3],IDN[3],0,2,72,0,72,ZDN,2,N
1308,76,70,ILE[3],ZDS[3],IDS[3],0,-2,74,0,74,ZDS,2,S
1309,76,72,ILE[3],ZQE[3],IQE[3],4,0,93,0,93,ZQE,4,E
1310,76,73,ILE[3],ZQN[3],IQN[3],0,4,106,0,106,ZQN,4,N
1311,76,74,ILE[3],ZQS[3],IQS[3],0,-4,104,0,104,ZQS,4,S
1312,76,76,ILE[3],ZLE[3],ILE[3],10,0,134,0,134,ZLE,10,E
1313,76,77,ILE[3],ZLN[3],ILN[3],0,12,128,0,128,ZLN,12,N
1314,76,78,ILE[3],ZLS[3],ILS[3],0,-12,134,0,134,ZLS,12,S
1315,76,80,ILE[3],ZSEA[4],ISEA[4],1,0,75,0,75,ZSEA,1,E
1316,76,81,ILE[3],ZSEB[4],ISEB[4],1,0,67,0,67,ZSEB,1,E
1317,76,88,ILE[3],ZDE[4],IDE[4],2,0,89,0,89,ZDE,2,E
1318,76,92,ILE[3],ZQE[4],IQE[4],4,0,91,0,91,ZQE,4,E
1319,77,60,ILN[3],ZSEA[3],ISEA[3],1,0,75,0,75,ZSEA,1,E
1320,77,61,ILN[3],ZSEB[3],ISEB[3],1,0,74,0,74,ZSEB,1,E
1321,77,62,ILN[3],ZSNA[3],ISNA[3],0,1,62,0,62,ZSNA,1,N
1322,77,63,ILN[3],ZSNB[3],ISNB[3],0,1,60,0,60,ZSNB,1,N
1323,77,66,ILN[3],ZSWA[3],ISWA[3],-1,0,64,0,64,ZSWA,1,W
1324,77,67,ILN[3],ZSWB[3],ISWB[3],-1,0,72,0,72,ZSWB,1,W
1325,77,68,ILN[3],ZDE[3],IDE[3],2,0,89,0,89,ZDE,2,E
1326,77,69,ILN[3],ZDN[3],IDN[3],0,2,63,0,63,ZDN,2,N
1327,77,71,ILN[3],ZDW[3],IDW[3],-2,0,82,0,82,ZDW,2,W
1328,77,72,ILN[3],ZQE[3],IQE[3],4,0,95,0,95,ZQE,4,E
1329,77,73,ILN[3],ZQN[3],IQN[3],0,4,101,0,101,ZQN,4,N
1330,77,75,ILN[3],ZQW[3],IQW[3],-4,0,91,0,91,ZQW,4,W
1331,77,76,ILN[3],ZLE[3],ILE[3],10,0,135,0,135,ZLE,10,E
1332,77,77,ILN[3],ZLN[3],ILN[3],0,12,134,0,134,ZLN,12,N
1333,77,79,ILN[3],ZLW[3],ILW[3],-10,0,131,0,131,ZLW,10,W
1334,77,82,ILN[3],ZSNA[4],ISNA[4],0,1,60,0,60,ZSNA,1,N
1335,77,83,ILN[3],ZSNB[4],ISNB[4],0,1,63,0,63,ZSNB,1,N
1336,77,89,ILN[3],ZDN[4],IDN[4],0,2,64,0,64,ZDN,2,N
1337,77,93,ILN[3],ZQN[4],IQN[4],0,4,96,0,96,ZQN,4,N
1338,78,60,ILS[3],ZSEA[3],ISEA[3],1,0,73,0,73,ZSEA,1,E
1339,78,61,ILS[3],ZSEB[3],ISEB[3],1,0,77,0,77,ZSEB,1,E
1340,78,64,ILS[3],ZSSA[3],ISSA[3],0,-1,73,0,73,ZSSA,1,S
1341,78,65,ILS[3],ZSSB[3],ISSB[3],0,-1,67,0,67,ZSSB,1,S
1342,78,66,ILS[3],ZSWA[3],ISWA[3],-1,0,69,0,69,ZSWA,1,W
1343,78,67,ILS[3],ZSWB[3],ISWB[3],-1,0,76,0,76,ZSWB,1,W
1344,78,68,ILS[3],ZDE[3],IDE[3],2,0,91,0,91,ZDE,2,E
1345,78,70,ILS[3],ZDS[3],IDS[3],0,-2,70,0,70,ZDS,2,S
1346,78,71,ILS[3],ZDW[3],IDW[3],-2,0,86,0,86,ZDW,2,W
1347,78,72,ILS[3],ZQE[3],IQE[3],4,0,96,0,96,ZQE,4,E
1348,78,74,ILS[3],ZQS[3],IQS[3],0,-4,110,0,110,ZQS,4,S
1349,78,75,ILS[3],ZQW[3],IQW[3],-4,0,94,0,94,ZQW,4,W
1350,78,76,ILS[3],ZLE[3],ILE[3],10,0,126,0,126,ZLE,10,E
1351,78,78,ILS[3],ZLS[3],ILS[3],0,-12,135,0,135,ZLS,12,S
1352,78,79,ILS[3],ZLW[3],ILW[3],-10,0,132,0,132,ZLW,10,W
1353,78,84,ILS[3],ZSSA[4],ISSA[4],0,-1,61,0,61,ZSSA,1,S
1354,78,85,ILS[3],ZSSB[4],ISSB[4],0,-1,63,0,63,ZSSB,1,S
1355,78,90,ILS[3],ZDS[4],IDS[4],0,-2,71,0,71,ZDS,2,S
1356,78,94,ILS[3],ZQS[4],IQS[4],0,-4,106,0,106,ZQS,4,S
1357,79,62,ILW[3],ZSNA[3],ISNA[3],0,1,65,0,65,ZSNA,1,N
1358,79,63,ILW[3],ZSNB[3],ISNB[3],0,1,66,0,66,ZSNB,1,N
1359,79,64,ILW[3],ZSSA[3],ISSA[3],0,-1,65,0,65,ZSSA,1,S
1360,79,65,ILW[3],ZSSB[3],ISSB[3],0,-1,63,0,63,ZSSB,1,S
1361,79,66,ILW[3],ZSWA[3],ISWA[3],-1,0,72,0,72,ZSWA,1,W
1362,79,67,ILW[3],ZSWB[3],ISWB[3],-1,0,74,0,74,ZSWB,1,W
1363,79,69,ILW[3],ZDN[3],IDN[3],0,2,69,0,69,ZDN,2,N
1364,79,70,ILW[3],ZDS[3],IDS[3],0,-2,65,0,65,ZDS,2,S
1365,79,71,ILW[3],ZDW[3],IDW[3],-2,0,87,0,87,ZDW,2,W
1366,79,73,ILW[3],ZQN[3],IQN[3],0,4,100,0,100,ZQN,4,N
1367,79,74,ILW[3],ZQS[3],IQS[3],0,-4,103,0,103,ZQS,4,S
1368,79,75,ILW[3],ZQW[3],IQW[3],-4,0,96,0,96,ZQW,4,W
1369,79,77,ILW[3],ZLN[3],ILN[3],0,12,125,0,125,ZLN,12,N
1370,79,78,ILW[3],ZLS[3],ILS[3],0,-12,127,0,127,ZLS,12,S
1371,79,79,ILW[3],ZLW[3],ILW[3],-10,0,125,0,125,ZLW,10,W
1372,79,86,ILW[3],ZSWA[4],ISWA[4],-1,0,67,0,67,ZSWA,1,W
1373,79,87,ILW[3],ZSWB[4],ISWB[4],-1,0,69,0,69,ZSWB,1,W
1374,79,91,ILW[3],ZDW[4],IDW[4],-2,0,77,0,77,ZDW,2,W
1375,79,95,ILW[3],ZQW[4],IQW[4],-4,0,87,0,87,ZQW,4,W
1376,80,80,ISEA[4],ZSEA[4],ISEA[4],1,0,63,0,63,ZSEA,1,E
1377,80,81,ISEA[4],ZSEB[4],ISEB[4],1,0,60,0,60,ZSEB,1,E
1378,80,82,ISEA[4],ZSNA[4],ISNA[4],0,1,54,0,54,ZSNA,1,N
1379,80,83,ISEA[4],ZSNB[4],ISNB[4],0,1,62,0,62,ZSNB,1,N
1380,80,84,ISEA[4],ZSSA[4],ISSA[4],0,-1,54,0,54,ZSSA,1,S
1381,80,85,ISEA[4],ZSSB[4],ISSB[4],0,-1,59,0,59,ZSSB,1,S
1382,80,88,ISEA[4],ZDE[4],IDE[4],2,0,72,0,72,ZDE,2,E
1383,80,89,ISEA[4],ZDN[4],IDN[4],0,2,63,0,63,ZDN,2,N
1384,80,90,ISEA[4],ZDS[4],IDS[4],0,-2,65,0,65,ZDS,2,S
1385,80,92,ISEA[4],ZQE[4],IQE[4],4,0,78,0,78,ZQE,4,E
1386,80,93,ISEA[4],ZQN[4],IQN[4],0,4,93,0,93,ZQN,4,N
1387,80,94,ISEA[4],ZQS[4],IQS[4],0,-4,95,0,95,ZQS,4,S
1388,80,100,ISEA[4],ZSEA[5],ISEA[5],1,0,58,0,58,ZSEA,1,E
1389,80,101,ISEA[4],ZSEB[5],ISEB[5],1,0,57,0,57,ZSEB,1,E
1390,80,108,ISEA[4],ZDE[5],IDE[5],2,0,74,0,74,ZDE,2,E
1391,80,112,ISEA[4],ZQE[5],IQE[5],4,0,81,0,81,ZQE,4,E
1392,81,80,ISEB[4],ZSEA[4],ISEA[4],1,0,66,0,66,ZSEA,1,E
1393,81,81,ISEB[4],ZSEB[4],ISEB[4],1,0,63,0,63,ZSEB,1,E
1394,81,82,ISEB[4],ZSNA[4],ISNA[4],0,1,56,0,56,ZSNA,1,N
1395,81,83,ISEB[4],ZSNB[4],ISNB[4],0,1,64,0,64,ZSNB,1,N
1396,81,84,ISEB[4],ZSSA[4],ISSA[4],0,-1,49,0,49,ZSSA,1,S
1397,81,85,ISEB[4],ZSSB[4],ISSB[4],0,-1,54,0,54,ZSSB,1,S
1398,81,88,ISEB[4],ZDE[4],IDE[4],2,0,75,0,75,ZDE,2,E
1399,81,89,ISEB[4],ZDN[4],IDN[4],0,2,65,0,65,ZDN,2,N
1400,81,90,ISEB[4],ZDS[4],IDS[4],0,-2,60,0,60,ZDS,2,S
1401,81,92,ISEB[4],ZQE[4],IQE[4],4,0,81,0,81,ZQE,4,E
1402,81,93,ISEB[4],ZQN[4],IQN[4],0,4,95,0,95,ZQN,4,N
1403,81,94,ISEB[4],ZQS[4],IQS[4],0,-4,90,0,90,ZQS,4,S
1404,81,100,ISEB[4],ZSEA[5],ISEA[5],1,0,60,0,60,ZSEA,1,E
1405,81,101,ISEB[4],ZSEB[5],ISEB[5],1,0,59,0,59,ZSEB,1,E
1406,81,108,ISEB[4],ZDE[5],IDE[5],2,0,76,0,76,ZDE,2,E
1407,81,112,ISEB[4],ZQE[5],IQE[5],4,0,83,0,83,ZQE,4,E
1408,82,80,ISNA[4],ZSEA[4],ISEA[4],1,0,58,0,58,ZSEA,1,E
1409,82,81,ISNA[4],ZSEB[4],ISEB[4],1,0,60,0,60,ZSEB,1,E
1410,82,82,ISNA[4],ZSNA[4],ISNA[4],0,1,55,0,55,ZSNA,1,N
1411,82,83,ISNA[4],ZSNB[4],ISNB[4],0,1,53,0,53,ZSNB,1,N
1412,82,86,ISNA[4],ZSWA[4],ISWA[4],-1,0,68,0,68,ZSWA,1,W
1413,82,87,ISNA[4],ZSWB[4],ISWB[4],-1,0,69,0,69,ZSWB,1,W
1414,82,88,ISNA[4],ZDE[4],IDE[4],2,0,74,0,74,ZDE,2,E
1415,82,89,ISNA[4],ZDN[4],IDN[4],0,2,53,0,53,ZDN,2,N
1416,82,91,ISNA[4],ZDW[4],IDW[4],-2,0,82,0,82,ZDW,2,W
1417,82,92,ISNA[4],ZQE[4],IQE[4],4,0,83,0,83,ZQE,4,E
1418,82,93,ISNA[4],ZQN[4],IQN[4],0,4,95,0,95,ZQN,4,N
1419,82,95,ISNA[4],ZQW[4],IQW[4],-4,0,89,0,89,ZQW,4,W
1420,82,102,ISNA[4],ZSNA[5],ISNA[5],0,1,61,0,61,ZSNA,1,N
1421,82,103,ISNA[4],ZSNB[5],ISNB[5],0,1,57,0,57,ZSNB,1,N
1422,82,109,ISNA[4],ZDN[5],IDN[5],0,2,63,0,63,ZDN,2,N
1423,82,113,ISNA[4],ZQN[5],IQN[5],0,4,96,0,96,ZQN,4,N
1424,83,80,ISNB[4],ZSEA[4],ISEA[4],1,0,60,0,60,ZSEA,1,E
1425,83,81,ISNB[4],ZSEB[4],ISEB[4],1,0,62,0,62,ZSEB,1,E
1426,83,82,ISNB[4],ZSNA[4],ISNA[4],0,1,57,0,57,ZSNA,1,N
1427,83,83,ISNB[4],ZSNB[4],ISNB[4],0,1,55,0,55,ZSNB,1,N
1428,83,86,ISNB[4],ZSWA[4],ISWA[4],-1,0,61,0,61,ZSWA,1,W
1429,83,87,ISNB[4],ZSWB[4],ISWB[4],-1,0,62,0,62,ZSWB,1,W
1430,83,88,ISNB[4],ZDE[4],IDE[4],2,0,76,0,76,ZDE,2,E
1431,83,89,ISNB[4],ZDN[4],IDN[4],0,2,55,0,55,ZDN,2,N
1432,83,91,ISNB[4],ZDW[4],IDW[4],-2,0,75,0,75,ZDW,2,W
1433,83,92,ISNB[4],ZQE[4],IQE[4],4,0,85,0,85,ZQE,4,E
1434,83,93,ISNB[4],ZQN[4],IQN[4],0,4,97,0,97,ZQN,4,N
1435,83,95,ISNB[4],ZQW[4],IQW[4],-4,0,82,0,82,ZQW,4,W
1436,83,102,ISNB[4],ZSNA[5],ISNA[5],0,1,60,0,60,ZSNA,1,N
1437,83,103,ISNB[4],ZSNB[5],ISNB[5],0,1,56,0,56,ZSNB,1,N
1438,83,109,ISNB[4],ZDN[5],IDN[5],0,2,62,0,62,ZDN,2,N
1439,83,113,ISNB[4],ZQN[5],IQN[5],0,4,95,0,95,ZQN,4,N
1440,84,80,ISSA[4],ZSEA[4],ISEA[4],1,0,71,0,71,ZSEA,1,E
1441,84,81,ISSA[4],ZSEB[4],ISEB[4],1,0,66,0,66,ZSEB,1,E
1442,84,84,ISSA[4],ZSSA[4],ISSA[4],0,-1,55,0,55,ZSSA,1,S
1443,84,85,ISSA[4],ZSSB[4],ISSB[4],0,-1,53,0,53,ZSSB,1,S
1444,84,86,ISSA[4],ZSWA[4],ISWA[4],-1,0,61,0,61,ZSWA,1,W
1445,84,87,ISSA[4],ZSWB[4],ISWB[4],-1,0,62,0,62,ZSWB,1,W
1446,84,88,ISSA[4],ZDE[4],IDE[4],2,0,83,0,83,ZDE,2,E
1447,84,90,ISSA[4],ZDS[4],IDS[4],0,-2,53,0,53,ZDS,2,S
1448,84,91,ISSA[4],ZDW[4],IDW[4],-2,0,72,0,72,ZDW,2,W
1449,84,92,ISSA[4],ZQE[4],IQE[4],4,0,89,0,89,ZQE,4,E
1450,84,94,ISSA[4],ZQS[4],IQS[4],0,-4,90,0,90,ZQS,4,S
1451,84,95,ISSA[4],ZQW[4],IQW[4],-4,0,82,0,82,ZQW,4,W
1452,84,104,ISSA[4],ZSSA[5],ISSA[5],0,-1,65,0,65,ZSSA,1,S
1453,84,105,ISSA[4],ZSSB[5],ISSB[5],0,-1,62,0,62,ZSSB,1,S
1454,84,110,ISSA[4],ZDS[5],IDS[5],0,-2,64,0,64,ZDS,2,S
1455,84,114,ISSA[4],ZQS[5],IQS[5],0,-4,99,0,99,ZQS,4,S
1456,85,80,ISSB[4],ZSEA[4],ISEA[4],1,0,62,0,62,ZSEA,1,E
1457,85,81,ISSB[4],ZSEB[4],ISEB[4],1,0,57,0,57,ZSEB,1,E
1458,85,84,ISSB[4],ZSSA[4],ISSA[4],0,-1,56,0,56,ZSSA,1,S
1459,85,85,ISSB[4],ZSSB[4],ISSB[4],0,-1,54,0,54,ZSSB,1,S
1460,85,86,ISSB[4],ZSWA[4],ISWA[4],-1,0,60,0,60,ZSWA,1,W
1461,85,87,ISSB[4],ZSWB[4],ISWB[4],-1,0,61,0,61,ZSWB,1,W
1462,85,88,ISSB[4],ZDE[4],IDE[4],2,0,74,0,74,ZDE,2,E
1463,85,90,ISSB[4],ZDS[4],IDS[4],0,-2,54,0,54,ZDS,2,S
1464,85,91,ISSB[4],ZDW[4],IDW[4],-2,0,71,0,71,ZDW,2,W
1465,85,92,ISSB[4],ZQE[4],IQE[4],4,0,80,0,80,ZQE,4,E
1466,85,94,ISSB[4],ZQS[4],IQS[4],0,-4,91,0,91,ZQS,4,S
1467,85,95,ISSB[4],ZQW[4],IQW[4],-4,0,81,0,81,ZQW,4,W
1468,85,104,ISSB[4],ZSSA[5],ISSA[5],0,-1,62,0,62,ZSSA,1,S
1469,85,105,ISSB[4],ZSSB[5],ISSB[5],0,-1,59,0,59,ZSSB,1,S
1470,85,110,ISSB[4],ZDS[5],IDS[5],0,-2,61,0,61,ZDS,2,S
1471,85,114,ISSB[4],ZQS[5],IQS[5],0,-4,96,0,96,ZQS,4,S
1472,86,82,ISWA[4],ZSNA[4],ISNA[4],0,1,60,0,60,ZSNA,1,N
1473,86,83,ISWA[4],ZSNB[4],ISNB[4],0,1,55,0,55,ZSNB,1,N
1474,86,84,ISWA[4],ZSSA[4],ISSA[4],0,-1,52,0,52,ZSSA,1,S
1475,86,85,ISWA[4],ZSSB[4],ISSB[4],0,-1,58,0,58,ZSSB,1,S
1476,86,86,ISWA[4],ZSWA[4],ISWA[4],-1,0,63,0,63,ZSWA,1,W
1477,86,87,ISWA[4],ZSWB[4],ISWB[4],-1,0,68,0,68,ZSWB,1,W
1478,86,89,ISWA[4],ZDN[4],IDN[4],0,2,62,0,62,ZDN,2,N
1479,86,90,ISWA[4],ZDS[4],IDS[4],0,-2,63,0,63,ZDS,2,S
1480,86,91,ISWA[4],ZDW[4],IDW[4],-2,0,80,0,80,ZDW,2,W
1481,86,93,ISWA[4],ZQN[4],IQN[4],0,4,98,0,98,ZQN,4,N
1482,86,94,ISWA[4],ZQS[4],IQS[4],0,-4,95,0,95,ZQS,4,S
1483,86,95,ISWA[4],ZQW[4],IQW[4],-4,0,82,0,82,ZQW,4,W
1484,86,106,ISWA[4],ZSWA[5],ISWA[5],-1,0,63,0,63,ZSWA,1,W
1485,86,107,ISWA[4],ZSWB[5],ISWB[5],-1,0,66,0,66,ZSWB,1,W
1486,86,111,ISWA[4],ZDW[5],IDW[5],-2,0,77,0,77,ZDW,2,W
1487,86,115,ISWA[4],ZQW[5],IQW[5],-4,0,88,0,88,ZQW,4,W
1488,87,82,ISWB[4],ZSNA[4],ISNA[4],0,1,55,0,55,ZSNA,1,N
1489,87,83,ISWB[4],ZSNB[4],ISNB[4],0,1,50,0,50,ZSNB,1,N
1490,87,84,ISWB[4],ZSSA[4],ISSA[4],0,-1,50,0,50,ZSSA,1,S
1491,87,85,ISWB[4],ZSSB[4],ISSB[4],0,-1,56,0,56,ZSSB,1,S
1492,87,86,ISWB[4],ZSWA[4],ISWA[4],-1,0,54,0,54,ZSWA,1,W
1493,87,87,ISWB[4],ZSWB[4],ISWB[4],-1,0,59,0,59,ZSWB,1,W
1494,87,89,ISWB[4],ZDN[4],IDN[4],0,2,57,0,57,ZDN,2,N
1495,87,90,ISWB[4],ZDS[4],IDS[4],0,-2,61,0,61,ZDS,2,S
1496,87,91,ISWB[4],ZDW[4],IDW[4],-2,0,71,0,71,ZDW,2,W
1497,87,93,ISWB[4],ZQN[4],IQN[4],0,4,93,0,93,ZQN,4,N
1498,87,94,ISWB[4],ZQS[4],IQS[4],0,-4,93,0,93,ZQS,4,S
1499,87,95,ISWB[4],ZQW[4],IQW[4],-4,0,73,0,73,ZQW,4,W
1500,87,106,ISWB[4],ZSWA[5],ISWA[5],-1,0,61,0,61,ZSWA,1,W
1501,87,107,ISWB[4],ZSWB[5],ISWB[5],-1,0,64,0,64,ZSWB,1,W
1502,87,111,ISWB[4],ZDW[5],IDW[5],-2,0,75,0,75,ZDW,2,W
1503,87,115,ISWB[4],ZQW[5],IQW[5],-4,0,86,0,86,ZQW,4,W
1504,88,77,IDE[4],ZLN[3],ILN[3],0,12,113,0,113,ZLN,12,N
1505,88,80,IDE[4],ZSEA[4],ISEA[4],1,0,71,0,71,ZSEA,1,E
1506,88,81,IDE[4],ZSEB[4],ISEB[4],1,0,68,0,68,ZSEB,1,E
1507,88,82,IDE[4],ZSNA[4],ISNA[4],0,1,59,0,59,ZSNA,1,N
1508,88,83,IDE[4],ZSNB[4],ISNB[4],0,1,67,0,67,ZSNB,1,N
1509,88,84,IDE[4],ZSSA[4],ISSA[4],0,-1,60,0,60,ZSSA,1,S
1510,88,85,IDE[4],ZSSB[4],ISSB[4],0,-1,65,0,65,ZSSB,1,S
1511,88,88,IDE[4],ZDE[4],IDE[4],2,0,80,0,80,ZDE,2,E
1512,88,89,IDE[4],ZDN[4],IDN[4],0,2,68,0,68,ZDN,2,N
1513,88,90,IDE[4],ZDS[4],IDS[4],0,-2,71,0,71,ZDS,2,S
1514,88,92,IDE[4],ZQE[4],IQE[4],4,0,86,0,86,ZQE,4,E
1515,88,93,IDE[4],ZQN[4],IQN[4],0,4,98,0,98,ZQN,4,N
1516,88,94,IDE[4],ZQS[4],IQS[4],0,-4,101,0,101,ZQS,4,S
1517,88,100,IDE[4],ZSEA[5],ISEA[5],1,0,65,0,65,ZSEA,1,E
1518,88,101,IDE[4],ZSEB[5],ISEB[5],1,0,64,0,64,ZSEB,1,E
1519,88,108,IDE[4],ZDE[5],IDE[5],2,0,81,0,81,ZDE,2,E
1520,88,112,IDE[4],ZQE[5],IQE[5],4,0,88,0,88,ZQE,4,E
1521,89,79,IDN[4],ZLW[3],ILW[3],-10,0,113,0,113,ZLW,10,W
1522,89,80,IDN[4],ZSEA[4],ISEA[4],1,0,57,0,57,ZSEA,1,E
1523,89,81,IDN[4],ZSEB[4],ISEB[4],1,0,59,0,59,ZSEB,1,E
1524,89,82,IDN[4],ZSNA[4],ISNA[4],0,1,64,0,64,ZSNA,1,N
1525,89,83,IDN[4],ZSNB[4],ISNB[4],0,1,62,0,62,ZSNB,1,N
1526,89,86,IDN[4],ZSWA[4],ISWA[4],-1,0,61,0,61,ZSWA,1,W
1527,89,87,IDN[4],ZSWB[4],ISWB[4],-1,0,62,0,62,ZSWB,1,W
1528,89,88,IDN[4],ZDE[4],IDE[4],2,0,73,0,73,ZDE,2,E
1529,89,89,IDN[4],ZDN[4],IDN[4],0,2,62,0,62,ZDN,2,N
1530,89,91,IDN[4],ZDW[4],IDW[4],-2,0,75,0,75,ZDW,2,W
1531,89,92,IDN[4],ZQE[4],IQE[4],4,0,82,0,82,ZQE,4,E
1532,89,93,IDN[4],ZQN[4],IQN[4],0,4,104,0,104,ZQN,4,N
1533,89,95,IDN[4],ZQW[4],IQW[4],-4,0,82,0,82,ZQW,4,W
1534,89,102,IDN[4],ZSNA[5],ISNA[5],0,1,60,0,60,ZSNA,1,N
1535,89,103,IDN[4],ZSNB[5],ISNB[5],0,1,56,0,56,ZSNB,1,N
1536,89,109,IDN[4],ZDN[5],IDN[5],0,2,62,0,62,ZDN,2,N
1537,89,113,IDN[4],ZQN[5],IQN[5],0,4,95,0,95,ZQN,4,N
1538,90,76,IDS[4],ZLE[3],ILE[3],10,0,103,0,103,ZLE,10,E
1539,90,80,IDS[4],ZSEA[4],ISEA[4],1,0,72,0,72,ZSEA,1,E
1540,90,81,IDS[4],ZSEB[4],ISEB[4],1,0,67,0,67,ZSEB,1,E
1541,90,84,IDS[4],ZSSA[4],ISSA[4],0,-1,56,0,56,ZSSA,1,S
1542,90,85,IDS[4],ZSSB[4],ISSB[4],0,-1,54,0,54,ZSSB,1,S
1543,90,86,IDS[4],ZSWA[4],ISWA[4],-1,0,61,0,61,ZSWA,1,W
1544,90,87,IDS[4],ZSWB[4],ISWB[4],-1,0,62,0,62,ZSWB,1,W
1545,90,88,IDS[4],ZDE[4],IDE[4],2,0,84,0,84,ZDE,2,E
1546,90,90,IDS[4],ZDS[4],IDS[4],0,-2,54,0,54,ZDS,2,S
1547,90,91,IDS[4],ZDW[4],IDW[4],-2,0,72,0,72,ZDW,2,W
1548,90,92,IDS[4],ZQE[4],IQE[4],4,0,90,0,90,ZQE,4,E
1549,90,94,IDS[4],ZQS[4],IQS[4],0,-4,91,0,91,ZQS,4,S
1550,90,95,IDS[4],ZQW[4],IQW[4],-4,0,82,0,82,ZQW,4,W
1551,90,104,IDS[4],ZSSA[5],ISSA[5],0,-1,59,0,59,ZSSA,1,S
1552,90,105,IDS[4],ZSSB[5],ISSB[5],0,-1,56,0,56,ZSSB,1,S
1553,90,110,IDS[4],ZDS[5],IDS[5],0,-2,58,0,58,ZDS,2,S
1554,90,114,IDS[4],ZQS[5],IQS[5],0,-4,93,0,93,ZQS,4,S
1555,91,78,IDW[4],ZLS[3],ILS[3],0,-12,113,0,113,ZLS,12,S
1556,91,82,IDW[4],ZSNA[4],ISNA[4],0,1,65,0,65,ZSNA,1,N
1557,91,83,IDW[4],ZSNB[4],ISNB[4],0,1,60,0,60,ZSNB,1,N
1558,91,84,IDW[4],ZSSA[4],ISSA[4],0,-1,60,0,60,ZSSA,1,S
1559,91,85,IDW[4],ZSSB[4],ISSB[4],0,-1,66,0,66,ZSSB,1,S
1560,91,86,IDW[4],ZSWA[4],ISWA[4],-1,0,70,0,70,ZSWA,1,W
1561,91,87,IDW[4],ZSWB[4],ISWB[4],-1,0,75,0,75,ZSWB,1,W
1562,91,89,IDW[4],ZDN[4],IDN[4],0,2,67,0,67,ZDN,2,N
1563,91,90,IDW[4],ZDS[4],IDS[4],0,-2,71,0,71,ZDS,2,S
1564,91,91,IDW[4],ZDW[4],IDW[4],-2,0,87,0,87,ZDW,2,W
1565,91,93,IDW[4],ZQN[4],IQN[4],0,4,103,0,103,ZQN,4,N
1566,91,94,IDW[4],ZQS[4],IQS[4],0,-4,103,0,103,ZQS,4,S
1567,91,95,IDW[4],ZQW[4],IQW[4],-4,0,89,0,89,ZQW,4,W
1568,91,106,IDW[4],ZSWA[5],ISWA[5],-1,0,68,0,68,ZSWA,1,W
1569,91,107,IDW[4],ZSWB[5],ISWB[5],-1,0,71,0,71,ZSWB,1,W
1570,91,111,IDW[4],ZDW[5],IDW[5],-2,0,82,0,82,ZDW,2,W
1571,91,115,IDW[4],ZQW[5],IQW[5],-4,0,93,0,93,ZQW,4,W
1572,92,80,IQE[4],ZSEA[4],ISEA[4],1,0,78,0,78,ZSEA,1,E
1573,92,81,IQE[4],ZSEB[4],ISEB[4],1,0,75,0,75,ZSEB,1,E
1574,92,82,IQE[4],ZSNA[4],ISNA[4],0,1,61,0,61,ZSNA,1,N
1575,92,83,IQE[4],ZSNB[4],ISNB[4],0,1,69,0,69,ZSNB,1,N
1576,92,84,IQE[4],ZSSA[4],ISSA[4],0,-1,63,0,63,ZSSA,1,S
1577,92,85,IQE[4],ZSSB[4],ISSB[4],0,-1,68,0,68,ZSSB,1,S
1578,92,88,IQE[4],ZDE[4],IDE[4],2,0,87,0,87,ZDE,2,E
1579,92,89,IQE[4],ZDN[4],IDN[4],0,2,70,0,70,ZDN,2,N
1580,92,90,IQE[4],ZDS[4],IDS[4],0,-2,74,0,74,ZDS,2,S
1581,92,92,IQE[4],ZQE[4],IQE[4],4,0,93,0,93,ZQE,4,E
1582,92,93,IQE[4],ZQN[4],IQN[4],0,4,100,0,100,ZQN,4,N
1583,92,94,IQE[4],ZQS[4],IQS[4],0,-4,104,0,104,ZQS,4,S
1584,92,96,IQE[4],ZLE[4],ILE[4],10,0,123,0,123,ZLE,10,E
1585,92,98,IQE[4],ZLS[4],ILS[4],0,-12,120,0,120,ZLS,12,S
1586,92,100,IQE[4],ZSEA[5],ISEA[5],1,0,74,0,74,ZSEA,1,E
1587,92,101,IQE[4],ZSEB[5],ISEB[5],1,0,73,0,73,ZSEB,1,E
1588,92,108,IQE[4],ZDE[5],IDE[5],2,0,90,0,90,ZDE,2,E
1589,92,112,IQE[4],ZQE[5],IQE[5],4,0,97,0,97,ZQE,4,E
1590,93,80,IQN[4],ZSEA[4],ISEA[4],1,0,59,0,59,ZSEA,1,E
1591,93,81,IQN[4],ZSEB[4],ISEB[4],1,0,61,0,61,ZSEB,1,E
1592,93,82,IQN[4],ZSNA[4],ISNA[4],0,1,67,0,67,ZSNA,1,N
1593,93,83,IQN[4],ZSNB[4],ISNB[4],0,1,65,0,65,ZSNB,1,N
1594,93,86,IQN[4],ZSWA[4],ISWA[4],-1,0,70,0,70,ZSWA,1,W
1595,93,87,IQN[4],ZSWB[4],ISWB[4],-1,0,71,0,71,ZSWB,1,W
1596,93,88,IQN[4],ZDE[4],IDE[4],2,0,75,0,75,ZDE,2,E
1597,93,89,IQN[4],ZDN[4],IDN[4],0,2,65,0,65,ZDN,2,N
1598,93,91,IQN[4],ZDW[4],IDW[4],-2,0,84,0,84,ZDW,2,W
1599,93,92,IQN[4],ZQE[4],IQE[4],4,0,84,0,84,ZQE,4,E
1600,93,93,IQN[4],ZQN[4],IQN[4],0,4,107,0,107,ZQN,4,N
1601,93,95,IQN[4],ZQW[4],IQW[4],-4,0,91,0,91,ZQW,4,W
1602,93,96,IQN[4],ZLE[4],ILE[4],10,0,121,0,121,ZLE,10,E
1603,93,97,IQN[4],ZLN[4],ILN[4],0,12,117,0,117,ZLN,12,N
1604,93,102,IQN[4],ZSNA[5],ISNA[5],0,1,65,0,65,ZSNA,1,N
1605,93,103,IQN[4],ZSNB[5],ISNB[5],0,1,61,0,61,ZSNB,1,N
1606,93,109,IQN[4],ZDN[5],IDN[5],0,2,67,0,67,ZDN,2,N
1607,93,113,IQN[4],ZQN[5],IQN[5],0,4,100,0,100,ZQN,4,N
1608,94,80,IQS[4],ZSEA[4],ISEA[4],1,0,73,0,73,ZSEA,1,E
1609,94,81,IQS[4],ZSEB[4],ISEB[4],1,0,68,0,68,ZSEB,1,E
1610,94,84,IQS[4],ZSSA[4],ISSA[4],0,-1,61,0,61,ZSSA,1,S
1611,94,85,IQS[4],ZSSB[4],ISSB[4],0,-1,59,0,59,ZSSB,1,S
1612,94,86,IQS[4],ZSWA[4],ISWA[4],-1,0,63,0,63,ZSWA,1,W
1613,94,87,IQS[4],ZSWB[4],ISWB[4],-1,0,64,0,64,ZSWB,1,W
1614,94,88,IQS[4],ZDE[4],IDE[4],2,0,85,0,85,ZDE,2,E
1615,94,90,IQS[4],ZDS[4],IDS[4],0,-2,59,0,59,ZDS,2,S
1616,94,91,IQS[4],ZDW[4],IDW[4],-2,0,74,0,74,ZDW,2,W
1617,94,92,IQS[4],ZQE[4],IQE[4],4,0,91,0,91,ZQE,4,E
1618,94,94,IQS[4],ZQS[4],IQS[4],0,-4,96,0,96,ZQS,4,S
1619,94,95,IQS[4],ZQW[4],IQW[4],-4,0,84,0,84,ZQW,4,W
1620,94,98,IQS[4],ZLS[4],ILS[4],0,-12,119,0,119,ZLS,12,S
1621,94,99,IQS[4],ZLW[4],ILW[4],-10,0,123,0,123,ZLW,10,W
1622,94,104,IQS[4],ZSSA[5],ISSA[5],0,-1,68,0,68,ZSSA,1,S
1623,94,105,IQS[4],ZSSB[5],ISSB[5],0,-1,65,0,65,ZSSB,1,S
1624,94,110,IQS[4],ZDS[5],IDS[5],0,-2,67,0,67,ZDS,2,S
1625,94,114,IQS[4],ZQS[5],IQS[5],0,-4,102,0,102,ZQS,4,S
1626,95,82,IQW[4],ZSNA[4],ISNA[4],0,1,70,0,70,ZSNA,1,N
1627,95,83,IQW[4],ZSNB[4],ISNB[4],0,1,65,0,65,ZSNB,1,N
1628,95,84,IQW[4],ZSSA[4],ISSA[4],0,-1,69,0,69,ZSSA,1,S
1629,95,85,IQW[4],ZSSB[4],ISSB[4],0,-1,75,0,75,ZSSB,1,S
1630,95,86,IQW[4],ZSWA[4],ISWA[4],-1,0,70,0,70,ZSWA,1,W
1631,95,87,IQW[4],ZSWB[4],ISWB[4],-1,0,75,0,75,ZSWB,1,W
1632,95,89,IQW[4],ZDN[4],IDN[4],0,2,72,0,72,ZDN,2,N
1633,95,90,IQW[4],ZDS[4],IDS[4],0,-2,80,0,80,ZDS,2,S
1634,95,91,IQW[4],ZDW[4],IDW[4],-2,0,87,0,87,ZDW,2,W
1635,95,93,IQW[4],ZQN[4],IQN[4],0,4,108,0,108,ZQN,4,N
1636,95,94,IQW[4],ZQS[4],IQS[4],0,-4,112,0,112,ZQS,4,S
1637,95,95,IQW[4],ZQW[4],IQW[4],-4,0,89,0,89,ZQW,4,W
1638,95,97,IQW[4],ZLN[4],ILN[4],0,12,118,0,118,ZLN,12,N
1639,95,99,IQW[4],ZLW[4],ILW[4],-10,0,123,0,123,ZLW,10,W
1640,95,106,IQW[4],ZSWA[5],ISWA[5],-1,0,72,0,72,ZSWA,1,W
1641,95,107,IQW[4],ZSWB[5],ISWB[5],-1,0,75,0,75,ZSWB,1,W
1642,95,111,IQW[4],ZDW[5],IDW[5],-2,0,86,0,86,ZDW,2,W
1643,95,115,IQW[4],ZQW[5],IQW[5],-4,0,97,0,97,ZQW,4,W
1644,96,80,ILE[4],ZSEA[4],ISEA[4],1,0,75,0,75,ZSEA,1,E
1645,96,81,ILE[4],ZSEB[4],ISEB[4],1,0,72,0,72,ZSEB,1,E
1646,96,82,ILE[4],ZSNA[4],ISNA[4],0,1,67,0,67,ZSNA,1,N
1647,96,83,ILE[4],ZSNB[4],ISNB[4],0,1,75,0,75,ZSNB,1,N
1648,96,84,ILE[4],ZSSA[4],ISSA[4],0,-1,66,0,66,ZSSA,1,S
1649,96,85,ILE[4],ZSSB[4],ISSB[4],0,-1,71,0,71,ZSSB,1,S
1650,96,88,ILE[4],ZDE[4],IDE[4],2,0,84,0,84,ZDE,2,E
1651,96,89,ILE[4],ZDN[4],IDN[4],0,2,76,0,76,ZDN,2,N
1652,96,90,ILE[4],ZDS[4],IDS[4],0,-2,77,0,77,ZDS,2,S
1653,96,92,ILE[4],ZQE[4],IQE[4],4,0,90,0,90,ZQE,4,E
1654,96,93,ILE[4],ZQN[4],IQN[4],0,4,106,0,106,ZQN,4,N
1655,96,94,ILE[4],ZQS[4],IQS[4],0,-4,107,0,107,ZQS,4,S
1656,96,96,ILE[4],ZLE[4],ILE[4],10,0,134,0,134,ZLE,10,E
1657,96,97,ILE[4],ZLN[4],ILN[4],0,12,128,0,128,ZLN,12,N
1658,96,98,ILE[4],ZLS[4],ILS[4],0,-12,125,0,125,ZLS,12,S
1659,96,100,ILE[4],ZSEA[5],ISEA[5],1,0,70,0,70,ZSEA,1,E
1660,96,101,ILE[4],ZSEB[5],ISEB[5],1,0,69,0,69,ZSEB,1,E
1661,96,108,ILE[4],ZDE[5],IDE[5],2,0,86,0,86,ZDE,2,E
1662,96,112,ILE[4],ZQE[5],IQE[5],4,0,93,0,93,ZQE,4,E
1663,97,80,ILN[4],ZSEA[4],ISEA[4],1,0,68,0,68,ZSEA,1,E
1664,97,81,ILN[4],ZSEB[4],ISEB[4],1,0,70,0,70,ZSEB,1,E
1665,97,82,ILN[4],ZSNA[4],ISNA[4],0,1,72,0,72,ZSNA,1,N
1666,97,83,ILN[4],ZSNB[4],ISNB[4],0,1,70,0,70,ZSNB,1,N
1667,97,86,ILN[4],ZSWA[4],ISWA[4],-1,0,74,0,74,ZSWA,1,W
1668,97,87,ILN[4],ZSWB[4],ISWB[4],-1,0,75,0,75,ZSWB,1,W
1669,97,88,ILN[4],ZDE[4],IDE[4],2,0,84,0,84,ZDE,2,E
1670,97,89,ILN[4],ZDN[4],IDN[4],0,2,70,0,70,ZDN,2,N
1671,97,91,ILN[4],ZDW[4],IDW[4],-2,0,88,0,88,ZDW,2,W
1672,97,92,ILN[4],ZQE[4],IQE[4],4,0,93,0,93,ZQE,4,E
1673,97,93,ILN[4],ZQN[4],IQN[4],0,4,112,0,112,ZQN,4,N
1674,97,95,ILN[4],ZQW[4],IQW[4],-4,0,95,0,95,ZQW,4,W
1675,97,96,ILN[4],ZLE[4],ILE[4],10,0,130,0,130,ZLE,10,E
1676,97,97,ILN[4],ZLN[4],ILN[4],0,12,132,0,132,ZLN,12,N
1677,97,99,ILN[4],ZLW[4],ILW[4],-10,0,128,0,128,ZLW,10,W
1678,97,102,ILN[4],ZSNA[5],ISNA[5],0,1,64,0,64,ZSNA,1,N
1679,97,103,ILN[4],ZSNB[5],ISNB[5],0,1,60,0,60,ZSNB,1,N
1680,97,109,ILN[4],ZDN[5],IDN[5],0,2,66,0,66,ZDN,2,N
1681,97,113,ILN[4],ZQN[5],IQN[5],0,4,99,0,99,ZQN,4,N
1682,98,80,ILS[4],ZSEA[4],ISEA[4],1,0,78,0,78,ZSEA,1,E
1683,98,81,ILS[4],ZSEB[4],ISEB[4],1,0,73,0,73,ZSEB,1,E
1684,98,84,ILS[4],ZSSA[4],ISSA[4],0,-1,64,0,64,ZSSA,1,S
1685,98,85,ILS[4],ZSSB[4],ISSB[4],0,-1,62,0,62,ZSSB,1,S
1686,98,86,ILS[4],ZSWA[4],ISWA[4],-1,0,69,0,69,ZSWA,1,W
1687,98,87,ILS[4],ZSWB[4],ISWB[4],-1,0,70,0,70,ZSWB,1,W
1688,98,88,ILS[4],ZDE[4],IDE[4],2,0,90,0,90,ZDE,2,E
1689,98,90,ILS[4],ZDS[4],IDS[4],0,-2,62,0,62,ZDS,2,S
1690,98,91,ILS[4],ZDW[4],IDW[4],-2,0,80,0,80,ZDW,2,W
1691,98,92,ILS[4],ZQE[4],IQE[4],4,0,96,0,96,ZQE,4,E
1692,98,94,ILS[4],ZQS[4],IQS[4],0,-4,99,0,99,ZQS,4,S
1693,98,95,ILS[4],ZQW[4],IQW[4],-4,0,90,0,90,ZQW,4,W
1694,98,96,ILS[4],ZLE[4],ILE[4],10,0,126,0,126,ZLE,10,E
1695,98,98,ILS[4],ZLS[4],ILS[4],0,-12,133,0,133,ZLS,12,S
1696,98,99,ILS[4],ZLW[4],ILW[4],-10,0,135,0,135,ZLW,10,W
1697,98,104,ILS[4],ZSSA[5],ISSA[5],0,-1,72,0,72,ZSSA,1,S
1698,98,105,ILS[4],ZSSB[5],ISSB[5],0,-1,69,0,69,ZSSB,1,S
1699,98,110,ILS[4],ZDS[5],IDS[5],0,-2,71,0,71,ZDS,2,S
1700,98,114,ILS[4],ZQS[5],IQS[5],0,-4,106,0,106,ZQS,4,S
1701,99,82,ILW[4],ZSNA[4],ISNA[4],0,1,66,0,66,ZSNA,1,N
1702,99,83,ILW[4],ZSNB[4],ISNB[4],0,1,61,0,61,ZSNB,1,N
1703,99,84,ILW[4],ZSSA[4],ISSA[4],0,-1,66,0,66,ZSSA,1,S
1704,99,85,ILW[4],ZSSB[4],ISSB[4],0,-1,72,0,72,ZSSB,1,S
1705,99,86,ILW[4],ZSWA[4],ISWA[4],-1,0,70,0,70,ZSWA,1,W
1706,99,87,ILW[4],ZSWB[4],ISWB[4],-1,0,75,0,75,ZSWB,1,W
1707,99,89,ILW[4],ZDN[4],IDN[4],0,2,68,0,68,ZDN,2,N
1708,99,90,ILW[4],ZDS[4],IDS[4],0,-2,77,0,77,ZDS,2,S
1709,99,91,ILW[4],ZDW[4],IDW[4],-2,0,87,0,87,ZDW,2,W
1710,99,93,ILW[4],ZQN[4],IQN[4],0,4,104,0,104,ZQN,4,N
1711,99,94,ILW[4],ZQS[4],IQS[4],0,-4,109,0,109,ZQS,4,S
1712,99,95,ILW[4],ZQW[4],IQW[4],-4,0,89,0,89,ZQW,4,W
1713,99,97,ILW[4],ZLN[4],ILN[4],0,12,128,0,128,ZLN,12,N
1714,99,98,ILW[4],ZLS[4],ILS[4],0,-12,134,0,134,ZLS,12,S
1715,99,99,ILW[4],ZLW[4],ILW[4],-10,0,134,0,134,ZLW,10,W
1716,99,106,ILW[4],ZSWA[5],ISWA[5],-1,0,71,0,71,ZSWA,1,W
1717,99,107,ILW[4],ZSWB[5],ISWB[5],-1,0,74,0,74,ZSWB,1,W
1718,99,111,ILW[4],ZDW[5],IDW[5],-2,0,85,0,85,ZDW,2,W
1719,99,115,ILW[4],ZQW[5],IQW[5],-4,0,96,0,96,ZQW,4,W
1720,100,100,ISEA[5],ZSEA[5],ISEA[5],1,0,65,0,65,ZSEA,1,E
1721,100,101,ISEA[5],ZSEB[5],ISEB[5],1,0,63,0,63,ZSEB,1,E
1722,100,102,ISEA[5],ZSNA[5],ISNA[5],0,1,52,0,52,ZSNA,1,N
1723,100,103,ISEA[5],ZSNB[5],ISNB[5],0,1,51,0,51,ZSNB,1,N
1724,100,104,ISEA[5],ZSSA[5],ISSA[5],0,-1,57,0,57,ZSSA,1,S
1725,100,105,ISEA[5],ZSSB[5],ISSB[5],0,-1,54,0,54,ZSSB,1,S
1726,100,108,ISEA[5],ZDE[5],IDE[5],2,0,79,0,79,ZDE,2,E
1727,100,109,ISEA[5],ZDN[5],IDN[5],0,2,59,0,59,ZDN,2,N
1728,100,110,ISEA[5],ZDS[5],IDS[5],0,-2,57,0,57,ZDS,2,S
1729,100,112,ISEA[5],ZQE[5],IQE[5],4,0,87,0,87,ZQE,4,E
1730,100,113,ISEA[5],ZQN[5],IQN[5],0,4,92,0,92,ZQN,4,N
1731,100,114,ISEA[5],ZQS[5],IQS[5],0,-4,93,0,93,ZQS,4,S
1732,100,120,ISEA[5],ZSEA[6],ISEA[6],1,0,60,0,60,ZSEA,1,E
1733,100,121,ISEA[5],ZSEB[6],ISEB[6],1,0,59,0,59,ZSEB,1,E
1734,100,128,ISEA[5],ZDE[6],IDE[6],2,0,76,0,76,ZDE,2,E
1735,100,132,ISEA[5],ZQE[6],IQE[6],4,0,82,0,82,ZQE,4,E
1736,101,100,ISEB[5],ZSEA[5],ISEA[5],1,0,63,0,63,ZSEA,1,E
1737,101,101,ISEB[5],ZSEB[5],ISEB[5],1,0,61,0,61,ZSEB,1,E
1738,101,102,ISEB[5],ZSNA[5],ISNA[5],0,1,58,0,58,ZSNA,1,N
1739,101,103,ISEB[5],ZSNB[5],ISNB[5],0,1,57,0,57,ZSNB,1,N
1740,101,104,ISEB[5],ZSSA[5],ISSA[5],0,-1,62,0,62,ZSSA,1,S
1741,101,105,ISEB[5],ZSSB[5],ISSB[5],0,-1,59,0,59,ZSSB,1,S
1742,101,108,ISEB[5],ZDE[5],IDE[5],2,0,77,0,77,ZDE,2,E
1743,101,109,ISEB[5],ZDN[5],IDN[5],0,2,65,0,65,ZDN,2,N
1744,101,110,ISEB[5],ZDS[5],IDS[5],0,-2,62,0,62,ZDS,2,S
1745,101,112,ISEB[5],ZQE[5],IQE[5],4,0,85,0,85,ZQE,4,E
1746,101,113,ISEB[5],ZQN[5],IQN[5],0,4,98,0,98,ZQN,4,N
1747,101,114,ISEB[5],ZQS[5],IQS[5],0,-4,98,0,98,ZQS,4,S
1748,101,120,ISEB[5],ZSEA[6],ISEA[6],1,0,56,0,56,ZSEA,1,E
1749,101,121,ISEB[5],ZSEB[6],ISEB[6],1,0,55,0,55,ZSEB,1,E
1750,101,128,ISEB[5],ZDE[6],IDE[6],2,0,72,0,72,ZDE,2,E
1751,101,132,ISEB[5],ZQE[6],IQE[6],4,0,78,0,78,ZQE,4,E
1752,102,100,ISNA[5],ZSEA[5],ISEA[5],1,0,66,0,66,ZSEA,1,E
1753,102,101,ISNA[5],ZSEB[5],ISEB[5],1,0,62,0,62,ZSEB,1,E
1754,102,102,ISNA[5],ZSNA[5],ISNA[5],0,1,61,0,61,ZSNA,1,N
1755,102,103,ISNA[5],ZSNB[5],ISNB[5],0,1,54,0,54,ZSNB,1,N
1756,102,106,ISNA[5],ZSWA[5],ISWA[5],-1,0,57,0,57,ZSWA,1,W
1757,102,107,ISNA[5],ZSWB[5],ISWB[5],-1,0,63,0,63,ZSWB,1,W
1758,102,108,ISNA[5],ZDE[5],IDE[5],2,0,78,0,78,ZDE,2,E
1759,102,109,ISNA[5],ZDN[5],IDN[5],0,2,61,0,61,ZDN,2,N
1760,102,111,ISNA[5],ZDW[5],IDW[5],-2,0,79,0,79,ZDW,2,W
1761,102,112,ISNA[5],ZQE[5],IQE[5],4,0,85,0,85,ZQE,4,E
1762,102,113,ISNA[5],ZQN[5],IQN[5],0,4,91,0,91,ZQN,4,N
1763,102,115,ISNA[5],ZQW[5],IQW[5],-4,0,83,0,83,ZQW,4,W
1764,102,122,ISNA[5],ZSNA[6],ISNA[6],0,1,62,0,62,ZSNA,1,N
1765,102,123,ISNA[5],ZSNB[6],ISNB[6],0,1,63,0,63,ZSNB,1,N
1766,102,129,ISNA[5],ZDN[6],IDN[6],0,2,60,0,60,ZDN,2,N
1767,102,133,ISNA[5],ZQN[6],IQN[6],0,4,93,0,93,ZQN,4,N
1768,103,100,ISNB[5],ZSEA[5],ISEA[5],1,0,60,0,60,ZSEA,1,E
1769,103,101,ISNB[5],ZSEB[5],ISEB[5],1,0,56,0,56,ZSEB,1,E
1770,103,102,ISNB[5],ZSNA[5],ISNA[5],0,1,56,0,56,ZSNA,1,N
1771,103,103,ISNB[5],ZSNB[5],ISNB[5],0,1,49,0,49,ZSNB,1,N
1772,103,106,ISNB[5],ZSWA[5],ISWA[5],-1,0,58,0,58,ZSWA,1,W
1773,103,107,ISNB[5],ZSWB[5],ISWB[5],-1,0,64,0,64,ZSWB,1,W
1774,103,108,ISNB[5],ZDE[5],IDE[5],2,0,72,0,72,ZDE,2,E
1775,103,109,ISNB[5],ZDN[5],IDN[5],0,2,56,0,56,ZDN,2,N
1776,103,111,ISNB[5],ZDW[5],IDW[5],-2,0,80,0,80,ZDW,2,W
1777,103,112,ISNB[5],ZQE[5],IQE[5],4,0,79,0,79,ZQE,4,E
1778,103,113,ISNB[5],ZQN[5],IQN[5],0,4,86,0,86,ZQN,4,N
1779,103,115,ISNB[5],ZQW[5],IQW[5],-4,0,84,0,84,ZQW,4,W
1780,103,122,ISNB[5],ZSNA[6],ISNA[6],0,1,64,0,64,ZSNA,1,N
1781,103,123,ISNB[5],ZSNB[6],ISNB[6],0,1,65,0,65,ZSNB,1,N
1782,103,129,ISNB[5],ZDN[6],IDN[6],0,2,62,0,62,ZDN,2,N
1783,103,133,ISNB[5],ZQN[6],IQN[6],0,4,95,0,95,ZQN,4,N
1784,104,100,ISSA[5],ZSEA[5],ISEA[5],1,0,65,0,65,ZSEA,1,E
1785,104,101,ISSA[5],ZSEB[5],ISEB[5],1,0,63,0,63,ZSEB,1,E
1786,104,104,ISSA[5],ZSSA[5],ISSA[5],0,-1,52,0,52,ZSSA,1,S
1787,104,105,ISSA[5],ZSSB[5],ISSB[5],0,-1,53,0,53,ZSSB,1,S
1788,104,106,ISSA[5],ZSWA[5],ISWA[5],-1,0,61,0,61,ZSWA,1,W
1789,104,107,ISSA[5],ZSWB[5],ISWB[5],-1,0,55,0,55,ZSWB,1,W
1790,104,108,ISSA[5],ZDE[5],IDE[5],2,0,78,0,78,ZDE,2,E
1791,104,110,ISSA[5],ZDS[5],IDS[5],0,-2,52,0,52,ZDS,2,S
1792,104,111,ISSA[5],ZDW[5],IDW[5],-2,0,74,0,74,ZDW,2,W
1793,104,112,ISSA[5],ZQE[5],IQE[5],4,0,82,0,82,ZQE,4,E
1794,104,114,ISSA[5],ZQS[5],IQS[5],0,-4,94,0,94,ZQS,4,S
1795,104,115,ISSA[5],ZQW[5],IQW[5],-4,0,75,0,75,ZQW,4,W
1796,104,124,ISSA[5],ZSSA[6],ISSA[6],0,-1,63,0,63,ZSSA,1,S
1797,104,125,ISSA[5],ZSSB[6],ISSB[6],0,-1,60,0,60,ZSSB,1,S
1798,104,130,ISSA[5],ZDS[6],IDS[6],0,-2,68,0,68,ZDS,2,S
1799,104,134,ISSA[5],ZQS[6],IQS[6],0,-4,105,0,105,ZQS,4,S
1800,105,100,ISSB[5],ZSEA[5],ISEA[5],1,0,68,0,68,ZSEA,1,E
1801,105,101,ISSB[5],ZSEB[5],ISEB[5],1,0,66,0,66,ZSEB,1,E
1802,105,104,ISSB[5],ZSSA[5],ISSA[5],0,-1,57,0,57,ZSSA,1,S
1803,105,105,ISSB[5],ZSSB[5],ISSB[5],0,-1,58,0,58,ZSSB,1,S
1804,105,106,ISSB[5],ZSWA[5],ISWA[5],-1,0,68,0,68,ZSWA,1,W
1805,105,107,ISSB[5],ZSWB[5],ISWB[5],-1,0,62,0,62,ZSWB,1,W
1806,105,108,ISSB[5],ZDE[5],IDE[5],2,0,81,0,81,ZDE,2,E
1807,105,110,ISSB[5],ZDS[5],IDS[5],0,-2,57,0,57,ZDS,2,S
1808,105,111,ISSB[5],ZDW[5],IDW[5],-2,0,81,0,81,ZDW,2,W
1809,105,112,ISSB[5],ZQE[5],IQE[5],4,0,85,0,85,ZQE,4,E
1810,105,114,ISSB[5],ZQS[5],IQS[5],0,-4,99,0,99,ZQS,4,S
1811,105,115,ISSB[5],ZQW[5],IQW[5],-4,0,82,0,82,ZQW,4,W
1812,105,124,ISSB[5],ZSSA[6],ISSA[6],0,-1,60,0,60,ZSSA,1,S
1813,105,125,ISSB[5],ZSSB[6],ISSB[6],0,-1,57,0,57,ZSSB,1,S
1814,105,130,ISSB[5],ZDS[6],IDS[6],0,-2,65,0,65,ZDS,2,S
1815,105,134,ISSB[5],ZQS[6],IQS[6],0,-4,102,0,102,ZQS,4,S
1816,106,102,ISWA[5],ZSNA[5],ISNA[5],0,1,57,0,57,ZSNA,1,N
1817,106,103,ISWA[5],ZSNB[5],ISNB[5],0,1,56,0,56,ZSNB,1,N
1818,106,104,ISWA[5],ZSSA[5],ISSA[5],0,-1,48,0,48,ZSSA,1,S
1819,106,105,ISWA[5],ZSSB[5],ISSB[5],0,-1,56,0,56,ZSSB,1,S
1820,106,106,ISWA[5],ZSWA[5],ISWA[5],-1,0,64,0,64,ZSWA,1,W
1821,106,107,ISWA[5],ZSWB[5],ISWB[5],-1,0,63,0,63,ZSWB,1,W
1822,106,109,ISWA[5],ZDN[5],IDN[5],0,2,65,0,65,ZDN,2,N
1823,106,110,ISWA[5],ZDS[5],IDS[5],0,-2,54,0,54,ZDS,2,S
1824,106,111,ISWA[5],ZDW[5],IDW[5],-2,0,75,0,75,ZDW,2,W
1825,106,113,ISWA[5],ZQN[5],IQN[5],0,4,96,0,96,ZQN,4,N
1826,106,114,ISWA[5],ZQS[5],IQS[5],0,-4,89,0,89,ZQS,4,S
1827,106,115,ISWA[5],ZQW[5],IQW[5],-4,0,89,0,89,ZQW,4,W
1828,106,126,ISWA[5],ZSWA[6],ISWA[6],-1,0,58,0,58,ZSWA,1,W
1829,106,127,ISWA[5],ZSWB[6],ISWB[6],-1,0,65,0,65,ZSWB,1,W
1830,106,131,ISWA[5],ZDW[6],IDW[6],-2,0,74,0,74,ZDW,2,W
1831,106,135,ISWA[5],ZQW[6],IQW[6],-4,0,81,0,81,ZQW,4,W
1832,107,102,ISWB[5],ZSNA[5],ISNA[5],0,1,56,0,56,ZSNA,1,N
1833,107,103,ISWB[5],ZSNB[5],ISNB[5],0,1,55,0,55,ZSNB,1,N
1834,107,104,ISWB[5],ZSSA[5],ISSA[5],0,-1,48,0,48,ZSSA,1,S
1835,107,105,ISWB[5],ZSSB[5],ISSB[5],0,-1,56,0,56,ZSSB,1,S
1836,107,106,ISWB[5],ZSWA[5],ISWA[5],-1,0,57,0,57,ZSWA,1,W
1837,107,107,ISWB[5],ZSWB[5],ISWB[5],-1,0,56,0,56,ZSWB,1,W
1838,107,109,ISWB[5],ZDN[5],IDN[5],0,2,64,0,64,ZDN,2,N
1839,107,110,ISWB[5],ZDS[5],IDS[5],0,-2,54,0,54,ZDS,2,S
1840,107,111,ISWB[5],ZDW[5],IDW[5],-2,0,68,0,68,ZDW,2,W
1841,107,113,ISWB[5],ZQN[5],IQN[5],0,4,95,0,95,ZQN,4,N
1842,107,114,ISWB[5],ZQS[5],IQS[5],0,-4,89,0,89,ZQS,4,S
1843,107,115,ISWB[5],ZQW[5],IQW[5],-4,0,82,0,82,ZQW,4,W
1844,107,126,ISWB[5],ZSWA[6],ISWA[6],-1,0,55,0,55,ZSWA,1,W
1845,107,127,ISWB[5],ZSWB[6],ISWB[6],-1,0,62,0,62,ZSWB,1,W
1846,107,131,ISWB[5],ZDW[6],IDW[6],-2,0,71,0,71,ZDW,2,W
1847,107,135,ISWB[5],ZQW[6],IQW[6],-4,0,78,0,78,ZQW,4,W
1848,108,97,IDE[5],ZLN[4],ILN[4],0,12,112,0,112,ZLN,12,N
1849,108,100,IDE[5],ZSEA[5],ISEA[5],1,0,74,0,74,ZSEA,1,E
1850,108,101,IDE[5],ZSEB[5],ISEB[5],1,0,72,0,72,ZSEB,1,E
1851,108,102,IDE[5],ZSNA[5],ISNA[5],0,1,61,0,61,ZSNA,1,N
1852,108,103,IDE[5],ZSNB[5],ISNB[5],0,1,60,0,60,ZSNB,1,N
1853,108,104,IDE[5],ZSSA[5],ISSA[5],0,-1,69,0,69,ZSSA,1,S
1854,108,105,IDE[5],ZSSB[5],ISSB[5],0,-1,66,0,66,ZSSB,1,S
1855,108,108,IDE[5],ZDE[5],IDE[5],2,0,88,0,88,ZDE,2,E
1856,108,109,IDE[5],ZDN[5],IDN[5],0,2,68,0,68,ZDN,2,N
1857,108,110,IDE[5],ZDS[5],IDS[5],0,-2,69,0,69,ZDS,2,S
1858,108,112,IDE[5],ZQE[5],IQE[5],4,0,96,0,96,ZQE,4,E
1859,108,113,IDE[5],ZQN[5],IQN[5],0,4,101,0,101,ZQN,4,N
1860,108,114,IDE[5],ZQS[5],IQS[5],0,-4,105,0,105,ZQS,4,S
1861,108,120,IDE[5],ZSEA[6],ISEA[6],1,0,68,0,68,ZSEA,1,E
1862,108,121,IDE[5],ZSEB[6],ISEB[6],1,0,67,0,67,ZSEB,1,E
1863,108,128,IDE[5],ZDE[6],IDE[6],2,0,84,0,84,ZDE,2,E
1864,108,132,IDE[5],ZQE[6],IQE[6],4,0,90,0,90,ZQE,4,E
1865,109,99,IDN[5],ZLW[4],ILW[4],-10,0,111,0,111,ZLW,10,W
1866,109,100,IDN[5],ZSEA[5],ISEA[5],1,0,71,0,71,ZSEA,1,E
1867,109,101,IDN[5],ZSEB[5],ISEB[5],1,0,67,0,67,ZSEB,1,E
1868,109,102,IDN[5],ZSNA[5],ISNA[5],0,1,58,0,58,ZSNA,1,N
1869,109,103,IDN[5],ZSNB[5],ISNB[5],0,1,51,0,51,ZSNB,1,N
1870,109,106,IDN[5],ZSWA[5],ISWA[5],-1,0,63,0,63,ZSWA,1,W
1871,109,107,IDN[5],ZSWB[5],ISWB[5],-1,0,69,0,69,ZSWB,1,W
1872,109,108,IDN[5],ZDE[5],IDE[5],2,0,83,0,83,ZDE,2,E
1873,109,109,IDN[5],ZDN[5],IDN[5],0,2,58,0,58,ZDN,2,N
1874,109,111,IDN[5],ZDW[5],IDW[5],-2,0,85,0,85,ZDW,2,W
1875,109,112,IDN[5],ZQE[5],IQE[5],4,0,90,0,90,ZQE,4,E
1876,109,113,IDN[5],ZQN[5],IQN[5],0,4,88,0,88,ZQN,4,N
1877,109,115,IDN[5],ZQW[5],IQW[5],-4,0,89,0,89,ZQW,4,W
1878,109,122,IDN[5],ZSNA[6],ISNA[6],0,1,67,0,67,ZSNA,1,N
1879,109,123,IDN[5],ZSNB[6],ISNB[6],0,1,68,0,68,ZSNB,1,N
1880,109,129,IDN[5],ZDN[6],IDN[6],0,2,65,0,65,ZDN,2,N
1881,109,133,IDN[5],ZQN[6],IQN[6],0,4,98,0,98,ZQN,4,N
1882,110,96,IDS[5],ZLE[4],ILE[4],10,0,108,0,108,ZLE,10,E
1883,110,100,IDS[5],ZSEA[5],ISEA[5],1,0,69,0,69,ZSEA,1,E
1884,110,101,IDS[5],ZSEB[5],ISEB[5],1,0,67,0,67,ZSEB,1,E
1885,110,104,IDS[5],ZSSA[5],ISSA[5],0,-1,59,0,59,ZSSA,1,S
1886,110,105,IDS[5],ZSSB[5],ISSB[5],0,-1,60,0,60,ZSSB,1,S
1887,110,106,IDS[5],ZSWA[5],ISWA[5],-1,0,70,0,70,ZSWA,1,W
1888,110,107,IDS[5],ZSWB[5],ISWB[5],-1,0,64,0,64,ZSWB,1,W
1889,110,108,IDS[5],ZDE[5],IDE[5],2,0,82,0,82,ZDE,2,E
1890,110,110,IDS[5],ZDS[5],IDS[5],0,-2,59,0,59,ZDS,2,S
1891,110,111,IDS[5],ZDW[5],IDW[5],-2,0,83,0,83,ZDW,2,W
1892,110,112,IDS[5],ZQE[5],IQE[5],4,0,86,0,86,ZQE,4,E
1893,110,114,IDS[5],ZQS[5],IQS[5],0,-4,101,0,101,ZQS,4,S
1894,110,115,IDS[5],ZQW[5],IQW[5],-4,0,84,0,84,ZQW,4,W
1895,110,124,IDS[5],ZSSA[6],ISSA[6],0,-1,61,0,61,ZSSA,1,S
1896,110,125,IDS[5],ZSSB[6],ISSB[6],0,-1,58,0,58,ZSSB,1,S
1897,110,130,IDS[5],ZDS[6],IDS[6],0,-2,66,0,66,ZDS,2,S
1898,110,134,IDS[5],ZQS[6],IQS[6],0,-4,103,0,103,ZQS,4,S
1899,111,98,IDW[5],ZLS[4],ILS[4],0,-12,112,0,112,ZLS,12,S
1900,111,102,IDW[5],ZSNA[5],ISNA[5],0,1,57,0,57,ZSNA,1,N
1901,111,103,IDW[5],ZSNB[5],ISNB[5],0,1,56,0,56,ZSNB,1,N
1902,111,104,IDW[5],ZSSA[5],ISSA[5],0,-1,58,0,58,ZSSA,1,S
1903,111,105,IDW[5],ZSSB[5],ISSB[5],0,-1,66,0,66,ZSSB,1,S
1904,111,106,IDW[5],ZSWA[5],ISWA[5],-1,0,67,0,67,ZSWA,1,W
1905,111,107,IDW[5],ZSWB[5],ISWB[5],-1,0,66,0,66,ZSWB,1,W
1906,111,109,IDW[5],ZDN[5],IDN[5],0,2,65,0,65,ZDN,2,N
1907,111,110,IDW[5],ZDS[5],IDS[5],0,-2,64,0,64,ZDS,2,S
1908,111,111,IDW[5],ZDW[5],IDW[5],-2,0,78,0,78,ZDW,2,W
1909,111,113,IDW[5],ZQN[5],IQN[5],0,4,96,0,96,ZQN,4,N
1910,111,114,IDW[5],ZQS[5],IQS[5],0,-4,99,0,99,ZQS,4,S
1911,111,115,IDW[5],ZQW[5],IQW[5],-4,0,92,0,92,ZQW,4,W
1912,111,126,IDW[5],ZSWA[6],ISWA[6],-1,0,66,0,66,ZSWA,1,W
1913,111,127,IDW[5],ZSWB[6],ISWB[6],-1,0,73,0,73,ZSWB,1,W
1914,111,131,IDW[5],ZDW[6],IDW[6],-2,0,82,0,82,ZDW,2,W
1915,111,135,IDW[5],ZQW[6],IQW[6],-4,0,89,0,89,ZQW,4,W
1916,112,100,IQE[5],ZSEA[5],ISEA[5],1,0,74,0,74,ZSEA,1,E
1917,112,101,IQE[5],ZSEB[5],ISEB[5],1,0,72,0,72,ZSEB,1,E
1918,112,102,IQE[5],ZSNA[5],ISNA[5],0,1,62,0,62,ZSNA,1,N
1919,112,103,IQE[5],ZSNB[5],ISNB[5],0,1,61,0,61,ZSNB,1,N
1920,112,104,IQE[5],ZSSA[5],ISSA[5],0,-1,69,0,69,ZSSA,1,S
1921,112,105,IQE[5],ZSSB[5],ISSB[5],0,-1,66,0,66,ZSSB,1,S
1922,112,108,IQE[5],ZDE[5],IDE[5],2,0,88,0,88,ZDE,2,E
1923,112,109,IQE[5],ZDN[5],IDN[5],0,2,69,0,69,ZDN,2,N
1924,112,110,IQE[5],ZDS[5],IDS[5],0,-2,69,0,69,ZDS,2,S
1925,112,112,IQE[5],ZQE[5],IQE[5],4,0,96,0,96,ZQE,4,E
1926,112,113,IQE[5],ZQN[5],IQN[5],0,4,102,0,102,ZQN,4,N
1927,112,114,IQE[5],ZQS[5],IQS[5],0,-4,105,0,105,ZQS,4,S
1928,112,116,IQE[5],ZLE[5],ILE[5],10,0,121,0,121,ZLE,10,E
1929,112,118,IQE[5],ZLS[5],ILS[5],0,-12,120,0,120,ZLS,12,S
1930,112,120,IQE[5],ZSEA[6],ISEA[6],1,0,74,0,74,ZSEA,1,E
1931,112,121,IQE[5],ZSEB[6],ISEB[6],1,0,73,0,73,ZSEB,1,E
1932,112,128,IQE[5],ZDE[6],IDE[6],2,0,90,0,90,ZDE,2,E
1933,112,132,IQE[5],ZQE[6],IQE[6],4,0,96,0,96,ZQE,4,E
1934,113,100,IQN[5],ZSEA[5],ISEA[5],1,0,74,0,74,ZSEA,1,E
1935,113,101,IQN[5],ZSEB[5],ISEB[5],1,0,70,0,70,ZSEB,1,E
1936,113,102,IQN[5],ZSNA[5],ISNA[5],0,1,62,0,62,ZSNA,1,N
1937,113,103,IQN[5],ZSNB[5],ISNB[5],0,1,55,0,55,ZSNB,1,N
1938,113,106,IQN[5],ZSWA[5],ISWA[5],-1,0,59,0,59,ZSWA,1,W
1939,113,107,IQN[5],ZSWB[5],ISWB[5],-1,0,65,0,65,ZSWB,1,W
1940,113,108,IQN[5],ZDE[5],IDE[5],2,0,86,0,86,ZDE,2,E
1941,113,109,IQN[5],ZDN[5],IDN[5],0,2,62,0,62,ZDN,2,N
1942,113,111,IQN[5],ZDW[5],IDW[5],-2,0,81,0,81,ZDW,2,W
1943,113,112,IQN[5],ZQE[5],IQE[5],4,0,93,0,93,ZQE,4,E
1944,113,113,IQN[5],ZQN[5],IQN[5],0,4,92,0,92,ZQN,4,N
1945,113,115,IQN[5],ZQW[5],IQW[5],-4,0,85,0,85,ZQW,4,W
1946,113,116,IQN[5],ZLE[5],ILE[5],10,0,114,0,114,ZLE,10,E
1947,113,117,IQN[5],ZLN[5],ILN[5],0,12,120,0,120,ZLN,12,N
1948,113,122,IQN[5],ZSNA[6],ISNA[6],0,1,69,0,69,ZSNA,1,N
1949,113,123,IQN[5],ZSNB[6],ISNB[6],0,1,70,0,70,ZSNB,1,N
1950,113,129,IQN[5],ZDN[6],IDN[6],0,2,67,0,67,ZDN,2,N
1951,113,133,IQN[5],ZQN[6],IQN[6],0,4,100,0,100,ZQN,4,N
1952,114,100,IQS[5],ZSEA[5],ISEA[5],1,0,70,0,70,ZSEA,1,E
1953,114,101,IQS[5],ZSEB[5],ISEB[5],1,0,68,0,68,ZSEB,1,E
1954,114,104,IQS[5],ZSSA[5],ISSA[5],0,-1,61,0,61,ZSSA,1,S
1955,114,105,IQS[5],ZSSB[5],ISSB[5],0,-1,62,0,62,ZSSB,1,S
1956,114,106,IQS[5],ZSWA[5],ISWA[5],-1,0,69,0,69,ZSWA,1,W
1957,114,107,IQS[5],ZSWB[5],ISWB[5],-1,0,63,0,63,ZSWB,1,W
1958,114,108,IQS[5],ZDE[5],IDE[5],2,0,83,0,83,ZDE,2,E
1959,114,110,IQS[5],ZDS[5],IDS[5],0,-2,61,0,61,ZDS,2,S
1960,114,111,IQS[5],ZDW[5],IDW[5],-2,0,82,0,82,ZDW,2,W
1961,114,112,IQS[5],ZQE[5],IQE[5],4,0,87,0,87,ZQE,4,E
1962,114,114,IQS[5],ZQS[5],IQS[5],0,-4,103,0,103,ZQS,4,S
1963,114,115,IQS[5],ZQW[5],IQW[5],-4,0,83,0,83,ZQW,4,W
1964,114,118,IQS[5],ZLS[5],ILS[5],0,-12,117,0,117,ZLS,12,S
1965,114,119,IQS[5],ZLW[5],ILW[5],-10,0,117,0,117,ZLW,10,W
1966,114,124,IQS[5],ZSSA[6],ISSA[6],0,-1,64,0,64,ZSSA,1,S
1967,114,125,IQS[5],ZSSB[6],ISSB[6],0,-1,61,0,61,ZSSB,1,S
1968,114,130,IQS[5],ZDS[6],IDS[6],0,-2,69,0,69,ZDS,2,S
1969,114,134,IQS[5],ZQS[6],IQS[6],0,-4,106,0,106,ZQS,4,S
1970,115,102,IQW[5],ZSNA[5],ISNA[5],0,1,69,0,69,ZSNA,1,N
1971,115,103,IQW[5],ZSNB[5],ISNB[5],0,1,68,0,68,ZSNB,1,N
1972,115,104,IQW[5],ZSSA[5],ISSA[5],0,-1,60,0,60,ZSSA,1,S
1973,115,105,IQW[5],ZSSB[5],ISSB[5],0,-1,68,0,68,ZSSB,1,S
1974,115,106,IQW[5],ZSWA[5],ISWA[5],-1,0,69,0,69,ZSWA,1,W
1975,115,107,IQW[5],ZSWB[5],ISWB[5],-1,0,68,0,68,ZSWB,1,W
1976,115,109,IQW[5],ZDN[5],IDN[5],0,2,77,0,77,ZDN,2,N
1977,115,110,IQW[5],ZDS[5],IDS[5],0,-2,66,0,66,ZDS,2,S
1978,115,111,IQW[5],ZDW[5],IDW[5],-2,0,80,0,80,ZDW,2,W
1979,115,113,IQW[5],ZQN[5],IQN[5],0,4,108,0,108,ZQN,4,N
1980,115,114,IQW[5],ZQS[5],IQS[5],0,-4,101,0,101,ZQS,4,S
1981,115,115,IQW[5],ZQW[5],IQW[5],-4,0,94,0,94,ZQW,4,W
1982,115,117,IQW[5],ZLN[5],ILN[5],0,12,119,0,119,ZLN,12,N
1983,115,119,IQW[5],ZLW[5],ILW[5],-10,0,122,0,122,ZLW,10,W
1984,115,126,IQW[5],ZSWA[6],ISWA[6],-1,0,69,0,69,ZSWA,1,W
1985,115,127,IQW[5],ZSWB[6],ISWB[6],-1,0,76,0,76,ZSWB,1,W
1986,115,131,IQW[5],ZDW[6],IDW[6],-2,0,85,0,85,ZDW,2,W
1987,115,135,IQW[5],ZQW[6],IQW[6],-4,0,92,0,92,ZQW,4,W
1988,116,100,ILE[5],ZSEA[5],ISEA[5],1,0,68,0,68,ZSEA,1,E
1989,116,101,ILE[5],ZSEB[5],ISEB[5],1,0,66,0,66,ZSEB,1,E
1990,116,102,ILE[5],ZSNA[5],ISNA[5],0,1,69,0,69,ZSNA,1,N
1991,116,103,ILE[5],ZSNB[5],ISNB[5],0,1,68,0,68,ZSNB,1,N
1992,116,104,ILE[5],ZSSA[5],ISSA[5],0,-1,69,0,69,ZSSA,1,S
1993,116,105,ILE[5],ZSSB[5],ISSB[5],0,-1,66,0,66,ZSSB,1,S
1994,116,108,ILE[5],ZDE[5],IDE[5],2,0,82,0,82,ZDE,2,E
1995,116,109,ILE[5],ZDN[5],IDN[5],0,2,76,0,76,ZDN,2,N
1996,116,110,ILE[5],ZDS[5],IDS[5],0,-2,69,0,69,ZDS,2,S
1997,116,112,ILE[5],ZQE[5],IQE[5],4,0,90,0,90,ZQE,4,E
1998,116,113,ILE[5],ZQN[5],IQN[5],0,4,109,0,109,ZQN,4,N
1999,116,114,ILE[5],ZQS[5],IQS[5],0,-4,105,0,105,ZQS,4,S
2000,116,116,ILE[5],ZLE[5],ILE[5],10,0,125,0,125,ZLE,10,E
2001,116,117,ILE[5],ZLN[5],ILN[5],0,12,126,0,126,ZLN,12,N
2002,116,118,ILE[5],ZLS[5],ILS[5],0,-12,135,0,135,ZLS,12,S
2003,116,120,ILE[5],ZSEA[6],ISEA[6],1,0,68,0,68,ZSEA,1,E
2004,116,121,ILE[5],ZSEB[6],ISEB[6],1,0,67,0,67,ZSEB,1,E
2005,116,128,ILE[5],ZDE[6],IDE[6],2,0,84,0,84,ZDE,2,E
2006,116,132,ILE[5],ZQE[6],IQE[6],4,0,90,0,90,ZQE,4,E
2007,117,100,ILN[5],ZSEA[5],ISEA[5],1,0,72,0,72,ZSEA,1,E
2008,117,101,ILN[5],ZSEB[5],ISEB[5],1,0,68,0,68,ZSEB,1,E
2009,117,102,ILN[5],ZSNA[5],ISNA[5],0,1,67,0,67,ZSNA,1,N
2010,117,103,ILN[5],ZSNB[5],ISNB[5],0,1,60,0,60,ZSNB,1,N
2011,117,106,ILN[5],ZSWA[5],ISWA[5],-1,0,63,0,63,ZSWA,1,W
2012,117,107,ILN[5],ZSWB[5],ISWB[5],-1,0,69,0,69,ZSWB,1,W
2013,117,108,ILN[5],ZDE[5],IDE[5],2,0,84,0,84,ZDE,2,E
2014,117,109,ILN[5],ZDN[5],IDN[5],0,2,67,0,67,ZDN,2,N
2015,117,111,ILN[5],ZDW[5],IDW[5],-2,0,85,0,85,ZDW,2,W
2016,117,112,ILN[5],ZQE[5],IQE[5],4,0,91,0,91,ZQE,4,E
2017,117,113,ILN[5],ZQN[5],IQN[5],0,4,97,0,97,ZQN,4,N
2018,117,115,ILN[5],ZQW[5],IQW[5],-4,0,89,0,89,ZQW,4,W
2019,117,116,ILN[5],ZLE[5],ILE[5],10,0,134,0,134,ZLE,10,E
2020,117,117,ILN[5],ZLN[5],ILN[5],0,12,135,0,135,ZLN,12,N
2021,117,119,ILN[5],ZLW[5],ILW[5],-10,0,129,0,129,ZLW,10,W
2022,117,122,ILN[5],ZSNA[6],ISNA[6],0,1,72,0,72,ZSNA,1,N
2023,117,123,ILN[5],ZSNB[6],ISNB[6],0,1,73,0,73,ZSNB,1,N
2024,117,129,ILN[5],ZDN[6],IDN[6],0,2,70,0,70,ZDN,2,N
2025,117,133,ILN[5],ZQN[6],IQN[6],0,4,103,0,103,ZQN,4,N
2026,118,100,ILS[5],ZSEA[5],ISEA[5],1,0,74,0,74,ZSEA,1,E
2027,118,101,ILS[5],ZSEB[5],ISEB[5],1,0,72,0,72,ZSEB,1,E
2028,118,104,ILS[5],ZSSA[5],ISSA[5],0,-1,67,0,67,ZSSA,1,S
2029,118,105,ILS[5],ZSSB[5],ISSB[5],0,-1,68,0,68,ZSSB,1,S
2030,118,106,ILS[5],ZSWA[5],ISWA[5],-1,0,73,0,73,ZSWA,1,W
2031,118,107,ILS[5],ZSWB[5],ISWB[5],-1,0,67,0,67,ZSWB,1,W
2032,118,108,ILS[5],ZDE[5],IDE[5],2,0,87,0,87,ZDE,2,E
2033,118,110,ILS[5],ZDS[5],IDS[5],0,-2,67,0,67,ZDS,2,S
2034,118,111,ILS[5],ZDW[5],IDW[5],-2,0,86,0,86,ZDW,2,W
2035,118,112,ILS[5],ZQE[5],IQE[5],4,0,91,0,91,ZQE,4,E
2036,118,114,ILS[5],ZQS[5],IQS[5],0,-4,109,0,109,ZQS,4,S
2037,118,115,ILS[5],ZQW[5],IQW[5],-4,0,87,0,87,ZQW,4,W
2038,118,116,ILS[5],ZLE[5],ILE[5],10,0,130,0,130,ZLE,10,E
2039,118,118,ILS[5],ZLS[5],ILS[5],0,-12,125,0,125,ZLS,12,S
2040,118,119,ILS[5],ZLW[5],ILW[5],-10,0,130,0,130,ZLW,10,W
2041,118,124,ILS[5],ZSSA[6],ISSA[6],0,-1,69,0,69,ZSSA,1,S
2042,118,125,ILS[5],ZSSB[6],ISSB[6],0,-1,66,0,66,ZSSB,1,S
2043,118,130,ILS[5],ZDS[6],IDS[6],0,-2,74,0,74,ZDS,2,S
2044,118,134,ILS[5],ZQS[6],IQS[6],0,-4,111,0,111,ZQS,4,S
2045,119,102,ILW[5],ZSNA[5],ISNA[5],0,1,65,0,65,ZSNA,1,N
2046,119,103,ILW[5],ZSNB[5],ISNB[5],0,1,64,0,64,ZSNB,1,N
2047,119,104,ILW[5],ZSSA[5],ISSA[5],0,-1,58,0,58,ZSSA,1,S
2048,119,105,ILW[5],ZSSB[5],ISSB[5],0,-1,66,0,66,ZSSB,1,S
2049,119,106,ILW[5],ZSWA[5],ISWA[5],-1,0,76,0,76,ZSWA,1,W
2050,119,107,ILW[5],ZSWB[5],ISWB[5],-1,0,75,0,75,ZSWB,1,W
2051,119,109,ILW[5],ZDN[5],IDN[5],0,2,73,0,73,ZDN,2,N
2052,119,110,ILW[5],ZDS[5],IDS[5],0,-2,64,0,64,ZDS,2,S
2053,119,111,ILW[5],ZDW[5],IDW[5],-2,0,87,0,87,ZDW,2,W
2054,119,113,ILW[5],ZQN[5],IQN[5],0,4,104,0,104,ZQN,4,N
2055,119,114,ILW[5],ZQS[5],IQS[5],0,-4,99,0,99,ZQS,4,S
2056,119,115,ILW[5],ZQW[5],IQW[5],-4,0,101,0,101,ZQW,4,W
2057,119,117,ILW[5],ZLN[5],ILN[5],0,12,129,0,129,ZLN,12,N
2058,119,118,ILW[5],ZLS[5],ILS[5],0,-12,126,0,126,ZLS,12,S
2059,119,119,ILW[5],ZLW[5],ILW[5],-10,0,135,0,135,ZLW,10,W
2060,119,126,ILW[5],ZSWA[6],ISWA[6],-1,0,66,0,66,ZSWA,1,W
2061,119,127,ILW[5],ZSWB[6],ISWB[6],-1,0,73,0,73,ZSWB,1,W
2062,119,131,ILW[5],ZDW[6],IDW[6],-2,0,82,0,82,ZDW,2,W
2063,119,135,ILW[5],ZQW[6],IQW[6],-4,0,89,0,89,ZQW,4,W
2064,120,120,ISEA[6],ZSEA[6],ISEA[6],1,0,62,0,62,ZSEA,1,E
2065,120,121,ISEA[6],ZSEB[6],ISEB[6],1,0,62,0,62,ZSEB,1,E
2066,120,122,ISEA[6],ZSNA[6],ISNA[6],0,1,52,0,52,ZSNA,1,N
2067,120,123,ISEA[6],ZSNB[6],ISNB[6],0,1,54,0,54,ZSNB,1,N
2068,120,124,ISEA[6],ZSSA[6],ISSA[6],0,-1,59,0,59,ZSSA,1,S
2069,120,125,ISEA[6],ZSSB[6],ISSB[6],0,-1,60,0,60,ZSSB,1,S
2070,120,128,ISEA[6],ZDE[6],IDE[6],2,0,74,0,74,ZDE,2,E
2071,120,129,ISEA[6],ZDN[6],IDN[6],0,2,56,0,56,ZDN,2,N
2072,120,130,ISEA[6],ZDS[6],IDS[6],0,-2,62,0,62,ZDS,2,S
2073,120,132,ISEA[6],ZQE[6],IQE[6],4,0,76,0,76,ZQE,4,E
2074,120,133,ISEA[6],ZQN[6],IQN[6],0,4,90,0,90,ZQN,4,N
2075,120,134,ISEA[6],ZQS[6],IQS[6],0,-4,95,0,95,ZQS,4,S
2076,120,140,ISEA[6],ZSEA[7],ISEA[7],1,0,63,0,63,ZSEA,1,E
2077,120,141,ISEA[6],ZSEB[7],ISEB[7],1,0,65,0,65,ZSEB,1,E
2078,120,148,ISEA[6],ZDE[7],IDE[7],2,0,71,0,71,ZDE,2,E
2079,120,152,ISEA[6],ZQE[7],IQE[7],4,0,77,0,77,ZQE,4,E
2080,121,120,ISEB[6],ZSEA[6],ISEA[6],1,0,66,0,66,ZSEA,1,E
2081,121,121,ISEB[6],ZSEB[6],ISEB[6],1,0,66,0,66,ZSEB,1,E
2082,121,122,ISEB[6],ZSNA[6],ISNA[6],0,1,59,0,59,ZSNA,1,N
2083,121,123,ISEB[6],ZSNB[6],ISNB[6],0,1,61,0,61,ZSNB,1,N
2084,121,124,ISEB[6],ZSSA[6],ISSA[6],0,-1,57,0,57,ZSSA,1,S
2085,121,125,ISEB[6],ZSSB[6],ISSB[6],0,-1,58,0,58,ZSSB,1,S
2086,121,128,ISEB[6],ZDE[6],IDE[6],2,0,78,0,78,ZDE,2,E
2087,121,129,ISEB[6],ZDN[6],IDN[6],0,2,63,0,63,ZDN,2,N
2088,121,130,ISEB[6],ZDS[6],IDS[6],0,-2,60,0,60,ZDS,2,S
2089,121,132,ISEB[6],ZQE[6],IQE[6],4,0,80,0,80,ZQE,4,E
2090,121,133,ISEB[6],ZQN[6],IQN[6],0,4,97,0,97,ZQN,4,N
2091,121,134,ISEB[6],ZQS[6],IQS[6],0,-4,93,0,93,ZQS,4,S
2092,121,140,ISEB[6],ZSEA[7],ISEA[7],1,0,63,0,63,ZSEA,1,E
2093,121,141,ISEB[6],ZSEB[7],ISEB[7],1,0,65,0,65,ZSEB,1,E
2094,121,148,ISEB[6],ZDE[7],IDE[7],2,0,71,0,71,ZDE,2,E
2095,121,152,ISEB[6],ZQE[7],IQE[7],4,0,77,0,77,ZQE,4,E
2096,122,120,ISNA[6],ZSEA[6],ISEA[6],1,0,63,0,63,ZSEA,1,E
2097,122,121,ISNA[6],ZSEB[6],ISEB[6],1,0,63,0,63,ZSEB,1,E
2098,122,122,ISNA[6],ZSNA[6],ISNA[6],0,1,53,0,53,ZSNA,1,N
2099,122,123,ISNA[6],ZSNB[6],ISNB[6],0,1,56,0,56,ZSNB,1,N
2100,122,126,ISNA[6],ZSWA[6],ISWA[6],-1,0,67,0,67,ZSWA,1,W
2101,122,127,ISNA[6],ZSWB[6],ISWB[6],-1,0,58,0,58,ZSWB,1,W
2102,122,128,ISNA[6],ZDE[6],IDE[6],2,0,75,0,75,ZDE,2,E
2103,122,129,ISNA[6],ZDN[6],IDN[6],0,2,59,0,59,ZDN,2,N
2104,122,131,ISNA[6],ZDW[6],IDW[6],-2,0,71,0,71,ZDW,2,W
2105,122,132,ISNA[6],ZQE[6],IQE[6],4,0,80,0,80,ZQE,4,E
2106,122,133,ISNA[6],ZQN[6],IQN[6],0,4,92,0,92,ZQN,4,N
2107,122,135,ISNA[6],ZQW[6],IQW[6],-4,0,82,0,82,ZQW,4,W
2108,122,142,ISNA[6],ZSNA[7],ISNA[7],0,1,53,0,53,ZSNA,1,N
2109,122,143,ISNA[6],ZSNB[7],ISNB[7],0,1,54,0,54,ZSNB,1,N
2110,122,149,ISNA[6],ZDN[7],IDN[7],0,2,56,0,56,ZDN,2,N
2111,122,153,ISNA[6],ZQN[7],IQN[7],0,4,86,0,86,ZQN,4,N
2112,123,120,ISNB[6],ZSEA[6],ISEA[6],1,0,64,0,64,ZSEA,1,E
2113,123,121,ISNB[6],ZSEB[6],ISEB[6],1,0,64,0,64,ZSEB,1,E
2114,123,122,ISNB[6],ZSNA[6],ISNA[6],0,1,56,0,56,ZSNA,1,N
2115,123,123,ISNB[6],ZSNB[6],ISNB[6],0,1,59,0,59,ZSNB,1,N
2116,123,126,ISNB[6],ZSWA[6],ISWA[6],-1,0,67,0,67,ZSWA,1,W
2117,123,127,ISNB[6],ZSWB[6],ISWB[6],-1,0,58,0,58,ZSWB,1,W
2118,123,128,ISNB[6],ZDE[6],IDE[6],2,0,76,0,76,ZDE,2,E
2119,123,129,ISNB[6],ZDN[6],IDN[6],0,2,62,0,62,ZDN,2,N
2120,123,131,ISNB[6],ZDW[6],IDW[6],-2,0,71,0,71,ZDW,2,W
2121,123,132,ISNB[6],ZQE[6],IQE[6],4,0,81,0,81,ZQE,4,E
2122,123,133,ISNB[6],ZQN[6],IQN[6],0,4,95,0,95,ZQN,4,N
2123,123,135,ISNB[6],ZQW[6],IQW[6],-4,0,82,0,82,ZQW,4,W
2124,123,142,ISNB[6],ZSNA[7],ISNA[7],0,1,59,0,59,ZSNA,1,N
2125,123,143,ISNB[6],ZSNB[7],ISNB[7],0,1,60,0,60,ZSNB,1,N
2126,123,149,ISNB[6],ZDN[7],IDN[7],0,2,62,0,62,ZDN,2,N
2127,123,153,ISNB[6],ZQN[7],IQN[7],0,4,92,0,92,ZQN,4,N
2128,124,120,ISSA[6],ZSEA[6],ISEA[6],1,0,65,0,65,ZSEA,1,E
2129,124,121,ISSA[6],ZSEB[6],ISEB[6],1,0,63,0,63,ZSEB,1,E
2130,124,124,ISSA[6],ZSSA[6],ISSA[6],0,-1,56,0,56,ZSSA,1,S
2131,124,125,ISSA[6],ZSSB[6],ISSB[6],0,-1,52,0,52,ZSSB,1,S
2132,124,126,ISSA[6],ZSWA[6],ISWA[6],-1,0,58,0,58,ZSWA,1,W
2133,124,127,ISSA[6],ZSWB[6],ISWB[6],-1,0,57,0,57,ZSWB,1,W
2134,124,128,ISSA[6],ZDE[6],IDE[6],2,0,74,0,74,ZDE,2,E
2135,124,130,ISSA[6],ZDS[6],IDS[6],0,-2,59,0,59,ZDS,2,S
2136,124,131,ISSA[6],ZDW[6],IDW[6],-2,0,75,0,75,ZDW,2,W
2137,124,132,ISSA[6],ZQE[6],IQE[6],4,0,79,0,79,ZQE,4,E
2138,124,134,ISSA[6],ZQS[6],IQS[6],0,-4,90,0,90,ZQS,4,S
2139,124,135,ISSA[6],ZQW[6],IQW[6],-4,0,78,0,78,ZQW,4,W
2140,124,144,ISSA[6],ZSSA[7],ISSA[7],0,-1,58,0,58,ZSSA,1,S
2141,124,145,ISSA[6],ZSSB[7],ISSB[7],0,-1,64,0,64,ZSSB,1,S
2142,124,150,ISSA[6],ZDS[7],IDS[7],0,-2,64,0,64,ZDS,2,S
2143,124,154,ISSA[6],ZQS[7],IQS[7],0,-4,96,0,96,ZQS,4,S
2144,125,120,ISSB[6],ZSEA[6],ISEA[6],1,0,66,0,66,ZSEA,1,E
2145,125,121,ISSB[6],ZSEB[6],ISEB[6],1,0,64,0,64,ZSEB,1,E
2146,125,124,ISSB[6],ZSSA[6],ISSA[6],0,-1,59,0,59,ZSSA,1,S
2147,125,125,ISSB[6],ZSSB[6],ISSB[6],0,-1,55,0,55,ZSSB,1,S
2148,125,126,ISSB[6],ZSWA[6],ISWA[6],-1,0,59,0,59,ZSWA,1,W
2149,125,127,ISSB[6],ZSWB[6],ISWB[6],-1,0,58,0,58,ZSWB,1,W
2150,125,128,ISSB[6],ZDE[6],IDE[6],2,0,75,0,75,ZDE,2,E
2151,125,130,ISSB[6],ZDS[6],IDS[6],0,-2,62,0,62,ZDS,2,S
2152,125,131,ISSB[6],ZDW[6],IDW[6],-2,0,76,0,76,ZDW,2,W
2153,125,132,ISSB[6],ZQE[6],IQE[6],4,0,80,0,80,ZQE,4,E
2154,125,134,ISSB[6],ZQS[6],IQS[6],0,-4,93,0,93,ZQS,4,S
2155,125,135,ISSB[6],ZQW[6],IQW[6],-4,0,79,0,79,ZQW,4,W
2156,125,144,ISSB[6],ZSSA[7],ISSA[7],0,-1,55,0,55,ZSSA,1,S
2157,125,145,ISSB[6],ZSSB[7],ISSB[7],0,-1,61,0,61,ZSSB,1,S
2158,125,150,ISSB[6],ZDS[7],IDS[7],0,-2,61,0,61,ZDS,2,S
2159,125,154,ISSB[6],ZQS[7],IQS[7],0,-4,93,0,93,ZQS,4,S
2160,126,122,ISWA[6],ZSNA[6],ISNA[6],0,1,65,0,65,ZSNA,1,N
2161,126,123,ISWA[6],ZSNB[6],ISNB[6],0,1,66,0,66,ZSNB,1,N
2162,126,124,ISWA[6],ZSSA[6],ISSA[6],0,-1,58,0,58,ZSSA,1,S
2163,126,125,ISWA[6],ZSSB[6],ISSB[6],0,-1,59,0,59,ZSSB,1,S
2164,126,126,ISWA[6],ZSWA[6],ISWA[6],-1,0,65,0,65,ZSWA,1,W
2165,126,127,ISWA[6],ZSWB[6],ISWB[6],-1,0,59,0,59,ZSWB,1,W
2166,126,129,ISWA[6],ZDN[6],IDN[6],0,2,66,0,66,ZDN,2,N
2167,126,130,ISWA[6],ZDS[6],IDS[6],0,-2,55,0,55,ZDS,2,S
2168,126,131,ISWA[6],ZDW[6],IDW[6],-2,0,79,0,79,ZDW,2,W
2169,126,133,ISWA[6],ZQN[6],IQN[6],0,4,98,0,98,ZQN,4,N
2170,126,134,ISWA[6],ZQS[6],IQS[6],0,-4,98,0,98,ZQS,4,S
2171,126,135,ISWA[6],ZQW[6],IQW[6],-4,0,82,0,82,ZQW,4,W
2172,126,146,ISWA[6],ZSWA[7],ISWA[7],-1,0,60,0,60,ZSWA,1,W
2173,126,147,ISWA[6],ZSWB[7],ISWB[7],-1,0,66,0,66,ZSWB,1,W
2174,126,151,ISWA[6],ZDW[7],IDW[7],-2,0,79,0,79,ZDW,2,W
2175,126,155,ISWA[6],ZQW[7],IQW[7],-4,0,89,0,89,ZQW,4,W
2176,127,122,ISWB[6],ZSNA[6],ISNA[6],0,1,59,0,59,ZSNA,1,N
2177,127,123,ISWB[6],ZSNB[6],ISNB[6],0,1,60,0,60,ZSNB,1,N
2178,127,124,ISWB[6],ZSSA[6],ISSA[6],0,-1,62,0,62,ZSSA,1,S
2179,127,125,ISWB[6],ZSSB[6],ISSB[6],0,-1,63,0,63,ZSSB,1,S
2180,127,126,ISWB[6],ZSWA[6],ISWA[6],-1,0,69,0,69,ZSWA,1,W
2181,127,127,ISWB[6],ZSWB[6],ISWB[6],-1,0,63,0,63,ZSWB,1,W
2182,127,129,ISWB[6],ZDN[6],IDN[6],0,2,60,0,60,ZDN,2,N
2183,127,130,ISWB[6],ZDS[6],IDS[6],0,-2,59,0,59,ZDS,2,S
2184,127,131,ISWB[6],ZDW[6],IDW[6],-2,0,83,0,83,ZDW,2,W
2185,127,133,ISWB[6],ZQN[6],IQN[6],0,4,92,0,92,ZQN,4,N
2186,127,134,ISWB[6],ZQS[6],IQS[6],0,-4,102,0,102,ZQS,4,S
2187,127,135,ISWB[6],ZQW[6],IQW[6],-4,0,86,0,86,ZQW,4,W
2188,127,146,ISWB[6],ZSWA[7],ISWA[7],-1,0,60,0,60,ZSWA,1,W
2189,127,147,ISWB[6],ZSWB[7],ISWB[7],-1,0,66,0,66,ZSWB,1,W
2190,127,151,ISWB[6],ZDW[7],IDW[7],-2,0,79,0,79,ZDW,2,W
2191,127,155,ISWB[6],ZQW[7],IQW[7],-4,0,89,0,89,ZQW,4,W
2192,128,117,IDE[6],ZLN[5],ILN[5],0,12,106,0,106,ZLN,12,N
2193,128,120,IDE[6],ZSEA[6],ISEA[6],1,0,70,0,70,ZSEA,1,E
2194,128,121,IDE[6],ZSEB[6],ISEB[6],1,0,70,0,70,ZSEB,1,E
2195,128,122,IDE[6],ZSNA[6],ISNA[6],0,1,68,0,68,ZSNA,1,N
2196,128,123,IDE[6],ZSNB[6],ISNB[6],0,1,70,0,70,ZSNB,1,N
2197,128,124,IDE[6],ZSSA[6],ISSA[6],0,-1,65,0,65,ZSSA,1,S
2198,128,125,IDE[6],ZSSB[6],ISSB[6],0,-1,66,0,66,ZSSB,1,S
2199,128,128,IDE[6],ZDE[6],IDE[6],2,0,82,0,82,ZDE,2,E
2200,128,129,IDE[6],ZDN[6],IDN[6],0,2,72,0,72,ZDN,2,N
2201,128,130,IDE[6],ZDS[6],IDS[6],0,-2,68,0,68,ZDS,2,S
2202,128,132,IDE[6],ZQE[6],IQE[6],4,0,84,0,84,ZQE,4,E
2203,128,133,IDE[6],ZQN[6],IQN[6],0,4,106,0,106,ZQN,4,N
2204,128,134,IDE[6],ZQS[6],IQS[6],0,-4,101,0,101,ZQS,4,S
2205,128,140,IDE[6],ZSEA[7],ISEA[7],1,0,70,0,70,ZSEA,1,E
2206,128,141,IDE[6],ZSEB[7],ISEB[7],1,0,72,0,72,ZSEB,1,E
2207,128,148,IDE[6],ZDE[7],IDE[7],2,0,78,0,78,ZDE,2,E
2208,128,152,IDE[6],ZQE[7],IQE[7],4,0,84,0,84,ZQE,4,E
2209,129,119,IDN[6],ZLW[5],ILW[5],-10,0,106,0,106,ZLW,10,W
2210,129,120,IDN[6],ZSEA[6],ISEA[6],1,0,69,0,69,ZSEA,1,E
2211,129,121,IDN[6],ZSEB[6],ISEB[6],1,0,69,0,69,ZSEB,1,E
2212,129,122,IDN[6],ZSNA[6],ISNA[6],0,1,57,0,57,ZSNA,1,N
2213,129,123,IDN[6],ZSNB[6],ISNB[6],0,1,60,0,60,ZSNB,1,N
2214,129,126,IDN[6],ZSWA[6],ISWA[6],-1,0,69,0,69,ZSWA,1,W
2215,129,127,IDN[6],ZSWB[6],ISWB[6],-1,0,60,0,60,ZSWB,1,W
2216,129,128,IDN[6],ZDE[6],IDE[6],2,0,81,0,81,ZDE,2,E
2217,129,129,IDN[6],ZDN[6],IDN[6],0,2,63,0,63,ZDN,2,N
2218,129,131,IDN[6],ZDW[6],IDW[6],-2,0,73,0,73,ZDW,2,W
2219,129,132,IDN[6],ZQE[6],IQE[6],4,0,86,0,86,ZQE,4,E
2220,129,133,IDN[6],ZQN[6],IQN[6],0,4,96,0,96,ZQN,4,N
2221,129,135,IDN[6],ZQW[6],IQW[6],-4,0,84,0,84,ZQW,4,W
2222,129,142,IDN[6],ZSNA[7],ISNA[7],0,1,57,0,57,ZSNA,1,N
2223,129,143,IDN[6],ZSNB[7],ISNB[7],0,1,58,0,58,ZSNB,1,N
2224,129,149,IDN[6],ZDN[7],IDN[7],0,2,60,0,60,ZDN,2,N
2225,129,153,IDN[6],ZQN[7],IQN[7],0,4,90,0,90,ZQN,4,N
2226,130,116,IDS[6],ZLE[5],ILE[5],10,0,113,0,113,ZLE,10,E
2227,130,120,IDS[6],ZSEA[6],ISEA[6],1,0,67,0,67,ZSEA,1,E
2228,130,121,IDS[6],ZSEB[6],ISEB[6],1,0,65,0,65,ZSEB,1,E
2229,130,124,IDS[6],ZSSA[6],ISSA[6],0,-1,57,0,57,ZSSA,1,S
2230,130,125,IDS[6],ZSSB[6],ISSB[6],0,-1,53,0,53,ZSSB,1,S
2231,130,126,IDS[6],ZSWA[6],ISWA[6],-1,0,61,0,61,ZSWA,1,W
2232,130,127,IDS[6],ZSWB[6],ISWB[6],-1,0,60,0,60,ZSWB,1,W
2233,130,128,IDS[6],ZDE[6],IDE[6],2,0,76,0,76,ZDE,2,E
2234,130,130,IDS[6],ZDS[6],IDS[6],0,-2,60,0,60,ZDS,2,S
2235,130,131,IDS[6],ZDW[6],IDW[6],-2,0,78,0,78,ZDW,2,W
2236,130,132,IDS[6],ZQE[6],IQE[6],4,0,81,0,81,ZQE,4,E
2237,130,134,IDS[6],ZQS[6],IQS[6],0,-4,91,0,91,ZQS,4,S
2238,130,135,IDS[6],ZQW[6],IQW[6],-4,0,81,0,81,ZQW,4,W
2239,130,144,IDS[6],ZSSA[7],ISSA[7],0,-1,61,0,61,ZSSA,1,S
2240,130,145,IDS[6],ZSSB[7],ISSB[7],0,-1,67,0,67,ZSSB,1,S
2241,130,150,IDS[6],ZDS[7],IDS[7],0,-2,67,0,67,ZDS,2,S
2242,130,154,IDS[6],ZQS[7],IQS[7],0,-4,99,0,99,ZQS,4,S
2243,131,118,IDW[6],ZLS[5],ILS[5],0,-12,113,0,113,ZLS,12,S
2244,131,122,IDW[6],ZSNA[6],ISNA[6],0,1,68,0,68,ZSNA,1,N
2245,131,123,IDW[6],ZSNB[6],ISNB[6],0,1,69,0,69,ZSNB,1,N
2246,131,124,IDW[6],ZSSA[6],ISSA[6],0,-1,66,0,66,ZSSA,1,S
2247,131,125,IDW[6],ZSSB[6],ISSB[6],0,-1,67,0,67,ZSSB,1,S
2248,131,126,IDW[6],ZSWA[6],ISWA[6],-1,0,71,0,71,ZSWA,1,W
2249,131,127,IDW[6],ZSWB[6],ISWB[6],-1,0,65,0,65,ZSWB,1,W
2250,131,129,IDW[6],ZDN[6],IDN[6],0,2,69,0,69,ZDN,2,N
2251,131,130,IDW[6],ZDS[6],IDS[6],0,-2,63,0,63,ZDS,2,S
2252,131,131,IDW[6],ZDW[6],IDW[6],-2,0,85,0,85,ZDW,2,W
2253,131,133,IDW[6],ZQN[6],IQN[6],0,4,101,0,101,ZQN,4,N
2254,131,134,IDW[6],ZQS[6],IQS[6],0,-4,106,0,106,ZQS,4,S
2255,131,135,IDW[6],ZQW[6],IQW[6],-4,0,88,0,88,ZQW,4,W
2256,131,146,IDW[6],ZSWA[7],ISWA[7],-1,0,62,0,62,ZSWA,1,W
2257,131,147,IDW[6],ZSWB[7],ISWB[7],-1,0,68,0,68,ZSWB,1,W
2258,131,151,IDW[6],ZDW[7],IDW[7],-2,0,81,0,81,ZDW,2,W
2259,131,155,IDW[6],ZQW[7],IQW[7],-4,0,91,0,91,ZQW,4,W
2260,132,120,IQE[6],ZSEA[6],ISEA[6],1,0,72,0,72,ZSEA,1,E
2261,132,121,IQE[6],ZSEB[6],ISEB[6],1,0,72,0,72,ZSEB,1,E
2262,132,122,IQE[6],ZSNA[6],ISNA[6],0,1,66,0,66,ZSNA,1,N
2263,132,123,IQE[6],ZSNB[6],ISNB[6],0,1,68,0,68,ZSNB,1,N
2264,132,124,IQE[6],ZSSA[6],ISSA[6],0,-1,65,0,65,ZSSA,1,S
2265,132,125,IQE[6],ZSSB[6],ISSB[6],0,-1,66,0,66,ZSSB,1,S
2266,132,128,IQE[6],ZDE[6],IDE[6],2,0,84,0,84,ZDE,2,E
2267,132,129,IQE[6],ZDN[6],IDN[6],0,2,70,0,70,ZDN,2,N
2268,132,130,IQE[6],ZDS[6],IDS[6],0,-2,68,0,68,ZDS,2,S
2269,132,132,IQE[6],ZQE[6],IQE[6],4,0,86,0,86,ZQE,4,E
2270,132,133,IQE[6],ZQN[6],IQN[6],0,4,104,0,104,ZQN,4,N
2271,132,134,IQE[6],ZQS[6],IQS[6],0,-4,101,0,101,ZQS,4,S
2272,132,136,IQE[6],ZLE[6],ILE[6],10,0,122,0,122,ZLE,10,E
2273,132,138,IQE[6],ZLS[6],ILS[6],0,-12,121,0,121,ZLS,12,S
2274,132,140,IQE[6],ZSEA[7],ISEA[7],1,0,79,0,79,ZSEA,1,E
2275,132,141,IQE[6],ZSEB[7],ISEB[7],1,0,81,0,81,ZSEB,1,E
2276,132,148,IQE[6],ZDE[7],IDE[7],2,0,87,0,87,ZDE,2,E
2277,132,152,IQE[6],ZQE[7],IQE[7],4,0,93,0,93,ZQE,4,E
2278,133,120,IQN[6],ZSEA[6],ISEA[6],1,0,72,0,72,ZSEA,1,E
2279,133,121,IQN[6],ZSEB[6],ISEB[6],1,0,72,0,72,ZSEB,1,E
2280,133,122,IQN[6],ZSNA[6],ISNA[6],0,1,56,0,56,ZSNA,1,N
2281,133,123,IQN[6],ZSNB[6],ISNB[6],0,1,59,0,59,ZSNB,1,N
2282,133,126,IQN[6],ZSWA[6],ISWA[6],-1,0,69,0,69,ZSWA,1,W
2283,133,127,IQN[6],ZSWB[6],ISWB[6],-1,0,60,0,60,ZSWB,1,W
2284,133,128,IQN[6],ZDE[6],IDE[6],2,0,84,0,84,ZDE,2,E
2285,133,129,IQN[6],ZDN[6],IDN[6],0,2,62,0,62,ZDN,2,N
2286,133,131,IQN[6],ZDW[6],IDW[6],-2,0,73,0,73,ZDW,2,W
2287,133,132,IQN[6],ZQE[6],IQE[6],4,0,89,0,89,ZQE,4,E
2288,133,133,IQN[6],ZQN[6],IQN[6],0,4,95,0,95,ZQN,4,N
2289,133,135,IQN[6],ZQW[6],IQW[6],-4,0,84,0,84,ZQW,4,W
2290,133,136,IQN[6],ZLE[6],ILE[6],10,0,120,0,120,ZLE,10,E
2291,133,137,IQN[6],ZLN[6],ILN[6],0,12,118,0,118,ZLN,12,N
2292,133,142,IQN[6],ZSNA[7],ISNA[7],0,1,63,0,63,ZSNA,1,N
2293,133,143,IQN[6],ZSNB[7],ISNB[7],0,1,64,0,64,ZSNB,1,N
2294,133,149,IQN[6],ZDN[7],IDN[7],0,2,66,0,66,ZDN,2,N
2295,133,153,IQN[6],ZQN[7],IQN[7],0,4,96,0,96,ZQN,4,N
2296,134,120,IQS[6],ZSEA[6],ISEA[6],1,0,68,0,68,ZSEA,1,E
2297,134,121,IQS[6],ZSEB[6],ISEB[6],1,0,66,0,66,ZSEB,1,E
2298,134,124,IQS[6],ZSSA[6],ISSA[6],0,-1,64,0,64,ZSSA,1,S
2299,134,125,IQS[6],ZSSB[6],ISSB[6],0,-1,60,0,60,ZSSB,1,S
2300,134,126,IQS[6],ZSWA[6],ISWA[6],-1,0,65,0,65,ZSWA,1,W
2301,134,127,IQS[6],ZSWB[6],ISWB[6],-1,0,64,0,64,ZSWB,1,W
2302,134,128,IQS[6],ZDE[6],IDE[6],2,0,77,0,77,ZDE,2,E
2303,134,130,IQS[6],ZDS[6],IDS[6],0,-2,67,0,67,ZDS,2,S
2304,134,131,IQS[6],ZDW[6],IDW[6],-2,0,82,0,82,ZDW,2,W
2305,134,132,IQS[6],ZQE[6],IQE[6],4,0,82,0,82,ZQE,4,E
2306,134,134,IQS[6],ZQS[6],IQS[6],0,-4,98,0,98,ZQS,4,S
2307,134,135,IQS[6],ZQW[6],IQW[6],-4,0,85,0,85,ZQW,4,W
2308,134,138,IQS[6],ZLS[6],ILS[6],0,-12,120,0,120,ZLS,12,S
2309,134,139,IQS[6],ZLW[6],ILW[6],-10,0,113,0,113,ZLW,10,W
2310,134,144,IQS[6],ZSSA[7],ISSA[7],0,-1,61,0,61,ZSSA,1,S
2311,134,145,IQS[6],ZSSB[7],ISSB[7],0,-1,67,0,67,ZSSB,1,S
2312,134,150,IQS[6],ZDS[7],IDS[7],0,-2,67,0,67,ZDS,2,S
2313,134,154,IQS[6],ZQS[7],IQS[7],0,-4,99,0,99,ZQS,4,S
2314,135,122,IQW[6],ZSNA[6],ISNA[6],0,1,75,0,75,ZSNA,1,N
2315,135,123,IQW[6],ZSNB[6],ISNB[6],0,1,76,0,76,ZSNB,1,N
2316,135,124,IQW[6],ZSSA[6],ISSA[6],0,-1,72,0,72,ZSSA,1,S
2317,135,125,IQW[6],ZSSB[6],ISSB[6],0,-1,73,0,73,ZSSB,1,S
2318,135,126,IQW[6],ZSWA[6],ISWA[6],-1,0,81,0,81,ZSWA,1,W
2319,135,127,IQW[6],ZSWB[6],ISWB[6],-1,0,75,0,75,ZSWB,1,W
2320,135,129,IQW[6],ZDN[6],IDN[6],0,2,76,0,76,ZDN,2,N
2321,135,130,IQW[6],ZDS[6],IDS[6],0,-2,69,0,69,ZDS,2,S
2322,135,131,IQW[6],ZDW[6],IDW[6],-2,0,95,0,95,ZDW,2,W
2323,135,133,IQW[6],ZQN[6],IQN[6],0,4,108,0,108,ZQN,4,N
2324,135,134,IQW[6],ZQS[6],IQS[6],0,-4,112,0,112,ZQS,4,S
2325,135,135,IQW[6],ZQW[6],IQW[6],-4,0,98,0,98,ZQW,4,W
2326,135,137,IQW[6],ZLN[6],ILN[6],0,12,115,0,115,ZLN,12,N
2327,135,139,IQW[6],ZLW[6],ILW[6],-10,0,122,0,122,ZLW,10,W
2328,135,146,IQW[6],ZSWA[7],ISWA[7],-1,0,72,0,72,ZSWA,1,W
2329,135,147,IQW[6],ZSWB[7],ISWB[7],-1,0,78,0,78,ZSWB,1,W
2330,135,151,IQW[6],ZDW[7],IDW[7],-2,0,91,0,91,ZDW,2,W
2331,135,155,IQW[6],ZQW[7],IQW[7],-4,0,101,0,101,ZQW,4,W
2332,136,120,ILE[6],ZSEA[6],ISEA[6],1,0,72,0,72,ZSEA,1,E
2333,136,121,ILE[6],ZSEB[6],ISEB[6],1,0,72,0,72,ZSEB,1,E
2334,136,122,ILE[6],ZSNA[6],ISNA[6],0,1,66,0,66,ZSNA,1,N
2335,136,123,ILE[6],ZSNB[6],ISNB[6],0,1,68,0,68,ZSNB,1,N
2336,136,124,ILE[6],ZSSA[6],ISSA[6],0,-1,71,0,71,ZSSA,1,S
2337,136,125,ILE[6],ZSSB[6],ISSB[6],0,-1,72,0,72,ZSSB,1,S
2338,136,128,ILE[6],ZDE[6],IDE[6],2,0,84,0,84,ZDE,2,E
2339,136,129,ILE[6],ZDN[6],IDN[6],0,2,70,0,70,ZDN,2,N
2340,136,130,ILE[6],ZDS[6],IDS[6],0,-2,74,0,74,ZDS,2,S
2341,136,132,ILE[6],ZQE[6],IQE[6],4,0,86,0,86,ZQE,4,E
2342,136,133,ILE[6],ZQN[6],IQN[6],0,4,104,0,104,ZQN,4,N
2343,136,134,ILE[6],ZQS[6],IQS[6],0,-4,107,0,107,ZQS,4,S
2344,136,136,ILE[6],ZLE[6],ILE[6],10,0,127,0,127,ZLE,10,E
2345,136,137,ILE[6],ZLN[6],ILN[6],0,12,129,0,129,ZLN,12,N
2346,136,138,ILE[6],ZLS[6],ILS[6],0,-12,128,0,128,ZLS,12,S
2347,136,140,ILE[6],ZSEA[7],ISEA[7],1,0,76,0,76,ZSEA,1,E
2348,136,141,ILE[6],ZSEB[7],ISEB[7],1,0,78,0,78,ZSEB,1,E
2349,136,148,ILE[6],ZDE[7],IDE[7],2,0,84,0,84,ZDE,2,E
2350,136,152,ILE[6],ZQE[7],IQE[7],4,0,90,0,90,ZQE,4,E
2351,137,120,ILN[6],ZSEA[6],ISEA[6],1,0,71,0,71,ZSEA,1,E
2352,137,121,ILN[6],ZSEB[6],ISEB[6],1,0,71,0,71,ZSEB,1,E
2353,137,122,ILN[6],ZSNA[6],ISNA[6],0,1,69,0,69,ZSNA,1,N
2354,137,123,ILN[6],ZSNB[6],ISNB[6],0,1,72,0,72,ZSNB,1,N
2355,137,126,ILN[6],ZSWA[6],ISWA[6],-1,0,79,0,79,ZSWA,1,W
2356,137,127,ILN[6],ZSWB[6],ISWB[6],-1,0,70,0,70,ZSWB,1,W
2357,137,128,ILN[6],ZDE[6],IDE[6],2,0,83,0,83,ZDE,2,E
2358,137,129,ILN[6],ZDN[6],IDN[6],0,2,75,0,75,ZDN,2,N
2359,137,131,ILN[6],ZDW[6],IDW[6],-2,0,83,0,83,ZDW,2,W
2360,137,132,ILN[6],ZQE[6],IQE[6],4,0,88,0,88,ZQE,4,E
2361,137,133,ILN[6],ZQN[6],IQN[6],0,4,108,0,108,ZQN,4,N
2362,137,135,ILN[6],ZQW[6],IQW[6],-4,0,94,0,94,ZQW,4,W
2363,137,136,ILN[6],ZLE[6],ILE[6],10,0,132,0,132,ZLE,10,E
2364,137,137,ILN[6],ZLN[6],ILN[6],0,12,128,0,128,ZLN,12,N
2365,137,139,ILN[6],ZLW[6],ILW[6],-10,0,127,0,127,ZLW,10,W
2366,137,142,ILN[6],ZSNA[7],ISNA[7],0,1,64,0,64,ZSNA,1,N
2367,137,143,ILN[6],ZSNB[7],ISNB[7],0,1,65,0,65,ZSNB,1,N
2368,137,149,ILN[6],ZDN[7],IDN[7],0,2,67,0,67,ZDN,2,N
2369,137,153,ILN[6],ZQN[7],IQN[7],0,4,97,0,97,ZQN,4,N
2370,138,120,ILS[6],ZSEA[6],ISEA[6],1,0,79,0,79,ZSEA,1,E
2371,138,121,ILS[6],ZSEB[6],ISEB[6],1,0,77,0,77,ZSEB,1,E
2372,138,124,ILS[6],ZSSA[6],ISSA[6],0,-1,63,0,63,ZSSA,1,S
2373,138,125,ILS[6],ZSSB[6],ISSB[6],0,-1,59,0,59,ZSSB,1,S
2374,138,126,ILS[6],ZSWA[6],ISWA[6],-1,0,65,0,65,ZSWA,1,W
2375,138,127,ILS[6],ZSWB[6],ISWB[6],-1,0,64,0,64,ZSWB,1,W
2376,138,128,ILS[6],ZDE[6],IDE[6],2,0,88,0,88,ZDE,2,E
2377,138,130,ILS[6],ZDS[6],IDS[6],0,-2,66,0,66,ZDS,2,S
2378,138,131,ILS[6],ZDW[6],IDW[6],-2,0,82,0,82,ZDW,2,W
2379,138,132,ILS[6],ZQE[6],IQE[6],4,0,93,0,93,ZQE,4,E
2380,138,134,ILS[6],ZQS[6],IQS[6],0,-4,97,0,97,ZQS,4,S
2381,138,135,ILS[6],ZQW[6],IQW[6],-4,0,85,0,85,ZQW,4,W
2382,138,136,ILS[6],ZLE[6],ILE[6],10,0,125,0,125,ZLE,10,E
2383,138,138,ILS[6],ZLS[6],ILS[6],0,-12,125,0,125,ZLS,12,S
2384,138,139,ILS[6],ZLW[6],ILW[6],-10,0,127,0,127,ZLW,10,W
2385,138,144,ILS[6],ZSSA[7],ISSA[7],0,-1,66,0,66,ZSSA,1,S
2386,138,145,ILS[6],ZSSB[7],ISSB[7],0,-1,72,0,72,ZSSB,1,S
2387,138,150,ILS[6],ZDS[7],IDS[7],0,-2,72,0,72,ZDS,2,S
2388,138,154,ILS[6],ZQS[7],IQS[7],0,-4,104,0,104,ZQS,4,S
2389,139,122,ILW[6],ZSNA[6],ISNA[6],0,1,74,0,74,ZSNA,1,N
2390,139,123,ILW[6],ZSNB[6],ISNB[6],0,1,75,0,75,ZSNB,1,N
2391,139,124,ILW[6],ZSSA[6],ISSA[6],0,-1,66,0,66,ZSSA,1,S
2392,139,125,ILW[6],ZSSB[6],ISSB[6],0,-1,67,0,67,ZSSB,1,S
2393,139,126,ILW[6],ZSWA[6],ISWA[6],-1,0,77,0,77,ZSWA,1,W
2394,139,127,ILW[6],ZSWB[6],ISWB[6],-1,0,71,0,71,ZSWB,1,W
2395,139,129,ILW[6],ZDN[6],IDN[6],0,2,75,0,75,ZDN,2,N
2396,139,130,ILW[6],ZDS[6],IDS[6],0,-2,63,0,63,ZDS,2,S
2397,139,131,ILW[6],ZDW[6],IDW[6],-2,0,91,0,91,ZDW,2,W
2398,139,133,ILW[6],ZQN[6],IQN[6],0,4,107,0,107,ZQN,4,N
2399,139,134,ILW[6],ZQS[6],IQS[6],0,-4,106,0,106,ZQS,4,S
2400,139,135,ILW[6],ZQW[6],IQW[6],-4,0,94,0,94,ZQW,4,W
2401,139,137,ILW[6],ZLN[6],ILN[6],0,12,128,0,128,ZLN,12,N
2402,139,138,ILW[6],ZLS[6],ILS[6],0,-12,128,0,128,ZLS,12,S
2403,139,139,ILW[6],ZLW[6],ILW[6],-10,0,131,0,131,ZLW,10,W
2404,139,146,ILW[6],ZSWA[7],ISWA[7],-1,0,67,0,67,ZSWA,1,W
2405,139,147,ILW[6],ZSWB[7],ISWB[7],-1,0,73,0,73,ZSWB,1,W
2406,139,151,ILW[6],ZDW[7],IDW[7],-2,0,86,0,86,ZDW,2,W
2407,139,155,ILW[6],ZQW[7],IQW[7],-4,0,96,0,96,ZQW,4,W
2408,140,0,ISEA[7],ZSEA[0],ISEA[0],1,0,61,0,61,ZSEA,1,E
2409,140,1,ISEA[7],ZSEB[0],ISEB[0],1,0,63,0,63,ZSEB,1,E
2410,140,8,ISEA[7],ZDE[0],IDE[0],2,0,74,0,74,ZDE,2,E
2411,140,12,ISEA[7],ZQE[0],IQE[0],4,0,85,0,85,ZQE,4,E
2412,140,140,ISEA[7],ZSEA[7],ISEA[7],1,0,60,0,60,ZSEA,1,E
2413,140,141,ISEA[7],ZSEB[7],ISEB[7],1,0,56,0,56,ZSEB,1,E
2414,140,142,ISEA[7],ZSNA[7],ISNA[7],0,1,49,0,49,ZSNA,1,N
2415,140,143,ISEA[7],ZSNB[7],ISNB[7],0,1,52,0,52,ZSNB,1,N
2416,140,144,ISEA[7],ZSSA[7],ISSA[7],0,-1,59,0,59,ZSSA,1,S
2417,140,145,ISEA[7],ZSSB[7],ISSB[7],0,-1,57,0,57,ZSSB,1,S
2418,140,148,ISEA[7],ZDE[7],IDE[7],2,0,68,0,68,ZDE,2,E
2419,140,149,ISEA[7],ZDN[7],IDN[7],0,2,56,0,56,ZDN,2,N
2420,140,150,ISEA[7],ZDS[7],IDS[7],0,-2,64,0,64,ZDS,2,S
2421,140,152,ISEA[7],ZQE[7],IQE[7],4,0,75,0,75,ZQE,4,E
2422,140,153,ISEA[7],ZQN[7],IQN[7],0,4,87,0,87,ZQN,4,N
2423,140,154,ISEA[7],ZQS[7],IQS[7],0,-4,99,0,99,ZQS,4,S
2424,141,0,ISEB[7],ZSEA[0],ISEA[0],1,0,62,0,62,ZSEA,1,E
2425,141,1,ISEB[7],ZSEB[0],ISEB[0],1,0,64,0,64,ZSEB,1,E
2426,141,8,ISEB[7],ZDE[0],IDE[0],2,0,75,0,75,ZDE,2,E
2427,141,12,ISEB[7],ZQE[0],IQE[0],4,0,86,0,86,ZQE,4,E
2428,141,140,ISEB[7],ZSEA[7],ISEA[7],1,0,63,0,63,ZSEA,1,E
2429,141,141,ISEB[7],ZSEB[7],ISEB[7],1,0,59,0,59,ZSEB,1,E
2430,141,142,ISEB[7],ZSNA[7],ISNA[7],0,1,53,0,53,ZSNA,1,N
2431,141,143,ISEB[7],ZSNB[7],ISNB[7],0,1,56,0,56,ZSNB,1,N
2432,141,144,ISEB[7],ZSSA[7],ISSA[7],0,-1,55,0,55,ZSSA,1,S
2433,141,145,ISEB[7],ZSSB[7],ISSB[7],0,-1,53,0,53,ZSSB,1,S
2434,141,148,ISEB[7],ZDE[7],IDE[7],2,0,71,0,71,ZDE,2,E
2435,141,149,ISEB[7],ZDN[7],IDN[7],0,2,60,0,60,ZDN,2,N
2436,141,150,ISEB[7],ZDS[7],IDS[7],0,-2,60,0,60,ZDS,2,S
2437,141,152,ISEB[7],ZQE[7],IQE[7],4,0,78,0,78,ZQE,4,E
2438,141,153,ISEB[7],ZQN[7],IQN[7],0,4,91,0,91,ZQN,4,N
2439,141,154,ISEB[7],ZQS[7],IQS[7],0,-4,95,0,95,ZQS,4,S
2440,142,2,ISNA[7],ZSNA[0],ISNA[0],0,1,53,0,53,ZSNA,1,N
2441,142,3,ISNA[7],ZSNB[0],ISNB[0],0,1,57,0,57,ZSNB,1,N
2442,142,9,ISNA[7],ZDN[0],IDN[0],0,2,60,0,60,ZDN,2,N
2443,142,13,ISNA[7],ZQN[0],IQN[0],0,4,85,0,85,ZQN,4,N
2444,142,140,ISNA[7],ZSEA[7],ISEA[7],1,0,63,0,63,ZSEA,1,E
2445,142,141,ISNA[7],ZSEB[7],ISEB[7],1,0,64,0,64,ZSEB,1,E
2446,142,142,ISNA[7],ZSNA[7],ISNA[7],0,1,56,0,56,ZSNA,1,N
2447,142,143,ISNA[7],ZSNB[7],ISNB[7],0,1,50,0,50,ZSNB,1,N
2448,142,146,ISNA[7],ZSWA[7],ISWA[7],-1,0,55,0,55,ZSWA,1,W
2449,142,147,ISNA[7],ZSWB[7],ISWB[7],-1,0,55,0,55,ZSWB,1,W
2450,142,148,ISNA[7],ZDE[7],IDE[7],2,0,77,0,77,ZDE,2,E
2451,142,149,ISNA[7],ZDN[7],IDN[7],0,2,56,0,56,ZDN,2,N
2452,142,151,ISNA[7],ZDW[7],IDW[7],-2,0,71,0,71,ZDW,2,W
2453,142,152,ISNA[7],ZQE[7],IQE[7],4,0,82,0,82,ZQE,4,E
2454,142,153,ISNA[7],ZQN[7],IQN[7],0,4,90,0,90,ZQN,4,N
2455,142,155,ISNA[7],ZQW[7],IQW[7],-4,0,79,0,79,ZQW,4,W
2456,143,2,ISNB[7],ZSNA[0],ISNA[0],0,1,53,0,53,ZSNA,1,N
2457,143,3,ISNB[7],ZSNB[0],ISNB[0],0,1,57,0,57,ZSNB,1,N
2458,143,9,ISNB[7],ZDN[0],IDN[0],0,2,60,0,60,ZDN,2,N
2459,143,13,ISNB[7],ZQN[0],IQN[0],0,4,85,0,85,ZQN,4,N
2460,143,140,ISNB[7],ZSEA[7],ISEA[7],1,0,59,0,59,ZSEA,1,E
2461,143,141,ISNB[7],ZSEB[7],ISEB[7],1,0,60,0,60,ZSEB,1,E
2462,143,142,ISNB[7],ZSNA[7],ISNA[7],0,1,56,0,56,ZSNA,1,N
2463,143,143,ISNB[7],ZSNB[7],ISNB[7],0,1,50,0,50,ZSNB,1,N
2464,143,146,ISNB[7],ZSWA[7],ISWA[7],-1,0,59,0,59,ZSWA,1,W
2465,143,147,ISNB[7],ZSWB[7],ISWB[7],-1,0,59,0,59,ZSWB,1,W
2466,143,148,ISNB[7],ZDE[7],IDE[7],2,0,73,0,73,ZDE,2,E
2467,143,149,ISNB[7],ZDN[7],IDN[7],0,2,56,0,56,ZDN,2,N
2468,143,151,ISNB[7],ZDW[7],IDW[7],-2,0,75,0,75,ZDW,2,W
2469,143,152,ISNB[7],ZQE[7],IQE[7],4,0,78,0,78,ZQE,4,E
2470,143,153,ISNB[7],ZQN[7],IQN[7],0,4,90,0,90,ZQN,4,N
2471,143,155,ISNB[7],ZQW[7],IQW[7],-4,0,83,0,83,ZQW,4,W
2472,144,4,ISSA[7],ZSSA[0],ISSA[0],0,-1,64,0,64,ZSSA,1,S
2473,144,5,ISSA[7],ZSSB[0],ISSB[0],0,-1,66,0,66,ZSSB,1,S
2474,144,10,ISSA[7],ZDS[0],IDS[0],0,-2,62,0,62,ZDS,2,S
2475,144,14,ISSA[7],ZQS[0],IQS[0],0,-4,98,0,98,ZQS,4,S
2476,144,140,ISSA[7],ZSEA[7],ISEA[7],1,0,58,0,58,ZSEA,1,E
2477,144,141,ISSA[7],ZSEB[7],ISEB[7],1,0,60,0,60,ZSEB,1,E
2478,144,144,ISSA[7],ZSSA[7],ISSA[7],0,-1,52,0,52,ZSSA,1,S
2479,144,145,ISSA[7],ZSSB[7],ISSB[7],0,-1,55,0,55,ZSSB,1,S
2480,144,146,ISSA[7],ZSWA[7],ISWA[7],-1,0,65,0,65,ZSWA,1,W
2481,144,147,ISSA[7],ZSWB[7],ISWB[7],-1,0,67,0,67,ZSWB,1,W
2482,144,148,ISSA[7],ZDE[7],IDE[7],2,0,76,0,76,ZDE,2,E
2483,144,150,ISSA[7],ZDS[7],IDS[7],0,-2,62,0,62,ZDS,2,S
2484,144,151,ISSA[7],ZDW[7],IDW[7],-2,0,77,0,77,ZDW,2,W
2485,144,152,ISSA[7],ZQE[7],IQE[7],4,0,80,0,80,ZQE,4,E
2486,144,154,ISSA[7],ZQS[7],IQS[7],0,-4,89,0,89,ZQS,4,S
2487,144,155,ISSA[7],ZQW[7],IQW[7],-4,0,81,0,81,ZQW,4,W
2488,145,4,ISSB[7],ZSSA[0],ISSA[0],0,-1,57,0,57,ZSSA,1,S
2489,145,5,ISSB[7],ZSSB[0],ISSB[0],0,-1,59,0,59,ZSSB,1,S
2490,145,10,ISSB[7],ZDS[0],IDS[0],0,-2,55,0,55,ZDS,2,S
2491,145,14,ISSB[7],ZQS[0],IQS[0],0,-4,91,0,91,ZQS,4,S
2492,145,140,ISSB[7],ZSEA[7],ISEA[7],1,0,57,0,57,ZSEA,1,E
2493,145,141,ISSB[7],ZSEB[7],ISEB[7],1,0,59,0,59,ZSEB,1,E
2494,145,144,ISSB[7],ZSSA[7],ISSA[7],0,-1,59,0,59,ZSSA,1,S
2495,145,145,ISSB[7],ZSSB[7],ISSB[7],0,-1,62,0,62,ZSSB,1,S
2496,145,146,ISSB[7],ZSWA[7],ISWA[7],-1,0,67,0,67,ZSWA,1,W
2497,145,147,ISSB[7],ZSWB[7],ISWB[7],-1,0,69,0,69,ZSWB,1,W
2498,145,148,ISSB[7],ZDE[7],IDE[7],2,0,75,0,75,ZDE,2,E
2499,145,150,ISSB[7],ZDS[7],IDS[7],0,-2,69,0,69,ZDS,2,S
2500,145,151,ISSB[7],ZDW[7],IDW[7],-2,0,79,0,79,ZDW,2,W
2501,145,152,ISSB[7],ZQE[7],IQE[7],4,0,79,0,79,ZQE,4,E
2502,145,154,ISSB[7],ZQS[7],IQS[7],0,-4,96,0,96,ZQS,4,S
2503,145,155,ISSB[7],ZQW[7],IQW[7],-4,0,83,0,83,ZQW,4,W
2504,146,6,ISWA[7],ZSWA[0],ISWA[0],-1,0,62,0,62,ZSWA,1,W
2505,146,7,ISWA[7],ZSWB[0],ISWB[0],-1,0,62,0,62,ZSWB,1,W
2506,146,11,ISWA[7],ZDW[0],IDW[0],-2,0,78,0,78,ZDW,2,W
2507,146,15,ISWA[7],ZQW[0],IQW[0],-4,0,90,0,90,ZQW,4,W
2508,146,142,ISWA[7],ZSNA[7],ISNA[7],0,1,57,0,57,ZSNA,1,N
2509,146,143,ISWA[7],ZSNB[7],ISNB[7],0,1,57,0,57,ZSNB,1,N
2510,146,144,ISWA[7],ZSSA[7],ISSA[7],0,-1,60,0,60,ZSSA,1,S
2511,146,145,ISWA[7],ZSSB[7],ISSB[7],0,-1,57,0,57,ZSSB,1,S
2512,146,146,ISWA[7],ZSWA[7],ISWA[7],-1,0,62,0,62,ZSWA,1,W
2513,146,147,ISWA[7],ZSWB[7],ISWB[7],-1,0,57,0,57,ZSWB,1,W
2514,146,149,ISWA[7],ZDN[7],IDN[7],0,2,69,0,69,ZDN,2,N
2515,146,150,ISWA[7],ZDS[7],IDS[7],0,-2,59,0,59,ZDS,2,S
2516,146,151,ISWA[7],ZDW[7],IDW[7],-2,0,75,0,75,ZDW,2,W
2517,146,153,ISWA[7],ZQN[7],IQN[7],0,4,97,0,97,ZQN,4,N
2518,146,154,ISWA[7],ZQS[7],IQS[7],0,-4,91,0,91,ZQS,4,S
2519,146,155,ISWA[7],ZQW[7],IQW[7],-4,0,76,0,76,ZQW,4,W
2520,147,6,ISWB[7],ZSWA[0],ISWA[0],-1,0,59,0,59,ZSWA,1,W
2521,147,7,ISWB[7],ZSWB[0],ISWB[0],-1,0,59,0,59,ZSWB,1,W
2522,147,11,ISWB[7],ZDW[0],IDW[0],-2,0,75,0,75,ZDW,2,W
2523,147,15,ISWB[7],ZQW[0],IQW[0],-4,0,87,0,87,ZQW,4,W
2524,147,142,ISWB[7],ZSNA[7],ISNA[7],0,1,52,0,52,ZSNA,1,N
2525,147,143,ISWB[7],ZSNB[7],ISNB[7],0,1,52,0,52,ZSNB,1,N
2526,147,144,ISWB[7],ZSSA[7],ISSA[7],0,-1,60,0,60,ZSSA,1,S
2527,147,145,ISWB[7],ZSSB[7],ISSB[7],0,-1,57,0,57,ZSSB,1,S
2528,147,146,ISWB[7],ZSWA[7],ISWA[7],-1,0,62,0,62,ZSWA,1,W
2529,147,147,ISWB[7],ZSWB[7],ISWB[7],-1,0,57,0,57,ZSWB,1,W
2530,147,149,ISWB[7],ZDN[7],IDN[7],0,2,64,0,64,ZDN,2,N
2531,147,150,ISWB[7],ZDS[7],IDS[7],0,-2,59,0,59,ZDS,2,S
2532,147,151,ISWB[7],ZDW[7],IDW[7],-2,0,75,0,75,ZDW,2,W
2533,147,153,ISWB[7],ZQN[7],IQN[7],0,4,92,0,92,ZQN,4,N
2534,147,154,ISWB[7],ZQS[7],IQS[7],0,-4,91,0,91,ZQS,4,S
2535,147,155,ISWB[7],ZQW[7],IQW[7],-4,0,76,0,76,ZQW,4,W
2536,148,0,IDE[7],ZSEA[0],ISEA[0],1,0,64,0,64,ZSEA,1,E
2537,148,1,IDE[7],ZSEB[0],ISEB[0],1,0,66,0,66,ZSEB,1,E
2538,148,8,IDE[7],ZDE[0],IDE[0],2,0,77,0,77,ZDE,2,E
2539,148,12,IDE[7],ZQE[0],IQE[0],4,0,88,0,88,ZQE,4,E
2540,148,137,IDE[7],ZLN[6],ILN[6],0,12,104,0,104,ZLN,12,N
2541,148,140,IDE[7],ZSEA[7],ISEA[7],1,0,69,0,69,ZSEA,1,E
2542,148,141,IDE[7],ZSEB[7],ISEB[7],1,0,65,0,65,ZSEB,1,E
2543,148,142,IDE[7],ZSNA[7],ISNA[7],0,1,65,0,65,ZSNA,1,N
2544,148,143,IDE[7],ZSNB[7],ISNB[7],0,1,68,0,68,ZSNB,1,N
2545,148,144,IDE[7],ZSSA[7],ISSA[7],0,-1,58,0,58,ZSSA,1,S
2546,148,145,IDE[7],ZSSB[7],ISSB[7],0,-1,56,0,56,ZSSB,1,S
2547,148,148,IDE[7],ZDE[7],IDE[7],2,0,77,0,77,ZDE,2,E
2548,148,149,IDE[7],ZDN[7],IDN[7],0,2,72,0,72,ZDN,2,N
2549,148,150,IDE[7],ZDS[7],IDS[7],0,-2,63,0,63,ZDS,2,S
2550,148,152,IDE[7],ZQE[7],IQE[7],4,0,84,0,84,ZQE,4,E
2551,148,153,IDE[7],ZQN[7],IQN[7],0,4,103,0,103,ZQN,4,N
2552,148,154,IDE[7],ZQS[7],IQS[7],0,-4,98,0,98,ZQS,4,S
2553,149,2,IDN[7],ZSNA[0],ISNA[0],0,1,58,0,58,ZSNA,1,N
2554,149,3,IDN[7],ZSNB[0],ISNB[0],0,1,62,0,62,ZSNB,1,N
2555,149,9,IDN[7],ZDN[0],IDN[0],0,2,65,0,65,ZDN,2,N
2556,149,13,IDN[7],ZQN[0],IQN[0],0,4,90,0,90,ZQN,4,N
2557,149,139,IDN[7],ZLW[6],ILW[6],-10,0,108,0,108,ZLW,10,W
2558,149,140,IDN[7],ZSEA[7],ISEA[7],1,0,56,0,56,ZSEA,1,E
2559,149,141,IDN[7],ZSEB[7],ISEB[7],1,0,57,0,57,ZSEB,1,E
2560,149,142,IDN[7],ZSNA[7],ISNA[7],0,1,59,0,59,ZSNA,1,N
2561,149,143,IDN[7],ZSNB[7],ISNB[7],0,1,53,0,53,ZSNB,1,N
2562,149,146,IDN[7],ZSWA[7],ISWA[7],-1,0,62,0,62,ZSWA,1,W
2563,149,147,IDN[7],ZSWB[7],ISWB[7],-1,0,62,0,62,ZSWB,1,W
2564,149,148,IDN[7],ZDE[7],IDE[7],2,0,70,0,70,ZDE,2,E
2565,149,149,IDN[7],ZDN[7],IDN[7],0,2,59,0,59,ZDN,2,N
2566,149,151,IDN[7],ZDW[7],IDW[7],-2,0,78,0,78,ZDW,2,W
2567,149,152,IDN[7],ZQE[7],IQE[7],4,0,75,0,75,ZQE,4,E
2568,149,153,IDN[7],ZQN[7],IQN[7],0,4,93,0,93,ZQN,4,N
2569,149,155,IDN[7],ZQW[7],IQW[7],-4,0,86,0,86,ZQW,4,W
2570,150,4,IDS[7],ZSSA[0],ISSA[0],0,-1,57,0,57,ZSSA,1,S
2571,150,5,IDS[7],ZSSB[0],ISSB[0],0,-1,59,0,59,ZSSB,1,S
2572,150,10,IDS[7],ZDS[0],IDS[0],0,-2,55,0,55,ZDS,2,S
2573,150,14,IDS[7],ZQS[0],IQS[0],0,-4,91,0,91,ZQS,4,S
2574,150,136,IDS[7],ZLE[6],ILE[6],10,0,104,0,104,ZLE,10,E
2575,150,140,IDS[7],ZSEA[7],ISEA[7],1,0,63,0,63,ZSEA,1,E
2576,150,141,IDS[7],ZSEB[7],ISEB[7],1,0,65,0,65,ZSEB,1,E
2577,150,144,IDS[7],ZSSA[7],ISSA[7],0,-1,53,0,53,ZSSA,1,S
2578,150,145,IDS[7],ZSSB[7],ISSB[7],0,-1,56,0,56,ZSSB,1,S
2579,150,146,IDS[7],ZSWA[7],ISWA[7],-1,0,71,0,71,ZSWA,1,W
2580,150,147,IDS[7],ZSWB[7],ISWB[7],-1,0,73,0,73,ZSWB,1,W
2581,150,148,IDS[7],ZDE[7],IDE[7],2,0,81,0,81,ZDE,2,E
2582,150,150,IDS[7],ZDS[7],IDS[7],0,-2,63,0,63,ZDS,2,S
2583,150,151,IDS[7],ZDW[7],IDW[7],-2,0,83,0,83,ZDW,2,W
2584,150,152,IDS[7],ZQE[7],IQE[7],4,0,85,0,85,ZQE,4,E
2585,150,154,IDS[7],ZQS[7],IQS[7],0,-4,90,0,90,ZQS,4,S
2586,150,155,IDS[7],ZQW[7],IQW[7],-4,0,87,0,87,ZQW,4,W
2587,151,6,IDW[7],ZSWA[0],ISWA[0],-1,0,64,0,64,ZSWA,1,W
2588,151,7,IDW[7],ZSWB[0],ISWB[0],-1,0,64,0,64,ZSWB,1,W
2589,151,11,IDW[7],ZDW[0],IDW[0],-2,0,80,0,80,ZDW,2,W
2590,151,15,IDW[7],ZQW[0],IQW[0],-4,0,92,0,92,ZQW,4,W
2591,151,138,IDW[7],ZLS[6],ILS[6],0,-12,110,0,110,ZLS,12,S
2592,151,142,IDW[7],ZSNA[7],ISNA[7],0,1,56,0,56,ZSNA,1,N
2593,151,143,IDW[7],ZSNB[7],ISNB[7],0,1,56,0,56,ZSNB,1,N
2594,151,144,IDW[7],ZSSA[7],ISSA[7],0,-1,66,0,66,ZSSA,1,S
2595,151,145,IDW[7],ZSSB[7],ISSB[7],0,-1,63,0,63,ZSSB,1,S
2596,151,146,IDW[7],ZSWA[7],ISWA[7],-1,0,75,0,75,ZSWA,1,W
2597,151,147,IDW[7],ZSWB[7],ISWB[7],-1,0,70,0,70,ZSWB,1,W
2598,151,149,IDW[7],ZDN[7],IDN[7],0,2,68,0,68,ZDN,2,N
2599,151,150,IDW[7],ZDS[7],IDS[7],0,-2,65,0,65,ZDS,2,S
2600,151,151,IDW[7],ZDW[7],IDW[7],-2,0,88,0,88,ZDW,2,W
2601,151,153,IDW[7],ZQN[7],IQN[7],0,4,96,0,96,ZQN,4,N
2602,151,154,IDW[7],ZQS[7],IQS[7],0,-4,97,0,97,ZQS,4,S
2603,151,155,IDW[7],ZQW[7],IQW[7],-4,0,89,0,89,ZQW,4,W
2604,152,0,IQE[7],ZSEA[0],ISEA[0],1,0,68,0,68,ZSEA,1,E
2605,152,1,IQE[7],ZSEB[0],ISEB[0],1,0,70,0,70,ZSEB,1,E
2606,152,8,IQE[7],ZDE[0],IDE[0],2,0,81,0,81,ZDE,2,E
2607,152,12,IQE[7],ZQE[0],IQE[0],4,0,92,0,92,ZQE,4,E
2608,152,140,IQE[7],ZSEA[7],ISEA[7],1,0,73,0,73,ZSEA,1,E
2609,152,141,IQE[7],ZSEB[7],ISEB[7],1,0,69,0,69,ZSEB,1,E
2610,152,142,IQE[7],ZSNA[7],ISNA[7],0,1,62,0,62,ZSNA,1,N
2611,152,143,IQE[7],ZSNB[7],ISNB[7],0,1,65,0,65,ZSNB,1,N
2612,152,144,IQE[7],ZSSA[7],ISSA[7],0,-1,62,0,62,ZSSA,1,S
2613,152,145,IQE[7],ZSSB[7],ISSB[7],0,-1,60,0,60,ZSSB,1,S
2614,152,148,IQE[7],ZDE[7],IDE[7],2,0,81,0,81,ZDE,2,E
2615,152,149,IQE[7],ZDN[7],IDN[7],0,2,69,0,69,ZDN,2,N
2616,152,150,IQE[7],ZDS[7],IDS[7],0,-2,67,0,67,ZDS,2,S
2617,152,152,IQE[7],ZQE[7],IQE[7],4,0,88,0,88,ZQE,4,E
2618,152,153,IQE[7],ZQN[7],IQN[7],0,4,100,0,100,ZQN,4,N
2619,152,154,IQE[7],ZQS[7],IQS[7],0,-4,102,0,102,ZQS,4,S
2620,152,156,IQE[7],ZLE[7],ILE[7],10,0,120,0,120,ZLE,10,E
2621,152,158,IQE[7],ZLS[7],ILS[7],0,-12,113,0,113,ZLS,12,S
2622,153,2,IQN[7],ZSNA[0],ISNA[0],0,1,62,0,62,ZSNA,1,N
2623,153,3,IQN[7],ZSNB[0],ISNB[0],0,1,66,0,66,ZSNB,1,N
2624,153,9,IQN[7],ZDN[0],IDN[0],0,2,69,0,69,ZDN,2,N
2625,153,13,IQN[7],ZQN[0],IQN[0],0,4,94,0,94,ZQN,4,N
2626,153,140,IQN[7],ZSEA[7],ISEA[7],1,0,59,0,59,ZSEA,1,E
2627,153,141,IQN[7],ZSEB[7],ISEB[7],1,0,60,0,60,ZSEB,1,E
2628,153,142,IQN[7],ZSNA[7],ISNA[7],0,1,60,0,60,ZSNA,1,N
2629,153,143,IQN[7],ZSNB[7],ISNB[7],0,1,54,0,54,ZSNB,1,N
2630,153,146,IQN[7],ZSWA[7],ISWA[7],-1,0,63,0,63,ZSWA,1,W
2631,153,147,IQN[7],ZSWB[7],ISWB[7],-1,0,63,0,63,ZSWB,1,W
2632,153,148,IQN[7],ZDE[7],IDE[7],2,0,73,0,73,ZDE,2,E
2633,153,149,IQN[7],ZDN[7],IDN[7],0,2,60,0,60,ZDN,2,N
2634,153,151,IQN[7],ZDW[7],IDW[7],-2,0,79,0,79,ZDW,2,W
2635,153,152,IQN[7],ZQE[7],IQE[7],4,0,78,0,78,ZQE,4,E
2636,153,153,IQN[7],ZQN[7],IQN[7],0,4,94,0,94,ZQN,4,N
2637,153,155,IQN[7],ZQW[7],IQW[7],-4,0,87,0,87,ZQW,4,W
2638,153,156,IQN[7],ZLE[7],ILE[7],10,0,122,0,122,ZLE,10,E
2639,153,157,IQN[7],ZLN[7],ILN[7],0,12,117,0,117,ZLN,12,N
2640,154,4,IQS[7],ZSSA[0],ISSA[0],0,-1,60,0,60,ZSSA,1,S
2641,154,5,IQS[7],ZSSB[0],ISSB[0],0,-1,62,0,62,ZSSB,1,S
2642,154,10,IQS[7],ZDS[0],IDS[0],0,-2,58,0,58,ZDS,2,S
2643,154,14,IQS[7],ZQS[0],IQS[0],0,-4,94,0,94,ZQS,4,S
2644,154,140,IQS[7],ZSEA[7],ISEA[7],1,0,58,0,58,ZSEA,1,E
2645,154,141,IQS[7],ZSEB[7],ISEB[7],1,0,60,0,60,ZSEB,1,E
2646,154,144,IQS[7],ZSSA[7],ISSA[7],0,-1,62,0,62,ZSSA,1,S
2647,154,145,IQS[7],ZSSB[7],ISSB[7],0,-1,65,0,65,ZSSB,1,S
2648,154,146,IQS[7],ZSWA[7],ISWA[7],-1,0,72,0,72,ZSWA,1,W
2649,154,147,IQS[7],ZSWB[7],ISWB[7],-1,0,74,0,74,ZSWB,1,W
2650,154,148,IQS[7],ZDE[7],IDE[7],2,0,76,0,76,ZDE,2,E
2651,154,150,IQS[7],ZDS[7],IDS[7],0,-2,72,0,72,ZDS,2,S
2652,154,151,IQS[7],ZDW[7],IDW[7],-2,0,84,0,84,ZDW,2,W
2653,154,152,IQS[7],ZQE[7],IQE[7],4,0,80,0,80,ZQE,4,E
2654,154,154,IQS[7],ZQS[7],IQS[7],0,-4,99,0,99,ZQS,4,S
2655,154,155,IQS[7],ZQW[7],IQW[7],-4,0,88,0,88,ZQW,4,W
2656,154,158,IQS[7],ZLS[7],ILS[7],0,-12,123,0,123,ZLS,12,S
2657,154,159,IQS[7],ZLW[7],ILW[7],-10,0,114,0,114,ZLW,10,W
2658,155,6,IQW[7],ZSWA[0],ISWA[0],-1,0,67,0,67,ZSWA,1,W
2659,155,7,IQW[7],ZSWB[0],ISWB[0],-1,0,67,0,67,ZSWB,1,W
2660,155,11,IQW[7],ZDW[0],IDW[0],-2,0,83,0,83,ZDW,2,W
2661,155,15,IQW[7],ZQW[0],IQW[0],-4,0,95,0,95,ZQW,4,W
2662,155,142,IQW[7],ZSNA[7],ISNA[7],0,1,67,0,67,ZSNA,1,N
2663,155,143,IQW[7],ZSNB[7],ISNB[7],0,1,67,0,67,ZSNB,1,N
2664,155,144,IQW[7],ZSSA[7],ISSA[7],0,-1,75,0,75,ZSSA,1,S
2665,155,145,IQW[7],ZSSB[7],ISSB[7],0,-1,72,0,72,ZSSB,1,S
2666,155,146,IQW[7],ZSWA[7],ISWA[7],-1,0,72,0,72,ZSWA,1,W
2667,155,147,IQW[7],ZSWB[7],ISWB[7],-1,0,67,0,67,ZSWB,1,W
2668,155,149,IQW[7],ZDN[7],IDN[7],0,2,79,0,79,ZDN,2,N
2669,155,150,IQW[7],ZDS[7],IDS[7],0,-2,74,0,74,ZDS,2,S
2670,155,151,IQW[7],ZDW[7],IDW[7],-2,0,85,0,85,ZDW,2,W
2671,155,153,IQW[7],ZQN[7],IQN[7],0,4,107,0,107,ZQN,4,N
2672,155,154,IQW[7],ZQS[7],IQS[7],0,-4,106,0,106,ZQS,4,S
2673,155,155,IQW[7],ZQW[7],IQW[7],-4,0,86,0,86,ZQW,4,W
2674,155,157,IQW[7],ZLN[7],ILN[7],0,12,118,0,118,ZLN,12,N
2675,155,159,IQW[7],ZLW[7],ILW[7],-10,0,113,0,113,ZLW,10,W
2676,156,0,ILE[7],ZSEA[0],ISEA[0],1,0,66,0,66,ZSEA,1,E
2677,156,1,ILE[7],ZSEB[0],ISEB[0],1,0,68,0,68,ZSEB,1,E
2678,156,8,ILE[7],ZDE[0],IDE[0],2,0,79,0,79,ZDE,2,E
2679,156,12,ILE[7],ZQE[0],IQE[0],4,0,90,0,90,ZQE,4,E
2680,156,140,ILE[7],ZSEA[7],ISEA[7],1,0,77,0,77,ZSEA,1,E
2681,156,141,ILE[7],ZSEB[7],ISEB[7],1,0,73,0,73,ZSEB,1,E
2682,156,142,ILE[7],ZSNA[7],ISNA[7],0,1,58,0,58,ZSNA,1,N
2683,156,143,ILE[7],ZSNB[7],ISNB[7],0,1,61,0,61,ZSNB,1,N
2684,156,144,ILE[7],ZSSA[7],ISSA[7],0,-1,66,0,66,ZSSA,1,S
2685,156,145,ILE[7],ZSSB[7],ISSB[7],0,-1,64,0,64,ZSSB,1,S
2686,156,148,ILE[7],ZDE[7],IDE[7],2,0,85,0,85,ZDE,2,E
2687,156,149,ILE[7],ZDN[7],IDN[7],0,2,65,0,65,ZDN,2,N
2688,156,150,ILE[7],ZDS[7],IDS[7],0,-2,71,0,71,ZDS,2,S
2689,156,152,ILE[7],ZQE[7],IQE[7],4,0,92,0,92,ZQE,4,E
2690,156,153,ILE[7],ZQN[7],IQN[7],0,4,96,0,96,ZQN,4,N
2691,156,154,ILE[7],ZQS[7],IQS[7],0,-4,106,0,106,ZQS,4,S
2692,156,156,ILE[7],ZLE[7],ILE[7],10,0,126,0,126,ZLE,10,E
2693,156,157,ILE[7],ZLN[7],ILN[7],0,12,125,0,125,ZLN,12,N
2694,156,158,ILE[7],ZLS[7],ILS[7],0,-12,128,0,128,ZLS,12,S
2695,157,2,ILN[7],ZSNA[0],ISNA[0],0,1,65,0,65,ZSNA,1,N
2696,157,3,ILN[7],ZSNB[0],ISNB[0],0,1,69,0,69,ZSNB,1,N
2697,157,9,ILN[7],ZDN[0],IDN[0],0,2,72,0,72,ZDN,2,N
2698,157,13,ILN[7],ZQN[0],IQN[0],0,4,97,0,97,ZQN,4,N
2699,157,140,ILN[7],ZSEA[7],ISEA[7],1,0,69,0,69,ZSEA,1,E
2700,157,141,ILN[7],ZSEB[7],ISEB[7],1,0,70,0,70,ZSEB,1,E
2701,157,142,ILN[7],ZSNA[7],ISNA[7],0,1,68,0,68,ZSNA,1,N
2702,157,143,ILN[7],ZSNB[7],ISNB[7],0,1,62,0,62,ZSNB,1,N
2703,157,146,ILN[7],ZSWA[7],ISWA[7],-1,0,64,0,64,ZSWA,1,W
2704,157,147,ILN[7],ZSWB[7],ISWB[7],-1,0,64,0,64,ZSWB,1,W
2705,157,148,ILN[7],ZDE[7],IDE[7],2,0,83,0,83,ZDE,2,E
2706,157,149,ILN[7],ZDN[7],IDN[7],0,2,68,0,68,ZDN,2,N
2707,157,151,ILN[7],ZDW[7],IDW[7],-2,0,80,0,80,ZDW,2,W
2708,157,152,ILN[7],ZQE[7],IQE[7],4,0,88,0,88,ZQE,4,E
2709,157,153,ILN[7],ZQN[7],IQN[7],0,4,102,0,102,ZQN,4,N
2710,157,155,ILN[7],ZQW[7],IQW[7],-4,0,88,0,88,ZQW,4,W
2711,157,156,ILN[7],ZLE[7],ILE[7],10,0,128,0,128,ZLE,10,E
2712,157,157,ILN[7],ZLN[7],ILN[7],0,12,127,0,127,ZLN,12,N
2713,157,159,ILN[7],ZLW[7],ILW[7],-10,0,130,0,130,ZLW,10,W
2714,158,4,ILS[7],ZSSA[0],ISSA[0],0,-1,65,0,65,ZSSA,1,S
2715,158,5,ILS[7],ZSSB[0],ISSB[0],0,-1,67,0,67,ZSSB,1,S
2716,158,10,ILS[7],ZDS[0],IDS[0],0,-2,63,0,63,ZDS,2,S
2717,158,14,ILS[7],ZQS[0],IQS[0],0,-4,99,0,99,ZQS,4,S
2718,158,140,ILS[7],ZSEA[7],ISEA[7],1,0,65,0,65,ZSEA,1,E
2719,158,141,ILS[7],ZSEB[7],ISEB[7],1,0,67,0,67,ZSEB,1,E
2720,158,144,ILS[7],ZSSA[7],ISSA[7],0,-1,64,0,64,ZSSA,1,S
2721,158,145,ILS[7],ZSSB[7],ISSB[7],0,-1,67,0,67,ZSSB,1,S
2722,158,146,ILS[7],ZSWA[7],ISWA[7],-1,0,78,0,78,ZSWA,1,W
2723,158,147,ILS[7],ZSWB[7],ISWB[7],-1,0,80,0,80,ZSWB,1,W
2724,158,148,ILS[7],ZDE[7],IDE[7],2,0,83,0,83,ZDE,2,E
2725,158,150,ILS[7],ZDS[7],IDS[7],0,-2,74,0,74,ZDS,2,S
2726,158,151,ILS[7],ZDW[7],IDW[7],-2,0,90,0,90,ZDW,2,W
2727,158,152,ILS[7],ZQE[7],IQE[7],4,0,87,0,87,ZQE,4,E
2728,158,154,ILS[7],ZQS[7],IQS[7],0,-4,101,0,101,ZQS,4,S
2729,158,155,ILS[7],ZQW[7],IQW[7],-4,0,94,0,94,ZQW,4,W
2730,158,156,ILS[7],ZLE[7],ILE[7],10,0,132,0,132,ZLE,10,E
2731,158,158,ILS[7],ZLS[7],ILS[7],0,-12,134,0,134,ZLS,12,S
2732,158,159,ILS[7],ZLW[7],ILW[7],-10,0,132,0,132,ZLW,10,W
2733,159,6,ILW[7],ZSWA[0],ISWA[0],-1,0,73,0,73,ZSWA,1,W
2734,159,7,ILW[7],ZSWB[0],ISWB[0],-1,0,73,0,73,ZSWB,1,W
2735,159,11,ILW[7],ZDW[0],IDW[0],-2,0,89,0,89,ZDW,2,W
2736,159,15,ILW[7],ZQW[0],IQW[0],-4,0,101,0,101,ZQW,4,W
2737,159,142,ILW[7],ZSNA[7],ISNA[7],0,1,61,0,61,ZSNA,1,N
2738,159,143,ILW[7],ZSNB[7],ISNB[7],0,1,61,0,61,ZSNB,1,N
2739,159,144,ILW[7],ZSSA[7],ISSA[7],0,-1,75,0,75,ZSSA,1,S
2740,159,145,ILW[7],ZSSB[7],ISSB[7],0,-1,72,0,72,ZSSB,1,S
2741,159,146,ILW[7],ZSWA[7],ISWA[7],-1,0,76,0,76,ZSWA,1,W
2742,159,147,ILW[7],ZSWB[7],ISWB[7],-1,0,71,0,71,ZSWB,1,W
2743,159,149,ILW[7],ZDN[7],IDN[7],0,2,73,0,73,ZDN,2,N
2744,159,150,ILW[7],ZDS[7],IDS[7],0,-2,74,0,74,ZDS,2,S
2745,159,151,ILW[7],ZDW[7],IDW[7],-2,0,89,0,89,ZDW,2,W
2746,159,153,ILW[7],ZQN[7],IQN[7],0,4,101,0,101,ZQN,4,N
2747,159,154,ILW[7],ZQS[7],IQS[7],0,-4,106,0,106,ZQS,4,S
2748,159,155,ILW[7],ZQW[7],IQW[7],-4,0,90,0,90,ZQW,4,W
2749,159,157,ILW[7],ZLN[7],ILN[7],0,12,128,0,128,ZLN,12,N
2750,159,158,ILW[7],ZLS[7],ILS[7],0,-12,126,0,126,ZLS,12,S
2751,159,159,ILW[7],ZLW[7],ILW[7],-10,0,135,0,135,ZLW,10,W
