rank,csv_line_number,From,To,golden_ps,predicted_ps,signed_error_ps,absolute_error_ps,relative_error_pct,contest_loss,chebyshev_distance,block_count,gap_count,v3_branch
1,601909,SRB_91_108/ZLW[7],SRB_81_91/ZSWA[2],1047,368,-679,679,64.85195797516714,0.9888974028631901,17,1,0,fallback_block
2,650202,SRB_73_48/ZLE[7],SRB_75_43/ZDS[1],1160,409,-751,751,64.74137931034483,0.9887993028111152,5,0,0,atlas
3,782069,SRB_99_510/ZLW[4],SRB_99_500/S_B4,1105,406,-699,699,63.257918552036195,0.9873968414971975,10,0,0,atlas
4,220728,SRB_91_216/ZLW[7],SRB_95_217/ZSSB[6],1175,435,-740,740,62.97872340425532,0.9871140090802104,4,0,0,atlas
5,828669,SRB_67_147/ZLE[0],SRB_65_148/A_EM,1138,422,-716,716,62.91739894551846,0.9870510459500482,2,0,0,atlas
6,808983,SRB_96_23/ZLW[2],SRB_96_6/ZSSA[3],1244,464,-780,780,62.70096463022507,0.9868263754817516,17,0,0,atlas
7,46073,SRB_70_201/ZLE[4],SRB_81_190/ZSNB[4],805,307,-498,498,61.86335403726708,0.985919805830734,11,1,0,fallback_block
8,716252,SRB_103_111/ZLW[7],SRB_103_113/ZDW[6],905,355,-550,550,60.773480662983424,0.9846468934170365,2,0,0,atlas
9,991348,SRB_92_306/ZLW[2],SRB_84_288/ZSSA[3],1071,422,-649,649,60.59757236227824,0.9844310006879601,18,1,0,fallback_block
10,319899,SRB_72_406/ZLE[4],SRB_72_394/A_B2,1134,448,-686,686,60.49382716049383,0.9843022646841372,12,0,0,atlas
11,990953,SRB_75_439/ZLE[7],SRB_74_434/ZSNA[3],1296,516,-780,780,60.18518518518518,0.9839129979438003,5,0,0,atlas
12,139079,SRB_67_502/ZLE[0],SRB_69_509/A_B5,1131,455,-676,676,59.77011494252874,0.9833743662993849,7,0,0,atlas
13,44205,SRB_74_440/ZLE[0],SRB_72_433/S_D3,1317,537,-780,780,59.2255125284738,0.9826404326813726,7,0,0,atlas
14,528483,SRB_90_24/ZLW[4],SRB_93_10/ZSWB[3],1261,521,-740,740,58.68358445678034,0.9818782382505108,14,0,0,atlas
15,230186,SRB_91_418/ZLW[5],SRB_92_412/ZLN[6],1263,523,-740,740,58.59065716547902,0.9817442500343554,6,0,0,atlas
16,795559,SRB_102_141/ZLW[4],SRB_100_129/ZSSB[4],941,391,-550,550,58.44845908607864,0.9815373177595447,12,0,0,atlas
17,906479,SRB_105_415/ZLW[7],SRB_108_413/ZSEA[1],942,392,-550,550,58.3864118895966,0.9814462976042545,3,0,1,atlas
18,95517,SRB_75_506/ZLE[7],SRB_73_491/ZDS[6],1197,501,-696,696,58.1453634085213,0.9810884542024463,15,0,0,atlas
19,418398,SRB_74_33/ZLE[4],SRB_75_13/ZSEA[6],1351,571,-780,780,57.735011102886745,0.9804634847526076,20,0,0,atlas
20,257697,SRB_73_421/ZLE[4],SRB_64_425/A_E5,1359,579,-780,780,57.395143487858725,0.9799304146992599,9,0,1,atlas
21,760315,SRB_98_18/ZDE[3],SRB_98_14/A_GM,618,264,-354,354,57.28155339805825,0.9797490621206535,4,0,0,atlas
22,995,SRB_92_172/ZLE[7],SRB_84_173/S_F5,966,416,-550,550,56.935817805383024,0.9791870367151385,8,0,0,atlas
23,900773,SRB_94_212/ZLW[2],SRB_93_220/ZSNB[2],1032,448,-584,584,56.58914728682171,0.9786079990933998,8,0,0,atlas
24,104236,SRB_104_456/ZLW[2],SRB_104_465/ZSNA[3],981,431,-550,550,56.065239551478086,0.9777025580382729,9,0,0,atlas
25,754705,SRB_90_463/ZLE[0],SRB_92_469/ZSEA[2],991,441,-550,550,55.499495459132184,0.9766822367006263,6,0,0,atlas
26,435994,SRB_75_537/ZDE[6],SRB_65_536/ZSNB[7],1053,469,-584,584,55.46058879392213,0.9766103964204722,10,0,1,atlas
27,504044,SRB_90_246/ZLE[4],SRB_90_255/ZSSA[5],992,442,-550,550,55.443548387096776,0.9765788628596985,9,0,1,atlas
28,192831,SRB_68_219/ZLE[4],SRB_60_203/ZSWA[4],1339,599,-740,740,55.26512322628827,0.9762461509464162,16,0,1,atlas
29,9320,SRB_72_248/ZLE[4],SRB_62_232/ZSNB[5],1414,634,-780,780,55.16265912305516,0.9760529783528475,16,0,2,atlas
30,272652,SRB_75_507/ZLE[7],SRB_90_498/ZSEB[6],1087,488,-599,599,55.10579576816927,0.9759451067716542,15,1,0,fallback_block
31,30349,SRB_75_108/ZLE[4],SRB_73_83/ZSSB[4],1255,566,-689,689,54.90039840637451,0.9755514482712927,25,0,0,atlas
32,297048,SRB_91_8/ZLW[5],SRB_95_28/ZSSA[0],1348,608,-740,740,54.89614243323442,0.9755432244724312,20,0,0,atlas
33,796224,SRB_104_542/ZLW[4],SRB_105_541/ZSSA[5],1004,454,-550,550,54.7808764940239,0.9753194546916685,1,0,0,atlas
34,389360,SRB_96_540/ZLW[5],SRB_96_506/S_C5,1430,650,-780,780,54.54545454545454,0.9748561216525694,34,0,0,atlas
35,793268,SRB_92_37/ZLE[7],SRB_91_35/A_B2,1010,460,-550,550,54.45544554455446,0.9746767149107961,2,0,0,atlas
36,816038,SRB_92_343/ZLW[5],SRB_87_350/ZLE[1],1128,514,-614,614,54.43262411347518,0.9746310265711219,7,1,1,fallback_block
37,189592,SRB_91_418/ZLE[7],SRB_91_412/ZSWB[3],1024,474,-550,550,53.7109375,0.973143490516063,6,0,0,atlas
38,21452,SRB_101_468/ZDW[0],SRB_100_469/ZLN[0],660,306,-354,354,53.63636363636364,0.9729849588214946,1,0,0,atlas
39,352121,SRB_73_139/ZLE[7],SRB_72_155/S_F1,1223,568,-655,655,53.556827473426004,0.9728148608992522,16,0,1,atlas
40,728070,SRB_67_112/ZLE[7],SRB_72_101/ZSSA[7],1037,482,-555,555,53.51976856316297,0.9727352455256278,11,0,1,atlas
41,479914,SRB_99_245/ZLW[4],SRB_96_224/ZSSB[7],1393,649,-744,744,53.409906676238336,0.972497870473206,21,0,0,atlas
42,335945,SRB_105_343/ZLW[5],SRB_102_335/ZSEB[7],1035,485,-550,550,53.14009661835749,0.9719062186356024,8,0,0,atlas
43,26675,SRB_72_128/ZLE[0],SRB_72_156/A_H5,1284,605,-679,679,52.8816199376947,0.9713276587614025,28,0,1,atlas
44,280167,SRB_95_462/ZLE[7],SRB_93_446/ZSSA[1],1042,492,-550,550,52.783109404990405,0.9711040814136623,16,0,1,atlas
45,13727,SRB_74_421/ZDE[3],SRB_65_428/ZSNB[4],1109,525,-584,584,52.66005410279531,0.9708223834179666,9,0,1,atlas
46,471040,SRB_67_215/ZLE[7],SRB_67_251/ZSWB[0],1241,590,-651,651,52.45769540692989,0.9703532505686875,36,0,1,atlas
47,362876,SRB_75_434/ZLE[7],SRB_80_454/ZLE[2],1287,614,-673,673,52.292152292152295,0.9699639496510538,20,1,1,fallback_block
48,682237,SRB_75_509/ZSEB[1],SRB_75_532/A_B3,1117,533,-584,584,52.28290062667861,0.9699420449710424,23,0,0,atlas
49,949243,SRB_90_135/ZLW[5],SRB_97_124/ZSNA[7],1417,677,-740,740,52.22300635144672,0.9697998554070624,11,0,1,atlas
50,598448,SRB_93_427/ZLW[4],SRB_94_455/ZSSB[4],1276,611,-665,665,52.11598746081505,0.9695441407558004,28,0,1,atlas
51,514855,SRB_91_249/ZLW[7],SRB_94_225/ZLW[1],1424,684,-740,740,51.96629213483146,0.9691828738264798,24,0,0,atlas
52,411,SRB_90_206/ZDW[0],SRB_96_213/ZSNA[1],1124,540,-584,584,51.95729537366548,0.9691610276292393,7,0,1,atlas
53,503649,SRB_75_346/ZLE[0],SRB_70_337/ZLE[4],1466,705,-761,761,51.90995907230559,0.9690458328993267,9,0,0,atlas
54,646075,SRB_74_301/ZDE[5],SRB_71_316/S_F0,1060,510,-550,550,51.886792452830186,0.9689893017723701,15,0,0,atlas
55,144491,SRB_105_486/ZLW[4],SRB_110_487/S_H5,1066,516,-550,550,51.594746716697934,0.9682678790070774,5,0,1,atlas
56,564079,SRB_99_332/ZLW[7],SRB_105_342/A_AM,1513,733,-780,780,51.55320555188367,0.9681639298732169,10,0,1,atlas
57,141793,SRB_100_415/ZSWA[4],SRB_107_417/S_BD,690,336,-354,354,51.30434782608696,0.9675341581940295,7,0,1,atlas
58,937280,SRB_97_528/ZLW[7],SRB_101_511/S_FD,1521,741,-780,780,51.28205128205128,0.9674771389709993,17,0,1,atlas
59,455703,SRB_95_497/ZLE[7],SRB_94_514/ZSWA[2],1075,525,-550,550,51.162790697674424,0.9671704761818761,17,0,0,atlas
60,98282,SRB_74_410/ZLE[4],SRB_71_385/S_A2,1345,659,-686,686,51.00371747211896,0.966757011246088,25,0,0,atlas
61,934767,SRB_90_245/ZLE[0],SRB_91_231/S_H5,1080,530,-550,550,50.92592592592593,0.9665529548643809,14,0,0,atlas
62,204286,SRB_70_9/ZLE[0],SRB_69_10/ZSWA[5],1148,564,-584,584,50.87108013937283,0.9664083483548624,1,0,1,atlas
63,384626,SRB_93_543/ZLW[5],SRB_92_503/ZSSB[5],1460,720,-740,740,50.68493150684932,0.9659129515180542,40,0,0,atlas
64,621060,SRB_98_39/ZLW[2],SRB_95_29/ZSEB[4],1153,569,-584,584,50.65047701647876,0.9658204736631789,10,0,1,atlas
65,808900,SRB_100_120/ZSWA[1],SRB_101_108/ZSEB[0],699,345,-354,354,50.64377682403433,0.9658024613461593,12,0,0,atlas
66,496255,SRB_98_433/ZLW[5],SRB_96_461/ZLW[2],1489,735,-754,754,50.6380120886501,0.9657869563803124,28,0,1,atlas
67,480379,SRB_68_141/ZLE[0],SRB_68_117/ZLN[5],1462,722,-740,740,50.6155950752394,0.9657265973784183,24,0,0,atlas
68,810267,SRB_104_114/ZLW[7],SRB_105_90/S_G0,1090,540,-550,550,50.45871559633027,0.9653012530862564,24,0,0,atlas
69,568064,SRB_36_191/ZLE[0],SRB_36_192/ZDS[0],619,307,-312,312,50.40387722132472,0.9651513511120928,1,0,0,atlas
70,904123,SRB_69_6/ZLE[0],SRB_62_25/ZSNB[7],1469,729,-740,740,50.37440435670524,0.9650705237280369,19,0,1,atlas
71,190732,SRB_101_364/ZLW[2],SRB_103_349/S_E0,1093,543,-550,550,50.32021957913998,0.9649214448283597,15,0,1,atlas
72,500281,SRB_95_300/ZLW[2],SRB_85_270/S_B5,979,487,-492,492,50.25536261491318,0.9647421816705419,30,1,0,fallback_block
73,957231,SRB_100_264/ZSWA[5],SRB_101_266/ZDW[7],705,351,-354,354,50.212765957446805,0.9646239563299169,2,0,0,atlas
74,979404,SRB_92_323/ZLW[5],SRB_97_343/ZSSB[7],1474,734,-740,740,50.20352781546812,0.9645982649084249,20,0,1,atlas
75,922504,SRB_101_95/ZLW[4],SRB_107_98/ZSWB[7],1097,547,-550,550,50.13673655423884,0.9644119714713121,6,0,1,atlas
76,24337,SRB_68_219/ZLE[0],SRB_70_228/A_FD,1166,582,-584,584,50.08576329331046,0.964269150121884,9,0,1,atlas
77,122474,SRB_69_401/ZLE[0],SRB_75_409/ZDS[5],1166,582,-584,584,50.08576329331046,0.964269150121884,8,0,1,atlas
78,431718,SRB_94_540/ZLE[4],SRB_91_541/S_A1,1101,551,-550,550,49.95458673932788,0.9638990157041434,3,0,0,atlas
79,234266,SRB_71_100/ZLE[0],SRB_76_90/ZDE[2],913,457,-456,456,49.94523548740416,0.9638724864808379,10,1,0,fallback_block
80,12125,SRB_104_229/ZLW[2],SRB_109_228/S_E3,1103,553,-550,550,49.86400725294651,0.963641237906289,5,0,1,atlas
81,622921,SRB_100_80/ZSWA[6],SRB_100_73/ZSEB[2],710,356,-354,354,49.859154929577464,0.9636273779394875,7,0,0,atlas
82,999675,SRB_74_540/ZLE[7],SRB_66_521/ZSSB[4],1566,786,-780,780,49.808429118773944,0.9634821761202574,19,0,1,atlas
83,755983,SRB_92_207/ZLW[7],SRB_98_205/ZLS[4],1488,748,-740,740,49.73118279569893,0.9632599663731177,6,0,1,atlas
84,78277,SRB_95_530/ZLW[7],SRB_96_539/S_H0,1178,594,-584,584,49.57555178268252,0.96280823531667,9,0,1,atlas
85,107039,SRB_93_184/ZLE[4],SRB_82_181/S_F2,1112,562,-550,550,49.460431654676256,0.9624705885669008,11,0,0,atlas
86,31965,SRB_74_330/ZLE[0],SRB_63_312/S_C4,1578,798,-780,780,49.42965779467681,0.9623798208327362,18,0,2,atlas
87,553580,SRB_105_444/ZLW[5],SRB_110_460/ZSSA[7],1113,563,-550,550,49.41599281221923,0.962339446861416,16,0,2,atlas
88,9735,SRB_94_332/ZLE[4],SRB_94_359/ZDN[6],1113,563,-550,550,49.41599281221923,0.962339446861416,27,0,1,atlas
89,838822,SRB_90_463/ZLE[0],SRB_75_464/ZSEB[0],1118,568,-550,550,49.19499105545617,0.961680552867806,15,0,0,atlas
90,398211,SRB_90_263/ZLE[0],SRB_89_269/ZSNB[5],1118,568,-550,550,49.19499105545617,0.961680552867806,6,0,0,atlas
91,829862,SRB_67_333/ZLE[7],SRB_65_362/ZSSA[1],1324,674,-650,650,49.09365558912387,0.9613746645972928,29,0,1,atlas
92,164310,SRB_68_200/ZLE[0],SRB_70_207/S_F0,1074,547,-527,527,49.068901303538176,0.9612995789923602,7,0,1,atlas
93,781545,SRB_74_49/ZDE[7],SRB_66_58/ZSWA[7],993,506,-487,487,49.04330312185297,0.9612217831713903,9,0,2,atlas
94,676884,SRB_91_31/ZLE[7],SRB_93_11/ZSWA[2],1123,573,-550,550,48.975957257346394,0.961016378450027,20,0,0,atlas
95,785608,SRB_74_417/ZLE[7],SRB_64_400/ZSNB[2],1424,727,-697,697,48.94662921348314,0.9609265950211408,17,0,1,atlas
96,210166,SRB_97_124/ZLW[5],SRB_101_103/ZSSB[4],1597,817,-780,780,48.84157795867251,0.9606033302075289,21,0,1,atlas
97,920346,SRB_73_404/ZLE[0],SRB_64_399/S_B2,1434,734,-700,700,48.81450488145049,0.9605195968114286,9,0,1,atlas
98,421371,SRB_100_384/ZLW[2],SRB_104_390/ZSNA[7],1127,577,-550,550,48.80212954747116,0.9604812635126468,6,0,0,atlas
99,982139,SRB_69_46/ZLE[7],SRB_71_28/A_G5,1205,621,-584,584,48.46473029045643,0.9594219864946439,18,0,1,atlas
100,305,SRB_94_313/ZLW[7],SRB_87_294/ZSWB[1],1020,526,-494,494,48.431372549019606,0.9593157603411345,19,1,0,fallback_block
101,409797,SRB_95_230/ZLE[7],SRB_91_241/A_G4,1136,586,-550,550,48.41549295774648,0.9592650969094957,11,0,0,atlas
102,974685,SRB_74_400/ZLE[7],SRB_58_401/A_H3,1441,745,-696,696,48.299791811242194,0.9588940859134591,16,0,2,atlas
103,934667,SRB_73_209/ZLE[4],SRB_65_185/S_H5,1419,734,-685,685,48.27343199436223,0.9588090980717479,24,0,1,atlas
104,880803,SRB_75_48/ZDE[6],SRB_74_51/ZLE[1],1007,522,-485,485,48.162859980139025,0.9584507200149371,3,0,1,atlas
105,165924,SRB_91_28/ZLW[4],SRB_96_41/ZLS[2],1544,804,-740,740,47.92746113989637,0.9576775683577802,13,0,1,atlas
106,887702,SRB_103_141/ZLW[2],SRB_108_129/S_A2,1148,598,-550,550,47.90940766550523,0.9576176950932177,12,0,1,atlas
107,121525,SRB_103_521/ZLW[7],SRB_113_513/ZSNB[6],1149,599,-550,550,47.86771105308964,0.9574790938857553,10,0,2,atlas
108,494574,SRB_99_131/ZLW[2],SRB_106_118/ZLE[5],1630,850,-780,780,47.85276073619632,0.9574292905167056,13,0,2,atlas
109,930674,SRB_72_200/ZLE[7],SRB_80_165/ZLE[2],1436,750,-686,686,47.77158774373259,0.9571578846817449,35,1,0,fallback_block
110,958901,SRB_91_523/ZLW[5],SRB_101_515/ZDN[6],1550,810,-740,740,47.74193548387097,0.9570583194574049,10,0,2,atlas
111,290189,SRB_103_501/ZLW[2],SRB_103_480/A_G0,1156,606,-550,550,47.57785467128028,0.9565032710023554,21,0,0,atlas
112,980497,SRB_93_101/ZLW[4],SRB_82_67/ZSNA[0],1275,669,-606,606,47.529411764705884,0.9563380624601974,34,1,0,fallback_block
113,20486,SRB_94_528/ZLE[7],SRB_94_501/ZSSB[3],1159,609,-550,550,47.454702329594475,0.9560820718692662,27,0,0,atlas
114,224962,SRB_96_214/ZLW[2],SRB_91_196/ZLW[4],1236,652,-584,584,47.249190938511326,0.9553702984953124,18,0,1,atlas
115,298990,SRB_93_448/ZLW[5],SRB_94_462/ZLS[2],1294,683,-611,611,47.21792890262751,0.9552610415212779,14,0,1,atlas
116,629329,SRB_108_190/ZLW[2],SRB_108_182/ZDE[3],789,417,-372,372,47.14828897338403,0.9550167181632676,8,0,0,atlas
117,188328,SRB_97_408/ZLW[2],SRB_114_410/S_E1,1656,876,-780,780,47.10144927536232,0.9548516539357206,17,0,3,atlas
118,895785,SRB_98_431/ZLW[5],SRB_105_415/ZSWB[3],1657,877,-780,780,47.07302353651176,0.9547511925916159,16,0,1,atlas
119,784360,SRB_70_204/ZLE[0],SRB_58_202/ZLN[1],1243,659,-584,584,46.98310539018504,0.9544319667755776,12,0,2,atlas
120,336461,SRB_75_427/ZLE[0],SRB_56_435/ZSSA[6],1670,886,-784,784,46.94610778443114,0.9542999807363348,19,0,3,atlas
121,676331,SRB_90_431/ZLW[4],SRB_91_399/S_FD,1387,736,-651,651,46.93583273251622,0.9542632591042854,32,0,0,atlas
122,326878,SRB_90_139/ZLW[7],SRB_87_158/S_E0,1177,626,-551,551,46.813933729821585,0.9538254039828962,19,1,1,fallback_block
123,567784,SRB_92_338/ZLE[4],SRB_93_314/A_H4,1175,625,-550,550,46.808510638297875,0.9538058297098094,24,0,0,atlas
124,902352,SRB_103_386/ZLW[2],SRB_103_382/ZSWA[0],1176,626,-550,550,46.7687074829932,0.9536619148268192,4,0,0,atlas
125,402616,SRB_100_157/ZSWA[7],SRB_100_166/A_F5,757,403,-354,354,46.76354029062087,0.9536431999177334,9,0,0,atlas
126,238743,SRB_99_148/ZLW[2],SRB_106_141/ZLE[7],1656,882,-774,774,46.73913043478261,0.953554690732813,7,0,2,atlas
127,949146,SRB_95_244/ZLE[4],SRB_93_264/A_F3,1178,628,-550,550,46.6893039049236,0.9533735093169533,20,0,1,atlas
128,965981,SRB_69_134/ZLE[0],SRB_55_120/ZDS[6],1587,847,-740,740,46.628859483301824,0.9531527924023636,14,0,2,atlas
129,594114,SRB_103_485/ZLW[2],SRB_119_486/ZSSA[3],1180,630,-550,550,46.61016949152542,0.9530843384501814,16,0,3,atlas
130,534206,SRB_102_534/ZLW[7],SRB_105_509/ZSSA[1],1181,631,-550,550,46.570702794242166,0.9529394668724637,25,0,0,atlas
131,544906,SRB_74_216/ZLE[4],SRB_90_231/ZSEB[3],1193,638,-555,555,46.52137468566639,0.9527577827926564,16,1,0,fallback_block
132,974962,SRB_75_429/ZLE[4],SRB_52_431/A_D0,1679,899,-780,780,46.45622394282311,0.9525167718927894,23,0,3,atlas
133,276762,SRB_75_549/ZSEA[3],SRB_59_548/ZLE[6],1395,748,-647,647,46.37992831541219,0.9522330076997485,16,0,2,atlas
134,277953,SRB_104_311/ZLW[5],SRB_108_334/S_G3,1186,636,-550,550,46.3743676222597,0.952212261409133,23,0,1,atlas
135,772608,SRB_102_101/ZLW[4],SRB_100_110/ZLW[0],1186,636,-550,550,46.3743676222597,0.952212261409133,9,0,0,atlas
136,703383,SRB_104_379/ZLW[5],SRB_108_402/S_A2,1188,638,-550,550,46.2962962962963,0.9519200568440798,23,0,1,atlas
137,841975,SRB_96_515/ZLW[4],SRB_117_511/A_C1,1685,905,-780,780,46.29080118694362,0.9518994242812889,21,0,3,atlas
138,787730,SRB_99_451/ZSEA[6],SRB_99_447/ZSWB[3],765,411,-354,354,46.27450980392157,0.951838204034553,4,0,1,atlas
139,957034,SRB_90_134/ZLE[0],SRB_92_155/ZDS[6],1189,639,-550,550,46.25735912531539,0.9517736725879506,21,0,1,atlas
140,403098,SRB_102_144/ZLW[7],SRB_105_122/ZDS[7],1190,640,-550,550,46.21848739495798,0.9516271008149161,22,0,0,atlas
141,61907,SRB_101_396/ZLW[7],SRB_104_376/ZSEA[0],1191,641,-550,550,46.179680940386234,0.9514803418745045,20,0,0,atlas
142,853719,SRB_66_501/ZLE[4],SRB_65_544/A_E2,1605,865,-740,740,46.10591900311526,0.9512001897800669,43,0,0,atlas
143,952397,SRB_102_142/ZLW[5],SRB_105_168/S_A3,1193,643,-550,550,46.102263202011734,0.9511862638912578,26,0,1,atlas
144,266334,SRB_93_39/ZLE[0],SRB_90_62/ZSSB[1],1193,643,-550,550,46.102263202011734,0.9511862638912578,23,0,1,atlas
145,52184,SRB_75_327/ZSEA[0],SRB_61_345/A_A5,1270,686,-584,584,45.98425196850393,0.9507346417094867,18,0,2,atlas
146,900370,SRB_98_337/ZLW[5],SRB_105_315/S_D5,1697,917,-780,780,45.9634649381261,0.9506546701367091,22,0,1,atlas
147,357291,SRB_92_27/ZLW[2],SRB_81_79/ZSNB[2],1361,736,-625,625,45.92211609110948,0.9504952170823673,52,1,1,fallback_distance
148,970828,SRB_92_430/ZLW[2],SRB_76_456/ZSEB[4],1017,550,-467,467,45.919370698131765,0.9504846122967858,26,1,1,fallback_block
149,646062,SRB_96_512/ZLW[2],SRB_108_506/ZLN[6],1701,921,-780,780,45.85537918871252,0.9502368004881323,12,0,2,atlas
150,846370,SRB_69_522/ZLE[0],SRB_54_535/S_CM,1614,874,-740,740,45.84882280049566,0.9502113422393076,15,0,2,atlas
151,632436,SRB_93_413/ZLE[7],SRB_89_391/S_B5,1200,650,-550,550,45.83333333333333,0.9501511467057719,22,1,0,fallback_block
152,429019,SRB_93_379/ZLE[7],SRB_82_388/A_E4,1202,652,-550,550,45.75707154742096,0.9498537407593882,11,0,0,atlas
153,554088,SRB_73_240/ZLE[7],SRB_79_291/ZSWB[2],1464,795,-669,669,45.69672131147541,0.9496171620505892,51,1,1,fallback_distance
154,375175,SRB_75_128/ZSEB[1],SRB_67_120/ZLS[7],1279,695,-584,584,45.66067240031275,0.9494753285253831,8,0,1,atlas
155,545436,SRB_92_138/ZLW[2],SRB_79_174/ZSNB[3],1101,599,-502,502,45.594913714804726,0.9492156001867526,36,1,1,fallback_block
156,422359,SRB_99_336/ZLW[4],SRB_106_317/S_F3,1712,932,-780,780,45.5607476635514,0.9490801410011114,19,0,2,atlas
157,961423,SRB_75_16/ZSEA[0],SRB_59_7/ZSSA[3],1282,698,-584,584,45.55382215288611,0.9490526403568066,16,0,2,atlas
158,312402,SRB_100_452/ZLW[4],SRB_109_455/ZLW[6],1209,659,-550,550,45.49214226633582,0.9488070756116657,9,0,1,atlas
159,427218,SRB_53_56/ZLW[2],SRB_55_53/ZSSB[3],686,374,-312,312,45.481049562682216,0.9487627903684428,3,0,0,atlas
160,495732,SRB_68_536/ZLE[0],SRB_51_542/S_E1,1628,888,-740,740,45.45454545454545,0.948656827300346,17,0,3,atlas
161,99014,SRB_91_310/ZLE[4],SRB_88_292/ZLN[5],1212,662,-550,550,45.37953795379538,0.948355790686518,18,1,0,fallback_block
162,165414,SRB_90_405/ZLW[7],SRB_75_412/ZDN[5],1031,564,-467,467,45.295829291949566,0.9480178037419792,15,1,0,fallback_block
163,608315,SRB_96_206/ZLW[4],SRB_110_228/ZSNA[2],1724,944,-780,780,45.243619489559165,0.9478059092648637,22,0,2,atlas
164,734195,SRB_90_43/ZLW[4],SRB_95_0/ZDS[4],1636,896,-740,740,45.2322738386308,0.9477597516625046,43,0,0,atlas
165,303591,SRB_37_493/ZLE[4],SRB_33_491/ZDW[4],690,378,-312,312,45.21739130434783,0.9476991446954696,4,0,1,atlas
166,421057,SRB_75_248/ZLE[7],SRB_64_269/ZSWA[7],1508,827,-681,681,45.15915119363395,0.9474613117906062,21,0,2,atlas
167,986988,SRB_91_488/ZLE[7],SRB_96_484/A_B5,784,430,-354,354,45.1530612244898,0.9474363817270497,5,0,1,atlas
168,369838,SRB_107_110/ZLW[4],SRB_107_97/ZLN[2],1041,571,-470,470,45.14889529298751,0.9474193213268293,13,0,0,atlas
169,21949,SRB_68_226/ZLE[7],SRB_54_211/ZDN[5],1643,903,-740,740,45.03956177723676,0.9469696456727239,15,0,2,atlas
170,240884,SRB_100_421/ZLW[5],SRB_100_413/ZLW[2],1222,672,-550,550,45.00818330605565,0.9468399003374174,8,0,0,atlas
171,691855,SRB_98_514/ZLW[5],SRB_118_502/ZSNA[7],1736,957,-779,779,44.873271889400925,0.946278535465328,20,0,4,atlas
172,39478,SRB_108_220/ZLW[7],SRB_106_211/ZSSA[0],830,458,-372,372,44.81927710843374,0.9460522521990384,9,0,0,atlas
173,752842,SRB_104_135/ZLW[2],SRB_109_145/ZLW[5],1229,679,-550,550,44.75183075671277,0.9457682935606084,10,0,1,atlas
174,653342,SRB_97_218/ZLW[4],SRB_99_262/ZSSB[6],1528,845,-683,683,44.69895287958115,0.9455446546424808,44,0,1,atlas
175,728443,SRB_73_426/ZLE[7],SRB_55_443/A_FD,1748,968,-780,780,44.62242562929062,0.945219406141777,18,0,3,atlas
176,836844,SRB_109_175/ZLW[4],SRB_105_169/A_B2,835,463,-372,372,44.550898203592816,0.9449137009537351,6,0,1,atlas
177,773492,SRB_68_119/ZLE[4],SRB_78_97/ZDW[1],1071,594,-477,477,44.537815126050425,0.9448576053782407,22,1,1,fallback_block
178,356528,SRB_75_229/ZDE[6],SRB_62_209/ZSNB[7],1312,728,-584,584,44.51219512195122,0.9447475951179306,20,0,2,atlas
179,772597,SRB_60_140/ZLW[2],SRB_62_136/S_G2,791,439,-352,352,44.50063211125158,0.9446978746588927,4,0,0,atlas
180,325317,SRB_105_22/ZLW[2],SRB_107_9/ZLW[6],1236,686,-550,550,44.49838187702265,0.9446881936948103,13,0,1,atlas
181,222071,SRB_75_420/ZDE[3],SRB_60_407/ZSSB[7],1317,733,-584,584,44.34320425208808,0.9440166018669457,15,0,2,atlas
182,307996,SRB_96_0/ZLW[3],SRB_116_8/ZLS[3],1764,984,-780,780,44.21768707482993,0.9434675896672142,20,0,3,atlas
183,469706,SRB_104_444/ZLW[4],SRB_100_457/ZLN[1],1245,695,-550,550,44.17670682730924,0.9432872126677193,13,0,1,atlas
184,909090,SRB_92_442/ZLW[2],SRB_102_423/ZSWB[3],1676,936,-740,740,44.1527446300716,0.9431814828901992,19,0,2,atlas
185,873825,SRB_92_509/ZLW[5],SRB_110_504/A_E3,1680,940,-740,740,44.047619047619044,0.9427153658555383,18,0,3,atlas
186,814346,SRB_96_221/ZLW[2],SRB_100_252/ZDW[0],1746,977,-769,769,44.04352806414662,0.9426971519938997,31,0,2,atlas
187,512602,SRB_68_244/ZLE[7],SRB_63_267/ZDS[6],1342,751,-591,591,44.03874813710879,0.9426758637004051,23,0,2,atlas
188,930534,SRB_69_47/ZLE[0],SRB_57_66/ZSNA[7],1479,828,-651,651,44.01622718052739,0.9425754591188953,19,0,3,atlas
189,234870,SRB_107_115/ZLW[2],SRB_108_122/S_C4,847,475,-372,372,43.91971664698938,0.9421432527738907,7,0,0,atlas
190,364549,SRB_91_285/ZLE[7],SRB_91_307/A_F0,1253,703,-550,550,43.89465283320032,0.9420304933935139,22,0,0,atlas
191,252354,SRB_107_444/ZLW[4],SRB_105_430/ZSNB[5],807,453,-354,354,43.866171003717476,0.9419020979291596,14,0,1,atlas
192,52718,SRB_68_413/ZLE[0],SRB_53_431/ZLW[4],1688,948,-740,740,43.838862559241704,0.9417787330245463,18,0,2,atlas
193,889588,SRB_74_36/ZLE[0],SRB_83_85/ZSEB[1],1381,777,-604,604,43.73642288196959,0.9413136972770833,49,1,1,fallback_distance
194,690129,SRB_104_469/ZLW[5],SRB_110_449/A_AD,1263,713,-550,550,43.547110055423595,0.9404447950234721,20,0,2,atlas
195,9691,SRB_73_311/ZLE[0],SRB_73_373/ZSSA[0],1571,887,-684,684,43.539147040101845,0.9404079746104037,62,0,1,fallback_distance
196,582272,SRB_107_507/ZLW[7],SRB_111_509/A_B2,855,483,-372,372,43.50877192982456,0.9402673195549403,4,0,0,atlas
197,316878,SRB_105_396/ZLW[2],SRB_111_368/ZSSA[1],1270,720,-550,550,43.30708661417323,0.9393252016469655,28,0,1,atlas
198,453550,SRB_93_149/ZLW[4],SRB_92_111/ZLE[1],1602,909,-693,693,43.258426966292134,0.9390957547813525,38,0,0,atlas
199,741393,SRB_104_495/ZLW[7],SRB_108_524/ZDN[3],1275,725,-550,550,43.13725490196079,0.938520729170958,29,0,1,atlas
200,104320,SRB_52_511/ZLW[5],SRB_52_518/S_D2,724,412,-312,312,43.0939226519337,0.9383138213019135,7,0,0,atlas
201,121935,SRB_91_123/ZLW[7],SRB_104_108/ZSWA[2],1719,979,-740,740,43.04828388598022,0.9380951710817101,15,0,2,atlas
202,966790,SRB_75_309/ZSEB[1],SRB_76_272/S_C0,1163,663,-500,500,42.992261392949274,0.9378257477228028,37,1,0,fallback_block
203,173501,SRB_105_137/ZLW[2],SRB_116_123/S_D5,1281,731,-550,550,42.9352068696331,0.9375501947368662,14,0,2,atlas
204,644243,SRB_49_311/ZLE[0],SRB_50_317/A_E3,820,468,-352,352,42.926829268292686,0.9375096345280187,6,0,0,atlas
205,766881,SRB_90_64/ZLE[0],SRB_91_101/ZDW[1],1282,732,-550,550,42.90171606864275,0.9373878960069723,37,0,0,atlas
206,45494,SRB_103_111/ZLW[7],SRB_101_150/ZSNB[7],1283,733,-550,550,42.868277474668744,0.9372254431030873,39,0,1,atlas
207,658725,SRB_42_390/ZLE[0],SRB_42_391/ZSEB[1],728,416,-312,312,42.857142857142854,0.9371712579368597,1,0,0,atlas
208,690518,SRB_46_398/ZSWA[4],SRB_49_399/ZSSB[4],364,208,-156,156,42.857142857142854,0.9371712579368597,3,0,0,atlas
209,755320,SRB_109_429/ZLW[4],SRB_107_433/A_FD,868,496,-372,372,42.857142857142854,0.9371712579368597,4,0,0,atlas
210,10950,SRB_96_305/ZLE[7],SRB_98_322/ZSNB[7],869,497,-372,372,42.8078250863061,0.9369307148393085,17,0,0,atlas
211,456263,SRB_105_474/ZLW[2],SRB_118_482/ZSNA[3],1288,738,-550,550,42.701863354037265,0.9364108786534661,13,0,3,atlas
212,808092,SRB_96_247/ZLW[2],SRB_114_224/ZSNB[4],1828,1048,-780,780,42.669584245076585,0.9362516991918823,23,0,3,atlas
213,750877,SRB_102_451/ZLW[7],SRB_114_465/ZSSB[2],1289,739,-550,550,42.668735453840185,0.9362475083130123,14,0,2,atlas
214,757545,SRB_40_406/ZSWB[3],SRB_43_408/ZSEB[4],366,210,-156,156,42.62295081967213,0.9360210529647375,3,0,0,atlas
215,72349,SRB_72_104/ZLE[0],SRB_63_82/A_A1,1542,885,-657,657,42.60700389105058,0.9359419953828289,22,0,2,atlas
216,854692,SRB_107_360/ZLW[5],SRB_107_371/S_FM,874,502,-372,372,42.5629290617849,0.9357230009219945,11,0,0,atlas
217,491774,SRB_100_350/ZSWA[7],SRB_110_335/ZSNB[7],833,479,-354,354,42.49699879951981,0.9353940617304137,15,0,2,atlas
218,339863,SRB_104_45/ZLW[5],SRB_108_83/S_B5,1295,745,-550,550,42.471042471042466,0.9352641145321846,38,0,2,atlas
219,889138,SRB_95_17/ZLE[4],SRB_85_50/S_H1,1437,827,-610,610,42.44954766875435,0.9351563122273617,33,1,1,fallback_block
220,227794,SRB_74_406/ZDE[5],SRB_78_386/ZDE[3],1100,634,-466,466,42.36363636363637,0.9347237085024703,20,1,0,fallback_block
221,859612,SRB_92_0/ZLW[3],SRB_101_15/A_AD,1752,1012,-740,740,42.23744292237443,0.9340832050859812,15,0,2,atlas
222,862748,SRB_93_208/ZLW[7],SRB_90_175/A_F2,1319,762,-557,557,42.2289613343442,0.9340399391568457,33,0,0,atlas
223,76459,SRB_96_188/ZLE[7],SRB_97_175/S_F1,881,509,-372,372,42.22474460839955,0.9340184187600389,13,0,0,atlas
224,46369,SRB_90_104/ZLW[7],SRB_116_102/ZSSB[0],1755,1015,-740,740,42.16524216524217,0.9337140193349885,26,0,4,atlas
225,99838,SRB_96_222/ZLW[4],SRB_105_194/A_D3,1663,962,-701,701,42.15273601924233,0.9336498688001281,28,0,1,atlas
226,737485,SRB_96_346/ZLW[4],SRB_95_329/ZLW[1],1388,804,-584,584,42.07492795389049,0.9332494018830555,17,0,1,atlas
227,127398,SRB_58_198/ZLW[4],SRB_62_200/S_H3,837,485,-352,352,42.05495818399044,0.933146244603524,4,0,0,atlas
228,302235,SRB_69_317/ZLE[4],SRB_50_339/ZSSB[4],1761,1021,-740,740,42.02157864849517,0.9329734731554675,22,0,3,atlas
229,526943,SRB_95_77/ZLE[0],SRB_74_92/ZDE[0],1309,759,-550,550,42.016806722689076,0.9329487386275355,21,0,0,atlas
230,944002,SRB_48_331/ZLW[2],SRB_52_329/A_G3,744,432,-312,312,41.935483870967744,0.9325258574596947,4,0,1,atlas
231,912933,SRB_105_286/ZLW[4],SRB_101_328/ZSWB[3],1312,762,-550,550,41.920731707317074,0.9324488704598556,42,0,0,atlas
232,792049,SRB_74_222/ZLE[7],SRB_78_178/ZDW[4],1465,851,-614,614,41.911262798634816,0.9323994104801925,44,1,0,fallback_block
233,980894,SRB_109_109/ZLW[5],SRB_105_94/S_A3,845,491,-354,354,41.89349112426036,0.9323064874002859,15,0,1,atlas
234,654671,SRB_69_25/ZLE[7],SRB_71_53/S_E5,1146,666,-480,480,41.8848167539267,0.9322610868092409,28,0,2,atlas
235,160220,SRB_75_125/ZDE[3],SRB_62_150/ZSNA[3],1216,707,-509,509,41.85855263157895,0.932123444384911,25,0,3,atlas
236,844641,SRB_49_406/ZLE[4],SRB_48_391/ZDS[4],841,489,-352,352,41.85493460166468,0.9321044622350694,15,0,0,atlas
237,573328,SRB_109_168/ZLW[2],SRB_110_152/A_A5,891,519,-372,372,41.75084175084175,0.9315561360398584,16,0,0,atlas
238,547330,SRB_90_423/ZLE[7],SRB_94_460/S_G2,1323,773,-550,550,41.57218442932729,0.9306050582034103,37,0,1,atlas
239,396810,SRB_95_455/ZLE[0],SRB_91_437/ZLW[6],1323,773,-550,550,41.57218442932729,0.9306050582034103,18,0,1,atlas
240,111678,SRB_97_0/ZLW[3],SRB_110_33/ZSSA[3],1897,1109,-788,788,41.5392725355825,0.9304284681424291,33,0,2,atlas
241,586251,SRB_101_467/ZLW[2],SRB_118_473/ZSNA[4],1325,775,-550,550,41.509433962264154,0.9302679937746636,17,0,3,atlas
242,790079,SRB_53_537/ZLW[2],SRB_52_523/ZDS[3],752,440,-312,312,41.48936170212766,0.930159842798987,14,0,0,atlas
243,747716,SRB_94_463/ZLE[7],SRB_75_472/S_CM,1326,776,-550,550,41.47812971342383,0.9300992534013962,19,0,0,atlas
244,823493,SRB_67_519/ZLE[0],SRB_41_524/A_F5,1785,1045,-740,740,41.45658263305322,0.9299828788396367,26,0,4,atlas
245,262409,SRB_48_486/ZLE[7],SRB_45_489/ZSNA[7],850,498,-352,352,41.411764705882355,0.9297402213743632,3,0,1,atlas
246,196293,SRB_98_125/ZLW[4],SRB_98_167/ZLE[1],1615,949,-666,666,41.23839009287926,0.9287938678662433,42,0,1,atlas
247,184209,SRB_99_201/ZSEA[6],SRB_97_207/ZLS[2],859,505,-354,354,41.21071012805588,0.9286416465753571,6,0,0,atlas
248,310725,SRB_60_233/ZLW[7],SRB_61_245/ZSNA[2],855,503,-352,352,41.16959064327486,0.9284149382455475,12,0,0,atlas
249,969405,SRB_104_297/ZLW[5],SRB_106_273/ZLE[2],1337,787,-550,550,41.13687359760658,0.928234060680565,24,0,1,atlas
250,464984,SRB_66_527/ZLE[0],SRB_60_487/ZDS[1],1382,814,-568,568,41.09985528219971,0.9280288727637437,40,0,1,atlas
251,12488,SRB_71_547/ZLE[0],SRB_73_513/ZLE[4],1421,837,-584,584,41.097818437719916,0.9280175664108353,34,0,0,atlas
252,568666,SRB_106_112/ZLW[2],SRB_100_104/ZSNA[1],915,539,-376,376,41.092896174863384,0.9279902362831915,8,0,1,atlas
253,180042,SRB_105_299/ZLW[5],SRB_101_250/ZDN[5],1340,790,-550,550,41.04477611940299,0.9277225302130474,49,0,0,fallback_distance
254,152385,SRB_94_469/ZLE[7],SRB_82_498/ZSSA[5],1341,791,-550,550,41.01416853094705,0.9275517530048881,29,0,0,atlas
255,701249,SRB_98_39/ZLW[7],SRB_103_73/A_E2,1662,981,-681,681,40.974729241877256,0.927331126036942,34,0,2,atlas
256,388580,SRB_104_425/ZLW[5],SRB_114_425/ZLN[0],1344,794,-550,550,40.922619047619044,0.9270386252121292,10,0,2,atlas
257,677313,SRB_72_17/ZLE[4],SRB_63_59/S_BM,1723,1020,-703,703,40.800928612884505,0.9263511443827425,42,0,3,atlas
258,500026,SRB_58_154/ZLW[7],SRB_60_139/ZDN[6],863,511,-352,352,40.78794901506373,0.9262774504779234,15,0,1,atlas
259,28260,SRB_59_299/ZLW[7],SRB_59_279/ZSSA[0],863,511,-352,352,40.78794901506373,0.9262774504779234,20,0,0,atlas
260,923694,SRB_98_412/ZDE[6],SRB_92_417/A_B3,868,514,-354,354,40.78341013824885,0.926251663490356,6,0,1,atlas
261,630015,SRB_90_319/ZLW[7],SRB_95_360/ZLN[6],1611,954,-657,657,40.78212290502793,0.9262443486778486,41,0,1,atlas
262,170246,SRB_98_310/ZLW[2],SRB_112_343/ZSNA[4],1918,1138,-780,780,40.667361835245046,0.9255893978473416,33,0,3,atlas
263,824457,SRB_59_77/ZLW[2],SRB_61_65/ZLE[3],866,514,-352,352,40.64665127020785,0.9254706068631804,12,0,0,atlas
264,304010,SRB_51_477/ZSEA[6],SRB_51_477/ZSWB[6],385,229,-156,156,40.519480519480524,0.9247371791739064,0,0,0,atlas
265,541291,SRB_48_467/ZLE[4],SRB_47_479/A_G3,869,517,-352,352,40.50632911392405,0.9246609369828438,12,0,0,atlas
266,307584,SRB_73_503/ZLE[0],SRB_79_461/ZDN[6],1440,857,-583,583,40.486111111111114,0.9245435830957704,42,1,0,fallback_block
267,727093,SRB_90_532/ZSWA[6],SRB_114_530/ZSNB[5],1444,860,-584,584,40.443213296398895,0.9242940040096733,24,0,4,atlas
268,360369,SRB_93_234/ZLW[5],SRB_92_287/ZSEA[5],1548,923,-625,625,40.37467700258398,0.923893614141711,53,0,1,fallback_distance
269,803518,SRB_94_518/ZLE[0],SRB_83_484/ZSEA[7],1363,813,-550,550,40.352164343360236,0.9237616517147119,34,1,0,fallback_block
270,611925,SRB_86_456/ZLE[7],SRB_93_454/S_E5,487,291,-196,196,40.24640657084189,0.9231387853377729,7,0,0,atlas
271,168104,SRB_105_172/ZLW[5],SRB_110_133/ZSNB[7],1367,817,-550,550,40.23408924652524,0.9230659249001506,39,0,2,atlas
272,148456,SRB_66_233/ZLE[4],SRB_47_205/A_C3,1841,1101,-740,740,40.19554589896796,0.9228375015578518,28,0,3,atlas
273,461267,SRB_95_393/ZLE[7],SRB_80_370/ZLS[7],1370,820,-550,550,40.14598540145985,0.9225428293399393,23,0,0,atlas
274,892553,SRB_75_347/ZDE[7],SRB_54_332/ZSWB[6],1455,871,-584,584,40.13745704467354,0.9224920134323302,21,0,3,atlas
275,374740,SRB_55_237/ZLW[4],SRB_52_226/ZSSA[7],778,466,-312,312,40.102827763496144,0.9222853472152616,11,0,0,atlas
276,972409,SRB_99_13/ZSEA[6],SRB_98_39/ZDW[5],883,529,-354,354,40.09060022650057,0.9222122475043807,26,0,0,atlas
277,998866,SRB_105_10/ZLW[5],SRB_118_7/ZLS[2],1373,823,-550,550,40.05826656955572,0.9220186296298344,13,0,3,atlas
278,479295,SRB_102_259/ZLW[5],SRB_110_278/ZDW[3],1373,823,-550,550,40.05826656955572,0.9220186296298344,19,0,1,atlas
279,136771,SRB_67_305/ZLE[0],SRB_69_364/S_G3,1623,973,-650,650,40.04929143561306,0.9219648035010232,59,0,1,fallback_distance
280,770918,SRB_92_428/ZLW[4],SRB_96_397/ZLW[2],1639,983,-656,656,40.02440512507627,0.9218153675510583,31,0,1,atlas
281,714172,SRB_60_351/ZLW[7],SRB_66_361/A_B1,920,552,-368,368,40.0,0.9216685544064713,10,0,1,atlas
282,544817,SRB_107_57/ZLW[5],SRB_109_70/A_GM,930,558,-372,372,40.0,0.9216685544064713,13,0,0,atlas
283,987837,SRB_98_416/ZLW[5],SRB_98_348/A_G0,1734,1042,-692,692,39.90772779700115,0.9211110819458498,68,0,1,fallback_distance
284,800018,SRB_95_192/ZLE[7],SRB_97_188/A_FD,888,534,-354,354,39.86486486486486,0.920850828597794,4,0,1,atlas
285,677352,SRB_101_440/ZLW[5],SRB_118_426/A_H2,1380,830,-550,550,39.85507246376812,0.9207912560944326,17,0,3,atlas
286,959984,SRB_103_192/ZLW[7],SRB_107_227/A_E3,1381,831,-550,550,39.826212889210716,0.9206154374626542,35,0,1,atlas
287,828320,SRB_73_342/ZLE[0],SRB_48_314/ZSSA[3],1961,1181,-780,780,39.77562468128506,0.9203063403405525,28,0,4,atlas
288,917403,SRB_92_321/ZLE[7],SRB_85_286/A_H1,1385,835,-550,550,39.71119133574007,0.9199109779643269,35,1,0,fallback_block
289,339173,SRB_100_370/ZLW[4],SRB_119_383/S_EM,1387,837,-550,550,39.65392934390771,0.9195580420909587,19,0,3,atlas
290,981496,SRB_36_433/ZLE[7],SRB_35_432/ZSNA[3],787,475,-312,312,39.64421855146124,0.919498041756159,1,0,0,atlas
291,984559,SRB_72_49/ZLE[7],SRB_53_17/A_D5,1900,1147,-753,753,39.631578947368425,0.9194198808678059,32,0,3,atlas
292,515598,SRB_74_306/ZDE[7],SRB_77_263/ZSSB[2],1179,712,-467,467,39.609838846480066,0.9192852741602188,43,1,0,fallback_block
293,681326,SRB_102_222/ZLW[7],SRB_111_258/S_G1,1390,840,-550,550,39.568345323741006,0.9190277634193947,36,0,2,atlas
294,684806,SRB_75_310/ZSEB[1],SRB_64_279/ZSWA[0],1279,773,-506,506,39.56215793588741,0.9189892968452131,31,0,1,atlas
295,71495,SRB_73_133/ZLE[4],SRB_44_143/ZSSA[4],1972,1192,-780,780,39.553752535496955,0.9189370129971878,29,0,5,atlas
296,249328,SRB_95_120/ZLW[7],SRB_101_137/S_C2,1477,893,-584,584,39.53960731211916,0.9188489529438132,17,0,2,atlas
297,143716,SRB_68_313/ZLE[4],SRB_79_271/ZDS[5],1208,731,-477,477,39.48675496688742,0.918519113207073,42,1,1,fallback_block
298,436874,SRB_74_531/ZLE[4],SRB_75_466/S_CM,1735,1050,-685,685,39.481268011527376,0.918484796876019,65,0,0,fallback_distance
299,609930,SRB_98_235/ZLW[4],SRB_102_189/ZSSA[3],1767,1070,-697,697,39.44538766270515,0.9182600538621362,46,0,1,atlas
300,285148,SRB_104_2/ZLW[7],SRB_113_22/ZLW[0],1395,845,-550,550,39.42652329749104,0.9181416557002772,20,0,2,atlas
301,270884,SRB_91_424/ZLE[0],SRB_89_381/A_GD,1396,846,-550,550,39.39828080229226,0.917964090768974,43,1,0,fallback_block
302,428000,SRB_102_220/ZLW[5],SRB_116_193/ZDW[4],1396,846,-550,550,39.39828080229226,0.917964090768974,27,0,2,atlas
303,381935,SRB_95_9/ZLW[7],SRB_109_15/A_G4,1483,899,-584,584,39.37963587322994,0.9178466652359749,14,0,3,atlas
304,107358,SRB_97_314/ZLW[7],SRB_106_281/A_CD,1749,1061,-688,688,39.33676386506575,0.9175760472938379,33,0,2,atlas
305,756480,SRB_106_214/ZLW[5],SRB_103_200/ZLS[0],900,546,-354,354,39.33333333333333,0.9175543561652341,14,0,1,atlas
306,248707,SRB_91_407/ZLW[4],SRB_88_453/ZSSA[7],1462,887,-575,575,39.3296853625171,0.9175312841838887,46,1,1,fallback_block
307,305051,SRB_90_8/ZLW[4],SRB_84_60/S_H0,1535,932,-603,603,39.28338762214983,0.9172379318461631,52,1,1,fallback_distance
308,528061,SRB_47_170/ZLW[4],SRB_51_180/A_EM,795,483,-312,312,39.24528301886793,0.9169957441744172,10,0,0,atlas
309,239215,SRB_59_391/ZLW[4],SRB_63_374/ZSSA[4],898,546,-352,352,39.198218262806236,0.9166956709944147,17,0,0,atlas
310,778311,SRB_59_328/ZLW[7],SRB_68_316/ZSSA[1],899,547,-352,352,39.15461624026697,0.9164167496050408,12,0,1,atlas
311,879105,SRB_103_136/ZLW[5],SRB_106_171/ZLN[6],1405,855,-550,550,39.14590747330961,0.9163609328582213,35,0,2,atlas
312,6475,SRB_90_408/ZSWA[0],SRB_102_393/S_FM,1375,837,-538,538,39.127272727272725,0.9162413781668278,15,0,2,atlas
313,62565,SRB_95_526/ZLE[4],SRB_93_482/S_CD,1406,856,-550,550,39.11806543385491,0.9161822467525116,44,0,0,atlas
314,334027,SRB_107_453/ZLW[2],SRB_117_447/ZSSB[3],951,579,-372,372,39.11671924290221,0.9161735978517905,10,0,2,atlas
315,627261,SRB_99_354/ZSEA[6],SRB_92_356/A_G3,905,551,-354,354,39.11602209944751,0.9161691185644841,7,0,1,atlas
316,336929,SRB_75_131/ZLE[7],SRB_67_172/ZSSA[5],1620,987,-633,633,39.07407407407407,0.9158991724309786,41,0,2,atlas
317,830143,SRB_104_191/ZLW[4],SRB_107_233/A_G1,1408,858,-550,550,39.0625,0.9158245441687624,42,0,1,atlas
318,607136,SRB_91_112/ZDW[0],SRB_106_119/A_EM,1496,912,-584,584,39.037433155080215,0.915662699009697,15,0,3,atlas
319,427590,SRB_101_127/ZLW[5],SRB_103_170/ZDW[7],1409,859,-550,550,39.03477643718949,0.9156455283716699,43,0,1,atlas
320,25543,SRB_101_11/ZLW[7],SRB_111_53/ZSNB[7],1409,859,-550,550,39.03477643718949,0.9156455283716699,42,0,2,atlas
321,801217,SRB_97_368/ZLE[7],SRB_96_394/ZSEB[0],953,581,-372,372,39.03462749213011,0.9156445656256716,26,0,0,atlas
322,400171,SRB_75_224/ZLE[4],SRB_75_274/ZLW[1],1672,1020,-652,652,38.995215311004785,0.9153894450672221,50,0,1,fallback_distance
323,675057,SRB_101_131/ZLW[7],SRB_110_94/A_FD,1411,861,-550,550,38.97944720056697,0.9152871694671988,37,0,1,atlas
324,532207,SRB_98_466/ZLE[4],SRB_96_486/ZSNB[5],956,584,-372,372,38.912133891213394,0.9148492294933697,20,0,0,atlas
325,237162,SRB_39_340/ZLE[0],SRB_39_332/ZLW[2],802,490,-312,312,38.90274314214464,0.9147879616431531,8,0,0,atlas
326,798143,SRB_74_325/ZLE[4],SRB_63_276/ZSWA[6],1739,1063,-676,676,38.87291546866015,0.9145930781420724,49,0,2,fallback_distance
327,210200,SRB_109_490/ZLW[2],SRB_114_490/ZSSB[5],957,585,-372,372,38.87147335423197,0.9145836450911236,5,0,1,atlas
328,806790,SRB_100_371/ZSWA[0],SRB_110_393/ZDN[7],911,557,-354,354,38.85839736553238,0.9144980679709579,22,0,1,atlas
329,896034,SRB_107_375/ZLW[5],SRB_107_380/ZSWA[2],958,586,-372,372,38.83089770354906,0.9143178263333872,5,0,0,atlas
330,460008,SRB_109_542/ZLW[2],SRB_109_506/ZSNA[2],958,586,-372,372,38.83089770354906,0.9143178263333872,36,0,0,atlas
331,749981,SRB_67_314/ZLE[0],SRB_67_359/ZLN[5],1587,971,-616,616,38.81537492123503,0.9142159248173678,45,0,1,atlas
332,351407,SRB_90_41/ZDW[0],SRB_83_60/ZSSA[1],876,536,-340,340,38.81278538812785,0.9141989141957655,19,1,1,fallback_block
333,27091,SRB_51_490/ZLE[0],SRB_46_486/S_CM,907,555,-352,352,38.80926130099228,0.9141757593204628,5,0,0,atlas
334,628926,SRB_59_483/ZLW[5],SRB_60_468/ZLN[5],907,555,-352,352,38.80926130099228,0.9141757593204628,15,0,0,atlas
335,950958,SRB_90_113/ZLE[7],SRB_95_62/A_F5,1418,868,-550,550,38.787023977433,0.9140295121523597,51,0,0,fallback_distance
336,200288,SRB_102_219/ZLW[5],SRB_114_207/ZSWA[2],1419,869,-550,550,38.759689922480625,0.9138494194403485,12,0,2,atlas
337,640031,SRB_73_118/ZLE[4],SRB_74_66/A_F5,1548,948,-600,600,38.759689922480625,0.9138494194403485,52,0,0,fallback_distance
338,184911,SRB_90_100/ZSWA[4],SRB_91_55/ZSSB[4],1249,765,-484,484,38.75100080064051,0.9137920950034368,45,0,0,atlas
339,92406,SRB_97_266/ZLE[7],SRB_94_256/ZSSA[7],961,589,-372,372,38.70967741935484,0.9135189748395107,10,0,1,atlas
340,460120,SRB_100_135/ZSWB[7],SRB_119_132/ZLN[7],918,564,-354,354,38.56209150326798,0.9125367704243095,19,0,3,atlas
341,143069,SRB_100_439/ZLW[5],SRB_111_460/ZLW[1],1427,877,-550,550,38.542396636299934,0.9124048959992395,21,0,2,atlas
342,268720,SRB_94_404/ZLW[5],SRB_90_373/ZLW[1],1200,738,-462,462,38.5,0.9121203692077173,31,0,0,atlas
343,320920,SRB_75_415/ZDE[5],SRB_51_428/S_H3,1517,933,-584,584,38.49703361898484,0.912100428646408,24,0,4,atlas
344,403071,SRB_49_269/ZLE[4],SRB_47_283/ZDN[0],915,563,-352,352,38.46994535519126,0.9119181365380664,14,0,0,atlas
345,635750,SRB_105_546/ZLW[2],SRB_100_509/ZLW[0],1431,881,-550,550,38.434661076170514,0.911680147990704,37,0,0,atlas
346,390976,SRB_96_1/ZLW[5],SRB_107_40/ZLW[2],2030,1250,-780,780,38.42364532019704,0.9116057223932076,39,0,2,atlas
347,693808,SRB_36_316/ZLE[7],SRB_33_306/ZSSA[7],812,500,-312,312,38.42364532019704,0.9116057223932076,10,0,1,atlas
348,281359,SRB_74_45/ZLE[4],SRB_72_95/A_AM,1611,992,-619,619,38.42333954065798,0.911603655606174,50,0,1,fallback_distance
349,384527,SRB_91_300/ZLE[0],SRB_93_344/ZLS[7],1433,883,-550,550,38.38101884159107,0.9113171617703807,44,0,0,atlas
350,652531,SRB_98_242/ZLW[4],SRB_118_217/ZLS[1],2035,1255,-780,780,38.32923832923833,0.9109654243468502,25,0,4,atlas
351,1207,SRB_95_538/ZLE[0],SRB_92_494/ZDN[3],1436,886,-550,550,38.3008356545961,0.9107719246569786,44,0,0,atlas
352,377156,SRB_74_247/ZDE[3],SRB_75_194/S_D4,1306,806,-500,500,38.28483920367535,0.9106627687828168,53,0,0,fallback_distance
353,536195,SRB_104_44/ZLW[5],SRB_116_63/ZDW[1],1437,887,-550,550,38.27418232428671,0.9105899782048286,19,0,3,atlas
354,545354,SRB_109_340/ZLW[2],SRB_112_353/S_F0,974,602,-372,372,38.19301848049281,0.9100337403253141,13,0,2,atlas
355,433401,SRB_107_56/ZLW[2],SRB_108_74/A_A4,974,602,-372,372,38.19301848049281,0.9100337403253141,18,0,0,atlas
356,357860,SRB_107_21/ZLW[7],SRB_100_0/S_E3,927,573,-354,354,38.18770226537217,0.9099971920164,21,0,1,atlas
357,180584,SRB_58_358/ZLW[7],SRB_59_338/ZSNA[7],922,570,-352,352,38.17787418655097,0.9099295879561017,20,0,1,atlas
358,334059,SRB_66_348/ZLE[7],SRB_47_373/A_HD,1700,1051,-649,649,38.1764705882353,0.9099199291260902,25,0,4,atlas
359,112675,SRB_90_403/ZDW[0],SRB_99_438/A_H5,1455,900,-555,555,38.144329896907216,0.9096984834583679,35,0,1,atlas
360,19421,SRB_93_134/ZLW[7],SRB_107_160/ZSSB[6],1716,1062,-654,654,38.111888111888106,0.909474437393944,26,0,4,atlas
361,582987,SRB_104_428/ZLW[4],SRB_112_460/ZSSA[6],1444,894,-550,550,38.088642659279785,0.9093135765404136,32,0,3,atlas
362,548854,SRB_72_14/ZLE[0],SRB_44_39/S_D1,2048,1268,-780,780,38.0859375,0.9092948388913872,28,0,5,atlas
363,697655,SRB_69_419/ZLE[7],SRB_39_430/ZSWA[0],1943,1203,-740,740,38.085434894493055,0.9092913571206497,30,0,5,atlas
364,899831,SRB_16_92/ZSEA[2],SRB_16_93/ZLN[1],712,441,-271,271,38.06179775280899,0.9091274683380138,1,0,0,atlas
365,831283,SRB_53_31/ZLE[4],SRB_52_33/S_D3,515,319,-196,196,38.05825242718446,0.9091028624146373,2,0,0,atlas
366,3477,SRB_100_183/ZLW[2],SRB_100_130/A_A3,1447,897,-550,550,38.00967519004838,0.9087650779777697,53,0,1,fallback_distance
367,986710,SRB_106_242/ZLW[5],SRB_102_227/A_C2,956,593,-363,363,37.970711297071134,0.9084932769336816,15,0,1,atlas
368,412013,SRB_67_16/ZLE[4],SRB_33_3/ZSNA[4],1949,1209,-740,740,37.96818881477681,0.9084756542694754,34,0,6,atlas
369,269647,SRB_105_274/ZLW[7],SRB_101_335/ZSNA[0],1449,899,-550,550,37.95721187025535,0.9083989290815675,61,0,0,fallback_distance
370,519672,SRB_90_537/ZLW[2],SRB_112_515/ZSNA[2],1951,1211,-740,740,37.929267042542286,0.9082033275867081,22,0,4,atlas
371,76778,SRB_92_53/ZLE[4],SRB_94_98/ZSSB[1],1451,901,-550,550,37.90489317711923,0.908032396690642,45,0,0,atlas
372,804215,SRB_107_87/ZLW[7],SRB_104_69/S_GD,935,581,-354,354,37.86096256684492,0.9077235514492591,18,0,1,atlas
373,947795,SRB_97_86/ZLE[7],SRB_87_88/A_CM,983,611,-372,372,37.843336724313325,0.907599359299506,10,0,1,atlas
374,331828,SRB_92_189/ZLE[7],SRB_92_150/ZLN[4],1454,904,-550,550,37.82668500687758,0.907481884765519,39,0,0,atlas
375,224480,SRB_43_254/ZLE[0],SRB_42_244/ZSSA[3],825,513,-312,312,37.81818181818182,0.9074218416719472,10,0,1,atlas
376,956477,SRB_66_433/ZLE[0],SRB_51_403/ZLN[6],1894,1178,-716,716,37.80359028511088,0.9073187208824756,30,0,3,atlas
377,663254,SRB_75_407/ZSEA[5],SRB_79_385/A_CM,936,583,-353,353,37.71367521367522,0.9066808607889927,22,1,0,fallback_block
378,309565,SRB_69_500/ZLE[7],SRB_36_506/S_A5,1964,1224,-740,740,37.67820773930753,0.9064281069910415,33,0,5,atlas
379,868095,SRB_74_535/ZDE[3],SRB_56_513/A_BM,1551,967,-584,584,37.65312701482914,0.9062489800629117,22,0,3,atlas
380,730060,SRB_100_369/ZLW[7],SRB_109_328/ZDS[6],1462,912,-550,550,37.61969904240766,0.9060097300478153,41,0,2,atlas
381,141027,SRB_101_294/ZLW[7],SRB_107_250/ZSEA[2],1462,912,-550,550,37.61969904240766,0.9060097300478153,44,0,1,atlas
382,128417,SRB_90_333/ZLE[4],SRB_84_287/ZSNA[3],1463,913,-550,550,37.59398496240601,0.9058252948772451,46,1,0,fallback_block
383,25608,SRB_102_245/ZLW[2],SRB_117_235/ZLW[6],1463,913,-550,550,37.59398496240601,0.9058252948772451,15,0,2,atlas
384,243695,SRB_96_515/ZLE[7],SRB_92_530/A_BM,991,619,-372,372,37.53784056508577,0.9054214008634062,15,0,1,atlas
385,851445,SRB_97_185/ZSEA[0],SRB_98_198/ZLS[7],672,420,-252,252,37.5,0.9051482536448665,13,0,0,atlas
386,143093,SRB_95_122/ZSEA[6],SRB_91_125/ZSSB[6],523,327,-196,196,37.476099426386234,0.9049753443787649,4,0,0,atlas
387,531070,SRB_92_340/ZLE[0],SRB_86_292/A_GD,1468,918,-550,550,37.46594005449591,0.9049017554917961,48,1,0,fallback_block
388,787106,SRB_91_545/ZDW[0],SRB_107_521/ZSNB[2],1559,975,-584,584,37.459910198845414,0.904858052941752,24,0,3,atlas
389,422739,SRB_67_429/ZLE[4],SRB_36_424/ZSNA[0],1976,1236,-740,740,37.449392712550605,0.9047817797484135,31,0,5,atlas
390,89927,SRB_92_102/ZLE[4],SRB_90_151/A_G5,1469,919,-550,550,37.44043567052417,0.9047167771557318,49,0,1,fallback_distance
391,607803,SRB_94_367/ZLE[7],SRB_61_364/ZSSA[0],1469,919,-550,550,37.44043567052417,0.9047167771557318,33,0,2,atlas
392,554810,SRB_96_143/ZLW[4],SRB_107_182/A_FD,1841,1152,-689,689,37.425312330255295,0.904606929129187,39,0,3,atlas
393,8640,SRB_100_177/ZSWB[7],SRB_119_176/S_A1,946,592,-354,354,37.420718816067655,0.9045735404353652,19,0,3,atlas
394,242919,SRB_20_315/ZSWA[0],SRB_22_317/ZSEA[1],417,261,-156,156,37.410071942446045,0.9044961092407473,2,0,0,atlas
395,334690,SRB_45_520/ZLE[7],SRB_43_510/ZSWA[2],834,522,-312,312,37.410071942446045,0.9044961092407473,10,0,0,atlas
396,602619,SRB_90_11/ZLW[5],SRB_78_71/A_D4,1491,934,-557,557,37.35747820254863,0.9041127360535148,60,1,1,fallback_distance
397,935948,SRB_100_194/ZSWA[4],SRB_117_190/S_ED,948,594,-354,354,37.34177215189873,0.9039979663492939,17,0,2,atlas
398,443736,SRB_90_535/ZLW[5],SRB_105_499/ZSNB[5],1766,1107,-659,659,37.315968289920725,0.9038091250957113,36,0,2,atlas
399,39500,SRB_100_192/ZSWB[7],SRB_114_200/ZSSB[0],949,595,-354,354,37.302423603793464,0.9037098594693214,14,0,2,atlas
400,826042,SRB_61_498/ZLW[7],SRB_72_510/ZSEB[0],944,592,-352,352,37.28813559322034,0.9036050407974082,12,0,2,atlas
401,162301,SRB_92_38/ZLW[2],SRB_96_99/A_F5,1734,1088,-646,646,37.254901960784316,0.9033608154663801,61,0,2,fallback_distance
402,430259,SRB_100_109/ZDW[0],SRB_109_129/A_HM,951,597,-354,354,37.22397476340694,0.9031330120002241,20,0,1,atlas
403,769474,SRB_101_425/ZLW[4],SRB_102_468/ZDE[3],1478,928,-550,550,37.21244925575101,0.9030479871600342,43,0,1,atlas
404,601761,SRB_75_319/ZSEA[5],SRB_47_335/ZSNB[4],1570,986,-584,584,37.19745222929936,0.9029372465283202,28,0,4,atlas
405,725915,SRB_49_271/ZLW[4],SRB_51_280/A_B2,839,527,-312,312,37.18712753277711,0.902860937431173,9,0,0,atlas
406,63949,SRB_100_283/ZSWA[0],SRB_102_273/ZDW[6],952,598,-354,354,37.18487394957983,0.9028442737904944,10,0,0,atlas
407,541417,SRB_68_325/ZLE[7],SRB_42_342/ZLE[3],1991,1251,-740,740,37.167252636865896,0.9027138831890382,26,0,4,atlas
408,821457,SRB_73_434/ZLE[4],SRB_35_437/ZSNB[2],2099,1319,-780,780,37.160552644116244,0.90266426239041,38,0,6,atlas
409,27158,SRB_98_326/ZLW[7],SRB_108_273/A_AD,1869,1175,-694,694,37.13215623327983,0.9024536891163443,53,0,2,fallback_distance
410,561914,SRB_91_467/ZLE[7],SRB_91_405/A_AM,1482,932,-550,550,37.11201079622132,0.902304038857035,62,0,1,fallback_distance
411,109381,SRB_75_518/ZSEB[0],SRB_74_459/S_F5,1447,910,-537,537,37.11126468555632,0.9022984921979434,59,0,0,fallback_distance
412,546406,SRB_75_335/ZSEA[5],SRB_71_369/ZLW[1],1263,795,-468,468,37.05463182897862,0.9018766050974402,34,0,1,atlas
413,279271,SRB_75_29/ZDE[5],SRB_64_54/ZLE[2],1383,871,-512,512,37.020968908170644,0.9016250146485061,25,0,2,atlas
414,676710,SRB_49_33/ZLE[7],SRB_41_27/ZDN[7],951,599,-352,352,37.013669821240796,0.9015703819796508,8,0,1,atlas
415,145647,SRB_109_26/ZLE[0],SRB_111_41/ZLS[6],862,543,-319,319,37.00696055684455,0.9015201386764267,15,0,0,atlas
416,136357,SRB_102_378/ZLW[7],SRB_103_428/ZLN[6],1487,937,-550,550,36.98722259583053,0.9013721870403701,50,0,0,fallback_distance
417,969745,SRB_108_409/ZLW[5],SRB_110_387/S_G4,1006,634,-372,372,36.97813121272366,0.9013039690610231,22,0,0,atlas
418,132463,SRB_90_498/ZLE[4],SRB_75_475/ZLN[1],1488,938,-550,550,36.96236559139785,0.9011855642949967,23,0,0,atlas
419,41793,SRB_104_115/ZLW[7],SRB_108_153/ZLN[3],1488,938,-550,550,36.96236559139785,0.9011855642949967,38,0,2,atlas
420,409287,SRB_99_477/ZSEB[0],SRB_84_464/ZSSA[1],958,604,-354,354,36.95198329853862,0.9011075164867489,15,0,1,atlas
421,751118,SRB_71_334/ZLE[0],SRB_55_312/S_FD,1586,1002,-584,584,36.82219419924338,0.9001268965525463,22,0,3,atlas
422,464826,SRB_68_323/ZLE[0],SRB_69_278/ZLS[4],1570,992,-578,578,36.81528662420382,0.9000744490553468,45,0,0,atlas
423,51979,SRB_68_222/ZLE[7],SRB_49_260/ZSNA[7],1785,1128,-657,657,36.806722689075634,0.9000093889985685,38,0,4,atlas
424,101806,SRB_90_420/ZLW[2],SRB_95_368/ZSNA[6],1603,1013,-590,590,36.805988771054274,0.9000038115703817,52,0,0,fallback_distance
425,182230,SRB_106_471/ZLW[5],SRB_117_484/ZSNA[6],1011,639,-372,372,36.795252225519285,0.8999221852258111,13,0,1,atlas
426,427334,SRB_98_160/ZLE[4],SRB_98_137/S_FM,1012,640,-372,372,36.75889328063241,0.8996452913405933,23,0,1,atlas
427,968048,SRB_90_315/ZLW[2],SRB_113_329/ZLW[7],2014,1274,-740,740,36.74280039721947,0.899522503419694,23,0,4,atlas
428,300601,SRB_90_218/ZLW[4],SRB_79_260/ZLN[3],1369,866,-503,503,36.742147552958365,0.899517519247562,42,1,1,fallback_block
429,373696,SRB_90_406/ZSWA[0],SRB_117_406/A_F5,1590,1006,-584,584,36.72955974842767,0.8994213712284093,27,0,4,atlas
430,733440,SRB_101_449/ZLW[7],SRB_112_482/ZSWB[7],1498,948,-550,550,36.715620827770366,0.8993148014735309,33,0,3,atlas
431,105188,SRB_65_98/ZLW[7],SRB_58_98/S_FD,534,338,-196,196,36.70411985018727,0.8992267904615733,7,0,1,atlas
432,71715,SRB_90_107/ZSWA[0],SRB_96_148/ZLS[6],1592,1008,-584,584,36.68341708542713,0.8990681793240809,41,0,1,atlas
433,731239,SRB_68_247/ZLE[7],SRB_68_312/ZDS[4],1784,1130,-654,654,36.65919282511211,0.898882288670768,65,0,1,fallback_distance
434,319630,SRB_90_241/ZSWA[7],SRB_110_233/ZSWB[4],1594,1010,-584,584,36.637390213299874,0.8987147040102507,20,0,3,atlas
435,596575,SRB_92_317/ZLW[7],SRB_119_334/A_B3,2020,1280,-740,740,36.633663366336634,0.898686031491108,27,0,5,atlas
436,965692,SRB_59_465/ZLW[2],SRB_61_440/ZDS[2],961,609,-352,352,36.62851196670135,0.8986463865168208,25,0,1,atlas
437,455771,SRB_48_107/ZLE[4],SRB_47_86/ZSWA[3],961,609,-352,352,36.62851196670135,0.8986463865168208,21,0,0,atlas
438,131242,SRB_97_439/ZLW[2],SRB_102_386/ZSNA[3],1835,1163,-672,672,36.62125340599455,0.8985904999867953,53,0,1,fallback_distance
439,758375,SRB_74_40/ZLE[0],SRB_70_111/ZSEB[3],1882,1193,-689,689,36.60998937300744,0.8985037159817065,71,0,1,fallback_distance
440,527553,SRB_72_1/ZLE[0],SRB_42_16/ZLS[5],2131,1351,-780,780,36.60253402158611,0.8984462373958181,30,0,5,atlas
441,645373,SRB_92_422/ZLW[5],SRB_97_360/S_G4,1761,1117,-644,644,36.570130607609315,0.8981960583837543,62,0,1,fallback_distance
442,603457,SRB_96_249/ZLW[2],SRB_113_214/ZSSA[4],1942,1233,-709,709,36.50875386199794,0.8977205837316266,35,0,3,atlas
443,828167,SRB_90_235/ZLE[7],SRB_95_187/ZLE[3],1507,957,-550,550,36.496350364963504,0.8976242411926288,48,0,0,atlas
444,55552,SRB_96_538/ZLW[2],SRB_101_492/ZLS[6],1887,1199,-688,688,36.45998940116587,0.8973413171966956,46,0,1,atlas
445,861356,SRB_74_315/ZDE[7],SRB_47_318/ZDS[4],1602,1018,-584,584,36.45443196004994,0.8972980097433598,27,0,4,atlas
446,928819,SRB_109_137/ZLW[2],SRB_102_101/ZSWB[2],972,618,-354,354,36.41975308641975,0.8970273772081825,36,0,1,atlas
447,734417,SRB_94_82/ZLE[7],SRB_64_69/A_C5,1513,963,-550,550,36.35161929940516,0.8964936985430606,30,0,1,atlas
448,173203,SRB_99_536/ZLW[7],SRB_111_485/ZSSA[2],1879,1196,-683,683,36.349121873336884,0.8964740870923484,51,0,2,fallback_distance
449,665563,SRB_103_384/ZLW[7],SRB_118_412/S_G2,1514,964,-550,550,36.327608982826945,0.8963050080459091,28,0,3,atlas
450,203750,SRB_98_321/ZLW[4],SRB_104_365/ZLE[1],1865,1188,-677,677,36.30026809651474,0.8960897475685891,44,0,2,atlas
451,827213,SRB_55_252/ZLW[7],SRB_60_264/ZSNA[7],860,548,-312,312,36.27906976744186,0.8959225580991765,12,0,1,atlas
452,879121,SRB_97_336/ZLW[7],SRB_85_367/ZSNB[7],1092,696,-396,396,36.26373626373626,0.8958014655964603,31,1,2,fallback_block
453,906381,SRB_72_25/ZLE[0],SRB_73_98/ZLE[5],1951,1244,-707,707,36.23782675550999,0.8955965491324543,73,0,1,fallback_distance
454,447552,SRB_99_303/ZLW[4],SRB_111_355/ZSSB[2],2032,1296,-736,736,36.22047244094488,0.8954590822023661,52,0,3,fallback_distance
455,236953,SRB_101_525/ZLW[4],SRB_104_476/A_F5,1519,969,-550,550,36.20803159973667,0.895360430634036,49,0,0,fallback_distance
456,635448,SRB_97_408/ZLW[7],SRB_109_451/ZLN[2],1917,1223,-694,694,36.202399582681274,0.8953157417707653,43,0,3,atlas
457,422582,SRB_75_145/ZSEB[0],SRB_74_88/ZLE[7],1492,952,-540,540,36.193029490616624,0.8952413521168204,57,0,0,fallback_distance
458,32457,SRB_90_131/ZLW[4],SRB_116_111/A_HD,2045,1305,-740,740,36.18581907090464,0.8951840742173213,26,0,4,atlas
459,842555,SRB_101_181/ZLW[7],SRB_109_221/ZLS[3],1520,970,-550,550,36.18421052631579,0.895171292277083,40,0,1,atlas
460,572360,SRB_90_209/ZSWA[7],SRB_107_222/ZLN[3],1614,1030,-584,584,36.18339529120198,0.8951648136311262,17,0,3,atlas
461,340443,SRB_74_5/ZDE[5],SRB_55_25/ZLS[0],1614,1030,-584,584,36.18339529120198,0.8951648136311262,20,0,3,atlas
462,84346,SRB_99_128/ZLW[4],SRB_85_155/ZSNA[5],968,618,-350,350,36.15702479338843,0.8949550440623245,27,1,2,fallback_block
463,392063,SRB_91_101/ZLW[2],SRB_105_136/A_D5,1830,1169,-661,661,36.12021857923497,0.8946615985025871,35,0,2,atlas
464,554604,SRB_90_340/ZSWA[1],SRB_92_391/S_D2,1401,895,-506,506,36.11705924339758,0.8946363739620631,51,0,1,fallback_distance
465,257261,SRB_102_427/ZLW[4],SRB_110_379/A_G1,1523,973,-550,550,36.11293499671701,0.8946034368663854,48,0,1,atlas
466,536365,SRB_97_321/ZLE[0],SRB_99_324/ZLE[5],1031,659,-372,372,36.08147429679923,0.8943518649757071,3,0,0,atlas
467,762270,SRB_103_442/ZLW[5],SRB_108_388/ZSSB[6],1525,975,-550,550,36.0655737704918,0.8942245026368298,54,0,1,fallback_distance
468,782875,SRB_109_199/ZLW[5],SRB_119_175/ZSEB[6],1032,660,-372,372,36.04651162790697,0.8940716248578866,24,0,2,atlas
469,753758,SRB_107_469/ZLW[7],SRB_114_477/ZSNA[7],1032,660,-372,372,36.04651162790697,0.8940716248578866,8,0,1,atlas
470,873954,SRB_102_491/ZLW[4],SRB_107_542/A_G1,1526,976,-550,550,36.04193971166448,0.8940349272314377,51,0,1,fallback_distance
471,544973,SRB_75_114/ZLE[0],SRB_36_101/ZSNA[0],2156,1379,-777,777,36.038961038961034,0.8940110117150256,39,0,6,atlas
472,111036,SRB_58_397/ZLW[4],SRB_66_381/A_E1,977,625,-352,352,36.02865916069601,0.8939282594956716,16,0,1,atlas
473,451632,SRB_93_157/ZLE[0],SRB_71_195/S_E5,1528,978,-550,550,35.99476439790576,0.8936555613289,38,0,0,atlas
474,951417,SRB_49_330/ZLE[4],SRB_49_309/ZLS[6],978,626,-352,352,35.991820040899796,0.8936318414788411,21,0,0,atlas
475,290298,SRB_92_141/ZLW[2],SRB_115_157/ZSNB[2],1812,1160,-652,652,35.98233995584989,0.8935554356333374,23,0,5,atlas
476,400015,SRB_99_494/ZDE[5],SRB_86_486/S_E5,984,630,-354,354,35.97560975609756,0.8935011613707944,13,0,1,atlas
477,691300,SRB_67_482/ZLW[7],SRB_69_482/ZSSA[6],595,381,-214,214,35.96638655462185,0.8934267404055859,2,0,0,atlas
478,112331,SRB_100_59/ZLW[2],SRB_111_106/A_H3,1530,980,-550,550,35.947712418300654,0.8932759106185918,47,0,1,atlas
479,959279,SRB_93_392/ZLE[4],SRB_98_375/A_B4,986,632,-354,354,35.902636916835704,0.8929110084116031,17,0,1,atlas
480,98868,SRB_111_260/ZSEB[1],SRB_109_264/ZSSA[2],435,279,-156,156,35.86206896551724,0.8925815903281852,4,0,0,atlas
481,62228,SRB_93_299/ZLE[0],SRB_95_237/ZDN[1],1534,984,-550,550,35.853976531942635,0.8925157642553062,62,0,1,fallback_distance
482,703298,SRB_94_345/ZLE[7],SRB_78_297/S_H5,1554,998,-556,556,35.77863577863578,0.8919010934149845,48,1,0,fallback_block
483,819775,SRB_82_180/ZLE[4],SRB_82_262/ZSSB[5],1189,1614,425,425,35.74432296047099,0.8916200536317939,82,1,1,fallback_distance
484,12294,SRB_94_456/ZLE[0],SRB_76_482/ZLW[5],1539,989,-550,550,35.73749187784275,0.8915640213665824,26,0,0,atlas
485,930024,SRB_92_457/ZLE[4],SRB_76_489/ZLW[7],1539,989,-550,550,35.73749187784275,0.8915640213665824,32,0,0,atlas
486,527691,SRB_96_328/ZLW[4],SRB_81_354/S_AD,1011,650,-361,361,35.70722057368942,0.8913153908366677,26,1,2,fallback_block
487,265574,SRB_75_206/ZLE[0],SRB_36_221/ZSNB[2],2210,1421,-789,789,35.70135746606335,0.8912671726752273,39,0,6,atlas
488,124715,SRB_90_173/ZLE[7],SRB_59_197/ZSNB[7],1541,991,-550,550,35.69110966904607,0.891182846434187,31,0,2,atlas
489,545294,SRB_91_220/ZLW[7],SRB_102_180/S_A1,1786,1150,-636,636,35.61030235162374,0.8905157434799797,40,0,2,atlas
490,667108,SRB_58_150/ZLW[4],SRB_70_138/ZSEB[5],989,637,-352,352,35.591506572295245,0.8903600239500605,12,0,3,atlas
491,64973,SRB_68_137/ZLE[7],SRB_36_127/ZLW[3],2082,1342,-740,740,35.54274735830932,0.8899550897917283,32,0,5,atlas
492,709015,SRB_94_375/ZLE[4],SRB_61_388/ZSNA[4],1548,998,-550,550,35.5297157622739,0.8898466270640402,33,0,2,atlas
493,807092,SRB_69_13/ZLE[4],SRB_25_0/ZSSA[4],2083,1343,-740,740,35.525684109457515,0.8898130509988018,44,0,6,atlas
494,65051,SRB_103_309/ZLW[5],SRB_119_344/ZSNA[5],1550,1000,-550,550,35.483870967741936,0.8894642576443789,35,0,3,atlas
495,242048,SRB_97_513/ZLE[7],SRB_97_509/ZLE[4],1049,677,-372,372,35.462345090562444,0.88928428980973,4,0,0,atlas
496,882944,SRB_75_317/ZSEA[6],SRB_46_300/ZDN[7],1543,996,-547,547,35.45042125729099,0.8891844815092871,29,0,4,atlas
497,957030,SRB_103_439/ZLW[2],SRB_116_477/A_C1,1552,1002,-550,550,35.43814432989691,0.8890816291458611,38,0,3,atlas
498,170172,SRB_69_211/ZLE[0],SRB_67_140/A_AD,1810,1169,-641,641,35.414364640883974,0.8888821545156242,71,0,1,fallback_distance
499,736619,SRB_92_33/ZLW[5],SRB_96_85/A_DM,1678,1084,-594,594,35.39928486293206,0.8887554837261734,52,0,2,fallback_distance
500,398593,SRB_99_153/ZLE[7],SRB_94_168/A_H4,1051,679,-372,372,35.39486203615604,0.8887183060228279,15,0,1,atlas
501,960727,SRB_101_4/ZLW[5],SRB_100_82/A_E5,1827,1181,-646,646,35.35851122058018,0.8884123025670638,78,0,1,fallback_distance
502,605452,SRB_93_190/ZLE[4],SRB_61_183/ZSSB[2],1556,1006,-550,550,35.347043701799485,0.888315604102989,32,0,2,atlas
503,99436,SRB_54_230/ZLW[4],SRB_53_208/ZSEB[4],883,571,-312,312,35.334088335220834,0.8882062646974785,22,0,0,atlas
504,883278,SRB_72_507/ZLE[0],SRB_62_440/ZDS[4],1953,1263,-690,690,35.33026113671275,0.8881739450262195,67,0,3,fallback_distance
505,822281,SRB_98_197/ZLE[4],SRB_98_236/ZSEB[5],1053,681,-372,372,35.32763532763533,0.8881517656843299,39,0,0,atlas
506,351617,SRB_90_38/ZSWA[0],SRB_100_61/ZLS[6],1557,1007,-550,550,35.32434168272319,0.8881239395026508,23,0,3,atlas
507,893225,SRB_50_422/ZLE[4],SRB_51_410/ZLS[2],997,645,-352,352,35.30591775325978,0.8879681657861556,12,0,0,atlas
508,906871,SRB_36_395/ZLE[4],SRB_35_417/ZDS[5],884,572,-312,312,35.294117647058826,0.887868289117024,22,0,0,atlas
509,437839,SRB_108_406/ZLW[4],SRB_110_417/ZLS[0],1055,683,-372,372,35.260663507109,0.8875846761783793,11,0,0,atlas
510,387329,SRB_99_255/ZSEA[0],SRB_88_255/ZLE[2],1004,650,-354,354,35.2589641434263,0.8875702515549149,11,0,1,atlas
511,468518,SRB_58_362/ZSWA[7],SRB_68_362/ZSWB[6],556,360,-196,196,35.25179856115108,0.8875094091562663,10,0,1,atlas
512,669784,SRB_75_526/ZDE[3],SRB_79_485/A_H3,1093,708,-385,385,35.22415370539799,0.887274388576902,41,1,0,fallback_block
513,271178,SRB_11_486/ZLE[0],SRB_18_488/A_BD,443,287,-156,156,35.214446952595935,0.8871917579160103,7,0,0,atlas
514,616503,SRB_103_171/ZLW[7],SRB_108_118/A_F1,1562,1012,-550,550,35.2112676056338,0.8871646807143179,53,0,2,fallback_distance
515,446981,SRB_100_537/ZSWB[7],SRB_106_535/ZLW[4],1006,652,-354,354,35.188866799204774,0.886973728912606,6,0,1,atlas
516,684071,SRB_94_240/ZLE[7],SRB_91_200/ZLS[4],1563,1013,-550,550,35.18873960332694,0.8869726437864254,40,0,0,atlas
517,108482,SRB_108_57/ZLW[4],SRB_109_82/A_A0,1061,689,-372,372,35.061262959472195,0.8858801860177381,25,0,0,atlas
518,444553,SRB_95_214/ZLE[7],SRB_76_179/A_G4,1570,1020,-550,550,35.03184713375796,0.8856266913008278,35,1,0,fallback_block
519,631667,SRB_48_389/ZLE[0],SRB_40_391/S_A5,1005,653,-352,352,35.02487562189055,0.8855665359003471,8,0,1,atlas
520,730104,SRB_92_399/ZLE[0],SRB_66_390/ZLW[4],1571,1021,-550,550,35.00954805856142,0.8854341737469064,26,0,1,atlas
521,917867,SRB_93_514/ZLW[7],SRB_80_474/ZLS[4],1394,906,-488,488,35.00717360114778,0.8854136561088026,40,1,0,fallback_block
522,804744,SRB_109_437/ZLW[5],SRB_110_454/ZLS[3],1120,728,-392,392,35.0,0.8853516482022624,17,0,1,atlas
523,604294,SRB_95_394/ZLE[0],SRB_92_456/ZSSA[2],1572,1022,-550,550,34.987277353689564,0.8852415973757802,62,0,1,fallback_distance
524,245248,SRB_101_236/ZLW[5],SRB_119_273/ZDN[5],1574,1024,-550,550,34.9428208386277,0.8848562692968082,37,0,4,atlas
525,488396,SRB_104_370/ZLW[4],SRB_118_400/ZLE[3],1574,1024,-550,550,34.9428208386277,0.8848562692968082,30,0,3,atlas
526,923926,SRB_91_427/ZLE[0],SRB_92_364/ZSSB[2],1575,1025,-550,550,34.92063492063492,0.8846635181453542,63,0,0,fallback_distance
527,93851,SRB_100_250/ZLW[4],SRB_112_292/S_GD,1576,1026,-550,550,34.89847715736041,0.884470709289479,42,0,2,atlas
528,991693,SRB_92_431/ZLW[7],SRB_95_362/ZDS[1],1826,1189,-637,637,34.88499452354874,0.884353240256184,69,0,0,fallback_distance
529,207684,SRB_95_192/ZSEA[5],SRB_95_190/A_A4,562,366,-196,196,34.87544483985765,0.884269969697311,2,0,0,atlas
530,556514,SRB_99_265/ZSEA[0],SRB_99_300/ZSEB[1],1016,662,-354,354,34.84251968503937,0.8839824399196492,35,0,0,atlas
531,218843,SRB_103_417/ZLW[2],SRB_109_471/A_G0,1579,1029,-550,550,34.83217226092464,0.8838919392646115,54,0,2,fallback_distance
532,776702,SRB_75_236/ZLE[0],SRB_90_174/A_E1,1535,1001,-534,534,34.78827361563518,0.8835072557287995,62,1,0,fallback_distance
533,323130,SRB_90_45/ZSWB[3],SRB_103_45/ZLE[0],1499,978,-521,521,34.75650433622415,0.8832281163117593,13,0,2,atlas
534,343458,SRB_72_324/ZLE[0],SRB_62_269/ZSEA[5],1882,1228,-654,654,34.75026567481403,0.8831732269291936,55,0,2,fallback_distance
535,465151,SRB_60_63/ZLW[7],SRB_62_82/ZLE[1],1013,661,-352,352,34.748272458045406,0.8831556849837362,19,0,0,atlas
536,205963,SRB_104_511/ZLW[2],SRB_115_548/ZDS[6],1584,1034,-550,550,34.72222222222222,0.8829261942512642,37,0,2,atlas
537,350259,SRB_75_146/ZSEA[0],SRB_41_145/S_C0,1682,1098,-584,584,34.720570749108205,0.8829116312843459,34,0,5,atlas
538,621210,SRB_69_333/ZLE[4],SRB_39_350/ZDS[6],1873,1223,-650,650,34.70368392952483,0.8827626229481987,30,0,6,atlas
539,630909,SRB_74_227/ZDE[6],SRB_43_227/ZDE[0],1683,1099,-584,584,34.69994058229353,0.8827295677951696,31,0,5,atlas
540,440888,SRB_95_343/ZSEA[5],SRB_93_338/ZDW[0],566,370,-196,196,34.62897526501767,0.8821012620529365,5,0,0,atlas
541,768293,SRB_50_411/ZLE[7],SRB_55_413/A_DM,566,370,-196,196,34.62897526501767,0.8821012620529365,5,0,1,atlas
542,934833,SRB_104_219/ZLW[5],SRB_102_281/A_A5,1589,1039,-550,550,34.61296412838263,0.8819590685816892,62,0,1,fallback_distance
543,712758,SRB_99_510/ZSEB[1],SRB_94_531/ZSEA[1],1024,670,-354,354,34.5703125,0.8815794985174281,21,0,1,atlas
544,782788,SRB_104_242/ZLW[2],SRB_113_290/S_D5,1591,1041,-550,550,34.56945317410434,0.8815718393684113,48,0,3,atlas
545,323612,SRB_91_338/ZLW[7],SRB_72_360/ZSWA[1],1039,680,-359,359,34.55245428296439,0.8814202332555192,22,1,1,fallback_block
546,405761,SRB_49_173/ZLW[2],SRB_48_198/ZDE[2],903,591,-312,312,34.55149501661129,0.8814116725355109,25,0,0,atlas
547,432146,SRB_69_429/ZLE[0],SRB_77_380/S_G1,1314,860,-454,454,34.55098934550989,0.8814071595738202,49,1,1,fallback_distance
548,989303,SRB_75_432/ZSEB[1],SRB_42_444/ZSNB[2],1691,1107,-584,584,34.535777646363094,0.8812713245051539,33,0,5,atlas
549,359433,SRB_90_103/ZSWA[4],SRB_111_86/ZDE[3],1471,963,-508,508,34.5343303874915,0.8812583934064411,21,0,3,atlas
550,296714,SRB_102_414/ZLW[2],SRB_115_380/A_DD,1594,1044,-550,550,34.50439146800502,0.8809905963155829,34,0,2,atlas
551,373423,SRB_58_268/ZDN[2],SRB_64_268/ZDN[1],542,355,-187,187,34.50184501845018,0.8809677927927847,6,0,1,atlas
552,616555,SRB_59_106/ZLW[4],SRB_58_77/ZDS[7],1021,669,-352,352,34.476003917727716,0.8807361534397616,29,0,0,atlas
553,569006,SRB_54_119/ZLE[4],SRB_54_120/S_E3,621,407,-214,214,34.46054750402576,0.8805974005931817,1,0,0,atlas
554,376802,SRB_94_259/ZDE[7],SRB_81_258/ZSNA[7],569,373,-196,196,34.44639718804921,0.8804702400967436,13,0,0,atlas
555,895823,SRB_87_368/ZLE[0],SRB_88_369/ZDS[2],569,373,-196,196,34.44639718804921,0.8804702400967436,1,0,0,atlas
556,492358,SRB_67_437/ZLE[0],SRB_63_486/ZSSA[6],1588,1041,-547,547,34.44584382871537,0.8804652648089555,49,0,2,fallback_distance
557,529250,SRB_103_251/ZLW[7],SRB_104_310/A_E3,1597,1047,-550,550,34.439574201628055,0.8804088806589373,59,0,0,fallback_distance
558,559491,SRB_99_441/ZSEB[0],SRB_99_477/A_G4,1028,674,-354,354,34.43579766536965,0.8803749054110336,36,0,1,atlas
559,854994,SRB_99_284/ZSEA[0],SRB_96_266/ZDN[6],1028,674,-354,354,34.43579766536965,0.8803749054110336,18,0,0,atlas
560,428387,SRB_75_4/ZSEA[6],SRB_50_29/S_AD,1697,1113,-584,584,34.41367118444313,0.8801756649703779,25,0,4,atlas
561,317919,SRB_58_293/ZSWB[3],SRB_58_291/S_E3,570,374,-196,196,34.385964912280706,0.8799257425570318,2,0,0,atlas
562,264675,SRB_106_472/ZLW[5],SRB_111_494/A_G2,1082,710,-372,372,34.380776340110906,0.8798788852019663,22,0,0,atlas
563,882207,SRB_70_348/ZLE[4],SRB_62_317/ZSSA[3],1437,943,-494,494,34.37717466945024,0.879846348894337,31,0,2,atlas
564,224353,SRB_70_421/ZSWB[3],SRB_72_417/A_E3,454,298,-156,156,34.36123348017621,0.8797022423521003,4,0,0,atlas
565,739578,SRB_108_533/ZLW[5],SRB_100_499/S_C1,1031,677,-354,354,34.33559650824442,0.8794701477076016,34,0,1,atlas
566,228104,SRB_103_260/ZLW[5],SRB_111_217/ZLN[2],1602,1052,-550,550,34.332084893882644,0.8794383240190853,43,0,2,atlas
567,266069,SRB_92_203/ZLW[4],SRB_91_128/A_D5,1825,1199,-626,626,34.3013698630137,0.8791596364588717,75,0,1,fallback_distance
568,970953,SRB_104_168/ZLW[2],SRB_115_204/ZLN[7],1604,1054,-550,550,34.28927680798005,0.8790497469034001,36,0,2,atlas
569,347466,SRB_75_230/ZLE[4],SRB_90_164/S_E0,1613,1060,-553,553,34.28394296342219,0.879001248565143,66,1,0,fallback_distance
570,352126,SRB_70_135/ZLE[0],SRB_55_112/ZLW[5],1704,1120,-584,584,34.27230046948357,0.8788953252040272,23,0,3,atlas
571,217379,SRB_95_338/ZLW[5],SRB_82_299/ZSSB[5],1019,670,-349,349,34.24926398429833,0.8786854836751236,39,1,0,fallback_block
572,258356,SRB_67_224/ZLE[0],SRB_26_206/ZSWB[4],2161,1421,-740,740,34.24340583063397,0.8786320669789359,41,0,6,atlas
573,573787,SRB_67_309/ZLE[4],SRB_76_258/A_F4,1382,909,-473,473,34.22575976845152,0.8784710310311084,51,1,1,fallback_distance
574,484600,SRB_92_403/ZLW[4],SRB_116_376/A_C2,1918,1262,-656,656,34.20229405630866,0.8782565760358813,27,0,4,atlas
575,432892,SRB_67_31/ZLE[4],SRB_35_14/ZLE[1],2164,1424,-740,740,34.195933456561924,0.8781983850743766,32,0,5,atlas
576,173601,SRB_87_488/ZLE[4],SRB_74_512/ZLS[4],1164,766,-398,398,34.192439862542955,0.8781664123065309,24,1,0,fallback_block
577,145876,SRB_75_23/ZLE[4],SRB_28_26/ZLN[6],2282,1502,-780,780,34.18054338299737,0.878057478909729,47,0,7,fallback_other
578,891405,SRB_47_493/ZLW[7],SRB_46_466/ZSNB[0],913,601,-312,312,34.17305585980285,0.8779888706451825,27,0,0,atlas
579,932973,SRB_95_108/ZLW[5],SRB_84_173/ZSNA[0],1390,915,-475,475,34.172661870503596,0.8779852595171354,65,1,1,fallback_distance
580,693616,SRB_96_107/ZLW[2],SRB_90_53/S_A0,1426,939,-487,487,34.15147265077139,0.8777909014222783,54,0,1,fallback_distance
581,400386,SRB_112_70/ZSWA[6],SRB_115_76/ZDS[7],457,301,-156,156,34.13566739606127,0.8776457393091529,6,0,0,atlas
582,748106,SRB_75_4/ZLE[0],SRB_65_75/ZDN[4],2004,1320,-684,684,34.13173652694611,0.8776096115304708,71,0,2,fallback_distance
583,415074,SRB_91_319/ZLE[7],SRB_83_264/ZSSB[1],1612,1062,-550,550,34.11910669975186,0.8774934659822358,55,1,0,fallback_distance
584,986243,SRB_90_537/ZLW[7],SRB_89_466/A_H4,1790,1180,-610,610,34.07821229050279,0.877116688398929,71,1,0,fallback_distance
585,935768,SRB_68_133/ZLE[4],SRB_23_117/ZSNA[5],2172,1432,-740,740,34.06998158379374,0.8770407245940489,45,0,6,atlas
586,814686,SRB_72_348/ZLE[0],SRB_24_333/ZSNB[3],2293,1513,-780,780,34.0165721761884,0.8765467250171961,48,0,7,fallback_other
587,20975,SRB_94_196/ZLE[7],SRB_78_155/S_BM,1617,1067,-550,550,34.01360544217687,0.8765192305204302,41,0,0,atlas
588,947614,SRB_100_471/ZSWA[6],SRB_109_501/S_D3,1041,687,-354,354,34.00576368876081,0.8764465287602178,30,0,1,atlas
589,821118,SRB_90_334/ZLW[5],SRB_109_366/ZSEB[5],1851,1222,-629,629,33.981631550513235,0.876222546107701,32,0,4,atlas
590,409437,SRB_90_302/ZDW[0],SRB_112_315/A_F4,1605,1060,-545,545,33.95638629283489,0.8759878261658761,22,0,4,atlas
591,107471,SRB_43_120/ZLE[0],SRB_33_125/S_F0,919,607,-312,312,33.949945593035906,0.8759278766890687,10,0,2,atlas
592,790687,SRB_44_29/ZLE[4],SRB_36_24/S_D5,919,607,-312,312,33.949945593035906,0.8759278766890687,8,0,1,atlas
593,111559,SRB_93_303/ZLW[4],SRB_91_376/ZSSB[3],1700,1123,-577,577,33.94117647058824,0.8758462109465942,73,0,1,fallback_distance
594,677897,SRB_98_173/ZDE[6],SRB_82_157/ZSEA[7],1043,689,-354,354,33.940556088207096,0.8758404315021345,16,0,1,atlas
595,925514,SRB_50_337/ZLE[7],SRB_46_319/ZLN[5],1135,750,-385,385,33.92070484581498,0.8756553658512127,18,0,0,atlas
596,210421,SRB_9_502/S_CQ1,SRB_0_504/ZSNA[1],460,304,-156,156,33.91304347826087,0.8755838729491339,9,0,0,atlas
597,383220,SRB_99_544/ZLE[0],SRB_96_508/A_B5,1097,725,-372,372,33.910665451230635,0.8755616743219701,36,0,0,atlas
598,804711,SRB_36_73/ZLE[0],SRB_27_62/ZSWB[2],921,609,-312,312,33.876221498371336,0.8752397287753038,11,0,1,atlas
599,585430,SRB_60_432/ZLW[7],SRB_66_460/ZSNB[7],1040,688,-352,352,33.84615384615385,0.8749580527984505,28,0,2,atlas
600,392425,SRB_105_171/ZLW[2],SRB_109_110/A_A5,1625,1075,-550,550,33.84615384615385,0.8749580527984505,61,0,2,fallback_distance
601,576075,SRB_94_438/ZLW[4],SRB_76_390/ZLE[2],1309,866,-443,443,33.84262796027502,0.8749249831849374,48,1,0,fallback_block
602,627392,SRB_51_390/ZLE[4],SRB_47_367/ZSSA[1],1041,689,-352,352,33.81364073006724,0.8746527996922425,23,0,0,atlas
603,568387,SRB_42_86/ZLE[0],SRB_40_105/A_HD,923,611,-312,312,33.80281690140845,0.874551024754044,19,0,0,atlas
604,734727,SRB_91_13/ZLW[2],SRB_89_91/ZLN[7],1938,1283,-655,655,33.79772961816305,0.8745031631131738,78,1,1,fallback_distance
605,409434,SRB_93_412/ZLW[2],SRB_73_384/S_B2,1093,724,-369,369,33.76029277218664,0.8741504293941381,28,1,0,fallback_block
606,45206,SRB_94_412/ZLW[4],SRB_85_392/ZLS[2],1117,740,-377,377,33.75111906893465,0.8740638528643161,20,1,0,fallback_block
607,14927,SRB_100_468/ZSWA[5],SRB_106_495/ZSSB[7],1049,695,-354,354,33.74642516682555,0.8740195328309007,27,0,1,atlas
608,784300,SRB_100_31/ZLW[5],SRB_116_0/ZLS[2],1630,1080,-550,550,33.74233128834356,0.8739808663698122,31,0,2,atlas
609,305227,SRB_39_126/ZLE[0],SRB_29_119/ZLN[2],925,613,-312,312,33.729729729729726,0.8738617758401348,10,0,1,atlas
610,195082,SRB_52_470/ZLW[2],SRB_60_464/ZSEA[3],925,613,-312,312,33.729729729729726,0.8738617758401348,8,0,1,atlas
611,596057,SRB_37_134/ZLE[7],SRB_30_121/ZDE[6],925,613,-312,312,33.729729729729726,0.8738617758401348,13,0,1,atlas
612,153804,SRB_103_217/ZLW[4],SRB_110_170/ZSNA[2],1631,1081,-550,550,33.72164316370325,0.8737852987855002,47,0,1,atlas
613,305768,SRB_73_122/ZLE[7],SRB_52_69/S_F0,2065,1369,-696,696,33.7046004842615,0.8736239794807644,53,0,3,fallback_distance
614,582016,SRB_101_197/ZLW[4],SRB_104_149/ZLS[1],1632,1082,-550,550,33.700980392156865,0.8735896883612652,48,0,1,atlas
615,779097,SRB_43_113/ZLE[7],SRB_40_95/A_D2,926,614,-312,312,33.69330453563715,0.8735169505349953,18,0,0,atlas
616,342296,SRB_97_398/ZLW[7],SRB_97_427/S_F0,915,607,-308,308,33.66120218579235,0.8732123196430943,29,0,0,atlas
617,186084,SRB_99_241/ZDE[6],SRB_86_258/S_G4,1052,698,-354,354,33.65019011406844,0.8731076646066481,17,1,2,fallback_block
618,296732,SRB_90_31/ZSWB[3],SRB_117_46/S_D2,1736,1152,-584,584,33.6405529953917,0.8730160105897716,27,0,4,atlas
619,601916,SRB_104_453/ZLW[2],SRB_111_506/S_G3,1635,1085,-550,550,33.63914373088685,0.8730026025794891,53,0,1,fallback_distance
620,373263,SRB_40_205/ZSWB[7],SRB_40_198/ZSNA[7],464,308,-156,156,33.62068965517241,0.8728269051653051,7,0,0,atlas
621,786609,SRB_104_146/ZLE[0],SRB_104_144/ZSEA[7],518,344,-174,174,33.59073359073359,0.872541217251514,2,0,0,atlas
622,341076,SRB_94_115/ZLW[4],SRB_113_129/ZLW[4],1739,1155,-584,584,33.58251868890167,0.8724627681376753,19,0,4,atlas
623,278166,SRB_100_500/ZLW[2],SRB_115_466/ZSWB[7],1640,1090,-550,550,33.53658536585366,0.8720232930315832,34,0,2,atlas
624,326834,SRB_92_303/ZLW[5],SRB_102_244/S_CD,1977,1314,-663,663,33.53566009104704,0.8720144258229999,59,0,3,fallback_distance
625,221104,SRB_95_32/ZLW[2],SRB_88_86/A_F1,1381,918,-463,463,33.5264301230992,0.8719259407081589,54,1,1,fallback_distance
626,610189,SRB_92_480/ZLE[0],SRB_62_466/ZLE[4],1641,1091,-550,550,33.516148689823275,0.8718273083934284,30,0,2,atlas
627,577853,SRB_108_404/ZLW[2],SRB_112_425/S_AM,1110,738,-372,372,33.513513513513516,0.8718020171103327,21,0,1,atlas
628,719243,SRB_90_244/ZSWB[3],SRB_100_260/S_F0,1407,936,-471,471,33.47547974413646,0.8714364673346219,16,0,3,atlas
629,235249,SRB_74_116/ZLE[4],SRB_82_182/ZLE[2],1754,1167,-587,587,33.46636259977195,0.87134869660065,66,1,1,fallback_distance
630,350479,SRB_42_496/ZLW[7],SRB_43_500/ZDN[0],520,346,-174,174,33.46153846153846,0.8713022320578837,4,0,0,atlas
631,393158,SRB_108_486/ZLW[4],SRB_119_477/S_HM,1112,740,-372,372,33.45323741007194,0.8712222424264386,11,0,2,atlas
632,888077,SRB_97_138/ZLE[4],SRB_92_122/A_A2,1112,740,-372,372,33.45323741007194,0.8712222424264386,16,0,1,atlas
633,991055,SRB_96_133/ZLW[7],SRB_87_78/A_BD,1432,953,-479,479,33.44972067039106,0.8711883408676282,55,1,1,fallback_distance
634,302314,SRB_75_122/ZLE[4],SRB_20_134/ZSNB[4],2332,1552,-780,780,33.44768439108062,0.8711687072271459,55,0,7,fallback_distance
635,978796,SRB_95_119/ZLW[7],SRB_80_159/ZSNA[7],1014,675,-339,339,33.43195266272189,0.8710169292260972,40,1,1,fallback_block
636,39014,SRB_92_334/ZLE[4],SRB_86_272/A_C5,1647,1097,-550,550,33.394049787492406,0.870650562406011,62,1,0,fallback_distance
637,708345,SRB_105_447/ZLW[2],SRB_119_410/ZDE[0],1648,1098,-550,550,33.37378640776699,0.8704543006955625,37,0,3,atlas
638,708762,SRB_103_160/ZLW[5],SRB_100_242/ZDN[7],1783,1188,-595,595,33.370723499719574,0.8704246106839524,82,0,0,fallback_distance
639,875513,SRB_90_328/ZLW[5],SRB_114_352/ZLW[1],2029,1352,-677,677,33.36619024149827,0.8703806563476207,24,0,5,atlas
640,319206,SRB_58_389/ZLW[4],SRB_65_401/ZLW[2],1055,703,-352,352,33.36492890995261,0.8703684240471447,12,0,1,atlas
641,344939,SRB_95_68/ZLE[0],SRB_54_63/ZSSB[2],1651,1101,-550,550,33.31314354936402,0.8698652849917865,41,0,3,atlas
642,165185,SRB_90_298/ZLE[0],SRB_75_308/ZSNA[5],1321,881,-440,440,33.308099924299775,0.8698161848795041,15,1,0,fallback_block
643,515898,SRB_98_516/ZLW[4],SRB_116_472/ZDN[3],1980,1321,-659,659,33.282828282828284,0.8695699036953196,44,0,3,atlas
644,662462,SRB_108_261/ZLW[7],SRB_119_244/ZDS[7],1118,746,-372,372,33.273703041144906,0.8694808684953683,17,0,3,atlas
645,332517,SRB_57_219/ZLW[2],SRB_53_221/S_E1,469,313,-156,156,33.26226012793177,0.8693691398229139,4,0,0,atlas
646,714704,SRB_106_142/ZLW[2],SRB_119_135/ZSEB[5],1119,747,-372,372,33.24396782841823,0.8691903489189161,13,0,2,atlas
647,540808,SRB_69_419/ZLE[7],SRB_81_480/ZSEB[0],1357,906,-451,451,33.235077376565954,0.8691033705246759,61,1,2,fallback_distance
648,415075,SRB_94_80/ZLE[7],SRB_62_58/A_DD,1655,1105,-550,550,33.23262839879154,0.8690794018735529,32,0,2,atlas
649,764859,SRB_53_111/ZLW[5],SRB_52_116/ZLS[3],939,627,-312,312,33.22683706070288,0.8690227046126745,5,0,0,atlas
650,991857,SRB_108_306/ZLW[7],SRB_113_334/ZSNA[0],1120,748,-372,372,33.214285714285715,0.8688997484250841,28,0,1,atlas
651,951078,SRB_99_325/ZDE[5],SRB_91_300/ZSSA[5],1066,712,-354,354,33.20825515947467,0.868840633408008,25,0,1,atlas
652,515103,SRB_90_206/ZLE[7],SRB_94_273/S_C4,1659,1109,-550,550,33.152501506931884,0.8682929286718668,67,0,1,fallback_distance
653,163375,SRB_69_115/ZLE[4],SRB_50_162/S_E5,1964,1313,-651,651,33.146639511201634,0.8682352190838295,47,0,4,atlas
654,27196,SRB_74_122/ZLE[7],SRB_68_54/A_HM,1913,1279,-634,634,33.14166231050706,0.8681862015886938,68,0,1,fallback_distance
655,232138,SRB_71_424/ZLE[4],SRB_41_433/S_C5,1763,1179,-584,584,33.12535450935904,0.8680254769734032,30,0,5,atlas
656,312200,SRB_49_223/ZLW[5],SRB_54_208/ZSSA[7],942,630,-312,312,33.12101910828025,0.8679827179730446,15,0,1,atlas
657,233712,SRB_66_508/ZLE[0],SRB_32_548/A_E3,2235,1495,-740,740,33.1096196868009,0.8678702268291657,40,0,6,atlas
658,938806,SRB_92_436/ZLW[7],SRB_113_454/ZSSA[3],1816,1215,-601,601,33.09471365638766,0.8677229975722631,21,0,5,atlas
659,290274,SRB_74_20/ZLE[0],SRB_50_63/ZLE[5],2164,1448,-716,716,33.08687615526802,0.8676455241819191,43,0,5,atlas
660,692733,SRB_98_68/ZDE[6],SRB_73_70/S_A4,1071,717,-354,354,33.0532212885154,0.8673123677141644,25,0,1,atlas
661,71703,SRB_95_265/ZLE[0],SRB_57_279/ZDW[7],1664,1114,-550,550,33.05288461538461,0.8673090309851355,38,0,3,atlas
662,851930,SRB_67_330/ZLE[7],SRB_68_415/ZLE[5],2012,1347,-665,665,33.05168986083499,0.8672971892798382,85,0,1,fallback_distance
663,114063,SRB_72_348/ZLE[7],SRB_54_399/ZLS[0],1997,1337,-660,660,33.04957436154231,0.8672762192854552,51,0,4,fallback_distance
664,809694,SRB_100_442/ZLW[5],SRB_102_510/A_A4,1665,1115,-550,550,33.033033033033036,0.8671121463641813,68,0,1,fallback_distance
665,267416,SRB_75_36/ZDE[7],SRB_71_79/ZSWA[0],1172,785,-387,387,33.020477815699664,0.8669874858124441,43,0,1,atlas
666,574551,SRB_59_478/ZLW[7],SRB_58_518/ZSWA[7],1070,718,-352,352,32.89719626168225,0.8657576441427615,40,0,0,atlas
667,622118,SRB_94_248/ZLE[7],SRB_94_176/S_E0,1672,1122,-550,550,32.89473684210527,0.8657330022308358,72,0,0,fallback_distance
668,564586,SRB_95_155/ZSEA[0],SRB_80_154/ZSSA[1],596,400,-196,196,32.88590604026846,0.8656444882824527,15,0,0,atlas
669,160325,SRB_72_415/ZLE[0],SRB_53_378/ZLS[5],1983,1331,-652,652,32.87947554210792,0.8655799992756983,37,0,3,atlas
670,371674,SRB_75_227/ZSEB[1],SRB_54_258/ZLE[4],1679,1127,-552,552,32.87671232876712,0.8655522792436188,31,0,4,atlas
671,363129,SRB_37_275/ZLE[7],SRB_30_285/A_F3,950,638,-312,312,32.8421052631579,0.8652046582246813,10,0,1,atlas
672,460688,SRB_58_439/ZLW[4],SRB_66_461/S_C5,1072,720,-352,352,32.83582089552239,0.8651414436229135,22,0,2,atlas
673,39154,SRB_58_276/ZLW[2],SRB_73_277/S_B1,1072,720,-352,352,32.83582089552239,0.8651414436229135,15,0,2,atlas
674,927872,SRB_73_447/ZLE[0],SRB_75_363/ZSEB[7],1795,1206,-589,589,32.8133704735376,0.8649153896203117,84,0,0,fallback_distance
675,824904,SRB_37_266/ZLE[4],SRB_27_246/ZSSA[5],951,639,-312,312,32.80757097791798,0.8648569372183063,20,0,2,atlas
676,869025,SRB_100_241/ZLW[4],SRB_103_309/ZSNA[7],1677,1127,-550,550,32.79666070363745,0.864746910323047,68,0,1,fallback_distance
677,856910,SRB_90_23/ZDW[0],SRB_115_4/ZDN[6],1781,1197,-584,584,32.79056709713644,0.8646854219462244,25,0,4,atlas
678,572899,SRB_68_130/ZLE[4],SRB_10_133/ZSNB[4],2257,1517,-740,740,32.78688524590164,0.8646482571550164,58,0,7,fallback_distance
679,817772,SRB_37_171/ZLE[7],SRB_34_151/A_G1,952,640,-312,312,32.773109243697476,0.8645091175089527,20,0,0,atlas
680,463290,SRB_54_408/ZLE[0],SRB_56_421/A_DM,653,439,-214,214,32.7718223583461,0.8644961130059847,13,0,0,atlas
681,622541,SRB_72_224/ZLE[0],SRB_73_130/ZSWA[7],2017,1356,-661,661,32.771442736737725,0.8644922765532422,94,0,1,fallback_distance
682,157824,SRB_92_220/ZLW[7],SRB_97_152/ZDW[2],1890,1271,-619,619,32.75132275132275,0.8642887999592577,68,0,1,fallback_distance
683,364608,SRB_96_124/ZLW[7],SRB_82_157/A_F5,1124,756,-368,368,32.74021352313167,0.8641763292172916,33,1,2,fallback_block
684,552793,SRB_36_421/ZLE[7],SRB_20_419/A_FD,953,641,-312,312,32.73871983210913,0.8641612003769886,16,0,1,atlas
685,604950,SRB_91_375/ZLE[4],SRB_52_363/ZSWB[5],1680,1130,-550,550,32.73809523809524,0.8641548737171434,39,0,3,atlas
686,240585,SRB_90_24/ZSWA[6],SRB_116_48/ZSEB[1],1784,1200,-584,584,32.73542600896861,0.8641278333882623,26,0,4,atlas
687,151448,SRB_91_130/ZLW[2],SRB_97_188/ZSNB[2],1693,1139,-554,554,32.72297696396929,0.8640016538010948,58,0,2,fallback_distance
688,641457,SRB_67_510/ZLE[0],SRB_24_530/S_A1,2262,1522,-740,740,32.714412024756854,0.8639147792142543,43,0,6,atlas
689,411096,SRB_49_269/ZLW[7],SRB_50_284/S_E2,954,642,-312,312,32.70440251572327,0.8638131870986938,15,0,0,atlas
690,733174,SRB_103_144/ZLW[7],SRB_109_79/ZDS[1],1683,1133,-550,550,32.6797385620915,0.8635625587188945,65,0,1,fallback_distance
691,522363,SRB_95_396/ZSEA[6],SRB_92_406/A_D5,600,404,-196,196,32.666666666666664,0.8634295524217677,10,0,0,atlas
692,532897,SRB_68_298/ZDE[5],SRB_66_311/ZDS[5],478,322,-156,156,32.63598326359833,0.8631168771878093,13,0,0,atlas
693,236486,SRB_58_422/ZLW[5],SRB_69_417/ZDW[2],1079,727,-352,352,32.622798887859126,0.8629823198900578,11,0,1,atlas
694,613362,SRB_75_303/ZLE[7],SRB_40_339/ZLW[4],2391,1611,-780,780,32.622333751568384,0.8629775705580216,36,0,5,atlas
695,778494,SRB_97_1/ZLW[7],SRB_119_54/A_B4,2143,1444,-699,699,32.61782547830145,0.8629315303688078,53,0,5,fallback_distance
696,461207,SRB_99_423/ZDE[6],SRB_96_471/ZDS[6],1086,732,-354,354,32.59668508287293,0.8627154454409534,48,0,1,atlas
697,125077,SRB_42_261/ZLW[7],SRB_40_265/A_D0,534,360,-174,174,32.58426966292135,0.8625883951473702,4,0,0,atlas
698,926681,SRB_54_142/ZLW[7],SRB_55_113/ZSNA[7],958,646,-312,312,32.5678496868476,0.8624201979048886,29,0,0,atlas
699,530593,SRB_75_427/ZLE[4],SRB_93_478/ZDS[3],1422,959,-463,463,32.559774964838255,0.8623374149546719,51,1,1,fallback_distance
700,806233,SRB_69_43/ZLE[7],SRB_19_31/S_H0,2273,1533,-740,740,32.55609326880774,0.8622996544871294,50,0,7,fallback_distance
701,511574,SRB_90_416/ZSWA[6],SRB_111_457/S_D5,1795,1211,-584,584,32.53481894150418,0.8620812713425814,41,0,4,atlas
702,999784,SRB_48_352/ZLW[7],SRB_57_338/ZDS[7],959,647,-312,312,32.53388946819604,0.8620717228962638,14,0,2,atlas
703,199683,SRB_67_34/ZLE[7],SRB_74_98/S_HM,1519,1025,-494,494,32.52139565503621,0.8619433149728638,64,0,2,fallback_distance
704,954203,SRB_92_226/ZLW[2],SRB_83_163/ZSSB[1],1516,1023,-493,493,32.519788918205805,0.8619267933503576,63,1,0,fallback_distance
705,469324,SRB_109_271/ZLW[5],SRB_110_237/A_DM,1144,772,-372,372,32.51748251748251,0.8619030740811684,34,0,1,atlas
706,654389,SRB_75_204/ZSEB[1],SRB_40_222/A_CD,1796,1212,-584,584,32.516703786191535,0.861895064674277,35,0,5,atlas
707,726438,SRB_100_155/ZLW[5],SRB_117_203/S_D4,1692,1142,-550,550,32.505910165484636,0.8617840058284498,48,0,2,atlas
708,764251,SRB_102_144/ZLW[2],SRB_117_93/ZSSA[4],1692,1142,-550,550,32.505910165484636,0.8617840058284498,51,0,2,fallback_distance
709,714472,SRB_71_127/ZLE[0],SRB_86_79/ZDN[0],1086,733,-353,353,32.50460405156538,0.8617705612187343,48,1,0,fallback_block
710,413707,SRB_104_305/ZLW[4],SRB_119_355/ZSWA[7],1695,1145,-550,550,32.448377581120944,0.8611906395482641,50,0,4,fallback_distance
711,448208,SRB_96_416/ZLW[4],SRB_101_467/ZLN[1],1957,1322,-635,635,32.44762391415431,0.8611828509310543,51,0,2,fallback_distance
712,732011,SRB_48_192/ZLE[4],SRB_38_205/A_GM,1085,733,-352,352,32.44239631336406,0.8611288162270839,13,0,2,atlas
713,184095,SRB_74_526/ZLE[4],SRB_28_546/S_B0,2405,1625,-780,780,32.432432432432435,0.8610257714113275,46,0,7,atlas
714,152444,SRB_68_511/ZLE[7],SRB_21_528/ZDN[6],2282,1542,-740,740,32.42769500438212,0.8609767528976344,47,0,6,fallback_other
715,290892,SRB_58_419/ZLW[2],SRB_67_394/ZSNB[5],1087,735,-352,352,32.38270469181232,0.8605104368767141,25,0,1,atlas
716,862732,SRB_75_342/ZLE[4],SRB_55_405/ZSNA[7],2070,1400,-670,670,32.367149758454104,0.860348876632318,63,0,4,fallback_distance
717,333792,SRB_103_99/ZLW[7],SRB_102_24/ZSWA[6],1663,1125,-538,538,32.351172579675286,0.8601827505917916,75,0,1,fallback_distance
718,40367,SRB_105_463/ZLW[5],SRB_119_412/ZSWA[3],1702,1152,-550,550,32.31492361927145,0.8598051665663347,51,0,4,fallback_distance
719,595383,SRB_70_136/ZLE[0],SRB_73_189/A_H0,1427,966,-461,461,32.30553608969867,0.8597072286216089,53,0,1,fallback_distance
720,79200,SRB_99_393/ZDE[5],SRB_98_361/S_D0,1096,742,-354,354,32.299270072992705,0.8596418215063731,32,0,0,atlas
721,388420,SRB_105_349/ZLW[5],SRB_118_304/ZSNB[4],1703,1153,-550,550,32.29594832648267,0.8596071363934868,45,0,3,atlas
722,476918,SRB_61_106/ZLW[5],SRB_68_87/ZSSB[4],1090,738,-352,352,32.29357798165138,0.8595823808106986,19,0,1,atlas
723,264970,SRB_94_8/ZLE[4],SRB_95_71/ZLS[1],1759,1191,-568,568,32.29107447413303,0.8595562301116388,63,0,1,fallback_distance
724,360278,SRB_98_375/ZDE[3],SRB_94_412/ZSNB[4],1097,743,-354,354,32.26982680036463,0.8593341035690213,37,0,1,atlas
725,615935,SRB_42_220/ZLE[4],SRB_38_231/ZDN[7],967,655,-312,312,32.264736297828335,0.8592808384507944,11,0,1,atlas
726,481787,SRB_68_103/ZLE[7],SRB_28_94/ZSEA[1],1962,1329,-633,633,32.26299694189603,0.8592626342066972,40,0,6,atlas
727,313291,SRB_108_59/ZLW[4],SRB_100_16/ZSNA[5],1098,744,-354,354,32.240437158469945,0.8590263243496313,43,0,2,atlas
728,712711,SRB_58_54/ZSWA[5],SRB_63_43/ZSWA[6],608,412,-196,196,32.23684210526316,0.8589886329274007,11,0,1,atlas
729,736862,SRB_113_526/ZLW[2],SRB_115_530/ZSNB[3],540,366,-174,174,32.22222222222222,0.8588352585148388,4,0,0,atlas
730,578543,SRB_100_517/ZSWA[6],SRB_106_486/ZSWA[2],1099,745,-354,354,32.21110100090992,0.8587184846808514,31,0,1,atlas
731,453530,SRB_74_443/ZSEA[0],SRB_75_451/ZLS[6],705,478,-227,227,32.19858156028369,0.8585869226282483,8,0,1,atlas
732,449729,SRB_71_311/ZLE[4],SRB_50_339/A_D5,1814,1230,-584,584,32.19404630650496,0.8585392354439495,28,0,4,atlas
733,591491,SRB_98_183/ZDE[6],SRB_98_155/ZLS[2],1100,746,-354,354,32.18181818181819,0.8584105853928959,28,0,0,atlas
734,869904,SRB_98_488/ZDE[7],SRB_75_494/ZSEB[1],1100,746,-354,354,32.18181818181819,0.8584105853928959,23,0,1,atlas
735,829716,SRB_74_331/ZDE[7],SRB_57_360/A_A2,1470,997,-473,473,32.17687074829932,0.8583585035680767,29,0,4,atlas
736,756315,SRB_75_119/ZSEA[5],SRB_42_98/ZDN[4],1815,1231,-584,584,32.176308539944905,0.8583525840592137,33,0,5,atlas
737,687933,SRB_39_499/ZLE[7],SRB_23_504/ZSWA[5],970,658,-312,312,32.16494845360825,0.8582329243921785,16,0,1,atlas
738,218876,SRB_95_335/ZLW[7],SRB_86_268/ZSSB[2],1431,971,-460,460,32.14535290006988,0.8580262982730318,67,1,0,fallback_distance
739,871239,SRB_46_49/ZLW[4],SRB_60_50/ZSEB[4],971,659,-312,312,32.13182286302781,0.8578834679510645,14,0,3,atlas
740,945591,SRB_101_299/ZLW[4],SRB_107_365/A_GD,1712,1162,-550,550,32.126168224299064,0.8578237352439272,66,0,2,fallback_distance
741,28535,SRB_69_134/ZLE[4],SRB_31_153/ZSSA[1],2086,1416,-670,670,32.118887823585816,0.8577467946781627,38,0,7,atlas
742,493982,SRB_95_392/ZLE[4],SRB_65_356/A_G0,1713,1163,-550,550,32.10741389375365,0.8576254581025506,36,0,1,atlas
743,87754,SRB_59_180/ZLW[4],SRB_72_186/A_A4,1097,745,-352,352,32.087511394712855,0.8574147629114345,13,0,2,atlas
744,400300,SRB_90_111/ZSWA[7],SRB_114_131/ZLW[5],1821,1237,-584,584,32.070291048874246,0.8572322297328016,24,0,4,atlas
745,652467,SRB_69_427/ZLE[7],SRB_46_382/ZDW[7],2027,1377,-650,650,32.067094227923036,0.85719832016154,45,0,3,atlas
746,475428,SRB_74_507/ZLE[4],SRB_58_441/ZLW[2],2146,1458,-688,688,32.059645852749306,0.8571192843259455,66,0,3,fallback_distance
747,931237,SRB_75_121/ZDE[3],SRB_43_145/A_CD,1822,1238,-584,584,32.05268935236004,0.857045431383528,32,0,5,atlas
748,255684,SRB_46_467/ZLW[2],SRB_53_473/ZSNA[6],974,662,-312,312,32.03285420944558,0.8568346602087855,7,0,1,atlas
749,278175,SRB_74_403/ZDE[5],SRB_46_382/ZSNB[5],1568,1066,-502,502,32.015306122448976,0.8566479525648351,28,0,4,atlas
750,515863,SRB_107_167/ZLW[2],SRB_104_204/ZDS[5],1106,752,-354,354,32.00723327305606,0.8565619838484059,37,0,1,atlas
751,276711,SRB_106_271/ZLW[4],SRB_107_246/ZLE[1],1164,792,-372,372,31.958762886597935,0.856044816031472,25,0,1,atlas
752,591518,SRB_50_123/ZLE[0],SRB_42_100/ZSSA[0],1102,750,-352,352,31.941923774954628,0.8558647443763892,23,0,1,atlas
753,156041,SRB_48_100/ZLW[4],SRB_47_106/ZLW[1],977,665,-312,312,31.934493346980553,0.8557852198959439,6,0,0,atlas
754,151762,SRB_90_426/ZSWA[4],SRB_88_495/ZDN[7],1472,1002,-470,470,31.929347826086957,0.8557301260211743,69,1,1,fallback_distance
755,151949,SRB_57_138/ZDE[3],SRB_55_145/ZLW[2],614,418,-196,196,31.921824104234524,0.8556495334448727,7,0,0,atlas
756,366998,SRB_58_441/ZSWA[5],SRB_65_447/S_H5,614,418,-196,196,31.921824104234524,0.8556495334448727,7,0,1,atlas
757,333989,SRB_94_531/ZLE[7],SRB_78_476/S_FD,1737,1183,-554,554,31.894070236039145,0.8553518804773359,55,1,0,fallback_distance
758,113030,SRB_68_123/ZLE[0],SRB_50_76/ZLW[6],1961,1336,-625,625,31.87149413564508,0.8551093404237424,47,0,3,atlas
759,544933,SRB_38_231/ZLE[0],SRB_26_225/S_A2,979,667,-312,312,31.869254341164456,0.8550852573822059,12,0,1,atlas
760,308280,SRB_93_502/ZLE[0],SRB_99_470/ZSWB[6],1111,757,-354,354,31.863186318631865,0.8550199933717801,32,0,1,atlas
761,289845,SRB_60_362/ZLW[5],SRB_70_378/ZSEB[0],1105,753,-352,352,31.8552036199095,0.8549340949844652,16,0,2,atlas
762,51802,SRB_51_287/ZLE[0],SRB_43_286/ZDE[6],1105,753,-352,352,31.8552036199095,0.8549340949844652,8,0,1,atlas
763,595255,SRB_70_18/ZLE[0],SRB_90_12/ZSEA[6],879,599,-280,280,31.85437997724687,0.8549252294505927,20,1,0,fallback_block
764,254390,SRB_42_381/ZLE[4],SRB_43_345/ZSEA[5],980,668,-312,312,31.83673469387755,0.8547351789594646,36,0,1,atlas
765,650477,SRB_95_305/ZLE[0],SRB_75_312/ZDW[6],1489,1015,-474,474,31.83344526527871,0.8546997244353405,20,1,0,fallback_block
766,418182,SRB_57_36/ZDE[6],SRB_49_30/ZSNB[7],616,420,-196,196,31.818181818181817,0.8545351056874642,8,0,1,atlas
767,906867,SRB_104_431/ZLW[5],SRB_109_371/ZLN[3],1730,1180,-550,550,31.79190751445087,0.8542513304382292,60,0,1,fallback_distance
768,25653,SRB_109_65/ZLW[4],SRB_117_61/ZLW[0],1172,800,-372,372,31.74061433447099,0.8536958688194921,8,0,1,atlas
769,723886,SRB_67_432/ZLE[7],SRB_38_453/ZSWA[2],2002,1367,-635,635,31.718281718281716,0.8534534167623969,29,0,6,atlas
770,968950,SRB_99_439/ZLW[5],SRB_96_353/ZLS[2],2013,1375,-638,638,31.693989071038253,0.8531892656869796,86,0,0,fallback_distance
771,285374,SRB_100_420/ZSWA[1],SRB_115_435/ZDW[7],1117,763,-354,354,31.69203222918532,0.8531679684967584,15,0,2,atlas
772,146236,SRB_107_150/ZLW[2],SRB_104_181/S_CD,1117,763,-354,354,31.69203222918532,0.8531679684967584,31,0,1,atlas
773,69327,SRB_48_525/ZLE[7],SRB_42_545/ZSWA[3],1111,759,-352,352,31.683168316831683,0.8530714629199064,20,0,1,atlas
774,992568,SRB_42_129/ZLE[7],SRB_35_128/ZSEA[6],985,673,-312,312,31.6751269035533,0.8529838617579831,7,0,1,atlas
775,260579,SRB_97_267/ZLW[7],SRB_97_272/A_D3,619,423,-196,196,31.663974151857836,0.8528622868541975,5,0,0,atlas
776,100420,SRB_100_126/ZSWA[6],SRB_116_109/S_C2,1118,764,-354,354,31.663685152057248,0.8528591352696692,17,0,2,atlas
777,409643,SRB_99_225/ZLE[7],SRB_92_199/ZDS[1],1176,804,-372,372,31.63265306122449,0.8525203640419665,26,0,1,atlas
778,934125,SRB_69_148/ZLE[0],SRB_28_127/ZSNA[1],2150,1470,-680,680,31.627906976744185,0.852468488721534,41,0,6,atlas
779,259944,SRB_95_184/ZLE[7],SRB_54_178/A_H4,1739,1189,-550,550,31.62737205290397,0.8524626408814593,41,0,3,atlas
780,865467,SRB_54_264/ZLW[4],SRB_59_249/S_A5,987,675,-312,312,31.61094224924012,0.8522829247175899,15,0,2,atlas
781,33144,SRB_55_197/ZLW[5],SRB_55_182/ZLN[1],987,675,-312,312,31.61094224924012,0.8522829247175899,15,0,0,atlas
782,676610,SRB_77_89/ZLW[4],SRB_77_94/ZSEA[6],494,338,-156,156,31.57894736842105,0.8519323728877658,5,0,0,atlas
783,312974,SRB_74_226/ZDE[7],SRB_77_275/ZLS[3],1362,932,-430,430,31.5712187958884,0.85184758010285,49,1,1,fallback_distance
784,264417,SRB_58_272/ZDW[0],SRB_65_274/A_G1,621,425,-196,196,31.561996779388085,0.8517463437841486,7,0,1,atlas
785,970006,SRB_71_119/ZLE[7],SRB_69_61/ZSSB[3],1576,1079,-497,497,31.53553299492386,0.8514554794760902,58,0,1,fallback_distance
786,19245,SRB_96_98/ZLE[0],SRB_91_71/A_CD,1180,808,-372,372,31.52542372881356,0.8513442297216609,27,0,1,atlas
787,749341,SRB_74_239/ZDE[7],SRB_46_209/S_B4,1853,1269,-584,584,31.516459794927144,0.8512455199477956,30,0,4,atlas
788,660861,SRB_36_228/ZLE[0],SRB_37_235/ZLE[5],990,678,-312,312,31.515151515151512,0.8512311082867118,7,0,0,atlas
789,469234,SRB_34_181/ZLE[0],SRB_39_169/ZSNA[0],495,339,-156,156,31.515151515151512,0.8512311082867118,12,0,0,atlas
790,927682,SRB_74_323/ZDE[3],SRB_56_362/ZLE[3],1539,1054,-485,485,31.513970110461337,0.8512180931444602,39,0,4,atlas
791,773218,SRB_90_110/ZLW[7],SRB_71_119/ZDW[6],965,661,-304,304,31.50259067357513,0.8510926760480918,19,1,0,fallback_block
792,609839,SRB_92_337/ZLW[4],SRB_103_288/ZLE[2],2083,1427,-656,656,31.493038886221797,0.8509873271292192,49,0,2,fallback_distance
793,850446,SRB_102_67/ZLW[4],SRB_119_17/ZDS[6],1747,1197,-550,550,31.482541499713797,0.850871469932459,50,0,4,fallback_distance
794,173238,SRB_107_334/ZLW[4],SRB_118_353/A_D4,1182,810,-372,372,31.472081218274113,0.8507559398784587,19,0,3,atlas
795,896603,SRB_100_491/ZSWA[7],SRB_113_468/ZDE[1],1125,771,-354,354,31.466666666666665,0.8506961057845102,23,0,2,atlas
796,34085,SRB_49_384/ZLE[0],SRB_39_387/S_DM,1119,767,-352,352,31.456657730116177,0.8505854428738031,10,0,2,atlas
797,625199,SRB_42_167/ZLE[4],SRB_29_168/S_E3,992,680,-312,312,31.451612903225808,0.8505296366216707,13,0,2,atlas
798,206665,SRB_95_325/ZLW[7],SRB_113_345/ZLW[3],1857,1273,-584,584,31.448572967151318,0.8504959993708602,20,0,4,atlas
799,826619,SRB_73_239/ZLE[4],SRB_43_273/ZLE[0],2175,1491,-684,684,31.448275862068964,0.8504927114948854,34,0,6,atlas
800,444653,SRB_103_305/ZLW[2],SRB_107_366/ZLN[7],1749,1199,-550,550,31.446540880503143,0.8504735102125396,61,0,2,fallback_distance
801,32701,SRB_100_369/ZSWA[6],SRB_101_320/ZSWA[6],1126,772,-354,354,31.438721136767317,0.8503869398861797,49,0,1,fallback_distance
802,714615,SRB_74_201/ZDE[7],SRB_59_152/S_A5,1623,1113,-510,510,31.42329020332717,0.8502159729175371,49,0,2,fallback_distance
803,343929,SRB_47_257/ZLW[2],SRB_55_245/ZSWA[2],993,681,-312,312,31.419939577039273,0.8501788259471377,12,0,2,atlas
804,854985,SRB_95_19/ZLW[4],SRB_119_34/A_CM,1859,1275,-584,584,31.414739107046803,0.8501211537767687,24,0,5,atlas
805,822586,SRB_98_467/ZDE[5],SRB_84_476/S_C0,1127,773,-354,354,31.410825199645075,0.8500777358732515,14,0,1,atlas
806,418501,SRB_102_5/ZLW[7],SRB_119_54/A_A0,1751,1201,-550,550,31.410622501427753,0.8500754869790589,49,0,4,fallback_distance
807,351552,SRB_60_514/ZLW[4],SRB_61_539/ZLE[1],1121,769,-352,352,31.400535236396077,0.8499635317243002,25,0,0,atlas
808,68313,SRB_75_36/ZSEA[6],SRB_40_8/ZSNB[5],1860,1276,-584,584,31.397849462365592,0.8499337102494517,35,0,5,atlas
809,247307,SRB_75_317/ZSEB[1],SRB_27_321/ZSSA[0],1860,1276,-584,584,31.397849462365592,0.8499337102494517,48,0,7,atlas
810,232717,SRB_91_462/ZLE[7],SRB_58_492/ZSSA[4],1754,1204,-550,550,31.356898517673887,0.8494783366012454,33,0,2,atlas
811,320000,SRB_68_144/ZLE[4],SRB_24_113/A_B4,2360,1620,-740,740,31.35593220338983,0.8494675758917196,44,0,6,atlas
812,929719,SRB_100_15/ZSWA[4],SRB_114_22/ZLW[2],1129,775,-354,354,31.355181576616474,0.8494592165535199,14,0,2,atlas
813,609595,SRB_74_126/ZDE[6],SRB_43_135/ZLE[3],1864,1280,-584,584,31.330472103004293,0.8491838018921684,31,0,5,atlas
814,893859,SRB_75_109/ZLE[0],SRB_93_189/S_B2,1746,1199,-547,547,31.328751431844214,0.8491646058664485,80,1,1,fallback_distance
815,813213,SRB_51_287/ZSEA[5],SRB_50_281/A_A0,498,342,-156,156,31.32530120481928,0.8491261079350041,6,0,0,atlas
816,457073,SRB_96_159/ZLE[7],SRB_98_202/A_H5,1188,816,-372,372,31.313131313131315,0.8489902431682533,43,0,0,atlas
817,499757,SRB_91_336/ZLW[7],SRB_112_386/ZSNA[0],2086,1433,-653,653,31.3039309683605,0.8488874558787478,50,0,5,fallback_distance
818,267424,SRB_68_507/ZLE[0],SRB_27_546/ZDE[2],2364,1624,-740,740,31.302876480541453,0.8488756709190358,41,0,6,atlas
819,292655,SRB_96_249/ZLW[4],SRB_109_311/ZLE[2],2150,1477,-673,673,31.30232558139535,0.8488695137325447,62,0,3,fallback_distance
820,683052,SRB_73_149/ZLE[7],SRB_60_78/ZLN[7],2096,1440,-656,656,31.297709923664126,0.8488179172621174,71,0,2,fallback_distance
821,958587,SRB_98_115/ZLW[2],SRB_97_228/ZSNA[3],2223,1528,-695,695,31.264057579847055,0.8484412429403111,113,0,1,fallback_distance
822,783366,SRB_66_435/ZLE[4],SRB_25_454/S_E5,2125,1461,-664,664,31.24705882352941,0.848250646680743,41,0,7,atlas
823,774844,SRB_42_382/ZLE[4],SRB_33_390/S_B3,999,687,-312,312,31.23123123123123,0.8480729841697334,9,0,2,atlas
824,853425,SRB_92_311/ZLW[4],SRB_88_399/A_EM,1906,1311,-595,595,31.217208814270727,0.847915425036363,88,1,1,fallback_distance
825,365493,SRB_59_422/ZLW[4],SRB_69_456/ZSNA[3],1129,777,-352,352,31.178033658104514,0.8474744489318307,34,0,2,atlas
826,303920,SRB_74_313/ZLE[0],SRB_52_247/A_E1,2217,1526,-691,691,31.168245376635088,0.8473640838752531,66,0,4,fallback_distance
827,764398,SRB_91_421/ZLW[4],SRB_98_486/ZLW[1],2012,1385,-627,627,31.163021868787276,0.8473051576843914,65,0,2,fallback_distance
828,260853,SRB_65_535/ZLW[4],SRB_61_543/ZSEA[4],629,433,-196,196,31.160572337042925,0.847277517424057,8,0,1,atlas
829,341998,SRB_97_327/ZLE[0],SRB_99_370/A_D2,1194,822,-372,372,31.155778894472363,0.8472234154398457,43,0,1,atlas
830,477854,SRB_97_315/ZLE[7],SRB_87_299/S_BM,1194,822,-372,372,31.155778894472363,0.8472234154398457,16,1,1,fallback_block
831,372713,SRB_75_443/ZDE[7],SRB_72_512/ZSNB[7],1513,1042,-471,471,31.13020489094514,0.8469344729984285,69,0,1,fallback_distance
832,102568,SRB_94_326/ZLE[7],SRB_80_260/A_GM,1774,1222,-552,552,31.116121758737318,0.8467751438146096,66,1,0,fallback_distance
833,626463,SRB_72_111/ZLE[4],SRB_41_152/ZSSB[6],2208,1521,-687,687,31.11413043478261,0.8467526027489043,41,0,6,atlas
834,789784,SRB_72_502/ZLE[0],SRB_44_464/ZSSB[0],2041,1406,-635,635,31.11219990200882,0.8467307469143438,38,0,5,atlas
835,666222,SRB_45_442/ZLE[4],SRB_36_443/ZLW[7],1003,691,-312,312,31.106679960119642,0.8466682391001369,9,0,1,atlas
836,868680,SRB_49_455/ZLW[5],SRB_47_421/S_A3,1003,691,-312,312,31.106679960119642,0.8466682391001369,34,0,1,atlas
837,176266,SRB_59_240/ZLW[2],SRB_72_224/S_D5,1132,780,-352,352,31.09540636042403,0.8465405042449456,16,0,2,atlas
838,488979,SRB_101_398/ZLW[2],SRB_113_454/ZSNA[0],1770,1220,-550,550,31.07344632768362,0.8462914072257618,56,0,3,fallback_distance
839,543735,SRB_102_547/ZLW[2],SRB_116_484/ZSNA[3],1770,1220,-550,550,31.07344632768362,0.8462914072257618,63,0,2,fallback_distance
840,93404,SRB_112_544/ZLW[2],SRB_115_543/ZSNB[2],560,386,-174,174,31.071428571428573,0.8462685008303683,3,0,0,atlas
841,341403,SRB_68_8/ZLE[7],SRB_39_57/ZLE[2],2382,1642,-740,740,31.066330814441645,0.8462106150641818,49,0,6,fallback_distance
842,931270,SRB_70_430/ZLE[4],SRB_79_391/ZSNB[2],1172,808,-364,364,31.058020477815703,0.8461162071558304,39,1,0,fallback_block
843,513431,SRB_107_67/ZLW[7],SRB_114_87/S_E2,1198,826,-372,372,31.05175292153589,0.846044970704729,20,0,1,atlas
844,416277,SRB_106_58/ZLW[4],SRB_119_82/S_FM,1199,827,-372,372,31.02585487906589,0.845750295407601,24,0,2,atlas
845,247226,SRB_97_101/ZLW[7],SRB_88_158/ZLW[5],1602,1105,-497,497,31.023720349563042,0.8457259850805364,57,1,2,fallback_distance
846,645032,SRB_74_102/ZLE[7],SRB_37_93/S_F2,2105,1452,-653,653,31.021377672209027,0.8456993000995713,37,0,6,atlas
847,435794,SRB_95_156/ZLE[0],SRB_92_222/ZLS[4],1774,1224,-550,550,31.003382187147686,0.8454941759588391,66,0,0,fallback_distance
848,881391,SRB_108_228/ZLW[5],SRB_117_206/ZDE[3],1200,828,-372,372,31.0,0.8454555957266802,22,0,1,atlas
849,57679,SRB_108_475/ZLW[7],SRB_103_506/ZLN[3],1142,788,-354,354,30.998248686514884,0.8454356152203532,31,0,1,atlas
850,469364,SRB_73_136/ZLE[0],SRB_58_64/ZLW[4],2194,1514,-680,680,30.993618960802188,0.8453827838863717,72,0,2,fallback_distance
851,649264,SRB_53_76/ZLW[7],SRB_59_61/S_GM,1007,695,-312,312,30.98311817279047,0.8452628945901135,15,0,1,atlas
852,161795,SRB_99_439/ZLW[2],SRB_79_450/ZDW[0],1049,724,-325,325,30.981887511916113,0.8452488383498196,20,1,2,fallback_block
853,159691,SRB_73_332/ZLE[4],SRB_13_320/ZSWA[6],2518,1738,-780,780,30.976965845909454,0.8451926128589602,60,0,8,fallback_distance
854,932221,SRB_100_455/ZSWA[5],SRB_119_434/S_B4,1143,789,-354,354,30.971128608923888,0.8451259035548025,21,0,4,atlas
855,244995,SRB_67_122/ZLE[0],SRB_76_68/S_AM,1409,973,-436,436,30.94393186657204,0.8448147455581173,54,1,1,fallback_distance
856,85571,SRB_48_173/ZLE[4],SRB_45_159/ZLS[0],1138,786,-352,352,30.931458699472756,0.8446718485935197,14,0,1,atlas
857,753001,SRB_73_332/ZLE[4],SRB_22_309/ZSNB[0],2523,1743,-780,780,30.915576694411417,0.8444897243910088,51,0,7,fallback_distance
858,903861,SRB_8_520/ZDE[3],SRB_8_504/ZSSB[3],505,349,-156,156,30.89108910891089,0.8442085339599478,16,0,0,atlas
859,299922,SRB_74_449/ZDE[6],SRB_56_410/ZLN[5],1651,1141,-510,510,30.890369473046636,0.8442002633595947,39,0,3,atlas
860,863281,SRB_90_113/ZSWA[7],SRB_109_89/A_HM,1545,1068,-477,477,30.87378640776699,0.8440095668254397,24,0,3,atlas
861,307195,SRB_99_421/ZSEA[0],SRB_99_460/ZLW[6],1148,794,-354,354,30.836236933797913,0.843576977744321,39,0,1,atlas
862,367157,SRB_99_314/ZLW[7],SRB_109_243/ZLS[5],2189,1514,-675,675,30.835998172681588,0.843574223585125,71,0,3,fallback_distance
863,572843,SRB_37_252/ZLE[0],SRB_28_234/ZDE[2],1012,700,-312,312,30.8300395256917,0.8435054749760571,18,0,2,atlas
864,688737,SRB_96_527/ZLW[5],SRB_95_466/A_A4,1564,1082,-482,482,30.818414322250636,0.8433712681883132,61,0,1,fallback_distance
865,684486,SRB_96_14/ZDE[5],SRB_98_8/ZLS[4],649,449,-200,200,30.81664098613251,0.8433507867110612,6,0,0,atlas
866,440542,SRB_75_8/ZSEB[0],SRB_62_73/S_FD,1701,1177,-524,524,30.80540858318636,0.8432209990412738,65,0,3,fallback_distance
867,933357,SRB_37_72/ZLE[7],SRB_31_47/S_A1,1013,701,-312,312,30.799605133267523,0.843153903054341,25,0,2,atlas
868,254007,SRB_60_41/ZLW[5],SRB_68_77/S_D3,1143,791,-352,352,30.796150481189848,0.843113949978118,36,0,2,atlas
869,246133,SRB_100_93/ZSWB[3],SRB_106_60/A_G3,1150,796,-354,354,30.782608695652176,0.8429572493349923,33,0,1,atlas
870,631414,SRB_19_187/ZDE[3],SRB_13_183/A_E5,507,351,-156,156,30.76923076923077,0.8428023042325157,6,0,0,atlas
871,520152,SRB_13_444/ZLW[4],SRB_13_445/ZSNA[3],507,351,-156,156,30.76923076923077,0.8428023042325157,1,0,0,atlas
872,673184,SRB_53_163/ZLW[7],SRB_59_180/ZSNB[6],1014,702,-312,312,30.76923076923077,0.8428023042325157,17,0,1,atlas
873,639726,SRB_98_333/ZLW[5],SRB_112_394/ZLE[1],2246,1556,-690,690,30.721282279608193,0.8422458084305987,61,0,4,fallback_distance
874,23912,SRB_60_44/ZLW[2],SRB_58_92/A_HD,1146,794,-352,352,30.715532286212916,0.8421789524978902,48,0,1,atlas
875,283426,SRB_50_535/ZLE[0],SRB_36_524/S_H4,1146,794,-352,352,30.715532286212916,0.8421789524978902,14,0,2,atlas
876,295062,SRB_44_283/ZLE[7],SRB_42_312/S_D0,1016,704,-312,312,30.708661417322837,0.8420990300250172,29,0,0,atlas
877,594402,SRB_75_426/ZSEA[6],SRB_27_428/ZLS[5],1902,1318,-584,584,30.70452155625657,0.8420508569809035,48,0,7,atlas
878,733873,SRB_108_121/ZLW[4],SRB_109_92/ZLS[1],1212,840,-372,372,30.693069306930692,0.8419175241191349,29,0,0,atlas
879,609899,SRB_59_402/ZLW[5],SRB_75_413/ZSWA[0],1148,796,-352,352,30.66202090592334,0.8415555252156987,16,0,2,atlas
880,903333,SRB_45_475/ZLE[7],SRB_34_467/S_CD,1018,706,-312,312,30.648330058939095,0.8413956605887364,11,0,1,atlas
881,325653,SRB_45_213/ZLE[0],SRB_36_201/ZDE[1],1018,706,-312,312,30.648330058939095,0.8413956605887364,12,0,1,atlas
882,320241,SRB_108_119/ZLW[5],SRB_112_152/ZSNA[0],1214,842,-372,372,30.64250411861614,0.841327587828733,33,0,2,atlas
883,806871,SRB_66_520/ZLE[0],SRB_10_530/A_D1,2415,1675,-740,740,30.641821946169774,0.8413196152903379,56,0,7,fallback_distance
884,668720,SRB_75_444/ZLE[7],SRB_34_413/ZLN[5],2549,1769,-780,780,30.60023538642605,0.8408329019705192,41,0,6,atlas
885,505225,SRB_72_25/ZLS[1],SRB_93_21/ZSSA[1],768,533,-235,235,30.598958333333332,0.8408179342638179,21,1,0,fallback_block
886,446565,SRB_67_536/ZLE[0],SRB_42_489/S_G1,2108,1463,-645,645,30.597722960151803,0.8408034538431695,47,0,4,atlas
887,9214,SRB_98_501/ZDE[7],SRB_67_495/ZSSB[6],1340,930,-410,410,30.597014925373134,0.8407951540745439,31,1,2,fallback_block
888,546218,SRB_100_166/ZSWA[7],SRB_113_195/ZDE[5],1157,803,-354,354,30.596369922212617,0.8407875928349439,29,0,2,atlas
889,693641,SRB_98_257/ZLE[7],SRB_85_256/ZLN[5],1216,844,-372,372,30.592105263157894,0.8407375908569493,13,0,1,atlas
890,946734,SRB_98_456/ZLE[0],SRB_82_470/ZLN[3],1216,844,-372,372,30.592105263157894,0.8407375908569493,16,0,1,atlas
891,899042,SRB_73_315/ZLE[0],SRB_89_387/ZLS[4],1762,1223,-539,539,30.590238365493754,0.8407156974710416,72,1,1,fallback_distance
892,258221,SRB_75_424/ZLE[0],SRB_43_466/ZSSA[2],2210,1534,-676,676,30.58823529411765,0.8406922040985388,42,0,6,atlas
893,753815,SRB_72_321/ZLE[4],SRB_14_336/S_HM,2554,1774,-780,780,30.54032889584965,0.8401293816826991,58,0,8,fallback_distance
894,653653,SRB_98_88/ZDE[3],SRB_74_104/ZDN[5],1166,810,-356,356,30.53173241852487,0.8400281950856968,24,1,1,fallback_block
895,303752,SRB_52_133/ZSWB[3],SRB_52_142/ZSEA[4],511,355,-156,156,30.528375733855185,0.8399886686691932,9,0,0,atlas
896,620036,SRB_70_329/ZLE[4],SRB_36_323/ZSWA[3],1916,1332,-584,584,30.48016701461378,0.8394200056719732,34,0,6,atlas
897,239453,SRB_90_315/ZSWA[4],SRB_97_262/ZSNA[4],1434,997,-437,437,30.474198047419804,0.8393494684147701,53,0,1,fallback_distance
898,475586,SRB_52_456/ZSWB[7],SRB_53_468/ZSNA[7],512,356,-156,156,30.46875,0.8392850623555859,12,0,0,atlas
899,757483,SRB_97_239/ZLW[4],SRB_106_310/A_DD,2183,1518,-665,665,30.462666055886395,0.8392131109638374,71,0,3,fallback_distance
900,388645,SRB_101_523/ZLW[4],SRB_100_437/S_B2,1820,1266,-554,554,30.439560439560438,0.8389395859236773,86,0,1,fallback_distance
901,174820,SRB_91_359/ZLE[4],SRB_90_291/ZLN[2],1841,1281,-560,560,30.418250950570343,0.8386869472298656,68,0,1,fallback_distance
902,542120,SRB_90_332/ZLW[2],SRB_75_408/ZSEA[1],1657,1153,-504,504,30.416415208207603,0.8386651663324084,76,2,1,fallback_distance
903,998026,SRB_99_123/ZSEB[1],SRB_90_159/ZSNA[3],1164,810,-354,354,30.412371134020617,0.838617174335814,36,0,2,atlas
904,856319,SRB_15_484/ZLW[4],SRB_11_481/ZSSB[5],513,357,-156,156,30.409356725146196,0.8385813931529376,4,0,0,atlas
905,41223,SRB_20_2/ZSWB[3],SRB_27_2/ZSSA[3],513,357,-156,156,30.409356725146196,0.8385813931529376,7,0,0,atlas
906,136968,SRB_49_302/ZLW[5],SRB_49_283/ZLS[2],1026,714,-312,312,30.409356725146196,0.8385813931529376,19,0,0,atlas
907,906788,SRB_73_103/ZLE[4],SRB_95_61/ZLW[0],1355,943,-412,412,30.40590405904059,0.8385404009436405,42,1,0,fallback_block
908,982408,SRB_94_161/ZLE[0],SRB_56_156/ZLN[6],1810,1260,-550,550,30.386740331491712,0.838312704531156,38,0,3,atlas
909,322613,SRB_38_508/ZLE[4],SRB_24_519/ZSNB[7],1027,715,-312,312,30.37974683544304,0.8382295374504688,14,0,1,atlas
910,765784,SRB_42_192/ZLE[0],SRB_39_167/S_A1,1027,715,-312,312,30.37974683544304,0.8382295374504688,25,0,1,atlas
911,3447,SRB_55_146/ZLW[4],SRB_65_145/ZLW[5],1074,748,-326,326,30.353817504655495,0.8379208436935421,10,0,2,atlas
912,662219,SRB_95_203/ZLE[4],SRB_82_263/ZDE[2],1813,1263,-550,550,30.336458907887483,0.8377138861528047,60,1,1,fallback_distance
913,238026,SRB_90_245/ZLE[0],SRB_85_174/A_F0,1823,1270,-553,553,30.33461327482172,0.8376918674631669,71,1,0,fallback_distance
914,655747,SRB_66_410/ZLE[0],SRB_6_418/S_E3,2440,1700,-740,740,30.327868852459016,0.8376113822919786,60,0,8,fallback_distance
915,763277,SRB_90_382/ZLE[4],SRB_48_394/S_HM,1814,1264,-550,550,30.319735391400222,0.8375142725076832,42,0,4,atlas
916,556582,SRB_101_330/ZLW[7],SRB_115_268/ZDW[2],1814,1264,-550,550,30.319735391400222,0.8375142725076832,62,0,2,fallback_distance
917,523023,SRB_99_51/ZDE[6],SRB_95_83/ZSEA[2],1168,814,-354,354,30.30821917808219,0.83737668367543,32,0,1,atlas
918,488996,SRB_98_352/ZLS[1],SRB_97_343/ZLN[0],647,451,-196,196,30.29366306027821,0.8372026239422258,9,0,1,atlas
919,163114,SRB_49_136/ZLE[4],SRB_36_143/ZDS[6],1162,810,-352,352,30.292598967297764,0.8371898930306061,13,0,2,atlas
920,414564,SRB_19_455/ZLW[2],SRB_17_455/ZSNB[4],515,359,-156,156,30.29126213592233,0.8371738977643903,2,0,0,atlas
921,486551,SRB_72_314/ZLE[7],SRB_53_263/ZLW[4],2120,1478,-642,642,30.283018867924525,0.837075234929876,51,0,3,fallback_distance
922,43073,SRB_75_405/ZLE[4],SRB_51_473/ZSNA[7],2310,1611,-699,699,30.25974025974026,0.8367963214142774,68,0,5,fallback_distance
923,297025,SRB_100_330/ZSWA[5],SRB_117_306/A_A1,1170,816,-354,354,30.256410256410255,0.8367563873041994,24,0,2,atlas
924,144112,SRB_90_314/ZSWA[7],SRB_105_295/ZSEA[2],1338,934,-404,404,30.194319880418536,0.8360101540060989,19,0,2,atlas
925,59322,SRB_75_417/ZLE[4],SRB_16_428/ZSEA[0],2608,1821,-787,787,30.17638036809816,0.8357939701796245,59,0,8,fallback_distance
926,787960,SRB_19_304/ZSEB[0],SRB_10_306/S_E5,517,361,-156,156,30.174081237911025,0.8357662452803803,9,0,0,atlas
927,81452,SRB_36_545/ZLE[0],SRB_11_547/ZSNA[7],1035,723,-312,312,30.144927536231886,0.8354143148802257,25,0,2,atlas
928,155625,SRB_65_20/ZLW[2],SRB_61_19/S_H4,651,455,-196,196,30.107526881720432,0.8349618257353811,4,0,1,atlas
929,369576,SRB_53_158/ZLW[5],SRB_59_174/ZLW[5],1037,725,-312,312,30.086788813886212,0.8347104400570913,16,0,1,atlas
930,363087,SRB_75_28/ZDE[3],SRB_66_99/ZSSB[3],1632,1141,-491,491,30.08578431372549,0.8346982547206911,71,0,2,fallback_distance
931,995017,SRB_61_546/ZLW[2],SRB_74_548/ZDW[7],1170,818,-352,352,30.085470085470085,0.8346944427296729,13,0,2,atlas
932,584935,SRB_106_239/ZLW[2],SRB_106_191/ZDE[1],1237,865,-372,372,30.072756669361354,0.8345401456166417,48,0,0,atlas
933,680095,SRB_90_448/ZLW[5],SRB_111_390/ZLW[4],2183,1528,-655,655,30.004580852038483,0.8337104885342635,58,0,3,fallback_distance
934,166055,SRB_41_183/ZLE[7],SRB_43_186/A_A4,520,364,-156,156,30.0,0.8336546070121552,3,0,0,atlas
935,671132,SRB_90_515/ZLE[0],SRB_94_438/A_HD,1724,1207,-517,517,29.988399071925752,0.8335130116451317,77,0,1,fallback_distance
936,871978,SRB_93_281/ZLE[0],SRB_50_293/A_A1,1835,1285,-550,550,29.972752043596728,0.8333218579406412,43,0,4,atlas
937,752625,SRB_95_158/ZSEA[6],SRB_82_169/ZSEB[6],654,458,-196,196,29.96941896024465,0.8332811131787959,13,0,0,atlas
938,708192,SRB_97_248/ZLW[7],SRB_91_311/ZLS[4],1722,1206,-516,516,29.965156794425084,0.8332289978002251,63,0,2,fallback_distance
939,176254,SRB_97_230/ZLW[7],SRB_80_196/ZLW[3],1315,921,-394,394,29.96197718631179,0.8331901096873559,34,1,1,fallback_block
940,195652,SRB_68_544/ZLE[0],SRB_14_533/ZLE[4],2470,1730,-740,740,29.959514170040485,0.8331599801665666,54,0,7,fallback_distance
941,557253,SRB_58_515/ZLW[5],SRB_63_495/ZLW[3],1175,823,-352,352,29.95744680851064,0.833134686782177,20,0,0,atlas
942,463181,SRB_102_321/ZLW[2],SRB_107_391/ZLN[6],1836,1286,-550,550,29.956427015250547,0.8331222087146531,70,0,2,fallback_distance
943,494061,SRB_92_332/ZLW[7],SRB_110_275/ZDE[0],2140,1499,-641,641,29.95327102803738,0.8330835870610436,57,0,3,fallback_distance
944,193539,SRB_38_10/ZDE[3],SRB_37_24/ZSNA[3],521,365,-156,156,29.942418426103647,0.8329507154384622,14,0,0,atlas
945,834952,SRB_73_308/ZLE[0],SRB_92_257/S_H0,1366,957,-409,409,29.941434846266475,0.8329386684290766,51,1,0,fallback_distance
946,947533,SRB_67_339/ZLE[4],SRB_43_281/ZSSB[6],2171,1521,-650,650,29.94011976047904,0.832922559859532,58,0,4,fallback_distance
947,264625,SRB_95_74/ZLE[0],SRB_52_91/ZSSA[0],1844,1292,-552,552,29.934924078091107,0.8328589038084214,43,0,3,atlas
948,827508,SRB_75_110/ZLE[0],SRB_23_147/S_F2,2606,1826,-780,780,29.930928626247123,0.8328099376561233,52,0,7,fallback_distance
949,866447,SRB_36_183/ZLE[0],SRB_34_211/S_CD,1043,731,-312,312,29.913710450623203,0.8325987715945102,28,0,0,atlas
950,630616,SRB_44_358/ZLE[7],SRB_42_320/A_B0,1043,731,-312,312,29.913710450623203,0.8325987715945102,38,0,1,atlas
951,864747,SRB_104_80/ZLE[4],SRB_108_83/A_H5,582,408,-174,174,29.896907216494846,0.8323924608047283,4,0,1,atlas
952,450887,SRB_27_443/ZLW[2],SRB_20_449/ZDN[3],522,366,-156,156,29.88505747126437,0.832246830284556,7,0,0,atlas
953,819928,SRB_0_291/ZLE[7],SRB_6_307/ZSNA[0],522,366,-156,156,29.88505747126437,0.832246830284556,16,0,0,atlas
954,804855,SRB_96_141/ZLW[7],SRB_88_67/S_D3,1650,1157,-493,493,29.878787878787875,0.8321697320094885,74,1,1,fallback_distance
955,585568,SRB_101_226/ZLW[7],SRB_113_297/ZSNA[7],1842,1292,-550,550,29.85884907709012,0.8319243270801866,71,0,3,fallback_distance
956,764419,SRB_97_500/ZLE[7],SRB_91_525/S_F2,1247,875,-372,372,29.83159582999198,0.8315883694536433,25,0,1,atlas
957,851761,SRB_45_224/ZLE[4],SRB_29_228/ZSSB[7],1046,734,-312,312,29.82791586998088,0.8315429589613685,16,0,2,atlas
958,944462,SRB_79_499/ZLW[3],SRB_72_504/A_G4,523,367,-156,156,29.82791586998088,0.8315429589613685,7,1,0,fallback_block
959,399157,SRB_80_358/ZDS[6],SRB_90_342/ZLN[4],815,572,-243,243,29.8159509202454,0.8313952353259797,16,1,1,fallback_block
960,167954,SRB_99_404/ZLW[2],SRB_116_476/ZLW[4],2321,1629,-692,692,29.814735028005167,0.8313802168950204,72,0,4,fallback_distance
961,265683,SRB_99_76/ZSEA[5],SRB_83_96/ZSSA[1],1188,834,-354,354,29.797979797979796,0.8311731362918445,20,0,1,atlas
962,503797,SRB_106_367/ZLW[2],SRB_112_336/ZSNA[3],1249,877,-372,372,29.78382706164932,0.8309980404951494,31,0,2,atlas
963,329014,SRB_68_200/ZLE[7],SRB_46_135/ZSWA[3],2166,1521,-645,645,29.778393351800553,0.8309307715688454,65,0,4,fallback_distance
964,2419,SRB_69_328/ZLE[4],SRB_40_381/ZSEB[2],2220,1559,-661,661,29.774774774774777,0.8308859603722928,53,0,5,fallback_distance
965,587299,SRB_99_324/ZDE[3],SRB_92_292/S_EM,1189,835,-354,354,29.77291841883936,0.8308629677240635,32,0,1,atlas
966,203941,SRB_99_151/ZDE[7],SRB_94_186/S_D3,1189,835,-354,354,29.77291841883936,0.8308629677240635,35,0,1,atlas
967,762206,SRB_49_144/ZLW[7],SRB_58_154/ZDN[6],1048,736,-312,312,29.770992366412212,0.830839108822679,10,0,3,atlas
968,339585,SRB_95_409/ZLW[7],SRB_119_430/ZLW[4],1962,1378,-584,584,29.76554536187564,0.8307716177250408,24,0,5,atlas
969,471745,SRB_71_112/ZLE[7],SRB_41_137/A_C1,1963,1379,-584,584,29.750382068262866,0.8305836082451981,30,0,5,atlas
970,375701,SRB_107_20/ZLW[5],SRB_118_9/ZLN[2],1251,879,-372,372,29.73621103117506,0.8304077304168557,11,0,2,atlas
971,808345,SRB_91_292/ZLE[0],SRB_97_265/ZLN[4],1191,837,-354,354,29.72292191435768,0.8302426476612677,27,0,1,atlas
972,470729,SRB_69_124/ZLE[7],SRB_14_111/ZLE[5],2491,1751,-740,740,29.706945002007224,0.8300439830363664,55,0,7,fallback_distance
973,754830,SRB_97_405/ZLW[2],SRB_112_336/A_C4,2286,1607,-679,679,29.702537182852147,0.8299891369820549,69,0,4,fallback_distance
974,101975,SRB_108_544/ZDE[5],SRB_101_548/ZLE[3],734,516,-218,218,29.70027247956403,0.8299609512616806,7,0,1,atlas
975,501932,SRB_67_211/ZLE[7],SRB_22_192/A_F1,2202,1548,-654,654,29.70027247956403,0.8299609512616806,45,0,6,atlas
976,155777,SRB_100_228/ZSWA[5],SRB_111_184/ZSNB[5],1192,838,-354,354,29.697986577181208,0.8299324974063597,44,0,1,atlas
977,748436,SRB_68_512/ZLE[0],SRB_23_497/ZSNB[4],2061,1449,-612,612,29.694323144104807,0.8298868876791365,45,0,6,atlas
978,134246,SRB_96_240/ZLE[0],SRB_78_266/ZSWB[1],1253,881,-372,372,29.68874700718276,0.8298174435005338,26,1,2,fallback_block
979,397248,SRB_97_141/ZLW[4],SRB_83_88/S_E3,1317,926,-391,391,29.68868640850418,0.8298166886745779,53,1,1,fallback_distance
980,538774,SRB_104_89/ZLW[2],SRB_115_35/ZLS[7],1854,1304,-550,550,29.665587918015103,0.8295287492567436,54,0,3,fallback_distance
981,17701,SRB_100_121/ZLW[2],SRB_119_167/ZLE[0],1855,1305,-550,550,29.649595687331537,0.8293291357707047,46,0,4,atlas
982,154360,SRB_115_494/ZLW[2],SRB_114_499/A_H5,587,413,-174,174,29.642248722316864,0.8292373606319547,5,0,0,atlas
983,152632,SRB_8_508/ZLE[4],SRB_2_515/ZSEB[2],884,622,-262,262,29.638009049773757,0.8291843801015809,7,0,0,atlas
984,724398,SRB_72_101/ZLE[7],SRB_36_61/A_C2,2335,1643,-692,692,29.635974304068526,0.8291589478678237,40,0,6,atlas
985,888949,SRB_67_325/ZLE[7],SRB_6_326/ZLW[2],2497,1757,-740,740,29.635562675210252,0.829153802511945,61,0,8,fallback_distance
986,714440,SRB_70_510/ZLE[0],SRB_50_478/A_C4,1667,1173,-494,494,29.634073185362926,0.8291351827324093,32,0,4,atlas
987,867464,SRB_42_461/ZLE[7],SRB_23_466/ZSSB[6],1053,741,-312,312,29.629629629629626,0.8290796239043984,19,0,2,atlas
988,657840,SRB_51_180/ZLE[7],SRB_37_195/ZLS[7],1188,836,-352,352,29.629629629629626,0.8290796239043984,15,0,2,atlas
989,32526,SRB_75_32/ZSEA[6],SRB_84_61/ZLE[3],1141,803,-338,338,29.623137598597722,0.82899842306247,29,1,1,fallback_block
990,476930,SRB_69_112/ZLE[7],SRB_34_79/ZSNA[4],2181,1535,-646,646,29.619440623567172,0.8289521665169681,35,0,5,atlas
991,398998,SRB_109_277/ZLW[4],SRB_109_327/A_H4,1256,884,-372,372,29.617834394904456,0.8289320658523133,50,0,0,fallback_distance
992,349513,SRB_103_152/ZLW[2],SRB_119_215/ZSEA[2],1857,1307,-550,550,29.617662897145934,0.8289299195687773,63,0,3,fallback_distance
993,446180,SRB_98_310/ZLW[4],SRB_90_235/ZSSB[5],1614,1136,-478,478,29.615861214374224,0.8289073701482735,75,0,2,fallback_distance
994,790475,SRB_69_342/ZLE[4],SRB_25_372/S_CD,2212,1557,-655,655,29.61121157323689,0.8288491639289571,44,0,7,atlas
995,500360,SRB_67_427/ZLW[7],SRB_64_436/ZSNB[7],723,509,-214,214,29.59889349930844,0.8286948741792314,9,0,0,atlas
996,420027,SRB_102_320/ZLW[2],SRB_109_253/ZLE[7],1859,1309,-550,550,29.585798816568047,0.8285307188113129,67,0,1,fallback_distance
997,990270,SRB_51_177/ZLE[4],SRB_41_197/A_H2,1190,838,-352,352,29.57983193277311,0.8284558704939953,20,0,1,atlas
998,572559,SRB_75_312/ZSEA[0],SRB_27_318/S_E2,1975,1391,-584,584,29.569620253164558,0.8283277069582922,48,0,7,atlas
999,897282,SRB_58_435/ZSWB[3],SRB_66_441/ZSWB[5],663,467,-196,196,29.562594268476623,0.8282394756863538,8,0,1,atlas
1000,59624,SRB_49_400/ZLE[4],SRB_38_405/ZDW[1],1191,839,-352,352,29.554995801847188,0.8281440090286541,11,0,2,atlas
