rank,csv_line_number,From,To,golden_ps,predicted_ps,signed_error_ps,absolute_error_ps,relative_error_pct,contest_loss,chebyshev_distance,block_count,gap_count,v3_branch
1,650202,SRB_73_48/ZLE[7],SRB_75_43/ZDS[1],1160,409,-751,751,64.74137931034483,0.9887993028111152,5,0,0,atlas
2,782069,SRB_99_510/ZLW[4],SRB_99_500/S_B4,1105,406,-699,699,63.257918552036195,0.9873968414971975,10,0,0,atlas
3,220728,SRB_91_216/ZLW[7],SRB_95_217/ZSSB[6],1175,435,-740,740,62.97872340425532,0.9871140090802104,4,0,0,atlas
4,828669,SRB_67_147/ZLE[0],SRB_65_148/A_EM,1138,422,-716,716,62.91739894551846,0.9870510459500482,2,0,0,atlas
5,808983,SRB_96_23/ZLW[2],SRB_96_6/ZSSA[3],1244,464,-780,780,62.70096463022507,0.9868263754817516,17,0,0,atlas
6,716252,SRB_103_111/ZLW[7],SRB_103_113/ZDW[6],905,355,-550,550,60.773480662983424,0.9846468934170365,2,0,0,atlas
7,319899,SRB_72_406/ZLE[4],SRB_72_394/A_B2,1134,448,-686,686,60.49382716049383,0.9843022646841372,12,0,0,atlas
8,990953,SRB_75_439/ZLE[7],SRB_74_434/ZSNA[3],1296,516,-780,780,60.18518518518518,0.9839129979438003,5,0,0,atlas
9,139079,SRB_67_502/ZLE[0],SRB_69_509/A_B5,1131,455,-676,676,59.77011494252874,0.9833743662993849,7,0,0,atlas
10,44205,SRB_74_440/ZLE[0],SRB_72_433/S_D3,1317,537,-780,780,59.2255125284738,0.9826404326813726,7,0,0,atlas
11,528483,SRB_90_24/ZLW[4],SRB_93_10/ZSWB[3],1261,521,-740,740,58.68358445678034,0.9818782382505108,14,0,0,atlas
12,230186,SRB_91_418/ZLW[5],SRB_92_412/ZLN[6],1263,523,-740,740,58.59065716547902,0.9817442500343554,6,0,0,atlas
13,795559,SRB_102_141/ZLW[4],SRB_100_129/ZSSB[4],941,391,-550,550,58.44845908607864,0.9815373177595447,12,0,0,atlas
14,906479,SRB_105_415/ZLW[7],SRB_108_413/ZSEA[1],942,392,-550,550,58.3864118895966,0.9814462976042545,3,0,1,atlas
15,95517,SRB_75_506/ZLE[7],SRB_73_491/ZDS[6],1197,501,-696,696,58.1453634085213,0.9810884542024463,15,0,0,atlas
16,418398,SRB_74_33/ZLE[4],SRB_75_13/ZSEA[6],1351,571,-780,780,57.735011102886745,0.9804634847526076,20,0,0,atlas
17,257697,SRB_73_421/ZLE[4],SRB_64_425/A_E5,1359,579,-780,780,57.395143487858725,0.9799304146992599,9,0,1,atlas
18,760315,SRB_98_18/ZDE[3],SRB_98_14/A_GM,618,264,-354,354,57.28155339805825,0.9797490621206535,4,0,0,atlas
19,995,SRB_92_172/ZLE[7],SRB_84_173/S_F5,966,416,-550,550,56.935817805383024,0.9791870367151385,8,0,0,atlas
20,900773,SRB_94_212/ZLW[2],SRB_93_220/ZSNB[2],1032,448,-584,584,56.58914728682171,0.9786079990933998,8,0,0,atlas
21,104236,SRB_104_456/ZLW[2],SRB_104_465/ZSNA[3],981,431,-550,550,56.065239551478086,0.9777025580382729,9,0,0,atlas
22,754705,SRB_90_463/ZLE[0],SRB_92_469/ZSEA[2],991,441,-550,550,55.499495459132184,0.9766822367006263,6,0,0,atlas
23,435994,SRB_75_537/ZDE[6],SRB_65_536/ZSNB[7],1053,469,-584,584,55.46058879392213,0.9766103964204722,10,0,1,atlas
24,504044,SRB_90_246/ZLE[4],SRB_90_255/ZSSA[5],992,442,-550,550,55.443548387096776,0.9765788628596985,9,0,1,atlas
25,192831,SRB_68_219/ZLE[4],SRB_60_203/ZSWA[4],1339,599,-740,740,55.26512322628827,0.9762461509464162,16,0,1,atlas
26,9320,SRB_72_248/ZLE[4],SRB_62_232/ZSNB[5],1414,634,-780,780,55.16265912305516,0.9760529783528475,16,0,2,atlas
27,30349,SRB_75_108/ZLE[4],SRB_73_83/ZSSB[4],1255,566,-689,689,54.90039840637451,0.9755514482712927,25,0,0,atlas
28,297048,SRB_91_8/ZLW[5],SRB_95_28/ZSSA[0],1348,608,-740,740,54.89614243323442,0.9755432244724312,20,0,0,atlas
29,796224,SRB_104_542/ZLW[4],SRB_105_541/ZSSA[5],1004,454,-550,550,54.7808764940239,0.9753194546916685,1,0,0,atlas
30,389360,SRB_96_540/ZLW[5],SRB_96_506/S_C5,1430,650,-780,780,54.54545454545454,0.9748561216525694,34,0,0,atlas
31,793268,SRB_92_37/ZLE[7],SRB_91_35/A_B2,1010,460,-550,550,54.45544554455446,0.9746767149107961,2,0,0,atlas
32,189592,SRB_91_418/ZLE[7],SRB_91_412/ZSWB[3],1024,474,-550,550,53.7109375,0.973143490516063,6,0,0,atlas
33,21452,SRB_101_468/ZDW[0],SRB_100_469/ZLN[0],660,306,-354,354,53.63636363636364,0.9729849588214946,1,0,0,atlas
34,352121,SRB_73_139/ZLE[7],SRB_72_155/S_F1,1223,568,-655,655,53.556827473426004,0.9728148608992522,16,0,1,atlas
35,728070,SRB_67_112/ZLE[7],SRB_72_101/ZSSA[7],1037,482,-555,555,53.51976856316297,0.9727352455256278,11,0,1,atlas
36,479914,SRB_99_245/ZLW[4],SRB_96_224/ZSSB[7],1393,649,-744,744,53.409906676238336,0.972497870473206,21,0,0,atlas
37,335945,SRB_105_343/ZLW[5],SRB_102_335/ZSEB[7],1035,485,-550,550,53.14009661835749,0.9719062186356024,8,0,0,atlas
38,26675,SRB_72_128/ZLE[0],SRB_72_156/A_H5,1284,605,-679,679,52.8816199376947,0.9713276587614025,28,0,1,atlas
39,280167,SRB_95_462/ZLE[7],SRB_93_446/ZSSA[1],1042,492,-550,550,52.783109404990405,0.9711040814136623,16,0,1,atlas
40,13727,SRB_74_421/ZDE[3],SRB_65_428/ZSNB[4],1109,525,-584,584,52.66005410279531,0.9708223834179666,9,0,1,atlas
41,471040,SRB_67_215/ZLE[7],SRB_67_251/ZSWB[0],1241,590,-651,651,52.45769540692989,0.9703532505686875,36,0,1,atlas
42,682237,SRB_75_509/ZSEB[1],SRB_75_532/A_B3,1117,533,-584,584,52.28290062667861,0.9699420449710424,23,0,0,atlas
43,949243,SRB_90_135/ZLW[5],SRB_97_124/ZSNA[7],1417,677,-740,740,52.22300635144672,0.9697998554070624,11,0,1,atlas
44,598448,SRB_93_427/ZLW[4],SRB_94_455/ZSSB[4],1276,611,-665,665,52.11598746081505,0.9695441407558004,28,0,1,atlas
45,514855,SRB_91_249/ZLW[7],SRB_94_225/ZLW[1],1424,684,-740,740,51.96629213483146,0.9691828738264798,24,0,0,atlas
46,411,SRB_90_206/ZDW[0],SRB_96_213/ZSNA[1],1124,540,-584,584,51.95729537366548,0.9691610276292393,7,0,1,atlas
47,503649,SRB_75_346/ZLE[0],SRB_70_337/ZLE[4],1466,705,-761,761,51.90995907230559,0.9690458328993267,9,0,0,atlas
48,646075,SRB_74_301/ZDE[5],SRB_71_316/S_F0,1060,510,-550,550,51.886792452830186,0.9689893017723701,15,0,0,atlas
49,144491,SRB_105_486/ZLW[4],SRB_110_487/S_H5,1066,516,-550,550,51.594746716697934,0.9682678790070774,5,0,1,atlas
50,564079,SRB_99_332/ZLW[7],SRB_105_342/A_AM,1513,733,-780,780,51.55320555188367,0.9681639298732169,10,0,1,atlas
51,141793,SRB_100_415/ZSWA[4],SRB_107_417/S_BD,690,336,-354,354,51.30434782608696,0.9675341581940295,7,0,1,atlas
52,937280,SRB_97_528/ZLW[7],SRB_101_511/S_FD,1521,741,-780,780,51.28205128205128,0.9674771389709993,17,0,1,atlas
53,455703,SRB_95_497/ZLE[7],SRB_94_514/ZSWA[2],1075,525,-550,550,51.162790697674424,0.9671704761818761,17,0,0,atlas
54,98282,SRB_74_410/ZLE[4],SRB_71_385/S_A2,1345,659,-686,686,51.00371747211896,0.966757011246088,25,0,0,atlas
55,934767,SRB_90_245/ZLE[0],SRB_91_231/S_H5,1080,530,-550,550,50.92592592592593,0.9665529548643809,14,0,0,atlas
56,204286,SRB_70_9/ZLE[0],SRB_69_10/ZSWA[5],1148,564,-584,584,50.87108013937283,0.9664083483548624,1,0,1,atlas
57,384626,SRB_93_543/ZLW[5],SRB_92_503/ZSSB[5],1460,720,-740,740,50.68493150684932,0.9659129515180542,40,0,0,atlas
58,621060,SRB_98_39/ZLW[2],SRB_95_29/ZSEB[4],1153,569,-584,584,50.65047701647876,0.9658204736631789,10,0,1,atlas
59,808900,SRB_100_120/ZSWA[1],SRB_101_108/ZSEB[0],699,345,-354,354,50.64377682403433,0.9658024613461593,12,0,0,atlas
60,496255,SRB_98_433/ZLW[5],SRB_96_461/ZLW[2],1489,735,-754,754,50.6380120886501,0.9657869563803124,28,0,1,atlas
61,480379,SRB_68_141/ZLE[0],SRB_68_117/ZLN[5],1462,722,-740,740,50.6155950752394,0.9657265973784183,24,0,0,atlas
62,810267,SRB_104_114/ZLW[7],SRB_105_90/S_G0,1090,540,-550,550,50.45871559633027,0.9653012530862564,24,0,0,atlas
63,568064,SRB_36_191/ZLE[0],SRB_36_192/ZDS[0],619,307,-312,312,50.40387722132472,0.9651513511120928,1,0,0,atlas
64,326878,SRB_90_139/ZLW[7],SRB_87_158/S_E0,1177,584,-593,593,50.38232795242141,0.9650922717459364,19,1,1,fallback_block
65,904123,SRB_69_6/ZLE[0],SRB_62_25/ZSNB[7],1469,729,-740,740,50.37440435670524,0.9650705237280369,19,0,1,atlas
66,190732,SRB_101_364/ZLW[2],SRB_103_349/S_E0,1093,543,-550,550,50.32021957913998,0.9649214448283597,15,0,1,atlas
67,957231,SRB_100_264/ZSWA[5],SRB_101_266/ZDW[7],705,351,-354,354,50.212765957446805,0.9646239563299169,2,0,0,atlas
68,979404,SRB_92_323/ZLW[5],SRB_97_343/ZSSB[7],1474,734,-740,740,50.20352781546812,0.9645982649084249,20,0,1,atlas
69,922504,SRB_101_95/ZLW[4],SRB_107_98/ZSWB[7],1097,547,-550,550,50.13673655423884,0.9644119714713121,6,0,1,atlas
70,122474,SRB_69_401/ZLE[0],SRB_75_409/ZDS[5],1166,582,-584,584,50.08576329331046,0.964269150121884,8,0,1,atlas
71,24337,SRB_68_219/ZLE[0],SRB_70_228/A_FD,1166,582,-584,584,50.08576329331046,0.964269150121884,9,0,1,atlas
72,431718,SRB_94_540/ZLE[4],SRB_91_541/S_A1,1101,551,-550,550,49.95458673932788,0.9638990157041434,3,0,0,atlas
73,12125,SRB_104_229/ZLW[2],SRB_109_228/S_E3,1103,553,-550,550,49.86400725294651,0.963641237906289,5,0,1,atlas
74,622921,SRB_100_80/ZSWA[6],SRB_100_73/ZSEB[2],710,356,-354,354,49.859154929577464,0.9636273779394875,7,0,0,atlas
75,999675,SRB_74_540/ZLE[7],SRB_66_521/ZSSB[4],1566,786,-780,780,49.808429118773944,0.9634821761202574,19,0,1,atlas
76,755983,SRB_92_207/ZLW[7],SRB_98_205/ZLS[4],1488,748,-740,740,49.73118279569893,0.9632599663731177,6,0,1,atlas
77,78277,SRB_95_530/ZLW[7],SRB_96_539/S_H0,1178,594,-584,584,49.57555178268252,0.96280823531667,9,0,1,atlas
78,107039,SRB_93_184/ZLE[4],SRB_82_181/S_F2,1112,562,-550,550,49.460431654676256,0.9624705885669008,11,0,0,atlas
79,31965,SRB_74_330/ZLE[0],SRB_63_312/S_C4,1578,798,-780,780,49.42965779467681,0.9623798208327362,18,0,2,atlas
80,9735,SRB_94_332/ZLE[4],SRB_94_359/ZDN[6],1113,563,-550,550,49.41599281221923,0.962339446861416,27,0,1,atlas
81,553580,SRB_105_444/ZLW[5],SRB_110_460/ZSSA[7],1113,563,-550,550,49.41599281221923,0.962339446861416,16,0,2,atlas
82,838822,SRB_90_463/ZLE[0],SRB_75_464/ZSEB[0],1118,568,-550,550,49.19499105545617,0.961680552867806,15,0,0,atlas
83,398211,SRB_90_263/ZLE[0],SRB_89_269/ZSNB[5],1118,568,-550,550,49.19499105545617,0.961680552867806,6,0,0,atlas
84,829862,SRB_67_333/ZLE[7],SRB_65_362/ZSSA[1],1324,674,-650,650,49.09365558912387,0.9613746645972928,29,0,1,atlas
85,164310,SRB_68_200/ZLE[0],SRB_70_207/S_F0,1074,547,-527,527,49.068901303538176,0.9612995789923602,7,0,1,atlas
86,781545,SRB_74_49/ZDE[7],SRB_66_58/ZSWA[7],993,506,-487,487,49.04330312185297,0.9612217831713903,9,0,2,atlas
87,676884,SRB_91_31/ZLE[7],SRB_93_11/ZSWA[2],1123,573,-550,550,48.975957257346394,0.961016378450027,20,0,0,atlas
88,785608,SRB_74_417/ZLE[7],SRB_64_400/ZSNB[2],1424,727,-697,697,48.94662921348314,0.9609265950211408,17,0,1,atlas
89,210166,SRB_97_124/ZLW[5],SRB_101_103/ZSSB[4],1597,817,-780,780,48.84157795867251,0.9606033302075289,21,0,1,atlas
90,920346,SRB_73_404/ZLE[0],SRB_64_399/S_B2,1434,734,-700,700,48.81450488145049,0.9605195968114286,9,0,1,atlas
91,421371,SRB_100_384/ZLW[2],SRB_104_390/ZSNA[7],1127,577,-550,550,48.80212954747116,0.9604812635126468,6,0,0,atlas
92,982139,SRB_69_46/ZLE[7],SRB_71_28/A_G5,1205,621,-584,584,48.46473029045643,0.9594219864946439,18,0,1,atlas
93,409797,SRB_95_230/ZLE[7],SRB_91_241/A_G4,1136,586,-550,550,48.41549295774648,0.9592650969094957,11,0,0,atlas
94,974685,SRB_74_400/ZLE[7],SRB_58_401/A_H3,1441,745,-696,696,48.299791811242194,0.9588940859134591,16,0,2,atlas
95,934667,SRB_73_209/ZLE[4],SRB_65_185/S_H5,1419,734,-685,685,48.27343199436223,0.9588090980717479,24,0,1,atlas
96,880803,SRB_75_48/ZDE[6],SRB_74_51/ZLE[1],1007,522,-485,485,48.162859980139025,0.9584507200149371,3,0,1,atlas
97,165924,SRB_91_28/ZLW[4],SRB_96_41/ZLS[2],1544,804,-740,740,47.92746113989637,0.9576775683577802,13,0,1,atlas
98,887702,SRB_103_141/ZLW[2],SRB_108_129/S_A2,1148,598,-550,550,47.90940766550523,0.9576176950932177,12,0,1,atlas
99,121525,SRB_103_521/ZLW[7],SRB_113_513/ZSNB[6],1149,599,-550,550,47.86771105308964,0.9574790938857553,10,0,2,atlas
100,494574,SRB_99_131/ZLW[2],SRB_106_118/ZLE[5],1630,850,-780,780,47.85276073619632,0.9574292905167056,13,0,2,atlas
101,958901,SRB_91_523/ZLW[5],SRB_101_515/ZDN[6],1550,810,-740,740,47.74193548387097,0.9570583194574049,10,0,2,atlas
102,290189,SRB_103_501/ZLW[2],SRB_103_480/A_G0,1156,606,-550,550,47.57785467128028,0.9565032710023554,21,0,0,atlas
103,20486,SRB_94_528/ZLE[7],SRB_94_501/ZSSB[3],1159,609,-550,550,47.454702329594475,0.9560820718692662,27,0,0,atlas
104,991348,SRB_92_306/ZLW[2],SRB_84_288/ZSSA[3],1071,563,-508,508,47.43230625583566,0.9560050466731358,18,1,0,fallback_block
105,224962,SRB_96_214/ZLW[2],SRB_91_196/ZLW[4],1236,652,-584,584,47.249190938511326,0.9553702984953124,18,0,1,atlas
106,298990,SRB_93_448/ZLW[5],SRB_94_462/ZLS[2],1294,683,-611,611,47.21792890262751,0.9552610415212779,14,0,1,atlas
107,629329,SRB_108_190/ZLW[2],SRB_108_182/ZDE[3],789,417,-372,372,47.14828897338403,0.9550167181632676,8,0,0,atlas
108,188328,SRB_97_408/ZLW[2],SRB_114_410/S_E1,1656,876,-780,780,47.10144927536232,0.9548516539357206,17,0,3,atlas
109,895785,SRB_98_431/ZLW[5],SRB_105_415/ZSWB[3],1657,877,-780,780,47.07302353651176,0.9547511925916159,16,0,1,atlas
110,784360,SRB_70_204/ZLE[0],SRB_58_202/ZLN[1],1243,659,-584,584,46.98310539018504,0.9544319667755776,12,0,2,atlas
111,336461,SRB_75_427/ZLE[0],SRB_56_435/ZSSA[6],1670,886,-784,784,46.94610778443114,0.9542999807363348,19,0,3,atlas
112,676331,SRB_90_431/ZLW[4],SRB_91_399/S_FD,1387,736,-651,651,46.93583273251622,0.9542632591042854,32,0,0,atlas
113,567784,SRB_92_338/ZLE[4],SRB_93_314/A_H4,1175,625,-550,550,46.808510638297875,0.9538058297098094,24,0,0,atlas
114,902352,SRB_103_386/ZLW[2],SRB_103_382/ZSWA[0],1176,626,-550,550,46.7687074829932,0.9536619148268192,4,0,0,atlas
115,402616,SRB_100_157/ZSWA[7],SRB_100_166/A_F5,757,403,-354,354,46.76354029062087,0.9536431999177334,9,0,0,atlas
116,238743,SRB_99_148/ZLW[2],SRB_106_141/ZLE[7],1656,882,-774,774,46.73913043478261,0.953554690732813,7,0,2,atlas
117,949146,SRB_95_244/ZLE[4],SRB_93_264/A_F3,1178,628,-550,550,46.6893039049236,0.9533735093169533,20,0,1,atlas
118,965981,SRB_69_134/ZLE[0],SRB_55_120/ZDS[6],1587,847,-740,740,46.628859483301824,0.9531527924023636,14,0,2,atlas
119,594114,SRB_103_485/ZLW[2],SRB_119_486/ZSSA[3],1180,630,-550,550,46.61016949152542,0.9530843384501814,16,0,3,atlas
120,534206,SRB_102_534/ZLW[7],SRB_105_509/ZSSA[1],1181,631,-550,550,46.570702794242166,0.9529394668724637,25,0,0,atlas
121,974962,SRB_75_429/ZLE[4],SRB_52_431/A_D0,1679,899,-780,780,46.45622394282311,0.9525167718927894,23,0,3,atlas
122,276762,SRB_75_549/ZSEA[3],SRB_59_548/ZLE[6],1395,748,-647,647,46.37992831541219,0.9522330076997485,16,0,2,atlas
123,772608,SRB_102_101/ZLW[4],SRB_100_110/ZLW[0],1186,636,-550,550,46.3743676222597,0.952212261409133,9,0,0,atlas
124,277953,SRB_104_311/ZLW[5],SRB_108_334/S_G3,1186,636,-550,550,46.3743676222597,0.952212261409133,23,0,1,atlas
125,703383,SRB_104_379/ZLW[5],SRB_108_402/S_A2,1188,638,-550,550,46.2962962962963,0.9519200568440798,23,0,1,atlas
126,841975,SRB_96_515/ZLW[4],SRB_117_511/A_C1,1685,905,-780,780,46.29080118694362,0.9518994242812889,21,0,3,atlas
127,787730,SRB_99_451/ZSEA[6],SRB_99_447/ZSWB[3],765,411,-354,354,46.27450980392157,0.951838204034553,4,0,1,atlas
128,957034,SRB_90_134/ZLE[0],SRB_92_155/ZDS[6],1189,639,-550,550,46.25735912531539,0.9517736725879506,21,0,1,atlas
129,403098,SRB_102_144/ZLW[7],SRB_105_122/ZDS[7],1190,640,-550,550,46.21848739495798,0.9516271008149161,22,0,0,atlas
130,307584,SRB_73_503/ZLE[0],SRB_79_461/ZDN[6],1440,775,-665,665,46.18055555555556,0.9514836542872981,42,1,0,fallback_block
131,61907,SRB_101_396/ZLW[7],SRB_104_376/ZSEA[0],1191,641,-550,550,46.179680940386234,0.9514803418745045,20,0,0,atlas
132,853719,SRB_66_501/ZLE[4],SRB_65_544/A_E2,1605,865,-740,740,46.10591900311526,0.9512001897800669,43,0,0,atlas
133,266334,SRB_93_39/ZLE[0],SRB_90_62/ZSSB[1],1193,643,-550,550,46.102263202011734,0.9511862638912578,23,0,1,atlas
134,952397,SRB_102_142/ZLW[5],SRB_105_168/S_A3,1193,643,-550,550,46.102263202011734,0.9511862638912578,26,0,1,atlas
135,234266,SRB_71_100/ZLE[0],SRB_76_90/ZDE[2],913,493,-420,420,46.002190580503836,0.9508035533236885,10,1,0,fallback_block
136,52184,SRB_75_327/ZSEA[0],SRB_61_345/A_A5,1270,686,-584,584,45.98425196850393,0.9507346417094867,18,0,2,atlas
137,900370,SRB_98_337/ZLW[5],SRB_105_315/S_D5,1697,917,-780,780,45.9634649381261,0.9506546701367091,22,0,1,atlas
138,646062,SRB_96_512/ZLW[2],SRB_108_506/ZLN[6],1701,921,-780,780,45.85537918871252,0.9502368004881323,12,0,2,atlas
139,846370,SRB_69_522/ZLE[0],SRB_54_535/S_CM,1614,874,-740,740,45.84882280049566,0.9502113422393076,15,0,2,atlas
140,429019,SRB_93_379/ZLE[7],SRB_82_388/A_E4,1202,652,-550,550,45.75707154742096,0.9498537407593882,11,0,0,atlas
141,375175,SRB_75_128/ZSEB[1],SRB_67_120/ZLS[7],1279,695,-584,584,45.66067240031275,0.9494753285253831,8,0,1,atlas
142,422359,SRB_99_336/ZLW[4],SRB_106_317/S_F3,1712,932,-780,780,45.5607476635514,0.9490801410011114,19,0,2,atlas
143,961423,SRB_75_16/ZSEA[0],SRB_59_7/ZSSA[3],1282,698,-584,584,45.55382215288611,0.9490526403568066,16,0,2,atlas
144,312402,SRB_100_452/ZLW[4],SRB_109_455/ZLW[6],1209,659,-550,550,45.49214226633582,0.9488070756116657,9,0,1,atlas
145,427218,SRB_53_56/ZLW[2],SRB_55_53/ZSSB[3],686,374,-312,312,45.481049562682216,0.9487627903684428,3,0,0,atlas
146,495732,SRB_68_536/ZLE[0],SRB_51_542/S_E1,1628,888,-740,740,45.45454545454545,0.948656827300346,17,0,3,atlas
147,248707,SRB_91_407/ZLW[4],SRB_88_453/ZSSA[7],1462,800,-662,662,45.280437756497946,0.9479554240848685,46,1,1,fallback_block
148,608315,SRB_96_206/ZLW[4],SRB_110_228/ZSNA[2],1724,944,-780,780,45.243619489559165,0.9478059092648637,22,0,2,atlas
149,734195,SRB_90_43/ZLW[4],SRB_95_0/ZDS[4],1636,896,-740,740,45.2322738386308,0.9477597516625046,43,0,0,atlas
150,303591,SRB_37_493/ZLE[4],SRB_33_491/ZDW[4],690,378,-312,312,45.21739130434783,0.9476991446954696,4,0,1,atlas
151,421057,SRB_75_248/ZLE[7],SRB_64_269/ZSWA[7],1508,827,-681,681,45.15915119363395,0.9474613117906062,21,0,2,atlas
152,986988,SRB_91_488/ZLE[7],SRB_96_484/A_B5,784,430,-354,354,45.1530612244898,0.9474363817270497,5,0,1,atlas
153,369838,SRB_107_110/ZLW[4],SRB_107_97/ZLN[2],1041,571,-470,470,45.14889529298751,0.9474193213268293,13,0,0,atlas
154,21949,SRB_68_226/ZLE[7],SRB_54_211/ZDN[5],1643,903,-740,740,45.03956177723676,0.9469696456727239,15,0,2,atlas
155,240884,SRB_100_421/ZLW[5],SRB_100_413/ZLW[2],1222,672,-550,550,45.00818330605565,0.9468399003374174,8,0,0,atlas
156,691855,SRB_98_514/ZLW[5],SRB_118_502/ZSNA[7],1736,957,-779,779,44.873271889400925,0.946278535465328,20,0,4,atlas
157,39478,SRB_108_220/ZLW[7],SRB_106_211/ZSSA[0],830,458,-372,372,44.81927710843374,0.9460522521990384,9,0,0,atlas
158,752842,SRB_104_135/ZLW[2],SRB_109_145/ZLW[5],1229,679,-550,550,44.75183075671277,0.9457682935606084,10,0,1,atlas
159,653342,SRB_97_218/ZLW[4],SRB_99_262/ZSSB[6],1528,845,-683,683,44.69895287958115,0.9455446546424808,44,0,1,atlas
160,728443,SRB_73_426/ZLE[7],SRB_55_443/A_FD,1748,968,-780,780,44.62242562929062,0.945219406141777,18,0,3,atlas
161,836844,SRB_109_175/ZLW[4],SRB_105_169/A_B2,835,463,-372,372,44.550898203592816,0.9449137009537351,6,0,1,atlas
162,356528,SRB_75_229/ZDE[6],SRB_62_209/ZSNB[7],1312,728,-584,584,44.51219512195122,0.9447475951179306,20,0,2,atlas
163,772597,SRB_60_140/ZLW[2],SRB_62_136/S_G2,791,439,-352,352,44.50063211125158,0.9446978746588927,4,0,0,atlas
164,325317,SRB_105_22/ZLW[2],SRB_107_9/ZLW[6],1236,686,-550,550,44.49838187702265,0.9446881936948103,13,0,1,atlas
165,222071,SRB_75_420/ZDE[3],SRB_60_407/ZSSB[7],1317,733,-584,584,44.34320425208808,0.9440166018669457,15,0,2,atlas
166,307996,SRB_96_0/ZLW[3],SRB_116_8/ZLS[3],1764,984,-780,780,44.21768707482993,0.9434675896672142,20,0,3,atlas
167,469706,SRB_104_444/ZLW[4],SRB_100_457/ZLN[1],1245,695,-550,550,44.17670682730924,0.9432872126677193,13,0,1,atlas
168,272652,SRB_75_507/ZLE[7],SRB_90_498/ZSEB[6],1087,607,-480,480,44.158233670653175,0.9432057193820323,15,1,0,fallback_block
169,909090,SRB_92_442/ZLW[2],SRB_102_423/ZSWB[3],1676,936,-740,740,44.1527446300716,0.9431814828901992,19,0,2,atlas
170,792049,SRB_74_222/ZLE[7],SRB_78_178/ZDW[4],1465,819,-646,646,44.09556313993174,0.9429284040267644,44,1,0,fallback_block
171,873825,SRB_92_509/ZLW[5],SRB_110_504/A_E3,1680,940,-740,740,44.047619047619044,0.9427153658555383,18,0,3,atlas
172,814346,SRB_96_221/ZLW[2],SRB_100_252/ZDW[0],1746,977,-769,769,44.04352806414662,0.9426971519938997,31,0,2,atlas
173,512602,SRB_68_244/ZLE[7],SRB_63_267/ZDS[6],1342,751,-591,591,44.03874813710879,0.9426758637004051,23,0,2,atlas
174,930534,SRB_69_47/ZLE[0],SRB_57_66/ZSNA[7],1479,828,-651,651,44.01622718052739,0.9425754591188953,19,0,3,atlas
175,234870,SRB_107_115/ZLW[2],SRB_108_122/S_C4,847,475,-372,372,43.91971664698938,0.9421432527738907,7,0,0,atlas
176,364549,SRB_91_285/ZLE[7],SRB_91_307/A_F0,1253,703,-550,550,43.89465283320032,0.9420304933935139,22,0,0,atlas
177,252354,SRB_107_444/ZLW[4],SRB_105_430/ZSNB[5],807,453,-354,354,43.866171003717476,0.9419020979291596,14,0,1,atlas
178,52718,SRB_68_413/ZLE[0],SRB_53_431/ZLW[4],1688,948,-740,740,43.838862559241704,0.9417787330245463,18,0,2,atlas
179,690129,SRB_104_469/ZLW[5],SRB_110_449/A_AD,1263,713,-550,550,43.547110055423595,0.9404447950234721,20,0,2,atlas
180,582272,SRB_107_507/ZLW[7],SRB_111_509/A_B2,855,483,-372,372,43.50877192982456,0.9402673195549403,4,0,0,atlas
181,816038,SRB_92_343/ZLW[5],SRB_87_350/ZLE[1],1128,638,-490,490,43.43971631205674,0.9399463521720791,7,1,1,fallback_block
182,316878,SRB_105_396/ZLW[2],SRB_111_368/ZSSA[1],1270,720,-550,550,43.30708661417323,0.9393252016469655,28,0,1,atlas
183,453550,SRB_93_149/ZLW[4],SRB_92_111/ZLE[1],1602,909,-693,693,43.258426966292134,0.9390957547813525,38,0,0,atlas
184,741393,SRB_104_495/ZLW[7],SRB_108_524/ZDN[3],1275,725,-550,550,43.13725490196079,0.938520729170958,29,0,1,atlas
185,104320,SRB_52_511/ZLW[5],SRB_52_518/S_D2,724,412,-312,312,43.0939226519337,0.9383138213019135,7,0,0,atlas
186,121935,SRB_91_123/ZLW[7],SRB_104_108/ZSWA[2],1719,979,-740,740,43.04828388598022,0.9380951710817101,15,0,2,atlas
187,173501,SRB_105_137/ZLW[2],SRB_116_123/S_D5,1281,731,-550,550,42.9352068696331,0.9375501947368662,14,0,2,atlas
188,644243,SRB_49_311/ZLE[0],SRB_50_317/A_E3,820,468,-352,352,42.926829268292686,0.9375096345280187,6,0,0,atlas
189,766881,SRB_90_64/ZLE[0],SRB_91_101/ZDW[1],1282,732,-550,550,42.90171606864275,0.9373878960069723,37,0,0,atlas
190,45494,SRB_103_111/ZLW[7],SRB_101_150/ZSNB[7],1283,733,-550,550,42.868277474668744,0.9372254431030873,39,0,1,atlas
191,755320,SRB_109_429/ZLW[4],SRB_107_433/A_FD,868,496,-372,372,42.857142857142854,0.9371712579368597,4,0,0,atlas
192,658725,SRB_42_390/ZLE[0],SRB_42_391/ZSEB[1],728,416,-312,312,42.857142857142854,0.9371712579368597,1,0,0,atlas
193,690518,SRB_46_398/ZSWA[4],SRB_49_399/ZSSB[4],364,208,-156,156,42.857142857142854,0.9371712579368597,3,0,0,atlas
194,10950,SRB_96_305/ZLE[7],SRB_98_322/ZSNB[7],869,497,-372,372,42.8078250863061,0.9369307148393085,17,0,0,atlas
195,74771,SRB_72_315/ZLS[4],SRB_76_298/ZSWA[5],323,461,138,138,42.72445820433436,0.9365220728910927,17,1,0,fallback_block
196,456263,SRB_105_474/ZLW[2],SRB_118_482/ZSNA[3],1288,738,-550,550,42.701863354037265,0.9364108786534661,13,0,3,atlas
197,808092,SRB_96_247/ZLW[2],SRB_114_224/ZSNB[4],1828,1048,-780,780,42.669584245076585,0.9362516991918823,23,0,3,atlas
198,750877,SRB_102_451/ZLW[7],SRB_114_465/ZSSB[2],1289,739,-550,550,42.668735453840185,0.9362475083130123,14,0,2,atlas
199,757545,SRB_40_406/ZSWB[3],SRB_43_408/ZSEB[4],366,210,-156,156,42.62295081967213,0.9360210529647375,3,0,0,atlas
200,72349,SRB_72_104/ZLE[0],SRB_63_82/A_A1,1542,885,-657,657,42.60700389105058,0.9359419953828289,22,0,2,atlas
201,854692,SRB_107_360/ZLW[5],SRB_107_371/S_FM,874,502,-372,372,42.5629290617849,0.9357230009219945,11,0,0,atlas
202,491774,SRB_100_350/ZSWA[7],SRB_110_335/ZSNB[7],833,479,-354,354,42.49699879951981,0.9353940617304137,15,0,2,atlas
203,339863,SRB_104_45/ZLW[5],SRB_108_83/S_B5,1295,745,-550,550,42.471042471042466,0.9352641145321846,38,0,2,atlas
204,436874,SRB_74_531/ZLE[4],SRB_75_466/S_CM,1735,1001,-734,734,42.305475504322764,0.9344292596399691,65,0,0,fallback_distance
205,227794,SRB_74_406/ZDE[5],SRB_78_386/ZDE[3],1100,635,-465,465,42.27272727272727,0.9342629021138625,20,1,0,fallback_block
206,859612,SRB_92_0/ZLW[3],SRB_101_15/A_AD,1752,1012,-740,740,42.23744292237443,0.9340832050859812,15,0,2,atlas
207,862748,SRB_93_208/ZLW[7],SRB_90_175/A_F2,1319,762,-557,557,42.2289613343442,0.9340399391568457,33,0,0,atlas
208,76459,SRB_96_188/ZLE[7],SRB_97_175/S_F1,881,509,-372,372,42.22474460839955,0.9340184187600389,13,0,0,atlas
209,46369,SRB_90_104/ZLW[7],SRB_116_102/ZSSB[0],1755,1015,-740,740,42.16524216524217,0.9337140193349885,26,0,4,atlas
210,99838,SRB_96_222/ZLW[4],SRB_105_194/A_D3,1663,962,-701,701,42.15273601924233,0.9336498688001281,28,0,1,atlas
211,737485,SRB_96_346/ZLW[4],SRB_95_329/ZLW[1],1388,804,-584,584,42.07492795389049,0.9332494018830555,17,0,1,atlas
212,127398,SRB_58_198/ZLW[4],SRB_62_200/S_H3,837,485,-352,352,42.05495818399044,0.933146244603524,4,0,0,atlas
213,302235,SRB_69_317/ZLE[4],SRB_50_339/ZSSB[4],1761,1021,-740,740,42.02157864849517,0.9329734731554675,22,0,3,atlas
214,526943,SRB_95_77/ZLE[0],SRB_74_92/ZDE[0],1309,759,-550,550,42.016806722689076,0.9329487386275355,21,0,0,atlas
215,944002,SRB_48_331/ZLW[2],SRB_52_329/A_G3,744,432,-312,312,41.935483870967744,0.9325258574596947,4,0,1,atlas
216,912933,SRB_105_286/ZLW[4],SRB_101_328/ZSWB[3],1312,762,-550,550,41.920731707317074,0.9324488704598556,42,0,0,atlas
217,980894,SRB_109_109/ZLW[5],SRB_105_94/S_A3,845,491,-354,354,41.89349112426036,0.9323064874002859,15,0,1,atlas
218,654671,SRB_69_25/ZLE[7],SRB_71_53/S_E5,1146,666,-480,480,41.8848167539267,0.9322610868092409,28,0,2,atlas
219,362876,SRB_75_434/ZLE[7],SRB_80_454/ZLE[2],1287,748,-539,539,41.88034188034188,0.9322376543825595,20,1,1,fallback_block
220,160220,SRB_75_125/ZDE[3],SRB_62_150/ZSNA[3],1216,707,-509,509,41.85855263157895,0.932123444384911,25,0,3,atlas
221,844641,SRB_49_406/ZLE[4],SRB_48_391/ZDS[4],841,489,-352,352,41.85493460166468,0.9321044622350694,15,0,0,atlas
222,934833,SRB_104_219/ZLW[5],SRB_102_281/A_A5,1589,925,-664,664,41.78728760226558,0.9317486047974586,62,0,1,fallback_distance
223,930674,SRB_72_200/ZLE[7],SRB_80_165/ZLE[2],1436,836,-600,600,41.78272980501393,0.9317245638871043,35,1,0,fallback_block
224,573328,SRB_109_168/ZLW[2],SRB_110_152/A_A5,891,519,-372,372,41.75084175084175,0.9315561360398584,16,0,0,atlas
225,547330,SRB_90_423/ZLE[7],SRB_94_460/S_G2,1323,773,-550,550,41.57218442932729,0.9306050582034103,37,0,1,atlas
226,396810,SRB_95_455/ZLE[0],SRB_91_437/ZLW[6],1323,773,-550,550,41.57218442932729,0.9306050582034103,18,0,1,atlas
227,111678,SRB_97_0/ZLW[3],SRB_110_33/ZSSA[3],1897,1109,-788,788,41.5392725355825,0.9304284681424291,33,0,2,atlas
228,586251,SRB_101_467/ZLW[2],SRB_118_473/ZSNA[4],1325,775,-550,550,41.509433962264154,0.9302679937746636,17,0,3,atlas
229,205276,SRB_81_157/ZLE[7],SRB_95_143/ZSSB[2],335,474,139,139,41.492537313432834,0.9301769640108836,14,1,1,fallback_block
230,790079,SRB_53_537/ZLW[2],SRB_52_523/ZDS[3],752,440,-312,312,41.48936170212766,0.930159842798987,14,0,0,atlas
231,747716,SRB_94_463/ZLE[7],SRB_75_472/S_CM,1326,776,-550,550,41.47812971342383,0.9300992534013962,19,0,0,atlas
232,305,SRB_94_313/ZLW[7],SRB_87_294/ZSWB[1],1020,597,-423,423,41.47058823529412,0.930058543525392,19,1,0,fallback_block
233,823493,SRB_67_519/ZLE[0],SRB_41_524/A_F5,1785,1045,-740,740,41.45658263305322,0.9299828788396367,26,0,4,atlas
234,262409,SRB_48_486/ZLE[7],SRB_45_489/ZSNA[7],850,498,-352,352,41.411764705882355,0.9297402213743632,3,0,1,atlas
235,360369,SRB_93_234/ZLW[5],SRB_92_287/ZSEA[5],1548,907,-641,641,41.40826873385013,0.9297212591172025,53,0,1,fallback_distance
236,196293,SRB_98_125/ZLW[4],SRB_98_167/ZLE[1],1615,949,-666,666,41.23839009287926,0.9287938678662433,42,0,1,atlas
237,640031,SRB_73_118/ZLE[4],SRB_74_66/A_F5,1548,910,-638,638,41.21447028423773,0.9286623432979101,52,0,0,fallback_distance
238,184209,SRB_99_201/ZSEA[6],SRB_97_207/ZLS[2],859,505,-354,354,41.21071012805588,0.9286416465753571,6,0,0,atlas
239,310725,SRB_60_233/ZLW[7],SRB_61_245/ZSNA[2],855,503,-352,352,41.16959064327486,0.9284149382455475,12,0,0,atlas
240,969405,SRB_104_297/ZLW[5],SRB_106_273/ZLE[2],1337,787,-550,550,41.13687359760658,0.928234060680565,24,0,1,atlas
241,464984,SRB_66_527/ZLE[0],SRB_60_487/ZDS[1],1382,814,-568,568,41.09985528219971,0.9280288727637437,40,0,1,atlas
242,12488,SRB_71_547/ZLE[0],SRB_73_513/ZLE[4],1421,837,-584,584,41.097818437719916,0.9280175664108353,34,0,0,atlas
243,568666,SRB_106_112/ZLW[2],SRB_100_104/ZSNA[1],915,539,-376,376,41.092896174863384,0.9279902362831915,8,0,1,atlas
244,152385,SRB_94_469/ZLE[7],SRB_82_498/ZSSA[5],1341,791,-550,550,41.01416853094705,0.9275517530048881,29,0,0,atlas
245,701249,SRB_98_39/ZLW[7],SRB_103_73/A_E2,1662,981,-681,681,40.974729241877256,0.927331126036942,34,0,2,atlas
246,388580,SRB_104_425/ZLW[5],SRB_114_425/ZLN[0],1344,794,-550,550,40.922619047619044,0.9270386252121292,10,0,2,atlas
247,677313,SRB_72_17/ZLE[4],SRB_63_59/S_BM,1723,1020,-703,703,40.800928612884505,0.9263511443827425,42,0,3,atlas
248,500026,SRB_58_154/ZLW[7],SRB_60_139/ZDN[6],863,511,-352,352,40.78794901506373,0.9262774504779234,15,0,1,atlas
249,28260,SRB_59_299/ZLW[7],SRB_59_279/ZSSA[0],863,511,-352,352,40.78794901506373,0.9262774504779234,20,0,0,atlas
250,923694,SRB_98_412/ZDE[6],SRB_92_417/A_B3,868,514,-354,354,40.78341013824885,0.926251663490356,6,0,1,atlas
251,630015,SRB_90_319/ZLW[7],SRB_95_360/ZLN[6],1611,954,-657,657,40.78212290502793,0.9262443486778486,41,0,1,atlas
252,170246,SRB_98_310/ZLW[2],SRB_112_343/ZSNA[4],1918,1138,-780,780,40.667361835245046,0.9255893978473416,33,0,3,atlas
253,544906,SRB_74_216/ZLE[4],SRB_90_231/ZSEB[3],1193,708,-485,485,40.65381391450126,0.9255117107321692,16,1,0,fallback_block
254,824457,SRB_59_77/ZLW[2],SRB_61_65/ZLE[3],866,514,-352,352,40.64665127020785,0.9254706068631804,12,0,0,atlas
255,304010,SRB_51_477/ZSEA[6],SRB_51_477/ZSWB[6],385,229,-156,156,40.519480519480524,0.9247371791739064,0,0,0,atlas
256,541291,SRB_48_467/ZLE[4],SRB_47_479/A_G3,869,517,-352,352,40.50632911392405,0.9246609369828438,12,0,0,atlas
257,305051,SRB_90_8/ZLW[4],SRB_84_60/S_H0,1535,914,-621,621,40.45602605863192,0.9243686314839239,52,1,1,fallback_distance
258,727093,SRB_90_532/ZSWA[6],SRB_114_530/ZSNB[5],1444,860,-584,584,40.443213296398895,0.9242940040096733,24,0,4,atlas
259,611925,SRB_86_456/ZLE[7],SRB_93_454/S_E5,487,291,-196,196,40.24640657084189,0.9231387853377729,7,0,0,atlas
260,168104,SRB_105_172/ZLW[5],SRB_110_133/ZSNB[7],1367,817,-550,550,40.23408924652524,0.9230659249001506,39,0,2,atlas
261,148456,SRB_66_233/ZLE[4],SRB_47_205/A_C3,1841,1101,-740,740,40.19554589896796,0.9228375015578518,28,0,3,atlas
262,461267,SRB_95_393/ZLE[7],SRB_80_370/ZLS[7],1370,820,-550,550,40.14598540145985,0.9225428293399393,23,0,0,atlas
263,892553,SRB_75_347/ZDE[7],SRB_54_332/ZSWB[6],1455,871,-584,584,40.13745704467354,0.9224920134323302,21,0,3,atlas
264,374740,SRB_55_237/ZLW[4],SRB_52_226/ZSSA[7],778,466,-312,312,40.102827763496144,0.9222853472152616,11,0,0,atlas
265,972409,SRB_99_13/ZSEA[6],SRB_98_39/ZDW[5],883,529,-354,354,40.09060022650057,0.9222122475043807,26,0,0,atlas
266,479295,SRB_102_259/ZLW[5],SRB_110_278/ZDW[3],1373,823,-550,550,40.05826656955572,0.9220186296298344,19,0,1,atlas
267,998866,SRB_105_10/ZLW[5],SRB_118_7/ZLS[2],1373,823,-550,550,40.05826656955572,0.9220186296298344,13,0,3,atlas
268,770918,SRB_92_428/ZLW[4],SRB_96_397/ZLW[2],1639,983,-656,656,40.02440512507627,0.9218153675510583,31,0,1,atlas
269,544817,SRB_107_57/ZLW[5],SRB_109_70/A_GM,930,558,-372,372,40.0,0.9216685544064713,13,0,0,atlas
270,714172,SRB_60_351/ZLW[7],SRB_66_361/A_B1,920,552,-368,368,40.0,0.9216685544064713,10,0,1,atlas
271,180042,SRB_105_299/ZLW[5],SRB_101_250/ZDN[5],1340,805,-535,535,39.92537313432835,0.9212179815517878,49,0,0,fallback_distance
272,554088,SRB_73_240/ZLE[7],SRB_79_291/ZSWB[2],1464,880,-584,584,39.89071038251366,0.9210078546941214,51,1,1,fallback_distance
273,800018,SRB_95_192/ZLE[7],SRB_97_188/A_FD,888,534,-354,354,39.86486486486486,0.920850828597794,4,0,1,atlas
274,677352,SRB_101_440/ZLW[5],SRB_118_426/A_H2,1380,830,-550,550,39.85507246376812,0.9207912560944326,17,0,3,atlas
275,959984,SRB_103_192/ZLW[7],SRB_107_227/A_E3,1381,831,-550,550,39.826212889210716,0.9206154374626542,35,0,1,atlas
276,828320,SRB_73_342/ZLE[0],SRB_48_314/ZSSA[3],1961,1181,-780,780,39.77562468128506,0.9203063403405525,28,0,4,atlas
277,980497,SRB_93_101/ZLW[4],SRB_82_67/ZSNA[0],1275,769,-506,506,39.68627450980392,0.9197575851506045,34,1,0,fallback_block
278,339173,SRB_100_370/ZLW[4],SRB_119_383/S_EM,1387,837,-550,550,39.65392934390771,0.9195580420909587,19,0,3,atlas
279,981496,SRB_36_433/ZLE[7],SRB_35_432/ZSNA[3],787,475,-312,312,39.64421855146124,0.919498041756159,1,0,0,atlas
280,984559,SRB_72_49/ZLE[7],SRB_53_17/A_D5,1900,1147,-753,753,39.631578947368425,0.9194198808678059,32,0,3,atlas
281,681326,SRB_102_222/ZLW[7],SRB_111_258/S_G1,1390,840,-550,550,39.568345323741006,0.9190277634193947,36,0,2,atlas
282,684806,SRB_75_310/ZSEB[1],SRB_64_279/ZSWA[0],1279,773,-506,506,39.56215793588741,0.9189892968452131,31,0,1,atlas
283,71495,SRB_73_133/ZLE[4],SRB_44_143/ZSSA[4],1972,1192,-780,780,39.553752535496955,0.9189370129971878,29,0,5,atlas
284,249328,SRB_95_120/ZLW[7],SRB_101_137/S_C2,1477,893,-584,584,39.53960731211916,0.9188489529438132,17,0,2,atlas
285,609930,SRB_98_235/ZLW[4],SRB_102_189/ZSSA[3],1767,1070,-697,697,39.44538766270515,0.9182600538621362,46,0,1,atlas
286,285148,SRB_104_2/ZLW[7],SRB_113_22/ZLW[0],1395,845,-550,550,39.42652329749104,0.9181416557002772,20,0,2,atlas
287,428000,SRB_102_220/ZLW[5],SRB_116_193/ZDW[4],1396,846,-550,550,39.39828080229226,0.917964090768974,27,0,2,atlas
288,381935,SRB_95_9/ZLW[7],SRB_109_15/A_G4,1483,899,-584,584,39.37963587322994,0.9178466652359749,14,0,3,atlas
289,107358,SRB_97_314/ZLW[7],SRB_106_281/A_CD,1749,1061,-688,688,39.33676386506575,0.9175760472938379,33,0,2,atlas
290,756480,SRB_106_214/ZLW[5],SRB_103_200/ZLS[0],900,546,-354,354,39.33333333333333,0.9175543561652341,14,0,1,atlas
291,601909,SRB_91_108/ZLW[7],SRB_81_91/ZSWA[2],1047,636,-411,411,39.25501432664756,0.9170576594337534,17,1,0,fallback_block
292,528061,SRB_47_170/ZLW[4],SRB_51_180/A_EM,795,483,-312,312,39.24528301886793,0.9169957441744172,10,0,0,atlas
293,239215,SRB_59_391/ZLW[4],SRB_63_374/ZSSA[4],898,546,-352,352,39.198218262806236,0.9166956709944147,17,0,0,atlas
294,778311,SRB_59_328/ZLW[7],SRB_68_316/ZSSA[1],899,547,-352,352,39.15461624026697,0.9164167496050408,12,0,1,atlas
295,879105,SRB_103_136/ZLW[5],SRB_106_171/ZLN[6],1405,855,-550,550,39.14590747330961,0.9163609328582213,35,0,2,atlas
296,6475,SRB_90_408/ZSWA[0],SRB_102_393/S_FM,1375,837,-538,538,39.127272727272725,0.9162413781668278,15,0,2,atlas
297,62565,SRB_95_526/ZLE[4],SRB_93_482/S_CD,1406,856,-550,550,39.11806543385491,0.9161822467525116,44,0,0,atlas
298,334027,SRB_107_453/ZLW[2],SRB_117_447/ZSSB[3],951,579,-372,372,39.11671924290221,0.9161735978517905,10,0,2,atlas
299,627261,SRB_99_354/ZSEA[6],SRB_92_356/A_G3,905,551,-354,354,39.11602209944751,0.9161691185644841,7,0,1,atlas
300,336929,SRB_75_131/ZLE[7],SRB_67_172/ZSSA[5],1620,987,-633,633,39.07407407407407,0.9158991724309786,41,0,2,atlas
301,136771,SRB_67_305/ZLE[0],SRB_69_364/S_G3,1623,989,-634,634,39.06346272335182,0.915830754108573,59,0,1,fallback_distance
302,830143,SRB_104_191/ZLW[4],SRB_107_233/A_G1,1408,858,-550,550,39.0625,0.9158245441687624,42,0,1,atlas
303,607136,SRB_91_112/ZDW[0],SRB_106_119/A_EM,1496,912,-584,584,39.037433155080215,0.915662699009697,15,0,3,atlas
304,427590,SRB_101_127/ZLW[5],SRB_103_170/ZDW[7],1409,859,-550,550,39.03477643718949,0.9156455283716699,43,0,1,atlas
305,25543,SRB_101_11/ZLW[7],SRB_111_53/ZSNB[7],1409,859,-550,550,39.03477643718949,0.9156455283716699,42,0,2,atlas
306,801217,SRB_97_368/ZLE[7],SRB_96_394/ZSEB[0],953,581,-372,372,39.03462749213011,0.9156445656256716,26,0,0,atlas
307,675057,SRB_101_131/ZLW[7],SRB_110_94/A_FD,1411,861,-550,550,38.97944720056697,0.9152871694671988,37,0,1,atlas
308,532207,SRB_98_466/ZLE[4],SRB_96_486/ZSNB[5],956,584,-372,372,38.912133891213394,0.9148492294933697,20,0,0,atlas
309,237162,SRB_39_340/ZLE[0],SRB_39_332/ZLW[2],802,490,-312,312,38.90274314214464,0.9147879616431531,8,0,0,atlas
310,210200,SRB_109_490/ZLW[2],SRB_114_490/ZSSB[5],957,585,-372,372,38.87147335423197,0.9145836450911236,5,0,1,atlas
311,806790,SRB_100_371/ZSWA[0],SRB_110_393/ZDN[7],911,557,-354,354,38.85839736553238,0.9144980679709579,22,0,1,atlas
312,896034,SRB_107_375/ZLW[5],SRB_107_380/ZSWA[2],958,586,-372,372,38.83089770354906,0.9143178263333872,5,0,0,atlas
313,460008,SRB_109_542/ZLW[2],SRB_109_506/ZSNA[2],958,586,-372,372,38.83089770354906,0.9143178263333872,36,0,0,atlas
314,749981,SRB_67_314/ZLE[0],SRB_67_359/ZLN[5],1587,971,-616,616,38.81537492123503,0.9142159248173678,45,0,1,atlas
315,27091,SRB_51_490/ZLE[0],SRB_46_486/S_CM,907,555,-352,352,38.80926130099228,0.9141757593204628,5,0,0,atlas
316,628926,SRB_59_483/ZLW[5],SRB_60_468/ZLN[5],907,555,-352,352,38.80926130099228,0.9141757593204628,15,0,0,atlas
317,200288,SRB_102_219/ZLW[5],SRB_114_207/ZSWA[2],1419,869,-550,550,38.759689922480625,0.9138494194403485,12,0,2,atlas
318,184911,SRB_90_100/ZSWA[4],SRB_91_55/ZSSB[4],1249,765,-484,484,38.75100080064051,0.9137920950034368,45,0,0,atlas
319,931270,SRB_70_430/ZLE[4],SRB_79_391/ZSNB[2],1172,718,-454,454,38.737201365187715,0.9137009816094945,39,1,0,fallback_block
320,92406,SRB_97_266/ZLE[7],SRB_94_256/ZSSA[7],961,589,-372,372,38.70967741935484,0.9135189748395107,10,0,1,atlas
321,460120,SRB_100_135/ZSWB[7],SRB_119_132/ZLN[7],918,564,-354,354,38.56209150326798,0.9125367704243095,19,0,3,atlas
322,143069,SRB_100_439/ZLW[5],SRB_111_460/ZLW[1],1427,877,-550,550,38.542396636299934,0.9124048959992395,21,0,2,atlas
323,269647,SRB_105_274/ZLW[7],SRB_101_335/ZSNA[0],1449,891,-558,558,38.50931677018634,0.9121829701982743,61,0,0,fallback_distance
324,268720,SRB_94_404/ZLW[5],SRB_90_373/ZLW[1],1200,738,-462,462,38.5,0.9121203692077173,31,0,0,atlas
325,320920,SRB_75_415/ZDE[5],SRB_51_428/S_H3,1517,933,-584,584,38.49703361898484,0.912100428646408,24,0,4,atlas
326,403071,SRB_49_269/ZLE[4],SRB_47_283/ZDN[0],915,563,-352,352,38.46994535519126,0.9119181365380664,14,0,0,atlas
327,635750,SRB_105_546/ZLW[2],SRB_100_509/ZLW[0],1431,881,-550,550,38.434661076170514,0.911680147990704,37,0,0,atlas
328,693808,SRB_36_316/ZLE[7],SRB_33_306/ZSSA[7],812,500,-312,312,38.42364532019704,0.9116057223932076,10,0,1,atlas
329,390976,SRB_96_1/ZLW[5],SRB_107_40/ZLW[2],2030,1250,-780,780,38.42364532019704,0.9116057223932076,39,0,2,atlas
330,384527,SRB_91_300/ZLE[0],SRB_93_344/ZLS[7],1433,883,-550,550,38.38101884159107,0.9113171617703807,44,0,0,atlas
331,652531,SRB_98_242/ZLW[4],SRB_118_217/ZLS[1],2035,1255,-780,780,38.32923832923833,0.9109654243468502,25,0,4,atlas
332,1207,SRB_95_538/ZLE[0],SRB_92_494/ZDN[3],1436,886,-550,550,38.3008356545961,0.9107719246569786,44,0,0,atlas
333,536195,SRB_104_44/ZLW[5],SRB_116_63/ZDW[1],1437,887,-550,550,38.27418232428671,0.9105899782048286,19,0,3,atlas
334,433401,SRB_107_56/ZLW[2],SRB_108_74/A_A4,974,602,-372,372,38.19301848049281,0.9100337403253141,18,0,0,atlas
335,545354,SRB_109_340/ZLW[2],SRB_112_353/S_F0,974,602,-372,372,38.19301848049281,0.9100337403253141,13,0,2,atlas
336,357860,SRB_107_21/ZLW[7],SRB_100_0/S_E3,927,573,-354,354,38.18770226537217,0.9099971920164,21,0,1,atlas
337,180584,SRB_58_358/ZLW[7],SRB_59_338/ZSNA[7],922,570,-352,352,38.17787418655097,0.9099295879561017,20,0,1,atlas
338,334059,SRB_66_348/ZLE[7],SRB_47_373/A_HD,1700,1051,-649,649,38.1764705882353,0.9099199291260902,25,0,4,atlas
339,112675,SRB_90_403/ZDW[0],SRB_99_438/A_H5,1455,900,-555,555,38.144329896907216,0.9096984834583679,35,0,1,atlas
340,19421,SRB_93_134/ZLW[7],SRB_107_160/ZSSB[6],1716,1062,-654,654,38.111888111888106,0.909474437393944,26,0,4,atlas
341,582987,SRB_104_428/ZLW[4],SRB_112_460/ZSSA[6],1444,894,-550,550,38.088642659279785,0.9093135765404136,32,0,3,atlas
342,548854,SRB_72_14/ZLE[0],SRB_44_39/S_D1,2048,1268,-780,780,38.0859375,0.9092948388913872,28,0,5,atlas
343,697655,SRB_69_419/ZLE[7],SRB_39_430/ZSWA[0],1943,1203,-740,740,38.085434894493055,0.9092913571206497,30,0,5,atlas
344,899831,SRB_16_92/ZSEA[2],SRB_16_93/ZLN[1],712,441,-271,271,38.06179775280899,0.9091274683380138,1,0,0,atlas
345,831283,SRB_53_31/ZLE[4],SRB_52_33/S_D3,515,319,-196,196,38.05825242718446,0.9091028624146373,2,0,0,atlas
346,986710,SRB_106_242/ZLW[5],SRB_102_227/A_C2,956,593,-363,363,37.970711297071134,0.9084932769336816,15,0,1,atlas
347,412013,SRB_67_16/ZLE[4],SRB_33_3/ZSNA[4],1949,1209,-740,740,37.96818881477681,0.9084756542694754,34,0,6,atlas
348,519672,SRB_90_537/ZLW[2],SRB_112_515/ZSNA[2],1951,1211,-740,740,37.929267042542286,0.9082033275867081,22,0,4,atlas
349,76778,SRB_92_53/ZLE[4],SRB_94_98/ZSSB[1],1451,901,-550,550,37.90489317711923,0.908032396690642,45,0,0,atlas
350,804215,SRB_107_87/ZLW[7],SRB_104_69/S_GD,935,581,-354,354,37.86096256684492,0.9077235514492591,18,0,1,atlas
351,947795,SRB_97_86/ZLE[7],SRB_87_88/A_CM,983,611,-372,372,37.843336724313325,0.907599359299506,10,0,1,atlas
352,331828,SRB_92_189/ZLE[7],SRB_92_150/ZLN[4],1454,904,-550,550,37.82668500687758,0.907481884765519,39,0,0,atlas
353,224480,SRB_43_254/ZLE[0],SRB_42_244/ZSSA[3],825,513,-312,312,37.81818181818182,0.9074218416719472,10,0,1,atlas
354,956477,SRB_66_433/ZLE[0],SRB_51_403/ZLN[6],1894,1178,-716,716,37.80359028511088,0.9073187208824756,30,0,3,atlas
355,309565,SRB_69_500/ZLE[7],SRB_36_506/S_A5,1964,1224,-740,740,37.67820773930753,0.9064281069910415,33,0,5,atlas
356,889588,SRB_74_36/ZLE[0],SRB_83_85/ZSEB[1],1381,861,-520,520,37.65387400434468,0.9062543197814208,49,1,1,fallback_distance
357,868095,SRB_74_535/ZDE[3],SRB_56_513/A_BM,1551,967,-584,584,37.65312701482914,0.9062489800629117,22,0,3,atlas
358,730060,SRB_100_369/ZLW[7],SRB_109_328/ZDS[6],1462,912,-550,550,37.61969904240766,0.9060097300478153,41,0,2,atlas
359,141027,SRB_101_294/ZLW[7],SRB_107_250/ZSEA[2],1462,912,-550,550,37.61969904240766,0.9060097300478153,44,0,1,atlas
360,986243,SRB_90_537/ZLW[7],SRB_89_466/A_H4,1790,1117,-673,673,37.597765363128495,0.9058524314937837,71,1,0,fallback_distance
361,25608,SRB_102_245/ZLW[2],SRB_117_235/ZLW[6],1463,913,-550,550,37.59398496240601,0.9058252948772451,15,0,2,atlas
362,243695,SRB_96_515/ZLE[7],SRB_92_530/A_BM,991,619,-372,372,37.53784056508577,0.9054214008634062,15,0,1,atlas
363,923926,SRB_91_427/ZLE[0],SRB_92_364/ZSSB[2],1575,984,-591,591,37.523809523809526,0.90532020692213,63,0,0,fallback_distance
364,851445,SRB_97_185/ZSEA[0],SRB_98_198/ZLS[7],672,420,-252,252,37.5,0.9051482536448665,13,0,0,atlas
365,261207,SRB_75_48/ZSWA[7],SRB_78_51/ZSEA[0],264,363,99,99,37.5,0.9051482536448665,3,1,1,fallback_block
366,143093,SRB_95_122/ZSEA[6],SRB_91_125/ZSSB[6],523,327,-196,196,37.476099426386234,0.9049753443787649,4,0,0,atlas
367,787106,SRB_91_545/ZDW[0],SRB_107_521/ZSNB[2],1559,975,-584,584,37.459910198845414,0.904858052941752,24,0,3,atlas
368,422739,SRB_67_429/ZLE[4],SRB_36_424/ZSNA[0],1976,1236,-740,740,37.449392712550605,0.9047817797484135,31,0,5,atlas
369,607803,SRB_94_367/ZLE[7],SRB_61_364/ZSSA[0],1469,919,-550,550,37.44043567052417,0.9047167771557318,33,0,2,atlas
370,554810,SRB_96_143/ZLW[4],SRB_107_182/A_FD,1841,1152,-689,689,37.425312330255295,0.904606929129187,39,0,3,atlas
371,8640,SRB_100_177/ZSWB[7],SRB_119_176/S_A1,946,592,-354,354,37.420718816067655,0.9045735404353652,19,0,3,atlas
372,242919,SRB_20_315/ZSWA[0],SRB_22_317/ZSEA[1],417,261,-156,156,37.410071942446045,0.9044961092407473,2,0,0,atlas
373,334690,SRB_45_520/ZLE[7],SRB_43_510/ZSWA[2],834,522,-312,312,37.410071942446045,0.9044961092407473,10,0,0,atlas
374,62228,SRB_93_299/ZLE[0],SRB_95_237/ZDN[1],1534,961,-573,573,37.35332464146023,0.9040823971825391,62,0,1,fallback_distance
375,935948,SRB_100_194/ZSWA[4],SRB_117_190/S_ED,948,594,-354,354,37.34177215189873,0.9039979663492939,17,0,2,atlas
376,443736,SRB_90_535/ZLW[5],SRB_105_499/ZSNB[5],1766,1107,-659,659,37.315968289920725,0.9038091250957113,36,0,2,atlas
377,39500,SRB_100_192/ZSWB[7],SRB_114_200/ZSSB[0],949,595,-354,354,37.302423603793464,0.9037098594693214,14,0,2,atlas
378,826042,SRB_61_498/ZLW[7],SRB_72_510/ZSEB[0],944,592,-352,352,37.28813559322034,0.9036050407974082,12,0,2,atlas
379,430259,SRB_100_109/ZDW[0],SRB_109_129/A_HM,951,597,-354,354,37.22397476340694,0.9031330120002241,20,0,1,atlas
380,769474,SRB_101_425/ZLW[4],SRB_102_468/ZDE[3],1478,928,-550,550,37.21244925575101,0.9030479871600342,43,0,1,atlas
381,601761,SRB_75_319/ZSEA[5],SRB_47_335/ZSNB[4],1570,986,-584,584,37.19745222929936,0.9029372465283202,28,0,4,atlas
382,725915,SRB_49_271/ZLW[4],SRB_51_280/A_B2,839,527,-312,312,37.18712753277711,0.902860937431173,9,0,0,atlas
383,63949,SRB_100_283/ZSWA[0],SRB_102_273/ZDW[6],952,598,-354,354,37.18487394957983,0.9028442737904944,10,0,0,atlas
384,541417,SRB_68_325/ZLE[7],SRB_42_342/ZLE[3],1991,1251,-740,740,37.167252636865896,0.9027138831890382,26,0,4,atlas
385,821457,SRB_73_434/ZLE[4],SRB_35_437/ZSNB[2],2099,1319,-780,780,37.160552644116244,0.90266426239041,38,0,6,atlas
386,545436,SRB_92_138/ZLW[2],SRB_79_174/ZSNB[3],1101,693,-408,408,37.05722070844686,0.9018959286140273,36,1,1,fallback_block
387,546406,SRB_75_335/ZSEA[5],SRB_71_369/ZLW[1],1263,795,-468,468,37.05463182897862,0.9018766050974402,34,0,1,atlas
388,279271,SRB_75_29/ZDE[5],SRB_64_54/ZLE[2],1383,871,-512,512,37.020968908170644,0.9016250146485061,25,0,2,atlas
389,676710,SRB_49_33/ZLE[7],SRB_41_27/ZDN[7],951,599,-352,352,37.013669821240796,0.9015703819796508,8,0,1,atlas
390,145647,SRB_109_26/ZLE[0],SRB_111_41/ZLS[6],862,543,-319,319,37.00696055684455,0.9015201386764267,15,0,0,atlas
391,969745,SRB_108_409/ZLW[5],SRB_110_387/S_G4,1006,634,-372,372,36.97813121272366,0.9013039690610231,22,0,0,atlas
392,132463,SRB_90_498/ZLE[4],SRB_75_475/ZLN[1],1488,938,-550,550,36.96236559139785,0.9011855642949967,23,0,0,atlas
393,41793,SRB_104_115/ZLW[7],SRB_108_153/ZLN[3],1488,938,-550,550,36.96236559139785,0.9011855642949967,38,0,2,atlas
394,409287,SRB_99_477/ZSEB[0],SRB_84_464/ZSSA[1],958,604,-354,354,36.95198329853862,0.9011075164867489,15,0,1,atlas
395,751118,SRB_71_334/ZLE[0],SRB_55_312/S_FD,1586,1002,-584,584,36.82219419924338,0.9001268965525463,22,0,3,atlas
396,464826,SRB_68_323/ZLE[0],SRB_69_278/ZLS[4],1570,992,-578,578,36.81528662420382,0.9000744490553468,45,0,0,atlas
397,51979,SRB_68_222/ZLE[7],SRB_49_260/ZSNA[7],1785,1128,-657,657,36.806722689075634,0.9000093889985685,38,0,4,atlas
398,182230,SRB_106_471/ZLW[5],SRB_117_484/ZSNA[6],1011,639,-372,372,36.795252225519285,0.8999221852258111,13,0,1,atlas
399,427334,SRB_98_160/ZLE[4],SRB_98_137/S_FM,1012,640,-372,372,36.75889328063241,0.8996452913405933,23,0,1,atlas
400,968048,SRB_90_315/ZLW[2],SRB_113_329/ZLW[7],2014,1274,-740,740,36.74280039721947,0.899522503419694,23,0,4,atlas
401,373696,SRB_90_406/ZSWA[0],SRB_117_406/A_F5,1590,1006,-584,584,36.72955974842767,0.8994213712284093,27,0,4,atlas
402,595383,SRB_70_136/ZLE[0],SRB_73_189/A_H0,1427,903,-524,524,36.72039243167484,0.8993512947129075,53,0,1,fallback_distance
403,733440,SRB_101_449/ZLW[7],SRB_112_482/ZSWB[7],1498,948,-550,550,36.715620827770366,0.8993148014735309,33,0,3,atlas
404,105188,SRB_65_98/ZLW[7],SRB_58_98/S_FD,534,338,-196,196,36.70411985018727,0.8992267904615733,7,0,1,atlas
405,71715,SRB_90_107/ZSWA[0],SRB_96_148/ZLS[6],1592,1008,-584,584,36.68341708542713,0.8990681793240809,41,0,1,atlas
406,319630,SRB_90_241/ZSWA[7],SRB_110_233/ZSWB[4],1594,1010,-584,584,36.637390213299874,0.8987147040102507,20,0,3,atlas
407,596575,SRB_92_317/ZLW[7],SRB_119_334/A_B3,2020,1280,-740,740,36.633663366336634,0.898686031491108,27,0,5,atlas
408,965692,SRB_59_465/ZLW[2],SRB_61_440/ZDS[2],961,609,-352,352,36.62851196670135,0.8986463865168208,25,0,1,atlas
409,455771,SRB_48_107/ZLE[4],SRB_47_86/ZSWA[3],961,609,-352,352,36.62851196670135,0.8986463865168208,21,0,0,atlas
410,527553,SRB_72_1/ZLE[0],SRB_42_16/ZLS[5],2131,1351,-780,780,36.60253402158611,0.8984462373958181,30,0,5,atlas
411,111559,SRB_93_303/ZLW[4],SRB_91_376/ZSSB[3],1700,1078,-622,622,36.58823529411765,0.8983359121559206,73,0,1,fallback_distance
412,603457,SRB_96_249/ZLW[2],SRB_113_214/ZSSA[4],1942,1233,-709,709,36.50875386199794,0.8977205837316266,35,0,3,atlas
413,828167,SRB_90_235/ZLE[7],SRB_95_187/ZLE[3],1507,957,-550,550,36.496350364963504,0.8976242411926288,48,0,0,atlas
414,55552,SRB_96_538/ZLW[2],SRB_101_492/ZLS[6],1887,1199,-688,688,36.45998940116587,0.8973413171966956,46,0,1,atlas
415,861356,SRB_74_315/ZDE[7],SRB_47_318/ZDS[4],1602,1018,-584,584,36.45443196004994,0.8972980097433598,27,0,4,atlas
416,928819,SRB_109_137/ZLW[2],SRB_102_101/ZSWB[2],972,618,-354,354,36.41975308641975,0.8970273772081825,36,0,1,atlas
417,734417,SRB_94_82/ZLE[7],SRB_64_69/A_C5,1513,963,-550,550,36.35161929940516,0.8964936985430606,30,0,1,atlas
418,665563,SRB_103_384/ZLW[7],SRB_118_412/S_G2,1514,964,-550,550,36.327608982826945,0.8963050080459091,28,0,3,atlas
419,203750,SRB_98_321/ZLW[4],SRB_104_365/ZLE[1],1865,1188,-677,677,36.30026809651474,0.8960897475685891,44,0,2,atlas
420,827213,SRB_55_252/ZLW[7],SRB_60_264/ZSNA[7],860,548,-312,312,36.27906976744186,0.8959225580991765,12,0,1,atlas
421,635448,SRB_97_408/ZLW[7],SRB_109_451/ZLN[2],1917,1223,-694,694,36.202399582681274,0.8953157417707653,43,0,3,atlas
422,32457,SRB_90_131/ZLW[4],SRB_116_111/A_HD,2045,1305,-740,740,36.18581907090464,0.8951840742173213,26,0,4,atlas
423,842555,SRB_101_181/ZLW[7],SRB_109_221/ZLS[3],1520,970,-550,550,36.18421052631579,0.895171292277083,40,0,1,atlas
424,340443,SRB_74_5/ZDE[5],SRB_55_25/ZLS[0],1614,1030,-584,584,36.18339529120198,0.8951648136311262,20,0,3,atlas
425,572360,SRB_90_209/ZSWA[7],SRB_107_222/ZLN[3],1614,1030,-584,584,36.18339529120198,0.8951648136311262,17,0,3,atlas
426,906381,SRB_72_25/ZLE[0],SRB_73_98/ZLE[5],1951,1246,-705,705,36.13531522296258,0.8947820533146893,73,0,1,fallback_distance
427,392063,SRB_91_101/ZLW[2],SRB_105_136/A_D5,1830,1169,-661,661,36.12021857923497,0.8946615985025871,35,0,2,atlas
428,257261,SRB_102_427/ZLW[4],SRB_110_379/A_G1,1523,973,-550,550,36.11293499671701,0.8946034368663854,48,0,1,atlas
429,515103,SRB_90_206/ZLE[7],SRB_94_273/S_C4,1659,1060,-599,599,36.10608800482218,0.8945487338864112,67,0,1,fallback_distance
430,536365,SRB_97_321/ZLE[0],SRB_99_324/ZLE[5],1031,659,-372,372,36.08147429679923,0.8943518649757071,3,0,0,atlas
431,822566,SRB_109_271/ZLW[4],SRB_106_321/ZDW[0],1337,855,-482,482,36.05086013462977,0.8941065180986625,50,0,0,fallback_distance
432,782875,SRB_109_199/ZLW[5],SRB_119_175/ZSEB[6],1032,660,-372,372,36.04651162790697,0.8940716248578866,24,0,2,atlas
433,753758,SRB_107_469/ZLW[7],SRB_114_477/ZSNA[7],1032,660,-372,372,36.04651162790697,0.8940716248578866,8,0,1,atlas
434,544973,SRB_75_114/ZLE[0],SRB_36_101/ZSNA[0],2156,1379,-777,777,36.038961038961034,0.8940110117150256,39,0,6,atlas
435,111036,SRB_58_397/ZLW[4],SRB_66_381/A_E1,977,625,-352,352,36.02865916069601,0.8939282594956716,16,0,1,atlas
436,451632,SRB_93_157/ZLE[0],SRB_71_195/S_E5,1528,978,-550,550,35.99476439790576,0.8936555613289,38,0,0,atlas
437,951417,SRB_49_330/ZLE[4],SRB_49_309/ZLS[6],978,626,-352,352,35.991820040899796,0.8936318414788411,21,0,0,atlas
438,290298,SRB_92_141/ZLW[2],SRB_115_157/ZSNB[2],1812,1160,-652,652,35.98233995584989,0.8935554356333374,23,0,5,atlas
439,400015,SRB_99_494/ZDE[5],SRB_86_486/S_E5,984,630,-354,354,35.97560975609756,0.8935011613707944,13,0,1,atlas
440,691300,SRB_67_482/ZLW[7],SRB_69_482/ZSSA[6],595,381,-214,214,35.96638655462185,0.8934267404055859,2,0,0,atlas
441,112331,SRB_100_59/ZLW[2],SRB_111_106/A_H3,1530,980,-550,550,35.947712418300654,0.8932759106185918,47,0,1,atlas
442,959279,SRB_93_392/ZLE[4],SRB_98_375/A_B4,986,632,-354,354,35.902636916835704,0.8929110084116031,17,0,1,atlas
443,98868,SRB_111_260/ZSEB[1],SRB_109_264/ZSSA[2],435,279,-156,156,35.86206896551724,0.8925815903281852,4,0,0,atlas
444,708762,SRB_103_160/ZLW[5],SRB_100_242/ZDN[7],1783,1144,-639,639,35.83847448121144,0.8923895600613434,82,0,0,fallback_distance
445,930024,SRB_92_457/ZLE[4],SRB_76_489/ZLW[7],1539,989,-550,550,35.73749187784275,0.8915640213665824,32,0,0,atlas
446,12294,SRB_94_456/ZLE[0],SRB_76_482/ZLW[5],1539,989,-550,550,35.73749187784275,0.8915640213665824,26,0,0,atlas
447,333792,SRB_103_99/ZLW[7],SRB_102_24/ZSWA[6],1663,1069,-594,594,35.71858087793145,0.891408760558344,75,0,1,fallback_distance
448,264970,SRB_94_8/ZLE[4],SRB_95_71/ZLS[1],1759,1131,-628,628,35.702103467879475,0.8912733089089234,63,0,1,fallback_distance
449,265574,SRB_75_206/ZLE[0],SRB_36_221/ZSNB[2],2210,1421,-789,789,35.70135746606335,0.8912671726752273,39,0,6,atlas
450,124715,SRB_90_173/ZLE[7],SRB_59_197/ZSNB[7],1541,991,-550,550,35.69110966904607,0.891182846434187,31,0,2,atlas
451,545294,SRB_91_220/ZLW[7],SRB_102_180/S_A1,1786,1150,-636,636,35.61030235162374,0.8905157434799797,40,0,2,atlas
452,667108,SRB_58_150/ZLW[4],SRB_70_138/ZSEB[5],989,637,-352,352,35.591506572295245,0.8903600239500605,12,0,3,atlas
453,64973,SRB_68_137/ZLE[7],SRB_36_127/ZLW[3],2082,1342,-740,740,35.54274735830932,0.8899550897917283,32,0,5,atlas
454,709015,SRB_94_375/ZLE[4],SRB_61_388/ZSNA[4],1548,998,-550,550,35.5297157622739,0.8898466270640402,33,0,2,atlas
455,807092,SRB_69_13/ZLE[4],SRB_25_0/ZSSA[4],2083,1343,-740,740,35.525684109457515,0.8898130509988018,44,0,6,atlas
456,165414,SRB_90_405/ZLW[7],SRB_75_412/ZDN[5],1031,665,-366,366,35.499515033947624,0.8895948775407516,15,1,0,fallback_block
457,65051,SRB_103_309/ZLW[5],SRB_119_344/ZSNA[5],1550,1000,-550,550,35.483870967741936,0.8894642576443789,35,0,3,atlas
458,242048,SRB_97_513/ZLE[7],SRB_97_509/ZLE[4],1049,677,-372,372,35.462345090562444,0.88928428980973,4,0,0,atlas
459,235249,SRB_74_116/ZLE[4],SRB_82_182/ZLE[2],1754,1132,-622,622,35.461801596351194,0.8892797423394051,66,1,1,fallback_distance
460,882944,SRB_75_317/ZSEA[6],SRB_46_300/ZDN[7],1543,996,-547,547,35.45042125729099,0.8891844815092871,29,0,4,atlas
461,957030,SRB_103_439/ZLW[2],SRB_116_477/A_C1,1552,1002,-550,550,35.43814432989691,0.8890816291458611,38,0,3,atlas
462,398593,SRB_99_153/ZLE[7],SRB_94_168/A_H4,1051,679,-372,372,35.39486203615604,0.8887183060228279,15,0,1,atlas
463,605452,SRB_93_190/ZLE[4],SRB_61_183/ZSSB[2],1556,1006,-550,550,35.347043701799485,0.888315604102989,32,0,2,atlas
464,99436,SRB_54_230/ZLW[4],SRB_53_208/ZSEB[4],883,571,-312,312,35.334088335220834,0.8882062646974785,22,0,0,atlas
465,822281,SRB_98_197/ZLE[4],SRB_98_236/ZSEB[5],1053,681,-372,372,35.32763532763533,0.8881517656843299,39,0,0,atlas
466,351617,SRB_90_38/ZSWA[0],SRB_100_61/ZLS[6],1557,1007,-550,550,35.32434168272319,0.8881239395026508,23,0,3,atlas
467,893225,SRB_50_422/ZLE[4],SRB_51_410/ZLS[2],997,645,-352,352,35.30591775325978,0.8879681657861556,12,0,0,atlas
468,906871,SRB_36_395/ZLE[4],SRB_35_417/ZDS[5],884,572,-312,312,35.294117647058826,0.887868289117024,22,0,0,atlas
469,734727,SRB_91_13/ZLW[2],SRB_89_91/ZLN[7],1938,1254,-684,684,35.294117647058826,0.887868289117024,78,1,1,fallback_distance
470,437839,SRB_108_406/ZLW[4],SRB_110_417/ZLS[0],1055,683,-372,372,35.260663507109,0.8875846761783793,11,0,0,atlas
471,387329,SRB_99_255/ZSEA[0],SRB_88_255/ZLE[2],1004,650,-354,354,35.2589641434263,0.8875702515549149,11,0,1,atlas
472,468518,SRB_58_362/ZSWA[7],SRB_68_362/ZSWB[6],556,360,-196,196,35.25179856115108,0.8875094091562663,10,0,1,atlas
473,271178,SRB_11_486/ZLE[0],SRB_18_488/A_BD,443,287,-156,156,35.214446952595935,0.8871917579160103,7,0,0,atlas
474,446981,SRB_100_537/ZSWB[7],SRB_106_535/ZLW[4],1006,652,-354,354,35.188866799204774,0.886973728912606,6,0,1,atlas
475,684071,SRB_94_240/ZLE[7],SRB_91_200/ZLS[4],1563,1013,-550,550,35.18873960332694,0.8869726437864254,40,0,0,atlas
476,266069,SRB_92_203/ZLW[4],SRB_91_128/A_D5,1825,1184,-641,641,35.12328767123288,0.8864129631050156,75,0,1,fallback_distance
477,108482,SRB_108_57/ZLW[4],SRB_109_82/A_A0,1061,689,-372,372,35.061262959472195,0.8858801860177381,25,0,0,atlas
478,631667,SRB_48_389/ZLE[0],SRB_40_391/S_A5,1005,653,-352,352,35.02487562189055,0.8855665359003471,8,0,1,atlas
479,730104,SRB_92_399/ZLE[0],SRB_66_390/ZLW[4],1571,1021,-550,550,35.00954805856142,0.8854341737469064,26,0,1,atlas
480,804744,SRB_109_437/ZLW[5],SRB_110_454/ZLS[3],1120,728,-392,392,35.0,0.8853516482022624,17,0,1,atlas
481,488396,SRB_104_370/ZLW[4],SRB_118_400/ZLE[3],1574,1024,-550,550,34.9428208386277,0.8848562692968082,30,0,3,atlas
482,245248,SRB_101_236/ZLW[5],SRB_119_273/ZDN[5],1574,1024,-550,550,34.9428208386277,0.8848562692968082,37,0,4,atlas
483,93851,SRB_100_250/ZLW[4],SRB_112_292/S_GD,1576,1026,-550,550,34.89847715736041,0.884470709289479,42,0,2,atlas
484,207684,SRB_95_192/ZSEA[5],SRB_95_190/A_A4,562,366,-196,196,34.87544483985765,0.884269969697311,2,0,0,atlas
485,556514,SRB_99_265/ZSEA[0],SRB_99_300/ZSEB[1],1016,662,-354,354,34.84251968503937,0.8839824399196492,35,0,0,atlas
486,950958,SRB_90_113/ZLE[7],SRB_95_62/A_F5,1418,924,-494,494,34.83779971791255,0.8839411663505405,51,0,0,fallback_distance
487,357291,SRB_92_27/ZLW[2],SRB_81_79/ZSNB[2],1361,887,-474,474,34.82733284349743,0.883849590012623,52,1,1,fallback_distance
488,917867,SRB_93_514/ZLW[7],SRB_80_474/ZLS[4],1394,909,-485,485,34.79196556671449,0.8835396542687453,40,1,0,fallback_block
489,323130,SRB_90_45/ZSWB[3],SRB_103_45/ZLE[0],1499,978,-521,521,34.75650433622415,0.8832281163117593,13,0,2,atlas
490,465151,SRB_60_63/ZLW[7],SRB_62_82/ZLE[1],1013,661,-352,352,34.748272458045406,0.8831556849837362,19,0,0,atlas
491,205963,SRB_104_511/ZLW[2],SRB_115_548/ZDS[6],1584,1034,-550,550,34.72222222222222,0.8829261942512642,37,0,2,atlas
492,350259,SRB_75_146/ZSEA[0],SRB_41_145/S_C0,1682,1098,-584,584,34.720570749108205,0.8829116312843459,34,0,5,atlas
493,621210,SRB_69_333/ZLE[4],SRB_39_350/ZDS[6],1873,1223,-650,650,34.70368392952483,0.8827626229481987,30,0,6,atlas
494,630909,SRB_74_227/ZDE[6],SRB_43_227/ZDE[0],1683,1099,-584,584,34.69994058229353,0.8827295677951696,31,0,5,atlas
495,768293,SRB_50_411/ZLE[7],SRB_55_413/A_DM,566,370,-196,196,34.62897526501767,0.8821012620529365,5,0,1,atlas
496,440888,SRB_95_343/ZSEA[5],SRB_93_338/ZDW[0],566,370,-196,196,34.62897526501767,0.8821012620529365,5,0,0,atlas
497,712758,SRB_99_510/ZSEB[1],SRB_94_531/ZSEA[1],1024,670,-354,354,34.5703125,0.8815794985174281,21,0,1,atlas
498,782788,SRB_104_242/ZLW[2],SRB_113_290/S_D5,1591,1041,-550,550,34.56945317410434,0.8815718393684113,48,0,3,atlas
499,310306,SRB_36_153/ZLE[7],SRB_38_103/ZLW[3],1302,852,-450,450,34.56221198156682,0.881507280371753,50,0,1,fallback_distance
500,405761,SRB_49_173/ZLW[2],SRB_48_198/ZDE[2],903,591,-312,312,34.55149501661129,0.8814116725355109,25,0,0,atlas
501,130958,SRB_90_200/ZSEA[0],SRB_81_182/ZDS[1],469,631,162,162,34.54157782515991,0.8813231352261922,18,1,0,fallback_block
502,989303,SRB_75_432/ZSEB[1],SRB_42_444/ZSNB[2],1691,1107,-584,584,34.535777646363094,0.8812713245051539,33,0,5,atlas
503,359433,SRB_90_103/ZSWA[4],SRB_111_86/ZDE[3],1471,963,-508,508,34.5343303874915,0.8812583934064411,21,0,3,atlas
504,296714,SRB_102_414/ZLW[2],SRB_115_380/A_DD,1594,1044,-550,550,34.50439146800502,0.8809905963155829,34,0,2,atlas
505,373423,SRB_58_268/ZDN[2],SRB_64_268/ZDN[1],542,355,-187,187,34.50184501845018,0.8809677927927847,6,0,1,atlas
506,851930,SRB_67_330/ZLE[7],SRB_68_415/ZLE[5],2012,1318,-694,694,34.493041749502986,0.8808889277514051,85,0,1,fallback_distance
507,616555,SRB_59_106/ZLW[4],SRB_58_77/ZDS[7],1021,669,-352,352,34.476003917727716,0.8807361534397616,29,0,0,atlas
508,569006,SRB_54_119/ZLE[4],SRB_54_120/S_E3,621,407,-214,214,34.46054750402576,0.8805974005931817,1,0,0,atlas
509,895823,SRB_87_368/ZLE[0],SRB_88_369/ZDS[2],569,373,-196,196,34.44639718804921,0.8804702400967436,1,0,0,atlas
510,376802,SRB_94_259/ZDE[7],SRB_81_258/ZSNA[7],569,373,-196,196,34.44639718804921,0.8804702400967436,13,0,0,atlas
511,854994,SRB_99_284/ZSEA[0],SRB_96_266/ZDN[6],1028,674,-354,354,34.43579766536965,0.8803749054110336,18,0,0,atlas
512,559491,SRB_99_441/ZSEB[0],SRB_99_477/A_G4,1028,674,-354,354,34.43579766536965,0.8803749054110336,36,0,1,atlas
513,960727,SRB_101_4/ZLW[5],SRB_100_82/A_E5,1827,1198,-629,629,34.4280240831965,0.8803049426701997,78,0,1,fallback_distance
514,428387,SRB_75_4/ZSEA[6],SRB_50_29/S_AD,1697,1113,-584,584,34.41367118444313,0.8801756649703779,25,0,4,atlas
515,317919,SRB_58_293/ZSWB[3],SRB_58_291/S_E3,570,374,-196,196,34.385964912280706,0.8799257425570318,2,0,0,atlas
516,264675,SRB_106_472/ZLW[5],SRB_111_494/A_G2,1082,710,-372,372,34.380776340110906,0.8798788852019663,22,0,0,atlas
517,882207,SRB_70_348/ZLE[4],SRB_62_317/ZSSA[3],1437,943,-494,494,34.37717466945024,0.879846348894337,31,0,2,atlas
518,224353,SRB_70_421/ZSWB[3],SRB_72_417/A_E3,454,298,-156,156,34.36123348017621,0.8797022423521003,4,0,0,atlas
519,739578,SRB_108_533/ZLW[5],SRB_100_499/S_C1,1031,677,-354,354,34.33559650824442,0.8794701477076016,34,0,1,atlas
520,228104,SRB_103_260/ZLW[5],SRB_111_217/ZLN[2],1602,1052,-550,550,34.332084893882644,0.8794383240190853,43,0,2,atlas
521,970953,SRB_104_168/ZLW[2],SRB_115_204/ZLN[7],1604,1054,-550,550,34.28927680798005,0.8790497469034001,36,0,2,atlas
522,352126,SRB_70_135/ZLE[0],SRB_55_112/ZLW[5],1704,1120,-584,584,34.27230046948357,0.8788953252040272,23,0,3,atlas
523,927872,SRB_73_447/ZLE[0],SRB_75_363/ZSEB[7],1795,1180,-615,615,34.26183844011142,0.8788000677087253,84,0,0,fallback_distance
524,258356,SRB_67_224/ZLE[0],SRB_26_206/ZSWB[4],2161,1421,-740,740,34.24340583063397,0.8786320669789359,41,0,6,atlas
525,484600,SRB_92_403/ZLW[4],SRB_116_376/A_C2,1918,1262,-656,656,34.20229405630866,0.8782565760358813,27,0,4,atlas
526,432892,SRB_67_31/ZLE[4],SRB_35_14/ZLE[1],2164,1424,-740,740,34.195933456561924,0.8781983850743766,32,0,5,atlas
527,891405,SRB_47_493/ZLW[7],SRB_46_466/ZSNB[0],913,601,-312,312,34.17305585980285,0.8779888706451825,27,0,0,atlas
528,794647,SRB_95_479/ZLE[4],SRB_97_541/A_D3,1529,1007,-522,522,34.139960758665794,0.8776851872970952,62,0,1,fallback_distance
529,400386,SRB_112_70/ZSWA[6],SRB_115_76/ZDS[7],457,301,-156,156,34.13566739606127,0.8776457393091529,6,0,0,atlas
530,935768,SRB_68_133/ZLE[4],SRB_23_117/ZSNA[5],2172,1432,-740,740,34.06998158379374,0.8770407245940489,45,0,6,atlas
531,20975,SRB_94_196/ZLE[7],SRB_78_155/S_BM,1617,1067,-550,550,34.01360544217687,0.8765192305204302,41,0,0,atlas
532,622541,SRB_72_224/ZLE[0],SRB_73_130/ZSWA[7],2017,1331,-686,686,34.01090728805156,0.8764942201470042,94,0,1,fallback_distance
533,947614,SRB_100_471/ZSWA[6],SRB_109_501/S_D3,1041,687,-354,354,34.00576368876081,0.8764465287602178,30,0,1,atlas
534,821118,SRB_90_334/ZLW[5],SRB_109_366/ZSEB[5],1851,1222,-629,629,33.981631550513235,0.876222546107701,32,0,4,atlas
535,409437,SRB_90_302/ZDW[0],SRB_112_315/A_F4,1605,1060,-545,545,33.95638629283489,0.8759878261658761,22,0,4,atlas
536,107471,SRB_43_120/ZLE[0],SRB_33_125/S_F0,919,607,-312,312,33.949945593035906,0.8759278766890687,10,0,2,atlas
537,790687,SRB_44_29/ZLE[4],SRB_36_24/S_D5,919,607,-312,312,33.949945593035906,0.8759278766890687,8,0,1,atlas
538,677897,SRB_98_173/ZDE[6],SRB_82_157/ZSEA[7],1043,689,-354,354,33.940556088207096,0.8758404315021345,16,0,1,atlas
539,925514,SRB_50_337/ZLE[7],SRB_46_319/ZLN[5],1135,750,-385,385,33.92070484581498,0.8756553658512127,18,0,0,atlas
540,210421,SRB_9_502/S_CQ1,SRB_0_504/ZSNA[1],460,304,-156,156,33.91304347826087,0.8755838729491339,9,0,0,atlas
541,383220,SRB_99_544/ZLE[0],SRB_96_508/A_B5,1097,725,-372,372,33.910665451230635,0.8755616743219701,36,0,0,atlas
542,804711,SRB_36_73/ZLE[0],SRB_27_62/ZSWB[2],921,609,-312,312,33.876221498371336,0.8752397287753038,11,0,1,atlas
543,585430,SRB_60_432/ZLW[7],SRB_66_460/ZSNB[7],1040,688,-352,352,33.84615384615385,0.8749580527984505,28,0,2,atlas
544,919829,SRB_77_255/ZLW[2],SRB_73_245/A_C5,674,446,-228,228,33.82789317507419,0.8747866959069909,10,1,1,fallback_block
545,627392,SRB_51_390/ZLE[4],SRB_47_367/ZSSA[1],1041,689,-352,352,33.81364073006724,0.8746527996922425,23,0,0,atlas
546,568387,SRB_42_86/ZLE[0],SRB_40_105/A_HD,923,611,-312,312,33.80281690140845,0.874551024754044,19,0,0,atlas
547,14927,SRB_100_468/ZSWA[5],SRB_106_495/ZSSB[7],1049,695,-354,354,33.74642516682555,0.8740195328309007,27,0,1,atlas
548,784300,SRB_100_31/ZLW[5],SRB_116_0/ZLS[2],1630,1080,-550,550,33.74233128834356,0.8739808663698122,31,0,2,atlas
549,195082,SRB_52_470/ZLW[2],SRB_60_464/ZSEA[3],925,613,-312,312,33.729729729729726,0.8738617758401348,8,0,1,atlas
550,305227,SRB_39_126/ZLE[0],SRB_29_119/ZLN[2],925,613,-312,312,33.729729729729726,0.8738617758401348,10,0,1,atlas
551,596057,SRB_37_134/ZLE[7],SRB_30_121/ZDE[6],925,613,-312,312,33.729729729729726,0.8738617758401348,13,0,1,atlas
552,153804,SRB_103_217/ZLW[4],SRB_110_170/ZSNA[2],1631,1081,-550,550,33.72164316370325,0.8737852987855002,47,0,1,atlas
553,582016,SRB_101_197/ZLW[4],SRB_104_149/ZLS[1],1632,1082,-550,550,33.700980392156865,0.8735896883612652,48,0,1,atlas
554,779097,SRB_43_113/ZLE[7],SRB_40_95/A_D2,926,614,-312,312,33.69330453563715,0.8735169505349953,18,0,0,atlas
555,342296,SRB_97_398/ZLW[7],SRB_97_427/S_F0,915,607,-308,308,33.66120218579235,0.8732123196430943,29,0,0,atlas
556,296732,SRB_90_31/ZSWB[3],SRB_117_46/S_D2,1736,1152,-584,584,33.6405529953917,0.8730160105897716,27,0,4,atlas
557,373263,SRB_40_205/ZSWB[7],SRB_40_198/ZSNA[7],464,308,-156,156,33.62068965517241,0.8728269051653051,7,0,0,atlas
558,786609,SRB_104_146/ZLE[0],SRB_104_144/ZSEA[7],518,344,-174,174,33.59073359073359,0.872541217251514,2,0,0,atlas
559,341076,SRB_94_115/ZLW[4],SRB_113_129/ZLW[4],1739,1155,-584,584,33.58251868890167,0.8724627681376753,19,0,4,atlas
560,688737,SRB_96_527/ZLW[5],SRB_95_466/A_A4,1564,1039,-525,525,33.567774936061376,0.8723218581822075,61,0,1,fallback_distance
561,278166,SRB_100_500/ZLW[2],SRB_115_466/ZSWB[7],1640,1090,-550,550,33.53658536585366,0.8720232930315832,34,0,2,atlas
562,610189,SRB_92_480/ZLE[0],SRB_62_466/ZLE[4],1641,1091,-550,550,33.516148689823275,0.8718273083934284,30,0,2,atlas
563,577853,SRB_108_404/ZLW[2],SRB_112_425/S_AM,1110,738,-372,372,33.513513513513516,0.8718020171103327,21,0,1,atlas
564,719243,SRB_90_244/ZSWB[3],SRB_100_260/S_F0,1407,936,-471,471,33.47547974413646,0.8714364673346219,16,0,3,atlas
565,350479,SRB_42_496/ZLW[7],SRB_43_500/ZDN[0],520,346,-174,174,33.46153846153846,0.8713022320578837,4,0,0,atlas
566,393158,SRB_108_486/ZLW[4],SRB_119_477/S_HM,1112,740,-372,372,33.45323741007194,0.8712222424264386,11,0,2,atlas
567,888077,SRB_97_138/ZLE[4],SRB_92_122/A_A2,1112,740,-372,372,33.45323741007194,0.8712222424264386,16,0,1,atlas
568,966790,SRB_75_309/ZSEB[1],SRB_76_272/S_C0,1163,774,-389,389,33.44797936371453,0.8711715515020154,37,1,0,fallback_block
569,708345,SRB_105_447/ZLW[2],SRB_119_410/ZDE[0],1648,1098,-550,550,33.37378640776699,0.8704543006955625,37,0,3,atlas
570,875513,SRB_90_328/ZLW[5],SRB_114_352/ZLW[1],2029,1352,-677,677,33.36619024149827,0.8703806563476207,24,0,5,atlas
571,319206,SRB_58_389/ZLW[4],SRB_65_401/ZLW[2],1055,703,-352,352,33.36492890995261,0.8703684240471447,12,0,1,atlas
572,344939,SRB_95_68/ZLE[0],SRB_54_63/ZSSB[2],1651,1101,-550,550,33.31314354936402,0.8698652849917865,41,0,3,atlas
573,515898,SRB_98_516/ZLW[4],SRB_116_472/ZDN[3],1980,1321,-659,659,33.282828282828284,0.8695699036953196,44,0,3,atlas
574,662462,SRB_108_261/ZLW[7],SRB_119_244/ZDS[7],1118,746,-372,372,33.273703041144906,0.8694808684953683,17,0,3,atlas
575,332517,SRB_57_219/ZLW[2],SRB_53_221/S_E1,469,313,-156,156,33.26226012793177,0.8693691398229139,4,0,0,atlas
576,714704,SRB_106_142/ZLW[2],SRB_119_135/ZSEB[5],1119,747,-372,372,33.24396782841823,0.8691903489189161,13,0,2,atlas
577,415075,SRB_94_80/ZLE[7],SRB_62_58/A_DD,1655,1105,-550,550,33.23262839879154,0.8690794018735529,32,0,2,atlas
578,764859,SRB_53_111/ZLW[5],SRB_52_116/ZLS[3],939,627,-312,312,33.22683706070288,0.8690227046126745,5,0,0,atlas
579,991857,SRB_108_306/ZLW[7],SRB_113_334/ZSNA[0],1120,748,-372,372,33.214285714285715,0.8688997484250841,28,0,1,atlas
580,951078,SRB_99_325/ZDE[5],SRB_91_300/ZSSA[5],1066,712,-354,354,33.20825515947467,0.868840633408008,25,0,1,atlas
581,163375,SRB_69_115/ZLE[4],SRB_50_162/S_E5,1964,1313,-651,651,33.146639511201634,0.8682352190838295,47,0,4,atlas
582,232138,SRB_71_424/ZLE[4],SRB_41_433/S_C5,1763,1179,-584,584,33.12535450935904,0.8680254769734032,30,0,5,atlas
583,312200,SRB_49_223/ZLW[5],SRB_54_208/ZSSA[7],942,630,-312,312,33.12101910828025,0.8679827179730446,15,0,1,atlas
584,233712,SRB_66_508/ZLE[0],SRB_32_548/A_E3,2235,1495,-740,740,33.1096196868009,0.8678702268291657,40,0,6,atlas
585,610756,SRB_15_118/ZLS[0],SRB_20_94/A_B3,423,563,140,140,33.09692671394799,0.8677448659291526,24,1,1,fallback_block
586,938806,SRB_92_436/ZLW[7],SRB_113_454/ZSSA[3],1816,1215,-601,601,33.09471365638766,0.8677229975722631,21,0,5,atlas
587,290274,SRB_74_20/ZLE[0],SRB_50_63/ZLE[5],2164,1448,-716,716,33.08687615526802,0.8676455241819191,43,0,5,atlas
588,692733,SRB_98_68/ZDE[6],SRB_73_70/S_A4,1071,717,-354,354,33.0532212885154,0.8673123677141644,25,0,1,atlas
589,71703,SRB_95_265/ZLE[0],SRB_57_279/ZDW[7],1664,1114,-550,550,33.05288461538461,0.8673090309851355,38,0,3,atlas
590,693616,SRB_96_107/ZLW[2],SRB_90_53/S_A0,1426,955,-471,471,33.02945301542777,0.8670766114908247,54,0,1,fallback_distance
591,267416,SRB_75_36/ZDE[7],SRB_71_79/ZSWA[0],1172,785,-387,387,33.020477815699664,0.8669874858124441,43,0,1,atlas
592,968950,SRB_99_439/ZLW[5],SRB_96_353/ZLS[2],2013,1350,-663,663,32.93591654247392,0.8661450453627473,86,0,0,fallback_distance
593,574551,SRB_59_478/ZLW[7],SRB_58_518/ZSWA[7],1070,718,-352,352,32.89719626168225,0.8657576441427615,40,0,0,atlas
594,564586,SRB_95_155/ZSEA[0],SRB_80_154/ZSSA[1],596,400,-196,196,32.88590604026846,0.8656444882824527,15,0,0,atlas
595,160325,SRB_72_415/ZLE[0],SRB_53_378/ZLS[5],1983,1331,-652,652,32.87947554210792,0.8655799992756983,37,0,3,atlas
596,371674,SRB_75_227/ZSEB[1],SRB_54_258/ZLE[4],1679,1127,-552,552,32.87671232876712,0.8655522792436188,31,0,4,atlas
597,143716,SRB_68_313/ZLE[4],SRB_79_271/ZDS[5],1208,811,-397,397,32.86423841059602,0.8654270772296673,42,1,1,fallback_block
598,954203,SRB_92_226/ZLW[2],SRB_83_163/ZSSB[1],1516,1018,-498,498,32.849604221635886,0.8652800544505878,63,1,0,fallback_distance
599,363129,SRB_37_275/ZLE[7],SRB_30_285/A_F3,950,638,-312,312,32.8421052631579,0.8652046582246813,10,0,1,atlas
600,958587,SRB_98_115/ZLW[2],SRB_97_228/ZSNA[3],2223,1493,-730,730,32.83850652271705,0.8651684617744807,113,0,1,fallback_distance
601,39154,SRB_58_276/ZLW[2],SRB_73_277/S_B1,1072,720,-352,352,32.83582089552239,0.8651414436229135,15,0,2,atlas
602,460688,SRB_58_439/ZLW[4],SRB_66_461/S_C5,1072,720,-352,352,32.83582089552239,0.8651414436229135,22,0,2,atlas
603,824904,SRB_37_266/ZLE[4],SRB_27_246/ZSSA[5],951,639,-312,312,32.80757097791798,0.8648569372183063,20,0,2,atlas
604,856910,SRB_90_23/ZDW[0],SRB_115_4/ZDN[6],1781,1197,-584,584,32.79056709713644,0.8646854219462244,25,0,4,atlas
605,817772,SRB_37_171/ZLE[7],SRB_34_151/A_G1,952,640,-312,312,32.773109243697476,0.8645091175089527,20,0,0,atlas
606,149722,SRB_98_259/ZLE[0],SRB_99_317/ZDW[5],1425,958,-467,467,32.771929824561404,0.864497199040349,58,0,0,fallback_distance
607,463290,SRB_54_408/ZLE[0],SRB_56_421/A_DM,653,439,-214,214,32.7718223583461,0.8644961130059847,13,0,0,atlas
608,552793,SRB_36_421/ZLE[7],SRB_20_419/A_FD,953,641,-312,312,32.73871983210913,0.8641612003769886,16,0,1,atlas
609,604950,SRB_91_375/ZLE[4],SRB_52_363/ZSWB[5],1680,1130,-550,550,32.73809523809524,0.8641548737171434,39,0,3,atlas
610,240585,SRB_90_24/ZSWA[6],SRB_116_48/ZSEB[1],1784,1200,-584,584,32.73542600896861,0.8641278333882623,26,0,4,atlas
611,641457,SRB_67_510/ZLE[0],SRB_24_530/S_A1,2262,1522,-740,740,32.714412024756854,0.8639147792142543,43,0,6,atlas
612,411096,SRB_49_269/ZLW[7],SRB_50_284/S_E2,954,642,-312,312,32.70440251572327,0.8638131870986938,15,0,0,atlas
613,522363,SRB_95_396/ZSEA[6],SRB_92_406/A_D5,600,404,-196,196,32.666666666666664,0.8634295524217677,10,0,0,atlas
614,532897,SRB_68_298/ZDE[5],SRB_66_311/ZDS[5],478,322,-156,156,32.63598326359833,0.8631168771878093,13,0,0,atlas
615,236486,SRB_58_422/ZLW[5],SRB_69_417/ZDW[2],1079,727,-352,352,32.622798887859126,0.8629823198900578,11,0,1,atlas
616,613362,SRB_75_303/ZLE[7],SRB_40_339/ZLW[4],2391,1611,-780,780,32.622333751568384,0.8629775705580216,36,0,5,atlas
617,461207,SRB_99_423/ZDE[6],SRB_96_471/ZDS[6],1086,732,-354,354,32.59668508287293,0.8627154454409534,48,0,1,atlas
618,805,SRB_42_100/ZLE[4],SRB_45_41/ZDS[2],1344,906,-438,438,32.589285714285715,0.8626397388409193,59,0,1,fallback_distance
619,125077,SRB_42_261/ZLW[7],SRB_40_265/A_D0,534,360,-174,174,32.58426966292135,0.8625883951473702,4,0,0,atlas
620,926681,SRB_54_142/ZLW[7],SRB_55_113/ZSNA[7],958,646,-312,312,32.5678496868476,0.8624201979048886,29,0,0,atlas
621,511574,SRB_90_416/ZSWA[6],SRB_111_457/S_D5,1795,1211,-584,584,32.53481894150418,0.8620812713425814,41,0,4,atlas
622,999784,SRB_48_352/ZLW[7],SRB_57_338/ZDS[7],959,647,-312,312,32.53388946819604,0.8620717228962638,14,0,2,atlas
623,469324,SRB_109_271/ZLW[5],SRB_110_237/A_DM,1144,772,-372,372,32.51748251748251,0.8619030740811684,34,0,1,atlas
624,654389,SRB_75_204/ZSEB[1],SRB_40_222/A_CD,1796,1212,-584,584,32.516703786191535,0.861895064674277,35,0,5,atlas
625,726438,SRB_100_155/ZLW[5],SRB_117_203/S_D4,1692,1142,-550,550,32.505910165484636,0.8617840058284498,48,0,2,atlas
626,671132,SRB_90_515/ZLE[0],SRB_94_438/A_HD,1724,1164,-560,560,32.48259860788863,0.861543863959667,77,0,1,fallback_distance
627,732011,SRB_48_192/ZLE[4],SRB_38_205/A_GM,1085,733,-352,352,32.44239631336406,0.8611288162270839,13,0,2,atlas
628,184095,SRB_74_526/ZLE[4],SRB_28_546/S_B0,2405,1625,-780,780,32.432432432432435,0.8610257714113275,46,0,7,atlas
629,254875,SRB_98_529/ZLW[7],SRB_95_478/ZLW[7],1450,980,-470,470,32.41379310344827,0.8608328165467439,51,0,1,fallback_distance
630,290892,SRB_58_419/ZLW[2],SRB_67_394/ZSNB[5],1087,735,-352,352,32.38270469181232,0.8605104368767141,25,0,1,atlas
631,79200,SRB_99_393/ZDE[5],SRB_98_361/S_D0,1096,742,-354,354,32.299270072992705,0.8596418215063731,32,0,0,atlas
632,388420,SRB_105_349/ZLW[5],SRB_118_304/ZSNB[4],1703,1153,-550,550,32.29594832648267,0.8596071363934868,45,0,3,atlas
633,476918,SRB_61_106/ZLW[5],SRB_68_87/ZSSB[4],1090,738,-352,352,32.29357798165138,0.8595823808106986,19,0,1,atlas
634,360278,SRB_98_375/ZDE[3],SRB_94_412/ZSNB[4],1097,743,-354,354,32.26982680036463,0.8593341035690213,37,0,1,atlas
635,615935,SRB_42_220/ZLE[4],SRB_38_231/ZDN[7],967,655,-312,312,32.264736297828335,0.8592808384507944,11,0,1,atlas
636,481787,SRB_68_103/ZLE[7],SRB_28_94/ZSEA[1],1962,1329,-633,633,32.26299694189603,0.8592626342066972,40,0,6,atlas
637,313291,SRB_108_59/ZLW[4],SRB_100_16/ZSNA[5],1098,744,-354,354,32.240437158469945,0.8590263243496313,43,0,2,atlas
638,712711,SRB_58_54/ZSWA[5],SRB_63_43/ZSWA[6],608,412,-196,196,32.23684210526316,0.8589886329274007,11,0,1,atlas
639,232404,SRB_48_190/ZLW[7],SRB_46_131/ZSEB[1],1328,900,-428,428,32.22891566265061,0.8589054972481621,59,0,1,fallback_distance
640,128535,SRB_96_152/ZLE[7],SRB_97_208/ZLN[5],1446,980,-466,466,32.2268326417704,0.8588836421832864,56,0,0,fallback_distance
641,736862,SRB_113_526/ZLW[2],SRB_115_530/ZSNB[3],540,366,-174,174,32.22222222222222,0.8588352585148388,4,0,0,atlas
642,853425,SRB_92_311/ZLW[4],SRB_88_399/A_EM,1906,1292,-614,614,32.21406086044071,0.8587495721882014,88,1,1,fallback_distance
643,578543,SRB_100_517/ZSWA[6],SRB_106_486/ZSWA[2],1099,745,-354,354,32.21110100090992,0.8587184846808514,31,0,1,atlas
644,453530,SRB_74_443/ZSEA[0],SRB_75_451/ZLS[6],705,478,-227,227,32.19858156028369,0.8585869226282483,8,0,1,atlas
645,449729,SRB_71_311/ZLE[4],SRB_50_339/A_D5,1814,1230,-584,584,32.19404630650496,0.8585392354439495,28,0,4,atlas
646,869904,SRB_98_488/ZDE[7],SRB_75_494/ZSEB[1],1100,746,-354,354,32.18181818181819,0.8584105853928959,23,0,1,atlas
647,591491,SRB_98_183/ZDE[6],SRB_98_155/ZLS[2],1100,746,-354,354,32.18181818181819,0.8584105853928959,28,0,0,atlas
648,829716,SRB_74_331/ZDE[7],SRB_57_360/A_A2,1470,997,-473,473,32.17687074829932,0.8583585035680767,29,0,4,atlas
649,756315,SRB_75_119/ZSEA[5],SRB_42_98/ZDN[4],1815,1231,-584,584,32.176308539944905,0.8583525840592137,33,0,5,atlas
650,911470,SRB_54_256/ZLW[5],SRB_52_307/A_B2,1237,839,-398,398,32.17461600646726,0.8583347619431095,51,0,0,fallback_distance
651,687933,SRB_39_499/ZLE[7],SRB_23_504/ZSWA[5],970,658,-312,312,32.16494845360825,0.8582329243921785,16,0,1,atlas
652,871239,SRB_46_49/ZLW[4],SRB_60_50/ZSEB[4],971,659,-312,312,32.13182286302781,0.8578834679510645,14,0,3,atlas
653,28535,SRB_69_134/ZLE[4],SRB_31_153/ZSSA[1],2086,1416,-670,670,32.118887823585816,0.8577467946781627,38,0,7,atlas
654,493982,SRB_95_392/ZLE[4],SRB_65_356/A_G0,1713,1163,-550,550,32.10741389375365,0.8576254581025506,36,0,1,atlas
655,87754,SRB_59_180/ZLW[4],SRB_72_186/A_A4,1097,745,-352,352,32.087511394712855,0.8574147629114345,13,0,2,atlas
656,400300,SRB_90_111/ZSWA[7],SRB_114_131/ZLW[5],1821,1237,-584,584,32.070291048874246,0.8572322297328016,24,0,4,atlas
657,652467,SRB_69_427/ZLE[7],SRB_46_382/ZDW[7],2027,1377,-650,650,32.067094227923036,0.85719832016154,45,0,3,atlas
658,931237,SRB_75_121/ZDE[3],SRB_43_145/A_CD,1822,1238,-584,584,32.05268935236004,0.857045431383528,32,0,5,atlas
659,255684,SRB_46_467/ZLW[2],SRB_53_473/ZSNA[6],974,662,-312,312,32.03285420944558,0.8568346602087855,7,0,1,atlas
660,278175,SRB_74_403/ZDE[5],SRB_46_382/ZSNB[5],1568,1066,-502,502,32.015306122448976,0.8566479525648351,28,0,4,atlas
661,515863,SRB_107_167/ZLW[2],SRB_104_204/ZDS[5],1106,752,-354,354,32.00723327305606,0.8565619838484059,37,0,1,atlas
662,351407,SRB_90_41/ZDW[0],SRB_83_60/ZSSA[1],876,596,-280,280,31.963470319634702,0.8560951185703903,19,1,1,fallback_block
663,276711,SRB_106_271/ZLW[4],SRB_107_246/ZLE[1],1164,792,-372,372,31.958762886597935,0.856044816031472,25,0,1,atlas
664,591518,SRB_50_123/ZLE[0],SRB_42_100/ZSSA[0],1102,750,-352,352,31.941923774954628,0.8558647443763892,23,0,1,atlas
665,156041,SRB_48_100/ZLW[4],SRB_47_106/ZLW[1],977,665,-312,312,31.934493346980553,0.8557852198959439,6,0,0,atlas
666,151949,SRB_57_138/ZDE[3],SRB_55_145/ZLW[2],614,418,-196,196,31.921824104234524,0.8556495334448727,7,0,0,atlas
667,366998,SRB_58_441/ZSWA[5],SRB_65_447/S_H5,614,418,-196,196,31.921824104234524,0.8556495334448727,7,0,1,atlas
668,300601,SRB_90_218/ZLW[4],SRB_79_260/ZLN[3],1369,932,-437,437,31.921110299488674,0.8556418851577872,42,1,1,fallback_block
669,113030,SRB_68_123/ZLE[0],SRB_50_76/ZLW[6],1961,1336,-625,625,31.87149413564508,0.8551093404237424,47,0,3,atlas
670,544933,SRB_38_231/ZLE[0],SRB_26_225/S_A2,979,667,-312,312,31.869254341164456,0.8550852573822059,12,0,1,atlas
671,308280,SRB_93_502/ZLE[0],SRB_99_470/ZSWB[6],1111,757,-354,354,31.863186318631865,0.8550199933717801,32,0,1,atlas
672,289845,SRB_60_362/ZLW[5],SRB_70_378/ZSEB[0],1105,753,-352,352,31.8552036199095,0.8549340949844652,16,0,2,atlas
673,51802,SRB_51_287/ZLE[0],SRB_43_286/ZDE[6],1105,753,-352,352,31.8552036199095,0.8549340949844652,8,0,1,atlas
674,649969,SRB_49_117/ZLE[0],SRB_51_182/S_F5,1404,957,-447,447,31.837606837606835,0.8547445778689418,65,0,1,fallback_distance
675,254390,SRB_42_381/ZLE[4],SRB_43_345/ZSEA[5],980,668,-312,312,31.83673469387755,0.8547351789594646,36,0,1,atlas
676,418182,SRB_57_36/ZDE[6],SRB_49_30/ZSNB[7],616,420,-196,196,31.818181818181817,0.8545351056874642,8,0,1,atlas
677,25653,SRB_109_65/ZLW[4],SRB_117_61/ZLW[0],1172,800,-372,372,31.74061433447099,0.8536958688194921,8,0,1,atlas
678,723886,SRB_67_432/ZLE[7],SRB_38_453/ZSWA[2],2002,1367,-635,635,31.718281718281716,0.8534534167623969,29,0,6,atlas
679,285374,SRB_100_420/ZSWA[1],SRB_115_435/ZDW[7],1117,763,-354,354,31.69203222918532,0.8531679684967584,15,0,2,atlas
680,146236,SRB_107_150/ZLW[2],SRB_104_181/S_CD,1117,763,-354,354,31.69203222918532,0.8531679684967584,31,0,1,atlas
681,69327,SRB_48_525/ZLE[7],SRB_42_545/ZSWA[3],1111,759,-352,352,31.683168316831683,0.8530714629199064,20,0,1,atlas
682,992568,SRB_42_129/ZLE[7],SRB_35_128/ZSEA[6],985,673,-312,312,31.6751269035533,0.8529838617579831,7,0,1,atlas
683,260579,SRB_97_267/ZLW[7],SRB_97_272/A_D3,619,423,-196,196,31.663974151857836,0.8528622868541975,5,0,0,atlas
684,100420,SRB_100_126/ZSWA[6],SRB_116_109/S_C2,1118,764,-354,354,31.663685152057248,0.8528591352696692,17,0,2,atlas
685,694917,SRB_36_281/ZLE[0],SRB_37_215/ZSNA[2],1362,931,-431,431,31.644640234948607,0.85265131066826,66,0,1,fallback_distance
686,409643,SRB_99_225/ZLE[7],SRB_92_199/ZDS[1],1176,804,-372,372,31.63265306122449,0.8525203640419665,26,0,1,atlas
687,934125,SRB_69_148/ZLE[0],SRB_28_127/ZSNA[1],2150,1470,-680,680,31.627906976744185,0.852468488721534,41,0,6,atlas
688,259944,SRB_95_184/ZLE[7],SRB_54_178/A_H4,1739,1189,-550,550,31.62737205290397,0.8524626408814593,41,0,3,atlas
689,33144,SRB_55_197/ZLW[5],SRB_55_182/ZLN[1],987,675,-312,312,31.61094224924012,0.8522829247175899,15,0,0,atlas
690,865467,SRB_54_264/ZLW[4],SRB_59_249/S_A5,987,675,-312,312,31.61094224924012,0.8522829247175899,15,0,2,atlas
691,676610,SRB_77_89/ZLW[4],SRB_77_94/ZSEA[6],494,338,-156,156,31.57894736842105,0.8519323728877658,5,0,0,atlas
692,264417,SRB_58_272/ZDW[0],SRB_65_274/A_G1,621,425,-196,196,31.561996779388085,0.8517463437841486,7,0,1,atlas
693,19245,SRB_96_98/ZLE[0],SRB_91_71/A_CD,1180,808,-372,372,31.52542372881356,0.8513442297216609,27,0,1,atlas
694,82596,SRB_36_9/ZLE[0],SRB_38_65/ZSNB[3],1234,845,-389,389,31.523500810372774,0.8513230598491363,56,0,1,fallback_distance
695,663254,SRB_75_407/ZSEA[5],SRB_79_385/A_CM,936,641,-295,295,31.517094017094017,0.8512525059079559,22,1,0,fallback_block
696,749341,SRB_74_239/ZDE[7],SRB_46_209/S_B4,1853,1269,-584,584,31.516459794927144,0.8512455199477956,30,0,4,atlas
697,660861,SRB_36_228/ZLE[0],SRB_37_235/ZLE[5],990,678,-312,312,31.515151515151512,0.8512311082867118,7,0,0,atlas
698,469234,SRB_34_181/ZLE[0],SRB_39_169/ZSNA[0],495,339,-156,156,31.515151515151512,0.8512311082867118,12,0,0,atlas
699,927682,SRB_74_323/ZDE[3],SRB_56_362/ZLE[3],1539,1054,-485,485,31.513970110461337,0.8512180931444602,39,0,4,atlas
700,221104,SRB_95_32/ZLW[2],SRB_88_86/A_F1,1381,946,-435,435,31.49891383055757,0.8510521313880591,54,1,1,fallback_distance
701,173238,SRB_107_334/ZLW[4],SRB_118_353/A_D4,1182,810,-372,372,31.472081218274113,0.8507559398784587,19,0,3,atlas
702,896603,SRB_100_491/ZSWA[7],SRB_113_468/ZDE[1],1125,771,-354,354,31.466666666666665,0.8506961057845102,23,0,2,atlas
703,34085,SRB_49_384/ZLE[0],SRB_39_387/S_DM,1119,767,-352,352,31.456657730116177,0.8505854428738031,10,0,2,atlas
704,625199,SRB_42_167/ZLE[4],SRB_29_168/S_E3,992,680,-312,312,31.451612903225808,0.8505296366216707,13,0,2,atlas
705,206665,SRB_95_325/ZLW[7],SRB_113_345/ZLW[3],1857,1273,-584,584,31.448572967151318,0.8504959993708602,20,0,4,atlas
706,826619,SRB_73_239/ZLE[4],SRB_43_273/ZLE[0],2175,1491,-684,684,31.448275862068964,0.8504927114948854,34,0,6,atlas
707,343929,SRB_47_257/ZLW[2],SRB_55_245/ZSWA[2],993,681,-312,312,31.419939577039273,0.8501788259471377,12,0,2,atlas
708,854985,SRB_95_19/ZLW[4],SRB_119_34/A_CM,1859,1275,-584,584,31.414739107046803,0.8501211537767687,24,0,5,atlas
709,822586,SRB_98_467/ZDE[5],SRB_84_476/S_C0,1127,773,-354,354,31.410825199645075,0.8500777358732515,14,0,1,atlas
710,351552,SRB_60_514/ZLW[4],SRB_61_539/ZLE[1],1121,769,-352,352,31.400535236396077,0.8499635317243002,25,0,0,atlas
711,68313,SRB_75_36/ZSEA[6],SRB_40_8/ZSNB[5],1860,1276,-584,584,31.397849462365592,0.8499337102494517,35,0,5,atlas
712,247307,SRB_75_317/ZSEB[1],SRB_27_321/ZSSA[0],1860,1276,-584,584,31.397849462365592,0.8499337102494517,48,0,7,atlas
713,232717,SRB_91_462/ZLE[7],SRB_58_492/ZSSA[4],1754,1204,-550,550,31.356898517673887,0.8494783366012454,33,0,2,atlas
714,320000,SRB_68_144/ZLE[4],SRB_24_113/A_B4,2360,1620,-740,740,31.35593220338983,0.8494675758917196,44,0,6,atlas
715,929719,SRB_100_15/ZSWA[4],SRB_114_22/ZLW[2],1129,775,-354,354,31.355181576616474,0.8494592165535199,14,0,2,atlas
716,609595,SRB_74_126/ZDE[6],SRB_43_135/ZLE[3],1864,1280,-584,584,31.330472103004293,0.8491838018921684,31,0,5,atlas
717,813213,SRB_51_287/ZSEA[5],SRB_50_281/A_A0,498,342,-156,156,31.32530120481928,0.8491261079350041,6,0,0,atlas
718,457073,SRB_96_159/ZLE[7],SRB_98_202/A_H5,1188,816,-372,372,31.313131313131315,0.8489902431682533,43,0,0,atlas
719,267424,SRB_68_507/ZLE[0],SRB_27_546/ZDE[2],2364,1624,-740,740,31.302876480541453,0.8488756709190358,41,0,6,atlas
720,783366,SRB_66_435/ZLE[4],SRB_25_454/S_E5,2125,1461,-664,664,31.24705882352941,0.848250646680743,41,0,7,atlas
721,45206,SRB_94_412/ZLW[4],SRB_85_392/ZLS[2],1117,768,-349,349,31.24440465532677,0.8482208673275907,20,1,0,fallback_block
722,774844,SRB_42_382/ZLE[4],SRB_33_390/S_B3,999,687,-312,312,31.23123123123123,0.8480729841697334,9,0,2,atlas
723,790897,SRB_95_98/ZLE[7],SRB_96_158/ZSSB[4],1538,1058,-480,480,31.209362808842656,0.8478272000853669,60,0,2,fallback_distance
724,773492,SRB_68_119/ZLE[4],SRB_78_97/ZDW[1],1071,737,-334,334,31.18580765639589,0.8475620503277826,22,1,1,fallback_block
725,365493,SRB_59_422/ZLW[4],SRB_69_456/ZSNA[3],1129,777,-352,352,31.178033658104514,0.8474744489318307,34,0,2,atlas
726,260853,SRB_65_535/ZLW[4],SRB_61_543/ZSEA[4],629,433,-196,196,31.160572337042925,0.847277517424057,8,0,1,atlas
727,229300,SRB_86_399/ZLE[0],SRB_90_427/ZSNB[0],767,528,-239,239,31.16036505867014,0.8472751783059407,28,1,0,fallback_block
728,341998,SRB_97_327/ZLE[0],SRB_99_370/A_D2,1194,822,-372,372,31.155778894472363,0.8472234154398457,43,0,1,atlas
729,975177,SRB_60_162/ZLW[2],SRB_59_100/ZLN[5],1496,1030,-466,466,31.149732620320858,0.8471551480911044,62,0,1,fallback_distance
730,626463,SRB_72_111/ZLE[4],SRB_41_152/ZSSB[6],2208,1521,-687,687,31.11413043478261,0.8467526027489043,41,0,6,atlas
731,789784,SRB_72_502/ZLE[0],SRB_44_464/ZSSB[0],2041,1406,-635,635,31.11219990200882,0.8467307469143438,38,0,5,atlas
732,868680,SRB_49_455/ZLW[5],SRB_47_421/S_A3,1003,691,-312,312,31.106679960119642,0.8466682391001369,34,0,1,atlas
733,666222,SRB_45_442/ZLE[4],SRB_36_443/ZLW[7],1003,691,-312,312,31.106679960119642,0.8466682391001369,9,0,1,atlas
734,388645,SRB_101_523/ZLW[4],SRB_100_437/S_B2,1820,1254,-566,566,31.0989010989011,0.8465801116039694,86,0,1,fallback_distance
735,176266,SRB_59_240/ZLW[2],SRB_72_224/S_D5,1132,780,-352,352,31.09540636042403,0.8465405042449456,16,0,2,atlas
736,93404,SRB_112_544/ZLW[2],SRB_115_543/ZSNB[2],560,386,-174,174,31.071428571428573,0.8462685008303683,3,0,0,atlas
737,513431,SRB_107_67/ZLW[7],SRB_114_87/S_E2,1198,826,-372,372,31.05175292153589,0.846044970704729,20,0,1,atlas
738,175081,SRB_75_401/ZLS[3],SRB_93_404/S_E2,612,802,190,190,31.045751633986928,0.8459767323121319,18,1,0,fallback_block
739,416277,SRB_106_58/ZLW[4],SRB_119_82/S_FM,1199,827,-372,372,31.02585487906589,0.845750295407601,24,0,2,atlas
740,645032,SRB_74_102/ZLE[7],SRB_37_93/S_F2,2105,1452,-653,653,31.021377672209027,0.8456993000995713,37,0,6,atlas
741,708192,SRB_97_248/ZLW[7],SRB_91_311/ZLS[4],1722,1188,-534,534,31.010452961672474,0.8455748029885312,63,0,2,fallback_distance
742,881391,SRB_108_228/ZLW[5],SRB_117_206/ZDE[3],1200,828,-372,372,31.0,0.8454555957266802,22,0,1,atlas
743,57679,SRB_108_475/ZLW[7],SRB_103_506/ZLN[3],1142,788,-354,354,30.998248686514884,0.8454356152203532,31,0,1,atlas
744,649264,SRB_53_76/ZLW[7],SRB_59_61/S_GM,1007,695,-312,312,30.98311817279047,0.8452628945901135,15,0,1,atlas
745,26154,SRB_22_196/ZLE[0],SRB_12_147/ZSSB[1],988,1294,306,306,30.971659919028337,0.8451319765796493,49,0,2,fallback_distance
746,932221,SRB_100_455/ZSWA[5],SRB_119_434/S_B4,1143,789,-354,354,30.971128608923888,0.8451259035548025,21,0,4,atlas
747,85571,SRB_48_173/ZLE[4],SRB_45_159/ZLS[0],1138,786,-352,352,30.931458699472756,0.8446718485935197,14,0,1,atlas
748,602619,SRB_90_11/ZLW[5],SRB_78_71/A_D4,1491,1030,-461,461,30.918846411804157,0.8445272352986222,60,1,1,fallback_distance
749,120890,SRB_68_33/ZLE[7],SRB_74_83/ZDS[6],1281,885,-396,396,30.913348946135834,0.8444641624328002,50,0,2,fallback_distance
750,719190,SRB_107_464/ZLW[5],SRB_102_516/A_HD,1249,863,-386,386,30.904723779023218,0.8443651579785093,52,0,1,fallback_distance
751,903861,SRB_8_520/ZDE[3],SRB_8_504/ZSSB[3],505,349,-156,156,30.89108910891089,0.8442085339599478,16,0,0,atlas
752,299922,SRB_74_449/ZDE[6],SRB_56_410/ZLN[5],1651,1141,-510,510,30.890369473046636,0.8442002633595947,39,0,3,atlas
753,863281,SRB_90_113/ZSWA[7],SRB_109_89/A_HM,1545,1068,-477,477,30.87378640776699,0.8440095668254397,24,0,3,atlas
754,307195,SRB_99_421/ZSEA[0],SRB_99_460/ZLW[6],1148,794,-354,354,30.836236933797913,0.843576977744321,39,0,1,atlas
755,572843,SRB_37_252/ZLE[0],SRB_28_234/ZDE[2],1012,700,-312,312,30.8300395256917,0.8435054749760571,18,0,2,atlas
756,684486,SRB_96_14/ZDE[5],SRB_98_8/ZLS[4],649,449,-200,200,30.81664098613251,0.8433507867110612,6,0,0,atlas
757,933357,SRB_37_72/ZLE[7],SRB_31_47/S_A1,1013,701,-312,312,30.799605133267523,0.843153903054341,25,0,2,atlas
758,228213,SRB_25_103/ZLE[4],SRB_16_153/ZSNB[4],1052,1376,324,324,30.798479087452474,0.8431408813490631,50,0,2,fallback_distance
759,435703,SRB_95_549/ZLW[7],SRB_93_472/ZDW[7],1630,1128,-502,502,30.79754601226994,0.8431300904259315,77,0,0,fallback_distance
760,254007,SRB_60_41/ZLW[5],SRB_68_77/S_D3,1143,791,-352,352,30.796150481189848,0.843113949978118,36,0,2,atlas
761,246133,SRB_100_93/ZSWB[3],SRB_106_60/A_G3,1150,796,-354,354,30.782608695652176,0.8429572493349923,33,0,1,atlas
762,631414,SRB_19_187/ZDE[3],SRB_13_183/A_E5,507,351,-156,156,30.76923076923077,0.8428023042325157,6,0,0,atlas
763,673184,SRB_53_163/ZLW[7],SRB_59_180/ZSNB[6],1014,702,-312,312,30.76923076923077,0.8428023042325157,17,0,1,atlas
764,520152,SRB_13_444/ZLW[4],SRB_13_445/ZSNA[3],507,351,-156,156,30.76923076923077,0.8428023042325157,1,0,0,atlas
765,283426,SRB_50_535/ZLE[0],SRB_36_524/S_H4,1146,794,-352,352,30.715532286212916,0.8421789524978902,14,0,2,atlas
766,23912,SRB_60_44/ZLW[2],SRB_58_92/A_HD,1146,794,-352,352,30.715532286212916,0.8421789524978902,48,0,1,atlas
767,295062,SRB_44_283/ZLE[7],SRB_42_312/S_D0,1016,704,-312,312,30.708661417322837,0.8420990300250172,29,0,0,atlas
768,594402,SRB_75_426/ZSEA[6],SRB_27_428/ZLS[5],1902,1318,-584,584,30.70452155625657,0.8420508569809035,48,0,7,atlas
769,733873,SRB_108_121/ZLW[4],SRB_109_92/ZLS[1],1212,840,-372,372,30.693069306930692,0.8419175241191349,29,0,0,atlas
770,879046,SRB_48_258/ZLW[2],SRB_46_203/ZLN[1],1350,936,-414,414,30.666666666666664,0.8416097391382249,55,0,1,fallback_distance
771,609899,SRB_59_402/ZLW[5],SRB_75_413/ZSWA[0],1148,796,-352,352,30.66202090592334,0.8415555252156987,16,0,2,atlas
772,649836,SRB_48_205/ZLW[4],SRB_46_272/S_B4,1429,991,-438,438,30.65080475857243,0.841424567952972,67,0,1,fallback_distance
773,903333,SRB_45_475/ZLE[7],SRB_34_467/S_CD,1018,706,-312,312,30.648330058939095,0.8413956605887364,11,0,1,atlas
774,325653,SRB_45_213/ZLE[0],SRB_36_201/ZDE[1],1018,706,-312,312,30.648330058939095,0.8413956605887364,12,0,1,atlas
775,320241,SRB_108_119/ZLW[5],SRB_112_152/ZSNA[0],1214,842,-372,372,30.64250411861614,0.841327587828733,33,0,2,atlas
776,668720,SRB_75_444/ZLE[7],SRB_34_413/ZLN[5],2549,1769,-780,780,30.60023538642605,0.8408329019705192,41,0,6,atlas
777,446565,SRB_67_536/ZLE[0],SRB_42_489/S_G1,2108,1463,-645,645,30.597722960151803,0.8408034538431695,47,0,4,atlas
778,546218,SRB_100_166/ZSWA[7],SRB_113_195/ZDE[5],1157,803,-354,354,30.596369922212617,0.8407875928349439,29,0,2,atlas
779,946734,SRB_98_456/ZLE[0],SRB_82_470/ZLN[3],1216,844,-372,372,30.592105263157894,0.8407375908569493,16,0,1,atlas
780,693641,SRB_98_257/ZLE[7],SRB_85_256/ZLN[5],1216,844,-372,372,30.592105263157894,0.8407375908569493,13,0,1,atlas
781,258221,SRB_75_424/ZLE[0],SRB_43_466/ZSSA[2],2210,1534,-676,676,30.58823529411765,0.8406922040985388,42,0,6,atlas
782,554604,SRB_90_340/ZSWA[1],SRB_92_391/S_D2,1401,973,-428,428,30.549607423269094,0.8402385309052405,51,0,1,fallback_distance
783,303752,SRB_52_133/ZSWB[3],SRB_52_142/ZSEA[4],511,355,-156,156,30.528375733855185,0.8399886686691932,9,0,0,atlas
784,662363,SRB_53_203/ZLW[2],SRB_52_148/S_D4,1291,897,-394,394,30.518977536793184,0.839877953388317,55,0,1,fallback_distance
785,347466,SRB_75_230/ZLE[4],SRB_90_164/S_E0,1613,1121,-492,492,30.502169869807812,0.8396797765915163,66,1,0,fallback_distance
786,620036,SRB_70_329/ZLE[4],SRB_36_323/ZSWA[3],1916,1332,-584,584,30.48016701461378,0.8394200056719732,34,0,6,atlas
787,475586,SRB_52_456/ZSWB[7],SRB_53_468/ZSNA[7],512,356,-156,156,30.46875,0.8392850623555859,12,0,0,atlas
788,998026,SRB_99_123/ZSEB[1],SRB_90_159/ZSNA[3],1164,810,-354,354,30.412371134020617,0.838617174335814,36,0,2,atlas
789,41223,SRB_20_2/ZSWB[3],SRB_27_2/ZSSA[3],513,357,-156,156,30.409356725146196,0.8385813931529376,7,0,0,atlas
790,856319,SRB_15_484/ZLW[4],SRB_11_481/ZSSB[5],513,357,-156,156,30.409356725146196,0.8385813931529376,4,0,0,atlas
791,136968,SRB_49_302/ZLW[5],SRB_49_283/ZLS[2],1026,714,-312,312,30.409356725146196,0.8385813931529376,19,0,0,atlas
792,982408,SRB_94_161/ZLE[0],SRB_56_156/ZLN[6],1810,1260,-550,550,30.386740331491712,0.838312704531156,38,0,3,atlas
793,322613,SRB_38_508/ZLE[4],SRB_24_519/ZSNB[7],1027,715,-312,312,30.37974683544304,0.8382295374504688,14,0,1,atlas
794,765784,SRB_42_192/ZLE[0],SRB_39_167/S_A1,1027,715,-312,312,30.37974683544304,0.8382295374504688,25,0,1,atlas
795,3447,SRB_55_146/ZLW[4],SRB_65_145/ZLW[5],1074,748,-326,326,30.353817504655495,0.8379208436935421,10,0,2,atlas
796,763277,SRB_90_382/ZLE[4],SRB_48_394/S_HM,1814,1264,-550,550,30.319735391400222,0.8375142725076832,42,0,4,atlas
797,912482,SRB_108_279/ZLW[7],SRB_105_213/S_D2,1455,1014,-441,441,30.309278350515463,0.8373893424675192,66,0,2,fallback_distance
798,523023,SRB_99_51/ZDE[6],SRB_95_83/ZSEA[2],1168,814,-354,354,30.30821917808219,0.83737668367543,32,0,1,atlas
799,488996,SRB_98_352/ZLS[1],SRB_97_343/ZLN[0],647,451,-196,196,30.29366306027821,0.8372026239422258,9,0,1,atlas
800,163114,SRB_49_136/ZLE[4],SRB_36_143/ZDS[6],1162,810,-352,352,30.292598967297764,0.8371898930306061,13,0,2,atlas
801,414564,SRB_19_455/ZLW[2],SRB_17_455/ZSNB[4],515,359,-156,156,30.29126213592233,0.8371738977643903,2,0,0,atlas
802,297025,SRB_100_330/ZSWA[5],SRB_117_306/A_A1,1170,816,-354,354,30.256410256410255,0.8367563873041994,24,0,2,atlas
803,144112,SRB_90_314/ZSWA[7],SRB_105_295/ZSEA[2],1338,934,-404,404,30.194319880418536,0.8360101540060989,19,0,2,atlas
804,787960,SRB_19_304/ZSEB[0],SRB_10_306/S_E5,517,361,-156,156,30.174081237911025,0.8357662452803803,9,0,0,atlas
805,81452,SRB_36_545/ZLE[0],SRB_11_547/ZSNA[7],1035,723,-312,312,30.144927536231886,0.8354143148802257,25,0,2,atlas
806,155625,SRB_65_20/ZLW[2],SRB_61_19/S_H4,651,455,-196,196,30.107526881720432,0.8349618257353811,4,0,1,atlas
807,369576,SRB_53_158/ZLW[5],SRB_59_174/ZLW[5],1037,725,-312,312,30.086788813886212,0.8347104400570913,16,0,1,atlas
808,995017,SRB_61_546/ZLW[2],SRB_74_548/ZDW[7],1170,818,-352,352,30.085470085470085,0.8346944427296729,13,0,2,atlas
809,584935,SRB_106_239/ZLW[2],SRB_106_191/ZDE[1],1237,865,-372,372,30.072756669361354,0.8345401456166417,48,0,0,atlas
810,166055,SRB_41_183/ZLE[7],SRB_43_186/A_A4,520,364,-156,156,30.0,0.8336546070121552,3,0,0,atlas
811,871978,SRB_93_281/ZLE[0],SRB_50_293/A_A1,1835,1285,-550,550,29.972752043596728,0.8333218579406412,43,0,4,atlas
812,752625,SRB_95_158/ZSEA[6],SRB_82_169/ZSEB[6],654,458,-196,196,29.96941896024465,0.8332811131787959,13,0,0,atlas
813,557253,SRB_58_515/ZLW[5],SRB_63_495/ZLW[3],1175,823,-352,352,29.95744680851064,0.833134686782177,20,0,0,atlas
814,193539,SRB_38_10/ZDE[3],SRB_37_24/ZSNA[3],521,365,-156,156,29.942418426103647,0.8329507154384622,14,0,0,atlas
815,264625,SRB_95_74/ZLE[0],SRB_52_91/ZSSA[0],1844,1292,-552,552,29.934924078091107,0.8328589038084214,43,0,3,atlas
816,593951,SRB_67_406/ZLE[7],SRB_72_470/ZLS[2],1597,1119,-478,478,29.93112085159674,0.8328122937671972,64,0,2,fallback_distance
817,866447,SRB_36_183/ZLE[0],SRB_34_211/S_CD,1043,731,-312,312,29.913710450623203,0.8325987715945102,28,0,0,atlas
818,630616,SRB_44_358/ZLE[7],SRB_42_320/A_B0,1043,731,-312,312,29.913710450623203,0.8325987715945102,38,0,1,atlas
819,616396,SRB_60_453/ZLW[4],SRB_58_383/ZSSB[2],1488,1043,-445,445,29.905913978494624,0.8325030749036754,70,0,1,fallback_distance
820,864747,SRB_104_80/ZLE[4],SRB_108_83/A_H5,582,408,-174,174,29.896907216494846,0.8323924608047283,4,0,1,atlas
821,450887,SRB_27_443/ZLW[2],SRB_20_449/ZDN[3],522,366,-156,156,29.88505747126437,0.832246830284556,7,0,0,atlas
822,819928,SRB_0_291/ZLE[7],SRB_6_307/ZSNA[0],522,366,-156,156,29.88505747126437,0.832246830284556,16,0,0,atlas
823,388162,SRB_98_135/ZLW[4],SRB_93_210/ZSNA[5],1670,1171,-499,499,29.880239520958085,0.8321875859701785,75,0,2,fallback_distance
824,819775,SRB_82_180/ZLE[4],SRB_82_262/ZSSB[5],1189,1544,355,355,29.857022708158116,0.8319018320134715,82,1,1,fallback_distance
825,764419,SRB_97_500/ZLE[7],SRB_91_525/S_F2,1247,875,-372,372,29.83159582999198,0.8315883694536433,25,0,1,atlas
826,851761,SRB_45_224/ZLE[4],SRB_29_228/ZSSB[7],1046,734,-312,312,29.82791586998088,0.8315429589613685,16,0,2,atlas
827,265683,SRB_99_76/ZSEA[5],SRB_83_96/ZSSA[1],1188,834,-354,354,29.797979797979796,0.8311731362918445,20,0,1,atlas
828,503797,SRB_106_367/ZLW[2],SRB_112_336/ZSNA[3],1249,877,-372,372,29.78382706164932,0.8309980404951494,31,0,2,atlas
829,587299,SRB_99_324/ZDE[3],SRB_92_292/S_EM,1189,835,-354,354,29.77291841883936,0.8308629677240635,32,0,1,atlas
830,203941,SRB_99_151/ZDE[7],SRB_94_186/S_D3,1189,835,-354,354,29.77291841883936,0.8308629677240635,35,0,1,atlas
831,762206,SRB_49_144/ZLW[7],SRB_58_154/ZDN[6],1048,736,-312,312,29.770992366412212,0.830839108822679,10,0,3,atlas
832,339585,SRB_95_409/ZLW[7],SRB_119_430/ZLW[4],1962,1378,-584,584,29.76554536187564,0.8307716177250408,24,0,5,atlas
833,471745,SRB_71_112/ZLE[7],SRB_41_137/A_C1,1963,1379,-584,584,29.750382068262866,0.8305836082451981,30,0,5,atlas
834,375701,SRB_107_20/ZLW[5],SRB_118_9/ZLN[2],1251,879,-372,372,29.73621103117506,0.8304077304168557,11,0,2,atlas
835,808345,SRB_91_292/ZLE[0],SRB_97_265/ZLN[4],1191,837,-354,354,29.72292191435768,0.8302426476612677,27,0,1,atlas
836,501932,SRB_67_211/ZLE[7],SRB_22_192/A_F1,2202,1548,-654,654,29.70027247956403,0.8299609512616806,45,0,6,atlas
837,101975,SRB_108_544/ZDE[5],SRB_101_548/ZLE[3],734,516,-218,218,29.70027247956403,0.8299609512616806,7,0,1,atlas
838,155777,SRB_100_228/ZSWA[5],SRB_111_184/ZSNB[5],1192,838,-354,354,29.697986577181208,0.8299324974063597,44,0,1,atlas
839,748436,SRB_68_512/ZLE[0],SRB_23_497/ZSNB[4],2061,1449,-612,612,29.694323144104807,0.8298868876791365,45,0,6,atlas
840,17701,SRB_100_121/ZLW[2],SRB_119_167/ZLE[0],1855,1305,-550,550,29.649595687331537,0.8293291357707047,46,0,4,atlas
841,154360,SRB_115_494/ZLW[2],SRB_114_499/A_H5,587,413,-174,174,29.642248722316864,0.8292373606319547,5,0,0,atlas
842,152632,SRB_8_508/ZLE[4],SRB_2_515/ZSEB[2],884,622,-262,262,29.638009049773757,0.8291843801015809,7,0,0,atlas
843,724398,SRB_72_101/ZLE[7],SRB_36_61/A_C2,2335,1643,-692,692,29.635974304068526,0.8291589478678237,40,0,6,atlas
844,714440,SRB_70_510/ZLE[0],SRB_50_478/A_C4,1667,1173,-494,494,29.634073185362926,0.8291351827324093,32,0,4,atlas
845,867464,SRB_42_461/ZLE[7],SRB_23_466/ZSSB[6],1053,741,-312,312,29.629629629629626,0.8290796239043984,19,0,2,atlas
846,657840,SRB_51_180/ZLE[7],SRB_37_195/ZLS[7],1188,836,-352,352,29.629629629629626,0.8290796239043984,15,0,2,atlas
847,476930,SRB_69_112/ZLE[7],SRB_34_79/ZSNA[4],2181,1535,-646,646,29.619440623567172,0.8289521665169681,35,0,5,atlas
848,790475,SRB_69_342/ZLE[4],SRB_25_372/S_CD,2212,1557,-655,655,29.61121157323689,0.8288491639289571,44,0,7,atlas
849,500360,SRB_67_427/ZLW[7],SRB_64_436/ZSNB[7],723,509,-214,214,29.59889349930844,0.8286948741792314,9,0,0,atlas
850,990270,SRB_51_177/ZLE[4],SRB_41_197/A_H2,1190,838,-352,352,29.57983193277311,0.8284558704939953,20,0,1,atlas
851,572559,SRB_75_312/ZSEA[0],SRB_27_318/S_E2,1975,1391,-584,584,29.569620253164558,0.8283277069582922,48,0,7,atlas
852,897282,SRB_58_435/ZSWB[3],SRB_66_441/ZSWB[5],663,467,-196,196,29.562594268476623,0.8282394756863538,8,0,1,atlas
853,59624,SRB_49_400/ZLE[4],SRB_38_405/ZDW[1],1191,839,-352,352,29.554995801847188,0.8281440090286541,11,0,2,atlas
854,746693,SRB_48_57/ZLW[5],SRB_43_58/A_E0,528,372,-156,156,29.545454545454547,0.8280240652015368,5,0,1,atlas
855,918389,SRB_100_78/ZSWA[5],SRB_110_41/ZDW[0],1199,845,-354,354,29.524603836530446,0.827761685442356,37,0,2,atlas
856,259280,SRB_99_68/ZLE[4],SRB_94_100/A_H4,1261,889,-372,372,29.50039651070579,0.8274566121135313,32,0,1,atlas
857,904063,SRB_17_60/ZDS[6],SRB_16_53/ZLN[5],678,478,-200,200,29.49852507374631,0.8274330069240926,7,0,0,atlas
858,757771,SRB_52_534/ZLW[5],SRB_63_544/A_B5,1058,746,-312,312,29.489603024574667,0.827320429308454,11,0,1,atlas
859,767797,SRB_19_527/ZLW[4],SRB_10_527/S_GD,529,373,-156,156,29.489603024574667,0.827320429308454,9,0,0,atlas
860,897273,SRB_46_528/ZLW[4],SRB_50_513/ZLW[1],1059,747,-312,312,29.461756373937675,0.8269686349707436,15,0,0,atlas
861,981813,SRB_96_285/ZLE[7],SRB_76_260/A_H1,1263,891,-372,372,29.453681710213775,0.8268665042581922,25,0,1,atlas
862,832742,SRB_90_420/ZLE[0],SRB_93_509/ZLS[4],1977,1395,-582,582,29.438543247344462,0.8266748814789805,89,0,1,fallback_distance
863,754731,SRB_75_136/ZDE[6],SRB_38_117/A_F1,1984,1400,-584,584,29.435483870967744,0.8266361325593675,37,0,6,atlas
864,46852,SRB_19_262/ZSEB[1],SRB_13_266/ZDN[1],530,374,-156,156,29.433962264150942,0.8266168575357894,6,0,0,atlas
865,880406,SRB_70_30/ZLE[4],SRB_75_73/ZDN[3],1251,883,-368,368,29.416466826538766,0.8263950938835213,43,0,1,atlas
866,927702,SRB_47_272/ZDW[0],SRB_49_268/A_C2,531,375,-156,156,29.37853107344633,0.8259133568440065,4,0,0,atlas
867,845621,SRB_48_60/ZLW[2],SRB_67_58/ZSEB[2],1062,750,-312,312,29.37853107344633,0.8259133568440065,19,0,3,atlas
868,199683,SRB_67_34/ZLE[7],SRB_74_98/S_HM,1519,1074,-445,445,29.295589203423305,0.824855883370936,64,0,2,fallback_distance
869,951009,SRB_51_533/ZLE[0],SRB_39_511/ZDS[6],1202,850,-352,352,29.28452579034942,0.8247143914068567,22,0,2,atlas
870,368198,SRB_61_399/ZLW[2],SRB_65_440/ZSSB[1],1202,850,-352,352,29.28452579034942,0.8247143914068567,41,0,1,atlas
871,114914,SRB_10_179/ZLE[0],SRB_17_168/ZSSA[0],533,377,-156,156,29.268292682926827,0.8245065962691454,11,0,0,atlas
872,538877,SRB_118_90/ZLW[3],SRB_117_92/ZSEB[3],533,377,-156,156,29.268292682926827,0.8245065962691454,2,0,1,atlas
873,500411,SRB_49_473/ZLE[0],SRB_51_399/S_A2,1483,1049,-434,434,29.265003371544168,0.8244644636626,74,0,1,fallback_distance
874,989203,SRB_97_485/ZLE[4],SRB_79_499/ZDW[1],1273,901,-372,372,29.222309505106047,0.8239167703664929,18,0,1,atlas
875,395496,SRB_74_208/ZLW[2],SRB_74_218/ZDN[1],534,378,-156,156,29.213483146067414,0.8238033500319467,10,0,0,atlas
876,961365,SRB_34_139/ZLE[0],SRB_34_141/A_E1,534,378,-156,156,29.213483146067414,0.8238033500319467,2,0,0,atlas
877,353828,SRB_98_410/ZLE[7],SRB_94_450/ZLN[7],1274,902,-372,372,29.199372056514918,0.8236218828316245,40,0,2,atlas
878,41299,SRB_68_214/ZLE[4],SRB_36_189/ZLW[1],2153,1525,-628,628,29.16860195076637,0.8232255968288452,32,0,5,atlas
879,570229,SRB_24_482/ZLW[2],SRB_20_494/A_ED,535,379,-156,156,29.1588785046729,0.8231002021678884,12,0,0,atlas
880,955662,SRB_105_123/ZLW[4],SRB_100_228/ZSWB[4],2063,1462,-601,601,29.13233155598643,0.8227574406421403,105,0,1,fallback_distance
881,212280,SRB_48_187/ZLW[2],SRB_46_220/ZDW[4],1071,759,-312,312,29.13165266106443,0.8227486672175583,33,0,0,atlas
882,78204,SRB_97_77/ZLE[7],SRB_93_43/S_AD,1278,906,-372,372,29.107981220657276,0.8224425136643408,34,0,2,atlas
883,109031,SRB_107_234/ZLW[7],SRB_112_201/A_E1,1278,906,-372,372,29.107981220657276,0.8224425136643408,33,0,1,atlas
884,557108,SRB_52_208/ZLW[2],SRB_52_183/ZLS[0],1072,760,-312,312,29.1044776119403,0.8223971593638849,25,0,0,atlas
885,946160,SRB_75_123/ZSEA[0],SRB_34_134/ZLE[3],2007,1423,-584,584,29.09815645241654,0.8223153053488781,41,0,6,atlas
886,440466,SRB_69_372/ZSEB[0],SRB_62_384/ZSNA[7],537,381,-156,156,29.05027932960894,0.8216942282528942,12,0,1,atlas
887,312334,SRB_75_441/ZDE[3],SRB_40_409/ZSNA[3],2011,1427,-584,584,29.04027846842367,0.8215642469069179,35,0,5,atlas
888,776708,SRB_95_242/ZSEB[0],SRB_93_227/S_G1,675,479,-196,196,29.037037037037038,0.8215220996360919,15,0,0,atlas
889,389594,SRB_104_261/ZLW[5],SRB_102_392/ZSNB[7],2315,1643,-672,672,29.028077753779698,0.8214055582946835,131,0,1,fallback_distance
890,496778,SRB_111_144/ZSEB[1],SRB_108_156/ZSNB[2],538,382,-156,156,28.99628252788104,0.8209914154141692,12,0,1,atlas
891,432146,SRB_69_429/ZLE[0],SRB_77_380/S_G1,1314,933,-381,381,28.99543378995434,0.8209803484765327,49,1,1,fallback_distance
892,573096,SRB_99_353/ZLE[4],SRB_93_315/ZSWB[6],1283,911,-372,372,28.994544037412318,0.8209687460751753,38,0,2,atlas
893,228903,SRB_91_488/ZLE[0],SRB_58_455/ZLN[4],1897,1347,-550,550,28.993147074327887,0.820950528264287,33,0,2,atlas
894,582127,SRB_74_6/ZDE[7],SRB_34_27/ZDS[1],2017,1433,-584,584,28.953891918691127,0.8204379174995841,40,0,6,atlas
895,305089,SRB_49_342/ZLW[7],SRB_58_352/S_H4,1078,766,-312,312,28.942486085343226,0.8202887273735127,10,0,3,atlas
896,659066,SRB_60_107/ZLW[2],SRB_72_112/ZLE[0],1217,865,-352,352,28.92358258011504,0.8200412204763778,12,0,2,atlas
897,605556,SRB_105_497/ZLW[5],SRB_101_392/A_C5,2027,1441,-586,586,28.909718796250615,0.8198595043244136,105,0,1,fallback_distance
898,771430,SRB_59_49/ZLW[2],SRB_69_85/S_DM,1218,866,-352,352,28.899835796387517,0.8197298644047479,36,0,2,atlas
899,927533,SRB_22_331/ZLE[0],SRB_16_381/A_FD,1021,1316,295,295,28.89324191968658,0.8196433227053161,50,0,2,fallback_distance
900,537153,SRB_47_382/ZLW[7],SRB_60_379/ZSSB[2],1080,768,-312,312,28.888888888888886,0.8195861706035308,13,0,2,atlas
901,285765,SRB_61_402/ZLW[7],SRB_60_358/S_B0,1219,867,-352,352,28.87612797374898,0.8194185351205232,44,0,0,atlas
902,945602,SRB_66_69/ZLW[4],SRB_61_62/A_G2,679,483,-196,196,28.865979381443296,0.8192851166226145,7,0,1,atlas
903,848309,SRB_49_206/ZLW[7],SRB_56_190/S_D3,1081,769,-312,312,28.862164662349677,0.8192349434532491,16,0,1,atlas
904,278450,SRB_96_189/ZLE[7],SRB_82_162/ZSSB[6],1289,917,-372,372,28.85958107059736,0.8192009555854776,27,0,1,atlas
905,987296,SRB_103_336/ZLW[5],SRB_100_223/S_H5,2110,1502,-608,608,28.81516587677725,0.8186157608187775,113,0,1,fallback_distance
906,632346,SRB_61_440/ZLW[7],SRB_64_399/S_H5,1222,870,-352,352,28.805237315875615,0.8184847135463932,41,0,1,atlas
907,573787,SRB_67_309/ZLE[4],SRB_76_258/A_F4,1382,984,-398,398,28.798842257597684,0.8184002599231833,51,1,1,fallback_distance
908,776702,SRB_75_236/ZLE[0],SRB_90_174/A_E1,1535,1093,-442,442,28.794788273615634,0.818346704388088,62,1,0,fallback_distance
909,377156,SRB_74_247/ZDE[3],SRB_75_194/S_D4,1306,930,-376,376,28.79019908116386,0.8182860612763734,53,0,0,fallback_distance
910,136629,SRB_42_290/ZLE[4],SRB_29_275/ZSNA[4],1084,772,-312,312,28.782287822878228,0.8181814765015644,15,0,2,atlas
911,279753,SRB_67_115/ZLE[0],SRB_32_67/ZSWA[7],2302,1640,-662,662,28.757602085143354,0.8178547891477617,48,0,6,atlas
912,879121,SRB_97_336/ZLW[7],SRB_85_367/ZSNB[7],1092,778,-314,314,28.754578754578752,0.8178147425592153,31,1,2,fallback_block
913,515598,SRB_74_306/ZDE[7],SRB_77_263/ZSSB[2],1179,840,-339,339,28.75318066157761,0.817796220947843,43,1,0,fallback_block
914,158261,SRB_80_198/ZLW[2],SRB_71_206/ZLE[3],407,524,117,117,28.746928746928745,0.817713376305638,9,1,0,fallback_block
915,965538,SRB_72_405/ZLE[7],SRB_37_453/ZSEA[2],2461,1754,-707,707,28.728159284843557,0.8174644569633306,48,0,7,atlas
916,821698,SRB_60_196/ZLW[2],SRB_69_156/ZSSB[4],1226,874,-352,352,28.711256117455136,0.8172400266628382,40,0,1,atlas
917,934070,SRB_58_249/ZLW[7],SRB_67_286/A_G5,1227,875,-352,352,28.687856560717194,0.8169289315392159,37,0,2,atlas
918,362113,SRB_36_20/ZLE[4],SRB_30_50/A_F1,1088,776,-312,312,28.676470588235293,0.8167773838348983,30,0,2,atlas
919,254092,SRB_39_293/ZLE[7],SRB_45_288/ZSNA[7],544,388,-156,156,28.676470588235293,0.8167773838348983,6,0,1,atlas
920,186028,SRB_19_358/ZDE[7],SRB_19_374/A_B4,544,388,-156,156,28.676470588235293,0.8167773838348983,16,0,0,atlas
921,649658,SRB_109_244/ZLW[5],SRB_106_199/A_H0,1298,926,-372,372,28.65947611710323,0.8165509769795875,45,0,0,atlas
922,783867,SRB_75_412/ZSEA[6],SRB_32_434/A_D1,2039,1455,-584,584,28.641490926924963,0.8163110974780702,43,0,7,atlas
923,916606,SRB_37_100/ZLE[4],SRB_14_104/S_B5,1090,778,-312,312,28.623853211009177,0.8160755786633953,23,0,2,atlas
924,323977,SRB_45_488/ZLW[4],SRB_41_493/ZDN[6],545,389,-156,156,28.623853211009177,0.8160755786633953,5,0,0,atlas
925,959402,SRB_97_457/A_BY,SRB_97_441/ZLN[0],685,489,-196,196,28.613138686131386,0.8159323736830535,16,0,1,atlas
926,992786,SRB_75_435/ZLE[4],SRB_35_481/ZDN[6],2440,1742,-698,698,28.606557377049178,0.8158443615297928,46,0,7,atlas
927,907013,SRB_51_104/ZLE[0],SRB_42_92/ZLE[4],1231,879,-352,352,28.594638505280262,0.8156848736431549,12,0,1,atlas
928,749664,SRB_66_165/ZLW[5],SRB_63_115/ZLN[2],1242,887,-355,355,28.5829307568438,0.8155280900097323,50,0,2,fallback_distance
929,730745,SRB_39_386/ZDE[7],SRB_26_387/ZSNA[0],546,390,-156,156,28.57142857142857,0.815373942495404,13,0,1,atlas
930,338938,SRB_98_267/ZDE[5],SRB_60_268/ZSSB[4],1239,885,-354,354,28.57142857142857,0.815373942495404,38,0,3,atlas
931,305399,SRB_92_427/ZLW[2],SRB_116_388/ZSWB[7],2120,1515,-605,605,28.537735849056606,0.814921740548722,39,0,4,atlas
932,371072,SRB_97_463/ZLE[7],SRB_95_420/ZSSB[1],1304,932,-372,372,28.52760736196319,0.8147856082226934,43,0,2,atlas
933,58790,SRB_58_84/ZLW[5],SRB_78_76/ZSWA[1],1234,882,-352,352,28.52512155591572,0.8147521839109958,20,0,2,atlas
934,830730,SRB_51_181/ZSEA[0],SRB_51_166/ZSSA[0],547,391,-156,156,28.519195612431442,0.8146724814383298,15,0,0,atlas
935,967902,SRB_75_22/ZLE[4],SRB_37_58/ZLN[1],2430,1737,-693,693,28.51851851851852,0.8146633727331091,38,0,7,atlas
936,711656,SRB_61_176/ZLW[5],SRB_60_216/ZLE[3],1235,883,-352,352,28.502024291497975,0.8144413575291796,40,0,0,atlas
937,575740,SRB_56_194/ZLE[4],SRB_54_178/S_G3,751,537,-214,214,28.495339547270305,0.8143513117237717,16,0,0,atlas
938,745677,SRB_75_408/ZLE[4],SRB_36_379/A_F0,2275,1627,-648,648,28.483516483516485,0.814191954942801,39,0,6,atlas
939,18536,SRB_108_23/ZLE[4],SRB_109_21/S_F1,611,437,-174,174,28.477905073649758,0.8141162787803095,2,0,0,atlas
940,860533,SRB_57_481/ZLW[4],SRB_53_469/A_B1,548,392,-156,156,28.467153284671532,0.8139712015484378,12,0,0,atlas
941,274658,SRB_59_386/ZLW[2],SRB_73_404/ZLW[0],1237,885,-352,352,28.455941794664515,0.8138198132086898,18,0,2,atlas
942,658924,SRB_72_343/ZLE[4],SRB_29_372/ZDW[0],2390,1710,-680,680,28.451882845188287,0.813764978110756,43,0,8,atlas
943,9214,SRB_98_501/ZDE[7],SRB_67_495/ZSSB[6],1340,959,-381,381,28.432835820895523,0.813507465351849,31,1,2,fallback_block
944,538176,SRB_27_201/ZLE[4],SRB_22_151/ZLE[2],1027,1319,292,292,28.432327166504383,0.8135005840473327,50,0,0,fallback_distance
945,965831,SRB_119_233/ZLW[3],SRB_119_236/S_AD,612,438,-174,174,28.431372549019606,0.8134876689393258,3,0,0,atlas
946,172733,SRB_58_93/ZLW[2],SRB_54_94/ZSSA[3],549,393,-156,156,28.415300546448087,0.8132701088311115,4,0,1,atlas
947,333888,SRB_103_298/ZLE[7],SRB_107_293/ZSNB[7],549,393,-156,156,28.415300546448087,0.8132701088311115,5,0,1,atlas
948,563181,SRB_51_453/ZLE[4],SRB_39_472/A_D1,1239,887,-352,352,28.410008071025022,0.8131984169527041,19,0,2,atlas
949,159528,SRB_47_68/ZLW[4],SRB_56_96/ZDS[5],1099,787,-312,312,28.389444949954505,0.8129196345249938,28,0,1,atlas
950,958366,SRB_57_226/ZDE[6],SRB_54_244/S_F0,691,495,-196,196,28.364688856729376,0.8125835113448795,18,0,0,atlas
951,884958,SRB_61_269/ZLW[2],SRB_67_311/S_D3,1241,889,-352,352,28.364222401289286,0.8125771729023031,42,0,1,atlas
952,462344,SRB_40_299/ZSWA[5],SRB_43_292/ZDE[1],550,394,-156,156,28.363636363636363,0.8125692092411124,7,0,0,atlas
953,827357,SRB_46_521/ZLE[7],SRB_50_510/ZDS[0],550,394,-156,156,28.363636363636363,0.8125692092411124,11,0,0,atlas
954,936678,SRB_112_7/ZSWA[5],SRB_112_22/ZSWB[5],550,394,-156,156,28.363636363636363,0.8125692092411124,15,0,0,atlas
955,455171,SRB_39_393/ZLE[7],SRB_30_423/S_G5,1100,788,-312,312,28.363636363636363,0.8125692092411124,30,0,1,atlas
956,168854,SRB_45_161/ZLE[0],SRB_39_161/ZLS[4],1100,788,-312,312,28.363636363636363,0.8125692092411124,6,0,1,atlas
957,923167,SRB_109_330/ZLW[5],SRB_102_252/ZLW[3],1707,1223,-484,484,28.353837141183362,0.8124360027258576,78,0,1,fallback_distance
958,672215,SRB_88_471/ZLE[7],SRB_91_447/S_B0,826,592,-234,234,28.329297820823246,0.8121020530585566,24,1,1,fallback_block
959,189231,SRB_52_36/ZSWA[1],SRB_54_49/S_A1,551,395,-156,156,28.31215970961887,0.8118685086828398,13,0,0,atlas
960,264230,SRB_59_61/ZLE[7],SRB_57_11/ZLN[7],1035,1328,293,293,28.309178743961354,0.811827859934124,50,0,2,fallback_distance
961,877142,SRB_90_447/ZSWA[5],SRB_114_479/A_AM,1760,1262,-498,498,28.295454545454547,0.8116406138300536,32,0,5,atlas
962,157655,SRB_53_68/ZLW[4],SRB_64_90/ZDN[3],1103,791,-312,312,28.286491387126024,0.8115182348720188,22,0,2,atlas
963,537765,SRB_49_123/ZLE[0],SRB_38_150/ZSNA[0],1245,893,-352,352,28.273092369477908,0.8113351578273741,27,0,3,atlas
964,545433,SRB_48_125/ZLE[0],SRB_32_140/S_EM,1245,893,-352,352,28.273092369477908,0.8113351578273741,16,0,3,atlas
965,904528,SRB_60_535/S_HQ1,SRB_59_538/ZLN[6],602,432,-170,170,28.23920265780731,0.8108713956694287,3,0,0,atlas
966,892871,SRB_79_363/ZLE[7],SRB_65_323/S_A2,978,1254,276,276,28.22085889570552,0.8106199456801418,40,1,2,fallback_block
967,336968,SRB_20_131/ZSWA[4],SRB_33_127/S_BM,553,397,-156,156,28.20976491862568,0.8104677280288195,13,0,0,atlas
968,269418,SRB_44_106/ZLE[7],SRB_42_80/ZLN[4],1106,794,-312,312,28.20976491862568,0.8104677280288195,26,0,0,atlas
969,347427,SRB_7_126/ZLE[7],SRB_3_138/ZSWB[7],553,397,-156,156,28.20976491862568,0.8104677280288195,12,0,0,atlas
970,715382,SRB_48_195/ZLE[7],SRB_38_174/ZLW[7],1250,898,-352,352,28.16,0.8097835676953946,21,0,2,atlas
971,964364,SRB_3_463/ZLE[4],SRB_4_458/ZSSB[6],554,398,-156,156,28.158844765342963,0.8097676594923991,5,0,0,atlas
972,25263,SRB_50_280/ZDE[5],SRB_49_288/ZSWA[0],554,398,-156,156,28.158844765342963,0.8097676594923991,8,0,0,atlas
973,748199,SRB_90_178/ZLE[0],SRB_95_273/S_AM,1943,1396,-547,547,28.152341739577974,0.8096780871113503,95,0,1,fallback_distance
974,832159,SRB_34_467/ZLW[7],SRB_36_527/ZLW[7],970,1243,273,273,28.144329896907216,0.8095676804655061,60,0,0,fallback_distance
975,45186,SRB_100_442/ZSWA[4],SRB_98_448/ZLS[3],814,585,-229,229,28.132678132678134,0.8094070118566428,6,0,1,atlas
976,530593,SRB_75_427/ZLE[4],SRB_93_478/ZDS[3],1422,1022,-400,400,28.129395218002813,0.8093617211668521,51,1,1,fallback_distance
977,294680,SRB_66_339/ZLE[0],SRB_69_210/ZSSA[1],2351,1690,-661,661,28.115695448745214,0.8091726168821988,129,0,1,fallback_distance
978,477129,SRB_61_247/ZLW[5],SRB_60_162/ZSSA[5],1530,1100,-430,430,28.104575163398692,0.8090189950509037,85,0,0,fallback_distance
979,714615,SRB_74_201/ZDE[7],SRB_59_152/S_A5,1623,1167,-456,456,28.09611829944547,0.8089020931723617,49,0,2,fallback_distance
980,5497,SRB_100_494/ZSWB[3],SRB_115_456/ZDW[2],1260,906,-354,354,28.095238095238095,0.8088899221575327,38,0,2,atlas
981,846270,SRB_48_151/ZLE[7],SRB_28_166/S_F0,1253,901,-352,352,28.092577813248205,0.8088531329209305,20,0,3,atlas
982,407406,SRB_105_435/ZLE[4],SRB_103_448/ZSNB[5],620,446,-174,174,28.064516129032256,0.8084646798916957,13,0,0,atlas
983,614388,SRB_33_41/ZLE[0],SRB_32_46/A_EM,620,446,-174,174,28.064516129032256,0.8084646798916957,5,0,0,atlas
984,533515,SRB_20_353/ZSWA[5],SRB_27_359/ZSSA[6],556,400,-156,156,28.05755395683453,0.808368194528757,7,0,0,atlas
985,526342,SRB_37_386/ZLE[4],SRB_29_414/A_C4,1112,800,-312,312,28.05755395683453,0.808368194528757,28,0,1,atlas
986,266954,SRB_99_186/ZDE[5],SRB_61_191/ZSNB[3],1263,909,-354,354,28.028503562945367,0.8079651301553863,38,0,3,atlas
987,917692,SRB_42_31/ZLE[7],SRB_37_51/ZLS[6],1114,802,-312,312,28.007181328545784,0.807668809365717,20,0,2,atlas
988,446180,SRB_98_310/ZLW[4],SRB_90_235/ZSSB[5],1614,1162,-452,452,28.004956629491947,0.8076378685998108,75,0,2,fallback_distance
989,821616,SRB_54_376/ZLW[2],SRB_65_373/ZLE[7],1115,803,-312,312,27.982062780269057,0.8073192060539776,11,0,2,atlas
990,899042,SRB_73_315/ZLE[0],SRB_89_387/ZLS[4],1762,1269,-493,493,27.97956867196368,0.8072844617537115,72,1,1,fallback_distance
991,106792,SRB_63_92/ZLW[5],SRB_58_91/ZDE[3],701,505,-196,196,27.960057061340944,0.8070124610753818,5,0,0,atlas
992,775530,SRB_92_340/ZLE[7],SRB_97_392/ZLN[5],1495,1077,-418,418,27.959866220735783,0.8070097989784366,52,0,2,fallback_distance
993,471734,SRB_40_534/ZSWA[6],SRB_42_526/ZSWB[6],558,402,-156,156,27.956989247311824,0.8069696631769134,8,0,0,atlas
994,169286,SRB_37_139/ZLE[4],SRB_18_144/ZLW[2],1116,804,-312,312,27.956989247311824,0.8069696631769134,19,0,2,atlas
995,223906,SRB_18_385/ZDE[3],SRB_14_372/ZSSA[2],558,402,-156,156,27.956989247311824,0.8069696631769134,13,0,0,atlas
996,688598,SRB_39_407/ZLE[4],SRB_32_443/ZSSA[5],1116,804,-312,312,27.956989247311824,0.8069696631769134,36,0,1,atlas
997,726864,SRB_105_481/ZLE[7],SRB_109_537/ZSNA[7],1066,768,-298,298,27.954971857410882,0.8069415147230892,56,0,1,fallback_distance
998,42556,SRB_25_102/ZLE[4],SRB_22_41/A_GM,1070,1369,299,299,27.943925233644862,0.8067873172007475,61,0,1,fallback_distance
999,489087,SRB_104_268/ZLW[4],SRB_101_154/ZDN[2],2180,1571,-609,609,27.93577981651376,0.8066735465753205,114,0,1,fallback_distance
1000,450411,SRB_47_152/ZLW[2],SRB_55_177/ZDS[0],1117,805,-312,312,27.931960608773498,0.8066201814218771,25,0,1,atlas
