tree
version=v4
num_class=1
num_tree_per_iteration=1
label_index=0
max_feature_idx=41
objective=regression_l1
feature_names=Column_0 Column_1 Column_2 Column_3 Column_4 Column_5 Column_6 Column_7 Column_8 Column_9 Column_10 Column_11 Column_12 Column_13 Column_14 Column_15 Column_16 Column_17 Column_18 Column_19 Column_20 Column_21 Column_22 Column_23 Column_24 Column_25 Column_26 Column_27 Column_28 Column_29 Column_30 Column_31 Column_32 Column_33 Column_34 Column_35 Column_36 Column_37 Column_38 Column_39 Column_40 Column_41
feature_infos=[0.017822265625:2.033447265625] [-0.19833333790302277:0.19833333790302277] [-0.91333335638046265:0.9100000262260437] [0:0.19833333790302277] [0:0.91333335638046265] [0:0.91333335638046265] [0:1] [0:0.4609375] [0:1.943359375] [0.017822265625:2.033447265625] none none [0.017822265625:2.033447265625] none none [0.017822265625:2.033447265625] none none -1:6:4:3:2:18:34:16:35:0:17:32:7:1:19:92:70:114:159:170:83:169:61:72:137:50:138:215:193:160:104:191:202:125:214:60:103:94:204:192:33:180:5:181:148:115:213:171:81 -1:34:33:35:2:32:4:5:3:18:6:7:17:1:0:19:16:144:55:89:111:99:69:46:87:63:65:88:47:172:98:53:166:129:183:189:79:211:165:86:154:68:122:142:143:200:164:174:162:44:73:52:45:57:97:43:109:58:132:78:121:151:110:201:196:54:178:77:205:185:76:140:207:80:131:106:75:41:42:66:56:100:195:108:123:194:120:212:62:153:119:67:90:177:190:64:95:206:167:133:155:40:184:117:146:176:135:107:179:102:157:186:198:188:91:139:96:51:101:145:156:161:210:134:173:175:74:124:163:208:84:112:168:85:130:141:187:199:209:152:113:197:128:150 -1:7:5:4:8:3:6:2:1 -1:32:61:14:7:8:34:38:56:30:16:46:15:18:53:42:52:9:20:28:37:45:10:58:21:48:5:43:55:47:3:6:25:36:63:19:41:40:17:44:24:27:26:12:0:62:35:60:22:57:51:49:13:2:23:4:59:29:11:54:50:33:1:31:39 -1:64:58:30:32:77:97:3:78:68:50:47:70:96:10:11:28:33:83:5:20:0:80:46:31:75:56:81:88:48:43:76:86:49:17:44:8:71:82:37:7:1:2:53:38:85:73:62:13:98:16:92:72:66:40:29:52:74:9:4:22:87:89:99:42:90:21:59:35:19:94:15:24:63:79:25:36:41:55:14:23:91:34:93:57:54:45:65:84:51:69:60:18:27:67:12:26:6:61:95 -1:10:31:58:21:44:7:50:23:33:28:61:38:57:92:25:26:20:27:59:6:36:55:47:52:34:39:41:24:42:49:79:19:54:30:0:48:32:51:63:37:56:43:76:2:15:8:81:1:62:13:53:16:3:14:35:72:5:4:67:90:73:45:83:9:11:99:29:91:93:86:46:80:40:87:12:96:74:77:98:22:95:94:75:66:82:18:78:88:65:71:68:85:97:17:84:60:70:89:64 -1:49:16:29:13:17:43:1:3:40:44:28:32:20:36:19:42:33:52:50:7:8:85:71:25:59:68:34:37:91:26:15:54:56:23:31:12:48:30:99:6:41:66:57:38:95:9:51:24:61:18:58:53:76:79:21:47:14:55:5:0:97:69:35:45:72:93:2:22:77:60:4:46:27:82:83:10:62:78:11:74:96:75:86:39:67:65:89:64:73:90:88:87:70:63:98:92:84:81:80 -1:0:56:48:24:16:8:32:60:28:12:4:1:112:120:96:124:62:14:30:6:64:2:126:29:61:5:13:15:7:63:31:125 -1:0:1:2:3:4:5:6 -1:1:2:0:3:4:5 -1:1:2:3:4:5:7:0:6:8:9:10:11:12:13 -1:2:1:3:4:5:6:7:8:0:9:10:11:12:13:14:15:16 -1:7:0:4:6:5:1:2:3 -1:7:5:3:2:4:6:1:0 [0:0.99798387289047241] [0:0.99193549156188965] -1:53:43:42:46:45:41:51:54:40:50:52:39:55:44:166:56:38:165:61:31:65:174:37:62:164:57:47:49:67:58:33:36:48:167:173:32:60:156:157:66:175:59:163:30:34:29:158:159:172:35:177:162:64:68:168:176:69:150:63:160:161:75:155:74:152:182:169:184:179:170:171:151:28:178:181:154:183:153:78:25:72:77:186:26:24:76:73:27:148:149:180:71:70:185:86:144:84:21:23:22:85:87:79:83:142:17:188:20:80:82:187:205:141:140:118:95:139:19:146:88:96:192:143:15:18:81:229:110:204:9:207:228:145:16:195:106:194:199:147:13:189:14:190:193:206:94:11:117:8:107:238:12:227:196:108:2:236:0:97:134:191:109:198:10:217:1:208:200:111:128:138:201:249:135:245:243:112:197:248:7:99:120:130:235:216:250:100:121:212:89:137:241:230:116:237:98:126:224:215:244:119:127:203:246:223:136:209:232:247:115:226:202:239:123:240:234:105:91:3:122:133:221:218:104:5:101:125:90:129:225:132:6:114:213:113:131:231:102:220:210:242:93:219:233:92:211:214:222:124:4 -1:87:86:58:56:59:57:88:32:85:89:172:33:84:200:31:141:171:199:5:201:30:55:202:173:174:4:54:117:71:143:2:227:115:228:118:142:116:3:229:60:0:61:140:70:83:28:42:90:72:26:1:27:230:43:112:100:197:110:185:144:169:29:73:101:16:170:7:198:6:34:184:111:186:99:41:146:69:145:213:53:52:82:44:113:139:17:250:66:67:134:156:15:14:40:212:35:68:157:183:214:249:151:133:225:152:155:150:132:187:39:124:196:162:102:135:226:109:81:218:65:219:122:181:158:163:195:25:18:106:123:168:192:80:149:114:161:51:180:153:38:121:105:125:167:190:10:11:95:191:64:179:224:78:108:9:49:220:203:12:207:24:98:77:119:45:126:120:164:94:96:130:239:240:50:238:204:189:248:208:223:13:237:182:188:19:247:62:206:127:79:37:176:148:211:104:193:178:241:103:129:209:93:8:154:136:205:131:221:236:147:107:74:138:235:128:160:246:21:76:215:177:217:36:97:234:20:194:242:159:63:46:175:48:233:75:165:245:22:222:231:23:232:216:244:47:137:210:243:166:92 -1:16:8:3:7:12:6:4:13:0:9:15:2:11 -1:16:8:7:12:9:3:2:13:6 -1:37:152:29:28:67:33:30:24:135:23:220:118:84:34:27:16:237:143:144:169:59:20:148:58:145:63:139:138:12:149:127:7:60:54:126:212:142:110:211:76:53:109:75:131:64:114:216:57:13:80:229:228:128:6:8:213:77:122:111:50:233:132:207:105:121:71:206:160:104:217:161:203:70:210:230:11:115:125:9:165:224:74:81:108:3:234:223:2:227:162:156:159:155:166:10:17:42:195:41:194:46:199:43:47:196:36:190:200:189:40 -1:160:49:24:83:84:128:150:22:142:6:130:100:82:108:62:126:110:63:123:26:104:43:109:86:146:10:106:38:67:124:148:1:21:147:129:78:158:98:11:3:4:68:0:70:120:157:18:122:156:159:99:16:59:96:119:144:60:85:31:9:5:79:136:47:105:45:40:107:97:44 -1:160:142:124:69:25:2:140:104:103:23:89:27:60:91:71:111:80:88:68:120:47:107:87:101:108:90:50:109:30:51:110:64:48:70:3:106:149:128:131:129:28:31:4:130:49:144:141:7:126:81:24:0:8:151:29:122:100:11:148:150:9:65:10:44:84:145:20:42:5:41:22:102:82:66:67:46:43 -1:136:79:116:118:56:100:47:45:44:82:229:24:7:25:1:230:41:80:106:232:12:196:250:237:188:59:122:65:214:131:217:134:18:23:194:33:160:15:3:141:129:226:36:115:119:61:239:233:103:138:73:135:145:70:223:69:113:72:147:224:142:63:191:37:200:67:26:83:77:149:246:6:96:64:27:84:85:104:66:87:40:102:125:235:46:86:231:4:227:120:0:124:105:5:238:127:98:117:234:126:107:236:20:57:60:121:43:76:58:210:78:247:175:38:42:249:95:173:240:111:17:22:176:206:177:212:19:13:170:50:97:174:197:248:241:123:10:88:166:167:109:215:151:193:245:178:172:62:93:219:157:81:137:242:222:101:185:2:53:183:187:163:208:158:195:51:165:186:30:199:207:228:29:99:180:203:154:89:91:139:220:205:155:140:146:243:8:75:209:179:184:49:16:11:144:14:164:190:198:9:213:221:54:204:132:143:152:201:244:31:130:216:32:192:168:153:52:133:28:171:162:159:39:189:21:181:55:74:108:35:211:225:94:169:90:34:110:156:150:161:218:128:114:68:148:182:71:48:202:92
tree_sizes=7712 7848 7968 8069 8337 7979 8404 8149 8561 8461 7931 8496 8482 8447 8685 8267 8561 8324 8217 8122 8830 8612 8468 8185 8622 8453 8418 7962 8492 8282 8316 9103 8870 8059 7790 8691 8608 7797 8751 8606 7868 7947 8674 8562 8680 7958 8295 8949 8311 8939 8161 7645 7882 8071 8236 8400 8531 8161 8243 8479 7865 8925 8667 7722

Tree=0
num_leaves=63
num_cat=41
split_feature=3 38 38 8 38 5 3 8 19 3 3 3 19 8 19 3 25 22 22 39 18 39 3 25 5 39 35 34 39 3 25 39 39 34 39 31 25 7 1 6 22 34 34 23 34 3 34 3 39 8 1 34 25 39 35 34 34 34 34 34 34 6
split_gain=592.894 6484.16 921.388 2722.77 713.338 674.504 458.131 651.137 533.099 404.662 389.139 378.287 318.524 304.609 292.835 283.463 270.503 234.402 233.046 422.534 281.721 219.171 216.373 206.988 197.755 225.237 175.05 174.063 171.939 169.754 168.196 167.043 159.59 153.499 141.382 138.872 133.867 127.612 238.972 126.263 125.665 124.279 119.456 117.203 116.625 116.258 114.567 111.648 143.388 142.673 131.103 109.382 107.143 118.269 108.605 107.049 106.813 106.021 105.123 104.547 104.434 104.169
threshold=0.012500000186264517 0 1 0.48144531250000006 2 0.094166666269302382 0.042500000447034843 0.52832031250000011 3 0.049166666343808181 0.025833333842456344 1.0000000180025095e-35 4 1.2148437500000002 5 0.0091666667722165602 6 7 8 9 10 11 1.0000000180025095e-35 12 0.080833330750465407 13 14 15 16 0.025833333842456344 17 18 19 20 21 22 23 0.082031250000000014 0.025833333842456344 0.066126633435487761 24 25 26 27 28 0.0075000002980232247 29 0.1108333319425583 30 0.92285156250000011 0.1108333319425583 31 32 33 34 35 36 37 38 39 40 0.06455205008387567
decision_type=2 9 9 2 9 2 2 2 9 2 2 2 9 2 9 2 9 9 9 9 9 9 2 9 2 9 9 9 9 2 9 9 9 9 9 1 9 2 2 2 9 9 9 9 9 2 9 2 9 2 2 9 9 9 9 9 9 9 9 9 9 2
left_child=1 22 3 10 26 -6 7 14 36 21 12 -7 44 24 27 16 28 32 19 23 40 -10 -1 -11 25 30 -3 -4 -13 56 -5 35 46 -28 -17 -19 42 38 -31 -22 -20 -35 -8 -40 -2 -24 -16 49 -49 60 -50 -38 54 -54 -12 -15 -9 -21 -33 -39 -26 -44
right_child=2 4 6 13 5 11 8 29 9 18 52 15 -14 55 17 34 -18 31 20 57 39 -23 45 -25 47 -27 33 -29 -30 37 -32 58 -34 41 -36 -37 51 59 43 -41 -42 -43 61 -45 -46 -47 -48 48 50 -51 -52 -53 53 -55 -56 -57 -58 -59 -60 -61 -62 -63
leaf_value=0.00030589501140639187 0.00017731210449710487 0.00058821181533858175 -9.0031058061867942e-05 0.0024928524182178079 0.00017731210449710487 0.00021833774517290294 -1.0305161122232666e-05 0.0002561433659866452 0.00052474259166046977 0.00023622226435691119 0.00078971764305606478 -0.00079065946629270907 0.00032232721569016578 -0.00018510416382923719 0.00062155087711289524 -0.00039256578078493475 0.00026372921536676585 0.00017731210449710487 0.00012967415153980255 0.00036819227738305927 -9.3794504646211826e-05 0.00028197850100696086 0.0023071579472161829 0.00043414452811703082 -0.00018293481552973391 -3.9555362891405819e-05 -0.00071903224801644677 0.00041002811631187799 -0.0005318020167760551 0.00014867932070046665 -0.00053606980247423053 0.00054673241684213272 0.00035028508165851235 0.00066058347234502438 1.0048069525510074e-05 1.0064721573144203e-05 0.00028403570293448864 0.00039669053861871365 5.1009103190153849e-05 0.0002667225571349263 0.00022210493916645645 2.4640348274260757e-05 0.001048771815840155 -0.00050032126484438771 0.0008823304646648466 0.0012854800024069844 3.6946840118616813e-05 0.00038696003612130879 -0.00014300822047516701 -0.00010229980340227486 0.0002101573219988495 0.00011141424532979728 0.0011798731074668467 0.00026796568417921664 0.00019875216239597648 -2.9777879826724534e-05 -0.00039368716767057771 0.00017731210449710487 0.00021547402080614121 0.0001109159307088703 3.0881359707564127e-05 0.00021850674878805875
leaf_weight=1347 922 3352 1704 1828 12142 3441 3225 808 18314 13543 1912 19367 4397 2930 1029 4409 1598 22033 29627 4017 2686 9338 11589 35396 3550 3307 1108 22760 11678 5207 716 2498 27355 1535 8231 28259 2378 1745 1334 162896 40113 11237 995 3678 12377 8258 7898 3478 2194 10198 2531 25139 2432 2864 15703 19108 5617 28903 21658 11256 40805 28350
leaf_count=1347 922 3352 1704 1828 12142 3441 3225 808 18314 13543 1912 19367 4397 2930 1029 4409 1598 22033 29627 4017 2686 9338 11589 35396 3550 3307 1108 22760 11678 5207 716 2498 27355 1535 8231 28259 2378 1745 1334 162896 40113 11237 995 3678 12377 8258 7898 3478 2194 10198 2531 25139 2432 2864 15703 19108 5617 28903 21658 11256 40805 28350
internal_value=0.000201491 -0.00847698 0.00143074 -0.0076331 -0.0244514 -0.0305544 0.00351882 -0.00181427 0.00568996 0.00750738 0.0181886 -0.0368654 0.0315542 -0.0192017 0.00171751 -0.03978 -0.0456885 -0.000908115 0.00629375 0.0118085 0.00437462 0.0214295 0.0503722 0.0188789 -0.0152583 0.00583962 -0.00288828 0.0135958 -0.0481586 -0.0179197 0.0325958 -0.00476225 0.00699931 -0.00883392 -0.0245161 -0.00870118 -0.00474035 -0.013141 -0.0231739 0.00706913 -0.00202296 -0.00509262 0.000466666 -0.0418727 0.0407965 0.0535543 -0.00692682 -0.0172254 -0.00417144 -0.0191881 -0.0177592 -0.010901 0.00786351 0.0228089 0.00335347 -0.0314755 -0.0351805 0.00129465 0.00343883 -0.00525263 -0.0162442 0.00287887
internal_weight=800303 99292 701011 131252 78098 60866 569759 164839 404920 344833 40607 48724 17696 90645 135194 45283 32643 110730 317181 81859 235322 27652 21194 48939 68607 5851 17232 24464 31045 29645 2544 74448 36282 13880 12640 50292 60087 23220 10219 165582 69740 12772 32570 5012 13299 19847 8927 62756 8203 54553 4725 27517 22911 5296 17615 22038 6425 32920 24156 13001 44355 29345
internal_count=800303 99292 701011 131252 78098 60866 569759 164839 404920 344833 40607 48724 17696 90645 135194 45283 32643 110730 317181 81859 235322 27652 21194 48939 68607 5851 17232 24464 31045 29645 2544 74448 36282 13880 12640 50292 60087 23220 10219 165582 69740 12772 32570 5012 13299 19847 8927 62756 8203 54553 4725 27517 22911 5296 17615 22038 6425 32920 24156 13001 44355 29345
cat_boundaries=0 7 15 23 29 36 42 46 49 52 58 65 71 75 80 88 96 102 103 109 114 122 127 128 132 135 143 151 155 163 171 176 184 186 191 199 206 214 222 230 238 246
cat_threshold=9650124 2129940 131137 34078976 136315920 64 2147500288 9649992 2129940 131137 34078976 136315920 64 2181054720 1024 1207959552 302270464 76800 541372416 2147631105 536870948 52690960 1096 0 13 0 73792 0 2 130 14680071 16801792 2098210 570656896 134254592 49432 0 8388621 151013377 335749136 2161 33554434 1073758277 16777216 1 65537 1064304640 21 1107296192 3221225472 536971647 65512 2151940144 134217792 3932224 478176000 1610612742 1 262176 805568527 131136 0 2148533760 3149312 2097152 88343555 1208092736 1327176 335560708 1610694656 1 3489677312 4043309056 0 1895890944 65536 134217728 262144 276828189 2415919104 1073774720 3 9569280 25449408 268472356 8392704 269484033 26 98416 33024 1207992320 4617 131088 256 2287009824 7865281 88080384 2147483648 1835008 1560305936 1073741828 1 1 262146 41280 1572864 1560311580 1615413254 1 2147486208 0 3145744 1568673808 3760013315 2064 262144 536887328 1226067968 268567040 42467328 137035872 16794884 2099267 1073741824 4980760 1291859216 1075642369 30 74037 1 1 1073741824 357652479 1145311232 1464860672 2147524612 2147483649 41943568 4194305 10486020 135299073 37780100 131072 570687584 0 2231914496 83886081 65664 1098924608 302104688 34078720 16932 4026531840 2643325279 12 30728 2164260864 2382889157 134447936 2164262913 4194304 67141632 98304 33554817 16814081 54001664 4458756 2181038088 513 524288010 65536 2147549184 2550136832 16 1216348169 2417230080 1081880 0 1327136 4128 139892 536870914 2484092936 67895301 16843015 65537 2163728 134350848 540688 209731593 2415919104 2 8704 1140851016 90370 1091712 276956161 318898304 10496 1094729872 1073750404 1216348288 3490381824 65664 33850880 2164261000 131072 3825467904 33817602 200704 336864288 302023688 532480 69206016 16777536 42993664 8704 2835349504 24 75539474 34093056 16616 2633748 2097152 536870912 131073 35127300 1342441472 101711880 100741926 67117056 1241645057 134351360 810123520 2147622976 84185096 640 524304 1073762309 134217728 100663296 268435480 10832 264706 25178193 76742656
is_linear=0
shrinkage=1


Tree=1
num_leaves=63
num_cat=44
split_feature=3 38 38 8 40 5 3 8 40 40 3 3 5 3 39 19 39 4 26 8 19 3 22 26 40 39 41 39 20 19 34 19 7 34 3 41 41 41 26 22 20 34 41 34 34 41 41 21 35 3 35 41 8 3 4 34 19 41 34 41 35 34
split_gain=490.657 5174.57 725.343 2173.74 683.02 542.772 396.776 507.226 481.008 377.648 305.993 281.45 278.865 265.457 256.546 242.725 225.264 206.555 195.713 234.155 188.789 184.767 184.447 171.041 165.841 160.079 155.345 155.212 148.37 142.971 140.714 139.921 139.608 137.567 131.926 130.434 123.041 121.239 119.074 117.753 116.439 115.587 115.478 112.854 112.035 110.75 106.246 105.898 105.117 103.836 102.191 102.175 101.977 128.168 100.525 105.088 99.7376 99.389 99.1476 99.0396 97.6211 97.2644
threshold=0.012500000186264517 0 1 0.48144531250000006 2 0.094166666269302382 0.042500000447034843 0.54394531250000011 3 4 0.027500000782310966 1.0000000180025095e-35 0.092500001192092909 0.049166666343808181 5 6 7 0.029166666790843013 8 0.78417968750000011 9 0.0091666667722165602 10 11 12 13 14 15 16 17 18 19 0.20703125000000003 20 0.059166666120290763 21 22 23 24 25 26 27 28 29 30 31 32 33 34 0.077500000596046462 35 36 1.3671875000000002 0.11416666954755784 0.015833333600312475 37 38 39 40 41 42 43
decision_type=2 9 9 2 9 2 2 2 9 9 2 2 2 2 9 9 9 2 9 2 9 2 9 9 9 9 9 9 9 9 9 9 2 9 2 9 9 9 9 9 9 9 9 9 9 9 9 1 9 2 9 9 2 2 2 9 9 9 9 9 9 9
left_child=1 22 3 10 5 -3 7 9 34 25 15 60 29 27 31 40 45 39 28 -20 44 23 47 -18 -6 30 -22 -10 -19 57 -4 -11 51 -26 -8 -14 -35 -32 -31 -15 -2 -37 -33 -17 -16 -13 -27 -1 -38 -40 -12 -9 53 -43 56 -56 -36 -5 -47 -57 -7 -50
right_child=2 4 6 12 24 11 8 32 13 14 50 16 35 17 20 43 21 18 19 -21 26 -23 -24 -25 33 46 -28 -29 -30 38 37 42 -34 36 54 41 48 -39 49 -41 -42 52 -44 -45 -46 58 -48 -49 61 -51 -52 -53 -54 -55 55 59 -58 -59 -60 -61 -62 -63
leaf_value=0.0011535048876889049 0.00033812626758590337 -2.1277452539652585e-05 -0.00033685932001098988 0.00076232238644734012 0.00029812081279233097 -0.00070022733164951199 7.4817640520632273e-05 9.0429407916963104e-05 0.00028246931908652189 -0.00012452080955263229 0.00077121328236535189 0.00041763913510367275 -0.00034893014738336203 -0.00037656212984584273 0.00044768233727663753 -0.0012344455906189977 -0.00091192355705425139 0.00017233557086437939 -2.834667172282934e-05 5.5942625552415844e-05 -0.00031404165085405108 -0.00032455295724794267 0.0016343820677138863 -3.1647505844011904e-05 0.00051532832169905304 -0.0001587924133054912 -6.7170662898570301e-05 6.970011563971639e-05 6.7817209661006931e-05 -0.00040523318750783799 -0.00039011247502639888 -0.00021583268295507878 -1.2789984885603193e-05 0.00062650184640660887 0.00085895026149228218 -3.7680569873191413e-05 -0.00090413102349266405 0.0001647636832902208 0.0031238124213181433 1.1255340557545419e-05 0.00076669652508571751 -0.00019735826449468729 0.00021839501420035958 0.0003037331853993237 5.4341738764196641e-05 -0.00081515767453238367 0.00041256203250959517 0.00031449239971116183 -0.00072080669375136489 -0.0003664721678942442 5.0304091244470324e-05 -0.00028145538149401548 -0.00022360206758603455 -2.5218878639861939e-05 8.115213112905622e-05 8.1306071765720845e-05 -0.00017096806922927498 -0.00024576325239613651 -0.00036086952248588202 -6.8908123020082712e-05 0.00011376845254562795 -0.00015028306217864157
leaf_weight=4057 7187 11702 1841 543 5040 647 17191 1280 16483 4493 2227 582 6169 6106 1322 652 21977 36884 49775 147205 7004 9011 14104 1064 1244 989 67084 8785 36370 872 1225 1658 5175 843 1810 6416 1154 18068 1374 11958 7745 46623 17849 3797 9268 1764 9327 3133 1336 354 18838 18349 15368 7182 4811 4181 1117 5347 9670 62709 2670 9294
leaf_count=4057 7187 11702 1841 543 5040 647 17191 1280 16483 4493 2227 582 6169 6106 1322 652 21977 36884 49775 147205 7004 9011 14104 1064 1244 989 67084 8785 36370 872 1225 1658 5175 843 1810 6416 1154 18068 1374 11958 7745 46623 17849 3797 9268 1764 9327 3133 1336 354 18838 18349 15368 7182 4811 4181 1117 5347 9670 62709 2670 9294
internal_value=-0.000115306 -0.00801015 0.00100295 -0.00706012 -0.0223233 -0.0286766 0.00285078 -0.00211139 0.00486972 0.000688503 0.0160562 -0.0343968 -0.0174209 0.00710637 -0.00266299 0.026937 -0.036934 0.00607284 0.0069033 0.00493299 -0.00576691 -0.0421931 0.0444044 -0.0479052 -0.00246684 0.0122662 -0.00790931 0.0188999 0.0121988 0.00327837 0.00627636 0.00828585 -0.0179279 -0.00924007 -0.002769 -0.0195704 -0.0129979 0.00930536 0.0266462 -0.00635005 0.0342559 -0.0181918 0.012683 0.00228647 0.00921335 -0.0228467 0.0245159 0.0286254 -0.016175 0.0448276 0.00604357 -0.02255 -0.0196222 -0.0171613 -0.00495243 -0.00584243 0.0168385 -0.00707556 -0.0254552 -0.00707423 -0.000686936 -0.0124037
internal_weight=800303 99292 701011 130694 77998 59087 570317 164932 405385 140128 40446 47385 90248 313566 108678 19381 44068 288298 270234 196980 84678 32052 21294 23041 18911 31450 74088 25268 73254 8490 21134 24000 24804 13871 91819 81758 12627 19293 2600 18064 14932 75589 19507 4449 10590 12016 10316 7190 11784 1728 21065 19629 69173 53805 74628 71701 2927 5890 11434 66890 3317 10630
internal_count=800303 99292 701011 130694 77998 59087 570317 164932 405385 140128 40446 47385 90248 313566 108678 19381 44068 288298 270234 196980 84678 32052 21294 23041 18911 31450 74088 25268 73254 8490 21134 24000 24804 13871 91819 81758 12627 19293 2600 18064 14932 75589 19507 4449 10590 12016 10316 7190 11784 1728 21065 19629 69173 53805 74628 71701 2927 5890 11434 66890 3317 10630
cat_boundaries=0 7 15 21 26 31 36 43 48 49 56 59 60 65 71 79 85 86 93 101 108 116 124 131 139 140 144 145 153 161 169 177 185 193 195 203 211 219 227 229 237 245 253 261 269
cat_threshold=9650124 2129940 131137 34078976 136315920 64 33571072 9646024 2129940 131137 34078976 136315920 64 2181054720 1024 177209532 23552 131072 1426066928 3239936 1 3758099969 269352960 244646117 57408 12582926 2311064576 269255168 243663085 57408 8388622 2237662785 3624044608 278600 8388608 2415919104 524290 81788943 16794112 16778274 587432064 4372 33048 2214858363 2416052288 16472 4 4456448 1 0 101712896 260048897 386080892 138414161 33554434 32768 3221292031 2290942075 58176 9 2415921408 589824 251920592 61440 13 90507355 3489794112 1327192 4112 268435456 1 69206016 2152202248 2151825408 2550161586 67321874 0 1107361856 33562625 88408066 3355576384 3424328 67133453 4026548224 1 144 1 68722950 18884608 183314 545300480 545300480 212 4227136 1073741824 29394944 545539331 67321856 256 2229264 19400064 32 1536 100663299 520336492 4196353 16785544 16408 16953600 4096 33555456 1116748 261 402653185 34094080 56 49665 264458 36864 557056 1376256656 50336773 205058 8 384 138412033 537149456 539099136 537067520 1216611768 1140854916 0 4096 67840 1149765632 402727168 67239936 308318219 4194361 2 797532162 65026049 2968539176 8 272 2281703424 0 2164400144 234897412 36866 268566530 537756992 6324736 1620082688 8388608 0 21504 2150400 3397404164 3160064 4231171 1073760256 8397024 2148007938 12309 2161442896 270534656 12 131120 3288338440 2147614868 67109376 4194412 1611923456 587202816 2101768 786464 604307489 8462337 67239954 67371394 4352 553648132 2147485760 4162 135405568 154141184 2197946372 8554528 135712 69222913 32768 526344 4279358208 48958 3221225472 721664 536903696 1048576 18890764 2420119552 9060352 11051056 130 1157636608 536875008 134303744 1106048 276825088 1124073600 567680 526336 1342849152 134219780 1207959552 301989888 67108904 1075251265 34873856 144 0 262144 537265152 139840 2751989760 1148331008 94384388 65536 9 67239936 285214722 262656 1141899840 524353 537006097 33570825 16777248 0 219291648 1065344 16798464 2197815296 142804160 2415919360 2146320 1076953088 131072 285212680 8388674 1067457 2147487872 402718720 3688720 76 905986048 32047296 2099728 33916932 131072 33793 67108866 270008384 2113548 4333569 234897410 1073741872 541589504 134250536 8448
is_linear=0
shrinkage=0.12


Tree=2
num_leaves=63
num_cat=46
split_feature=5 18 3 38 38 8 19 26 3 3 8 25 7 7 19 3 8 8 3 0 25 41 18 41 21 41 19 34 20 34 41 41 41 35 34 39 35 23 41 34 34 41 41 8 34 41 39 3 0 22 19 35 41 34 41 34 35 34 35 21 20 34
split_gain=471.677 729.302 565.338 2983.38 794.636 1233.25 725.955 432.628 249.215 247.755 238.245 226.173 205.951 225.201 218.81 384.212 384.955 300.397 195.121 206.83 175.718 154.783 149.221 141.697 136.346 130.806 122.976 117.74 125.13 110.1 109.274 105.586 103.093 101.692 101.242 100.92 99.2495 97.3955 99.3436 96.1717 95.3558 94.909 94.1674 93.6868 92.9484 90.628 88.5841 88.1825 127.455 86.0865 84.5836 83.3949 87.6604 87.1182 86.1215 88.0483 82.7113 81.9055 81.6423 80.9667 80.5686 80.3745
threshold=0.095833331346511855 0 0.012500000186264517 1 2 0.29589843750000006 3 4 0.077500000596046462 1.0000000180025095e-35 0.62890625000000011 5 0.32421875000000006 0.23046875000000003 6 0.042500000447034843 0.37207031250000006 0.37207031250000006 0.0091666667722165602 0.73791503906250011 7 8 9 10 11 12 13 14 15 16 17 18 19 20 21 22 23 24 25 26 27 28 29 0.063476562500000014 30 31 32 0.012500000186264517 0.15490722656250003 33 34 35 36 37 38 39 40 41 42 43 44 45
decision_type=2 9 2 9 9 2 9 9 2 2 2 9 2 2 9 2 2 2 2 2 9 9 9 9 1 9 9 9 9 9 9 9 9 9 9 9 9 9 9 9 9 9 9 2 9 9 9 2 2 9 9 9 9 9 9 9 9 9 9 1 9 9
left_child=1 7 3 24 5 26 25 -1 47 33 34 -11 13 14 17 16 -16 45 19 -13 -17 -19 -20 -12 -2 -5 31 -25 -29 -15 -14 -4 -31 -8 -7 -34 -32 38 -3 -38 -27 -36 -42 -26 -28 -6 -45 -9 -49 -33 -43 54 61 -54 -39 -56 -44 -35 -40 -46 -48 -53
right_child=2 37 4 6 12 10 9 8 -10 11 23 18 30 29 15 20 -18 21 22 -21 -22 -23 -24 27 43 40 44 28 -30 32 36 49 35 57 41 -37 39 51 58 -41 42 50 56 46 59 -47 60 48 -50 -51 -52 52 53 -55 55 -57 -58 -59 -60 -61 -62 -63
leaf_value=-0.00037941599453240632 5.8792007155716478e-05 0.00057204808367416256 0.00072301405506581065 -0.00059528040613979097 0.00034131175746442746 0.00021113612768054006 0.00087729795115068553 0.019643162389308213 -0.00039340480538830154 0.00011756176308542489 3.138752760272473e-05 -0.0010775305776670576 0.00026346591488504782 0.00023157108385674655 6.8527129590511317e-06 9.4324074938893321e-05 -0.00019633102681115269 -0.00015785562972631305 -5.9842401355504991e-05 -0.00029186920847743751 2.5998797907494008e-05 -3.4175454128533603e-05 -0.00039029076825454825 -0.00032877886942774058 0.0016792977160066365 -0.00047393748027831317 0.00096357731714146215 -7.7466679019853467e-05 -0.0002350459472760558 0.00027550302466750146 0.00013157500065118073 0.00055703158514946701 -4.4165897847153241e-05 -0.00086147438524290917 0.00019828331735730168 0.00010136430995352567 9.4668453407473861e-05 0.00094812733798474067 0.00038802419058652594 -0.00019366810255497694 0.00062063741540908815 -0.00071977082095295189 -0.00014906506916508079 0.0013529532926157117 0.00032913644107128491 9.0521350711584078e-05 0.00065333255171030761 -0.001706164254449308 0.004142294715944678 0.00022043334872927516 -0.00010003302855393849 -0.0010965467271131929 -4.2201433997601269e-05 0.00026715640398859974 -0.0011749783605700358 -6.6525625705718985e-05 0.00029681187631934881 1.5077125668525697e-05 -6.0297534638084457e-05 -0.0002644474828639068 -2.2983847931027435e-05 -3.2434850782155955e-06
leaf_weight=2212 1469 2480 1459 785 1536 2395 551 1642 690 2440 3528 22111 1554 5967 50088 79147 20361 8782 5945 13097 182554 70923 7450 8115 7578 713 907 12193 37027 3475 2207 3281 9108 421 1619 30270 2365 845 2992 16877 1501 1121 1690 3702 2298 16637 595 371 4711 6441 19214 802 6721 53491 781 6417 4470 2899 29492 2455 1704 3631
leaf_count=2212 1469 2480 1459 785 1536 2395 551 1642 690 2440 3528 22111 1554 5967 50088 79147 20361 8782 5945 13097 182554 70923 7450 8115 7578 713 907 12193 37027 3475 2207 3281 9108 421 1619 30270 2365 845 2992 16877 1501 1121 1690 3702 2298 16637 595 371 4711 6441 19214 802 6721 53491 781 6417 4470 2899 29492 2455 1704 3631
internal_value=6.64246e-05 0.00709686 -0.00114075 -0.0106786 0.000108891 -0.00954333 -0.0219702 0.0387217 0.0526151 -0.0271871 -0.0154087 -0.0294117 0.00207188 0.00260474 0.00172788 0.00319723 -0.00466878 -0.00325835 -0.0311978 -0.0358943 0.00531488 -0.00643306 -0.0188729 -0.019422 0.0373865 0.00930323 0.0201271 -0.0208562 -0.0186367 0.0103281 -0.00901891 0.0274136 0.0081941 0.00207589 -0.00537637 0.00644021 -0.0112446 0.00426438 -0.000940071 -0.0140106 0.0137086 -0.00793226 0.0176254 0.0411537 0.00566995 0.010663 0.029965 0.0597324 0.0518804 0.0228313 -0.0101617 0.00676754 0.00820143 0.0094009 -0.00475232 -0.0090208 0.0110045 -0.00590634 -0.00271049 -0.00108288 0.0112678 -0.00807198
internal_weight=800303 117278 683025 79121 603904 102053 64073 9626 7414 54914 85212 51043 501851 478848 430028 332150 70449 97878 48603 35208 261701 79705 13395 60863 15048 9159 16841 57335 49220 48820 23003 11181 42853 3871 24349 39378 21449 107652 34964 19242 8374 21954 7661 13579 5660 18173 6001 6724 5082 9722 20335 72688 64645 60212 8043 7198 6160 3320 32484 4753 2299 4433
internal_count=800303 117278 683025 79121 603904 102053 64073 9626 7414 54914 85212 51043 501851 478848 430028 332150 70449 97878 48603 35208 261701 79705 13395 60863 15048 9159 16841 57335 49220 48820 23003 11181 42853 3871 24349 39378 21449 107652 34964 19242 8374 21954 7661 13579 5660 18173 6001 6724 5082 9722 20335 72688 64645 60212 8043 7198 6160 3320 32484 4753 2299 4433
cat_boundaries=0 2 9 17 22 23 27 33 34 42 49 57 59 67 74 82 83 91 99 107 115 123 131 136 144 147 155 163 171 179 187 195 203 208 211 218 226 234 242 250 258 266 274 282 284 285 292
cat_threshold=0 9 9650124 2129936 131137 34083072 136315920 64 16656 1261516 2129940 131137 34078976 136315904 536870976 2147500288 1024 0 15 0 0 268435456 2 16847122 16842753 0 285212672 524288 15 42010624 268443728 67108992 8218 8227 2147623168 10488087 136 2147483652 1074036736 603979776 2629643 67256578 393256 268697606 64 537133184 2147484160 1537 8388609 575209508 196609 67127048 16912896 4194336 786432 17039376 68161666 33023 16384 245760 131588 589824 1745358976 2180 4194310 35653634 3702784 262146 18882822 11550720 25239552 541130884 201326608 1613824 1073823873 34045958 671088640 268468224 537010320 296480 17039368 161 18 2236418 34734082 2151694464 268438022 33554444 37749760 139203081 512 956833792 11011072 201326594 134217986 301989905 85065864 1027 1027 2147501184 256 2147487744 8923136 134627344 268435507 18366505 37814276 134283335 1572864 1646267408 524290 641 20975616 2751466499 8192 559107 1220809761 67117088 4 276832289 524288 384 33570816 512 1883242496 4195328 167780356 67109120 704659460 2149384328 2626562 2048 0 4194320 1291858964 1835011 2155876368 1073741824 545267714 1073807616 17286 25165841 37928960 17153 2003995656 268762093 388 512 2818080 1073741824 1075839268 604241924 4259860 1225263152 1187856 138425344 4100 3255205952 528 2148696132 2148007941 129 49668 131152 196872 806486529 2115584 33685504 33558624 939524432 2686976 526410 58764673 524288 33554442 2097152 67109456 17302016 2098208 2432698372 203489281 570425361 33685761 1609728 256 1610612804 642 67072 588927748 3145760 268437505 1794 4097 66560 1048577 2151885312 272631832 8 74 98304 327756 269026824 196610 69272664 1208090624 278592 276840473 4030791682 395318579 71386116 157238320 2 16789504 4227103 69217304 276836428 545345536 1048608 268443904 280576 2424311808 1140916224 671486208 2285912072 0 90444801 134219776 128 135169 134234120 218103808 17147042 2231403592 40370176 8388672 294912 1080099328 69468456 164864 1308623104 1073742048 33849504 2151780373 402653184 2101264 2147486720 268437696 65644 2164326408 33554560 2185822721 2249326600 536870912 2168488768 2 133312 737280 132 150994964 536871040 1111491072 524304 18874528 16777216 604226688 72 50593792 1204226 67116096 134250496 306184201 3221750788 8422464 524288 151003648 17536 8212 2214855172 1224753152 2181038208 2181332998 67141760 1616248575 59803676 32 13631488 2760247496 72704 512 589824 1073817104 4227072
is_linear=0
shrinkage=0.12


Tree=3
num_leaves=63
num_cat=48
split_feature=5 38 3 38 40 38 8 26 22 3 1 39 39 21 34 3 18 22 38 5 20 38 38 21 39 41 21 41 8 34 3 39 0 34 41 41 35 34 38 41 20 21 3 35 41 22 38 34 41 34 34 6 34 7 35 41 34 34 41 8 21 34
split_gain=348.97 542.927 435.468 2430.99 654.062 606.674 899.198 310.018 206.076 186.598 168.459 451.909 340.096 180.879 160.184 149.011 147.831 147.262 801.187 580.889 233.888 152.399 141.65 258.602 149.211 139.768 133.278 132.634 130.073 128.622 127.497 136.376 123.64 122.819 118.301 117.51 113.273 110.914 110.481 109.542 109.28 147.63 114.84 112.483 108.488 108.221 124.087 106.41 104.122 104.088 102.94 102.701 101.328 100.737 100.647 100.267 99.3141 98.3169 98.0737 96.8608 95.3606 94.0742
threshold=0.095833331346511855 0 0.012500000186264517 1 2 3 0.29589843750000006 4 5 0.077500000596046462 -0.027500000782310959 6 7 8 9 1.0000000180025095e-35 10 11 12 0.33750000596046453 13 14 15 16 17 18 19 20 1.2148437500000002 21 0.034166667610406883 22 0.32360839843750006 23 24 25 26 27 28 29 30 31 0.014166666660457851 32 33 34 35 36 37 38 39 0.10717766731977464 40 0.074218750000000014 41 42 43 44 45 0.079101562500000014 46 47
decision_type=2 9 2 9 9 9 2 9 9 2 2 9 9 1 9 2 9 9 9 2 9 9 9 1 9 9 1 9 2 9 2 9 2 9 9 9 9 9 9 9 9 1 2 9 9 9 9 9 9 9 9 2 9 2 9 9 9 9 9 2 1 9
left_child=1 7 3 15 36 6 44 -1 38 -9 12 14 13 27 -12 -2 29 18 19 20 -7 52 23 24 51 -18 -16 -8 -14 -10 56 -32 -17 -23 -15 -21 -5 -27 -6 -13 45 43 -43 -42 -4 46 -24 -38 -35 -47 -37 -19 -20 -30 -40 -31 -25 -22 -49 -34 -46 -61
right_child=2 -3 5 4 8 17 10 9 16 -11 11 39 28 34 26 32 25 22 21 35 57 33 40 30 -26 37 -28 -29 53 55 31 -33 59 48 -36 50 47 -39 54 -41 41 42 -44 -45 60 49 -48 58 -50 -51 -52 -53 -54 -55 -56 -57 -58 -59 -60 61 -62 -63
leaf_value=-0.00027804158826649186 -0.00020761535194516179 8.6418193793445834e-05 0.0006212714130404591 0.00048324636027887461 -0.00023034410922825337 0.00042479508127751759 -0.00054281793018221849 0.0050017750596503914 -0.00054735663211584094 -0.00030890274152442813 -0.00076200872360207138 -0.0001984555484072864 -3.5150593103617435e-05 -2.1098828924596312e-05 -0.0003087091695372015 0.0045519474521765104 -0.00081002546186484392 3.5654905958622684e-05 0.00015132472159177065 0.00019384605668630451 0.00042981282325297595 0.00011552908670302479 1.2832492648959161e-05 -0.00057946618290139363 8.9267664752528066e-06 4.7090322464704485e-06 -0.00010902956364816985 -0.0001369712069926411 -8.6783147496879089e-05 -0.00070710017040967943 0.00012452372180443258 -3.1836649547964337e-05 0.0011779881407211719 -0.0004430459837600961 -0.00051794103978047607 0.00010689382804200052 -0.00056348562502942976 -0.00042305111848577856 -0.00022974696334674953 7.477132532335817e-05 -6.4005864352583873e-05 0.0002581777260890789 -1.3850845221206543e-05 6.9978240950256587e-05 0.00048095117117982831 -7.9901166764795772e-05 -8.5915960370041433e-05 -0.00063888267008274787 -0.00015091861469060185 1.1992142349388453e-05 -2.2894683439694345e-05 0.00019799044652055948 -2.1579340958744285e-05 -0.00046910602848395701 -0.00082342190839201207 -5.266131319284439e-05 -0.00013957821266323325 0.0001268478729590401 0.00015095187038496134 0.00096145766349524245 0.00010572433970896527 0.00027604543481022118
leaf_weight=2274 974 107393 1745 2165 1927 15698 1033 6909 1892 702 951 1928 14345 917 8787 1254 3038 6907 2383 2050 1787 1981 22139 992 12879 2615 11222 7701 2352 901 11600 24179 7792 1649 8676 2962 869 20276 1222 18999 6913 3010 92554 51601 5472 13089 46200 806 15559 89112 20285 21914 20237 1774 9895 11405 8717 13287 6708 1058 8318 4324
leaf_count=2274 974 107393 1745 2165 1927 15698 1033 6909 1892 702 951 1928 14345 917 8787 1254 3038 6907 2383 2050 1787 1981 22139 992 12879 2615 11222 7701 2352 901 11600 24179 7792 1649 8676 2962 869 20276 1222 18999 6913 3010 92554 51601 5472 13089 46200 806 15559 89112 20285 21914 20237 1774 9895 11405 8717 13287 6708 1058 8318 4324
internal_value=-2.26413e-05 0.00602456 -0.00106098 -0.0094319 -0.0197725 3.57671e-05 -0.00880975 0.0329191 -0.0251877 0.0445336 -0.0140196 -0.00881472 -0.0199435 -0.0315197 -0.0212626 0.0333359 -0.0209123 0.00167111 0.00585473 0.0152287 0.0263053 -0.0067172 0.000676609 0.00497064 0.0117952 -0.0263074 -0.0189461 -0.0189618 -0.00843369 -0.0110457 -0.00128703 0.0020223 0.0364241 -0.0145805 -0.0429151 0.00175975 0.00752272 -0.0230695 -0.0383088 0.00366206 -0.00047685 0.00183944 -0.00106721 0.00658579 0.017571 -0.00256954 -0.00626589 0.00118641 -0.0178397 -9.7443e-05 -0.000675865 0.0165935 -4.24152e-05 -0.0272093 -0.0429257 -0.00654651 -0.0134816 0.0155906 0.00580387 0.0329872 0.0139632 0.0205943
internal_weight=800303 117278 683025 79121 63719 603904 94220 9885 53171 7611 78685 41887 36798 18327 20960 15402 40127 509684 97878 56069 30772 41809 411806 87188 41700 25929 20009 8734 18471 14198 45488 35779 14428 19189 9593 25297 10548 22891 13044 20927 324618 154078 95564 58514 15535 170540 68339 8383 17208 102201 23247 28821 22620 4126 11117 12306 9709 15074 7514 13174 13790 5382
internal_count=800303 117278 683025 79121 63719 603904 94220 9885 53171 7611 78685 41887 36798 18327 20960 15402 40127 509684 97878 56069 30772 41809 411806 87188 41700 25929 20009 8734 18471 14198 45488 35779 14428 19189 9593 25297 10548 22891 13044 20927 324618 154078 95564 58514 15535 170540 68339 8383 17208 102201 23247 28821 22620 4126 11117 12306 9709 15074 7514 13174 13790 5382
cat_boundaries=0 2 9 14 22 23 27 32 37 39 47 54 57 64 65 73 81 83 88 96 98 106 114 119 127 135 143 151 159 167 175 176 178 186 194 198 206 214 222 230 238 245 253 261 269 277 285 287 294
cat_threshold=1261516 49152 1261516 2097172 131137 34078976 136315920 64 2181054736 2415921920 590336 261423349 61440 9568269 1261516 2129936 131137 34078976 136315920 64 2181054720 1024 2 775945216 35651584 4162989056 15 329794 2147483648 3457096 1543528981 1884110852 2147746826 134217728 524304 293606428 2688876547 4294901739 528 16384 0 134217728 640688896 21168864 4096 2181070865 5247128 393344 805568516 64 536870912 2148532736 2098688 8388609 3758096384 127 65472 822083584 34 1120384 3221512704 286361737 515 2188 160 1216348160 1028 8200 608206848 147456 1073741860 16 9 0 2353021696 8 2147484160 0 1 286818432 8753 16711936 33489151 2233466947 268468480 4194312 1090522128 786434 0 4096 1076887552 542156368 2315354112 134297792 688264 32 3774865238 4206980 1074790416 2152203520 6656 2214592768 1107296274 1132463127 82048 264 33817600 150995336 537133056 1536 1074807168 138944582 403181568 1097856 2147485696 0 1048592 268464400 537985029 16777992 41152 134226432 285214722 8208 2215657496 168296448 54542368 1092632714 2164326420 1140852298 3149824 8388800 67108864 4202496 2228224 269224016 1156 2818574338 16529 8388608 2048 67633760 2376256 1616920585 671088706 8388613 134316041 8388640 135528472 8454656 16384 2449515011 16908288 256 135462912 2684616960 4204560 1614807168 155656 1073741824 2151956992 11392 71348736 2147500033 1073741856 19136512 616 279168 1477446086 134217792 1078461472 268697872 0 33685760 133128 160 2113994240 3188244020 536870928 536879112 2216708096 1617428480 25699328 268501220 18909184 262176 2147509280 2097152 2684359168 268443648 403047441 2281701488 2164260932 33619970 167777279 267911168 3154640930 3 134217728 302255108 9216 608497664 2147647624 544 262160 72 131072 536887296 134391808 33570816 3221913640 73408512 7635232 10500 1342179584 67125313 524288 20972032 3416064 209718704 3145728 67373152 33558548 2441428992 268444736 277086210 1074266128 3238166528 34 1572928 134217856 268960000 9441312 2433220640 2164768 276824072 2672 67504644 356581632 10248 602368 88091648 67108874 1024 201859096 536870912 2138 2147483648 900 536937472 285213762 2353266704 102137856 135284866 36077572 71303168 32768 69240840 1081344 204472336 33587456 3489760329 134218756 32 2147635200 2147489024 0 84000 7343104 77725696 8388648 16777216 2685677568 131345 100696080 150995136 39321616 17301504 277091336 12288 268443680 139652 4096 16778240 68231728 1347683583 1090603100 2149647360 196116484 16794368 262144 2098177 119638880 1024
is_linear=0
shrinkage=0.12


Tree=4
num_leaves=63
num_cat=47
split_feature=5 38 3 38 40 38 8 26 22 7 7 8 19 3 8 8 18 41 22 7 20 41 34 25 41 41 35 34 3 34 41 41 1 19 41 34 40 3 41 35 35 22 34 35 35 34 35 41 34 34 23 34 35 8 23 41 34 41 34 0 34 35
split_gain=252.466 401.667 339.518 1880.5 558.636 500.58 710.72 229.685 177.026 155.143 203.132 154.23 151.954 307.699 287.909 233.251 150.899 150.741 139.002 135.316 129.218 126.389 123.084 122.817 118.254 117.453 114.577 113.158 111.414 109.263 108.516 107.723 105.864 105.357 104.294 103.795 105.691 113.152 101.279 101.137 97.4474 94.3912 92.8231 90.5969 88.7277 88.6583 88.3571 88.0807 90.1899 87.9976 87.6557 93.0436 103.626 87.6263 83.882 83.7253 82.6562 81.5581 79.3565 77.9176 77.3143 82.9251
threshold=0.095833331346511855 0 0.012500000186264517 1 2 3 0.29589843750000006 4 5 0.31640625000000006 0.23046875000000003 0.64550781250000011 6 0.042500000447034843 0.38769531250000006 0.37207031250000006 7 8 9 0.12109375000000001 10 11 12 13 14 15 16 17 0.077500000596046462 18 19 20 -0.075833335518836961 21 22 23 24 0.044166667386889465 25 26 27 28 29 30 31 32 33 34 35 36 37 38 39 1.2509765625000002 40 41 42 43 44 0.65881347656250011 45 46
decision_type=2 9 2 9 9 9 2 9 9 2 2 2 9 2 2 2 9 9 9 2 9 9 9 9 9 9 9 9 2 9 9 9 2 9 9 9 9 2 9 9 9 9 9 9 9 9 9 9 9 9 9 9 9 2 9 9 9 9 9 2 9 9
left_child=1 7 3 18 20 6 26 -1 44 10 12 35 15 14 -14 29 21 -17 -2 -15 43 -10 -22 24 -13 -25 -4 -18 45 -7 -24 -29 -12 -23 -28 -8 -37 -38 -11 -26 54 60 -42 -5 -6 -9 -43 -46 -49 -36 55 -52 -53 -27 -34 -40 -57 -20 -32 -59 -3 -62
right_child=2 41 5 4 8 9 11 28 16 38 32 23 13 19 -16 17 27 -19 57 -21 22 33 30 25 39 53 34 31 -30 -31 58 -33 40 -35 49 36 37 -39 50 -41 42 46 -44 -45 47 -47 -48 48 -50 -51 51 52 -54 -55 -56 56 -58 59 -60 -61 61 -63
leaf_value=-0.00018117592841070815 0.00033997543408960103 -0.0004197479048456132 0.00059078049627094736 0.00022025883219400943 -0.0012917136634828449 -0.00015804975527288875 0.00018580741578523813 -9.1738629682163895e-05 -0.00086706525097163018 0.00022862282027802543 0.00033611528874743433 2.0428796434561904e-05 3.7249794881343844e-06 5.4285335453946155e-05 -0.00018902577999668866 -0.00014791188414196372 -0.00048279774224850829 -2.5030627415281526e-05 0.0018102974721103011 5.3865420108854634e-06 -0.00034773705238704976 -5.8990367374849328e-05 0.00057300404443454145 -0.00022374681523843555 -0.00050532315973225847 3.1085177732297587e-05 -0.0002617947544631883 0.00038934177359980349 -0.0001143448673004985 0.00012615056049620379 0.00054624887404255268 -0.00018406883644738197 -0.0002753842097277336 -0.00047338525719151499 0.00046639015260529294 7.9296703606110069e-06 -0.00046975569174112931 -1.9809898202438282e-05 -0.00051697882270542708 -0.00019894267398897427 0.00024520693806463035 0.00042192580509082671 9.0406700846314429e-05 -0.00043964557902477979 7.1456188505709145e-05 0.0028560687530825974 8.3466334069047873e-05 2.4814785472311064e-05 -0.00086164458199757335 0.00017007468968127128 -0.00029003982174827459 0.00028638818746895713 -5.0115005089014405e-05 -0.00011238703538714479 3.8857948603782795e-05 -0.00053864844640666312 -0.00011725823000792676 0.0019480551377878724 4.7706463519406316e-05 0.0004266601734812826 0.00043928028632969851 -4.4151438225216421e-05
leaf_weight=2998 5037 3675 3055 655 967 2182 2926 702 2233 1825 1789 3450 48298 165656 17372 9624 3024 86535 1036 78083 1177 3163 1928 2038 4095 10121 1755 1014 967 19976 1265 19709 1492 14130 2285 12353 5743 4628 1259 34931 4545 8919 34482 2268 709 8715 62062 648 5051 10151 1855 1379 12738 7224 3370 779 5910 4644 6515 3948 2726 26514
leaf_count=2998 5037 3675 3055 655 967 2182 2926 702 2233 1825 1789 3450 48298 165656 17372 9624 3024 86535 1036 78083 1177 3163 1928 2038 4095 10121 1755 1014 967 19976 1265 19709 1492 14130 2285 12353 5743 4628 1259 34931 4545 8919 34482 2268 709 8715 62062 648 5051 10151 1855 1379 12738 7224 3370 779 5910 4644 6515 3948 2726 26514
internal_value=2.56401e-05 0.00516917 -0.000857536 -0.00824893 -0.0170727 0.000110878 -0.0074302 0.0247275 -0.0229056 0.00169364 0.00218704 -0.0118189 0.00137471 0.00277331 -0.00451699 -0.00228279 -0.0199635 -0.00484063 0.0305212 0.00473765 0.00432416 -0.0277859 0.0103405 -0.0150628 -0.0186744 -0.00713379 0.014833 -0.0135208 0.0331743 0.00881588 0.0147901 -0.0103419 0.00979334 -0.0242774 0.0102654 -0.00399501 -0.00673469 -0.0156602 -0.00737794 -0.0205584 0.00862591 0.00264696 0.0106201 -0.0180306 -0.0401083 0.0371887 0.0051098 -0.0348411 -0.0398179 0.0141324 -0.00945679 -0.00432432 -0.000993697 -0.00392003 -0.00738612 -0.0197487 -0.0143441 0.0389875 0.00843942 0.0350349 -0.00266407 -0.000598931
internal_weight=800303 117278 683025 79121 64456 603904 104755 13382 50648 499149 473404 87509 427726 309409 65670 118317 43273 96159 14665 243739 13808 19526 10885 61859 42476 19383 17246 23747 10384 22158 9708 20723 45678 17293 14191 25650 22724 10371 25745 39026 43889 103896 39027 2923 7375 9417 70981 6408 5699 12436 23920 15972 14117 17345 4862 7948 6689 9628 7780 8592 32915 29240
internal_count=800303 117278 683025 79121 64456 603904 104755 13382 50648 499149 473404 87509 427726 309409 65670 118317 43273 96159 14665 243739 13808 19526 10885 61859 42476 19383 17246 23747 10384 22158 9708 20723 45678 17293 14191 25650 22724 10371 25745 39026 43889 103896 39027 2923 7375 9417 70981 6408 5699 12436 23920 15972 14117 17345 4862 7948 6689 9628 7780 8592 32915 29240
cat_boundaries=0 8 15 20 28 29 33 40 47 55 58 59 67 75 79 87 95 103 111 119 126 134 141 149 157 162 170 178 186 190 198 206 213 221 229 237 245 253 257 265 273 277 285 293 300 308 316 324
cat_threshold=1261516 262144 0 0 0 1610612736 0 8768 9650124 2099216 131136 34083072 136315904 536870976 2181054720 272630528 268651008 127205495 28672 5373957 1261516 2392084 65 34078976 136315920 536870976 2181038080 1024 2 238021632 0 4162846720 14 589824 2147483663 42010624 270540880 100663512 33554486 16384 65621 0 1342701568 262400 1024 2147483648 5122 2147623168 8390913 536872072 2215149572 1074036736 280576 69214219 16793602 2147486719 134822010 60234 16 536903680 0 32 1750073880 2315288576 136347328 688160 32 537460736 16392 673191936 541100032 272793600 6819840 537137200 4203264 553726003 553713665 0 536936449 539623716 67182657 67634728 17957378 32 262656 536870930 67112962 268436994 2364166 270336 1075609600 1048592 35651584 269091968 33570856 8202 2248179713 4202627 8256 2164287852 2113538 655360 16640 17040640 134218248 0 270336 1091568256 134750278 2567438656 4243600 143664672 2147778560 1208903168 8194 4195328 276826114 136314944 67239936 2231373830 1078001746 35045393 276824384 4194304 75497496 1107300352 536871168 1082138763 2147483648 1073741858 536875124 1610612736 4341764 4345881 524290 2106369 251658241 402661470 805373952 16822338 32776 32772 67108873 10487168 2281717761 12288 538972162 8455448 4331536 134217728 1346371842 4195840 167911428 67117316 704659460 3222077576 528384 2982150144 726016 260440308 63552 139265 956571648 525312 486539266 134217730 268435457 621806024 536871937 9218 67108866 3321896964 12353 0 134230088 671089792 3792062596 262144 312476416 318775332 1024 536875266 603997250 1074855952 16777217 41943041 702472 3464478720 3154247688 15 1049218 33685504 2147565728 268503618 1644167180 37749824 790529 67109376 360499 679477250 38797361 138486200 536871072 8 0 33554440 77602888 11534337 33724417 1040 24712 536973440 3156096 131074 0 277102592 570609760 8264 524288 2686466560 10227840 150994946 70660 69470464 263424 2146312 35684992 67436800 100794624 55644192 82 575143936 0 2097184 2415923212 4259856 65536 3288367120 328256 16777216 335562241 2164264192 16640 1140852872 538624 2425888 1250067488 8390688 133121 1077936384 659744 4719616 33570816 2498251360 245030035 2147483656 3 262160 201588752 67117200 1084228640 562037000 268713984 268567586 4352 2197819392 262144 570425409 67972 2359936 131328 671258624 1065731 2432796950 150225384 1375993866 5 2147488256 131656 34078720 72352784 2637824 1207967748 1094718000 10485764 33554496 4195624 532484 2051 256 738230850 539033632 18284552 1073743882 50335778 138485760 16777217 532496 86147861 570949664 1064962 176689152 79691784 65608 8388608 151126016 100682754 16908401 536875072 167772160 541131008 52467202 16779777 2151678464 4194336 33653312 37749888 134743056 33028 514 131106 537952288 1409581064 8962176
is_linear=0
shrinkage=0.12


Tree=5
num_leaves=63
num_cat=40
split_feature=5 39 8 3 38 40 38 8 25 3 3 0 8 41 25 41 7 7 40 3 28 25 8 34 3 41 39 35 34 8 40 34 41 41 21 35 41 41 34 41 41 0 4 38 3 34 24 1 35 41 34 0 5 34 0 4 34 34 35 41 35 34
split_gain=185.318 330.303 282.769 261.796 1520.69 421.91 384.286 564.778 178.228 168.796 176.668 221.063 147.677 127.909 126.855 127.026 118.544 134.869 137.909 177.872 261.863 154.587 143.627 126.011 115.329 114.011 104.671 103.528 100.981 100.634 97.7237 97.435 97.7997 91.6221 90.924 89.8095 88.3803 88.1607 86.8169 86.3749 84.3971 84.168 83.9962 144.933 84.5053 83.6842 83.5167 82.8647 98.0625 99.6931 93.7204 82.4096 88.6209 81.3265 80.6885 90.9316 79.5164 78.7176 78.4521 76.2977 87.0642 81.7961
threshold=0.095833331346511855 0 0.48925781250000006 0.012500000186264517 1 2 3 0.46484375000000006 4 1.0000000180025095e-35 0.0091666667722165602 0.83190917968750011 0.087890625000000014 5 6 7 0.32421875000000006 0.22265625000000003 8 0.025833333842456344 9 10 0.37207031250000006 11 0.010833333246409895 12 13 14 15 0.047851562500000007 16 17 18 19 20 21 22 23 24 25 26 0.22106933593750003 0.089166667312383666 27 0.0091666667722165602 28 29 0.014166666660457851 30 31 32 0.30358886718750006 0.13083332777023318 33 0.37683105468750006 0.1891666650772095 34 35 36 37 38 39
decision_type=2 9 2 2 9 9 9 2 9 2 2 2 2 9 9 9 2 2 9 2 9 9 2 9 2 9 9 9 9 2 9 9 9 9 1 9 9 9 9 9 9 2 2 9 2 9 9 2 9 9 9 2 2 9 2 2 9 9 9 9 9 9
left_child=1 2 24 4 26 27 7 12 9 -7 11 -11 -5 -12 15 -9 17 18 22 20 -20 -21 30 -24 -1 56 51 -6 -14 -28 -8 58 -33 -29 45 -34 -30 -36 -35 -18 -17 -26 59 44 -44 -27 -10 48 -41 -50 -49 -2 -53 -45 -54 -56 -16 -42 -19 60 -3 -62
right_child=3 42 -4 6 5 8 16 14 46 10 13 -13 28 -15 25 40 39 31 19 21 -22 -23 23 -25 41 34 29 33 36 -31 -32 32 35 38 37 -37 -38 -39 -40 47 57 -43 43 53 -46 -47 -48 50 49 -51 -52 52 54 -55 55 -57 -58 -59 -60 -61 61 -63
leaf_value=0.017891076824034305 0.010064748504618881 0.001080055026867041 0.00011838420760240019 0.00063930517343115687 -0.00039780644220284482 4.1228570133949382e-05 -6.6725261190740608e-05 0.0002130703612656167 0.00075984600408544498 -0.00076844126037125941 -0.0006956321225707584 -0.000143079756975209 -0.00035723240640090346 -9.1776786839409665e-05 -6.8741155035733964e-05 -0.00022755180699699396 -0.00042458587018498581 0.00032132415112404357 3.79993998303549e-05 5.9412024029828759e-05 -0.00020853276005896619 5.5333291908691255e-06 -0.00017437054734398771 -3.775046339516625e-05 0.0015117064252680129 0.00012920098910134978 0.00069420698000946187 -0.0003832231319984969 -0.00020051499431980561 -2.1984741996131165e-05 0.0001747769815100408 -8.8844330851254696e-05 -3.5080226276268884e-05 -0.00040609622791758942 8.3447250264313114e-05 0.00012409178683322623 0.00012172902614723546 -0.00020643611906888648 0.00024060326521628238 0.00029756388318652314 -0.00020127021460355796 0.0051342240629981238 -0.00048136094374134615 -0.00082528983802293825 0.00084595891857946819 -0.00010037747152750136 -7.1573180557572122e-05 0.00015858253407636464 0.00034297370794387344 -6.277980919283862e-05 -0.00019366836895758489 -0.0027786884141895655 0.0063865499900052063 0.00010686940662989921 -0.00066787472620020668 0.0012963712937342404 -0.00044653446887713439 3.103470645058587e-05 -9.6724645826121129e-05 1.6030649574336473e-05 -0.0012001344878511263 0.00033831880905719997
leaf_weight=1486 555 1259 4387 3649 1055 3639 5079 1022 944 24220 1099 9533 1473 11794 1283 822 1630 672 19106 129069 14951 195114 5870 47779 1781 2686 2590 860 2282 2638 7212 4199 4666 695 1790 40626 20695 31132 8633 1322 713 2171 390 433 2837 23078 2145 1171 1091 9232 8696 380 562 3491 589 7190 3762 6051 5981 93104 583 5356
leaf_count=1486 555 1259 4387 3649 1055 3639 5079 1022 944 24220 1099 9533 1473 11794 1283 822 1630 672 19106 129069 14951 195114 5870 47779 1781 2686 2590 860 2282 2638 7212 4199 4666 695 1790 40626 20695 31132 8633 1322 713 2171 390 433 2837 23078 2145 1171 1091 9232 8696 380 562 3491 589 7190 3762 6051 5981 93104 583 5356
internal_value=5.24792e-06 0.004412 0.025459 -0.00075142 -0.00724189 -0.0151232 9.89557e-05 -0.00667795 -0.0195737 -0.0212935 -0.0232396 -0.0278039 0.00775915 -0.0112881 -0.0122868 0.0013921 0.00145103 0.00185524 0.00112367 0.00205196 -0.00619748 0.0029187 -0.00391921 -0.00660044 0.0437647 -0.0141324 0.0278589 0.00600266 0.00439718 0.0141985 0.00778003 0.00738218 0.00921399 0.00971764 -0.0126382 0.0108388 0.0063526 -0.0168191 0.013182 -0.00693743 -0.00397999 0.0330197 0.00248453 0.0150482 0.0338252 -0.0072905 0.00839727 -0.00490615 0.00194728 -0.0020087 -0.0129983 0.0355297 0.0326998 -0.00048779 0.0352823 0.0320936 -0.0314416 0.00046044 -0.00624755 0.00158877 0.0134813 0.0073601
internal_weight=800303 117278 9825 683025 79121 64617 603904 100438 53374 50285 46646 33753 28099 12893 72339 8608 503466 480324 424180 358240 34057 324183 65940 53649 5438 63731 14504 11243 24450 5228 12291 56144 49491 10188 58686 45292 22977 32922 9328 23142 7586 3952 107453 7151 3227 25764 3089 21512 11645 10323 9867 9276 8721 3924 8341 7779 5045 6764 6653 100302 7198 5939
internal_count=800303 117278 9825 683025 79121 64617 603904 100438 53374 50285 46646 33753 28099 12893 72339 8608 503466 480324 424180 358240 34057 324183 65940 53649 5438 63731 14504 11243 24450 5228 12291 56144 49491 10188 58686 45292 22977 32922 9328 23142 7586 3952 107453 7151 3227 25764 3089 21512 11645 10323 9867 9276 8721 3924 8341 7779 5045 6764 6653 100302 7198 5939
cat_boundaries=0 5 13 18 26 30 38 42 50 55 56 57 65 73 78 86 94 99 107 115 123 125 133 141 149 157 165 173 181 189 192 200 208 216 223 229 237 245 253 261 269
cat_threshold=65536 402653184 0 8389129 2415919360 1261516 2099220 139329 34111744 134218752 536870976 16640 1024 2415921920 269041664 261423319 61440 9437197 1261516 2130964 65 34078976 136314896 536870976 2181054464 1024 1073758277 1073741824 1 65537 2684354628 2101248 136314880 3221227528 1073905664 143985664 2418049044 589824 3221225600 3489660928 0 1342177280 604504096 268452992 524290 553780225 543293440 403186696 101974016 16777408 2147487489 589824 252969106 1073795136 14819343 3 536936483 8388882 8486976 2155888640 4194320 8455169 25167876 297795585 67661826 335548416 1073742600 134223872 136314913 302514704 1126171655 204800 34078720 2170881112 134217792 2146376 142606365 3494445056 2566946816 1084884992 196610 4 2048 2189435008 875053072 16810144 18433 0 2248147008 2149580848 151064672 1342177280 142870532 4358360 3841 0 2 1073741824 14819332 4196608 16384 537395712 4587792 405345792 671092740 1114112 2271488 2637856 1084227588 67108864 8402112 1678778368 1074790528 1107304648 8651776 34078720 272629772 84422656 2101248 268699908 1097761 269485064 19922960 2930029295 671672833 347087360 301989985 4096 384 16794688 1342701588 2231369729 41943057 605061152 138413072 17039648 671088640 88080384 583008384 2098176 13779072 1649147950 637739009 536887560 128 10485761 524800 16777232 70254592 805307392 536870912 134383616 310509632 32768 1077936130 68485408 25174020 3221225472 268632072 570556432 335544400 262688 2124292 5243208 6293504 8545808 537395462 538976256 262144 1074823680 46137345 268600320 16388 822083584 71303202 202753 104873984 268470296 33 51939332 513 268445760 16 67109032 2684370948 67174664 235540482 388 51584 3867970910 4225778 131176 2148024337 1092419584 524290 33817089 268436291 301989888 134356993 18944 407937027 524292 1216348672 1207959566 805339136 8650752 536870913 1573006 34218113 1327745 2147876932 201588736 268435972 8519688 67149824 1048578 2148016640 171980809 12845728 0 8193 128 272695552 40960 2151680358 1573888 0 1082425344 36964855 1078989824 1048576 302121984 41952256 17039632 2189463680 4096 10240 40960 42221568 1073754114 232064 1476397312 2105344 201326852 131078 536936960 7864356 822084640 16779552 536872960 683674116 33564673 8192 269025292 33657860 2162726 270340 268288 1073750528 100663624 8388608 536872480 1073741825 268697616 8388672 1208745984 133120 18752 53037320
is_linear=0
shrinkage=0.12


Tree=6
num_leaves=63
num_cat=54
split_feature=6 40 39 38 8 38 22 39 4 1 39 22 40 18 22 18 22 19 38 28 8 1 41 29 41 41 41 22 18 39 34 18 38 1 41 35 34 41 41 1 22 41 34 34 34 34 35 34 21 41 34 41 22 34 35 35 41 34 34 22 34 34
split_gain=149.792 1179.16 560.381 307.776 686.68 310.863 289.386 508.516 263.205 204.611 244.618 271.292 194.315 198.465 185.021 180.07 224.318 178.867 156.333 186.287 154.856 152.914 155.563 141.681 138.123 133.665 126.794 123.326 123.213 127.146 122.18 120.431 118.755 144.101 118.537 118.522 118.121 115.724 114.655 114.271 128.992 125.318 113.067 112.945 112.547 111.193 110.958 110.899 108.023 104.973 104.482 104.131 103.981 103.871 103.468 101.883 101.786 100.506 98.4165 97.9381 111.627 98.534
threshold=0.066126633435487761 0 1 2 0.36035156250000006 3 4 5 0.41916665434837347 0.040833333507180221 6 7 8 9 10 11 12 13 14 15 0.90917968750000011 -0.042500000447034829 16 17 18 19 20 21 22 23 24 25 26 -0.014166666660457848 27 28 29 30 31 -0.0091666667722165567 32 33 34 35 36 37 38 39 40 41 42 43 44 45 46 47 48 49 50 51 52 53
decision_type=2 9 9 9 2 9 9 9 2 2 9 9 9 9 9 9 9 9 9 9 2 2 9 9 9 9 9 9 9 9 9 9 9 2 9 9 9 9 9 2 9 9 9 9 9 9 9 9 1 9 9 9 9 9 9 9 9 9 9 9 9 9
left_child=1 27 32 6 18 20 7 50 44 15 14 45 13 -4 53 21 26 28 19 30 -6 36 -23 24 -19 -20 -17 55 -14 -30 -5 -13 35 -34 -15 -3 -8 -35 -28 40 -18 -41 -24 -33 -9 -12 -16 -25 -26 -29 -2 -27 -38 -11 -10 -1 -22 -56 -58 60 -53 -61
right_child=3 2 12 4 5 -7 9 8 54 10 11 31 17 34 46 16 39 23 25 -21 56 22 42 47 48 51 38 49 29 -31 -32 43 33 37 -36 -37 52 -39 -40 41 -42 -43 -44 -45 -46 -47 -48 -49 -50 -51 -52 59 -54 -55 57 -57 58 -59 -60 61 -62 -63
leaf_value=-0.00019002023883391936 0.00019195132644172168 0.00035508942555591055 3.6426263663370942e-05 -0.00048667943679217573 -7.4506628808766037e-05 -1.8010100133899851e-05 -7.1908138681330312e-05 3.9650193940031679e-05 0.00015691145310534594 -0.00023557233230855481 -7.0256572292067983e-05 -7.3321591395344681e-05 -2.7250365478028587e-05 8.2252857378225678e-05 -0.00010271203899422052 -0.00041423412893627721 0.00015309516022727672 0.00044783728209106717 -0.00040411500624567447 0.00010794526373678172 7.8692043386988268e-05 0.00098117282499239557 0.00027985922232217253 9.2642392470571042e-05 -0.0002876238353042325 0.00048530989614224424 0.00041322612930868127 0.00038279247721333061 -6.9343600318449698e-05 -0.00050165831653736803 0.0010330989857177035 0.00014884693493263406 -0.00012110029122499029 -0.00034525287661109306 -0.00040440771121927831 -6.5131761941337549e-05 2.3224289877209835e-05 0.00069526564772561916 -0.00011785814404625284 0.00043792119052722271 -2.853102098001768e-07 -0.00027294404120949383 -0.00014064340778852013 3.1607513952889393e-06 0.00027319446192890419 0.00013965354858697316 0.0002942623713140876 -7.5376921262771925e-05 -0.00092023609508987917 8.2541614202588266e-05 -0.00014391195488135951 -0.00045329793913680003 0.00013922165113432016 8.7044969302723889e-05 0.00015171546322279692 0.00031603392797131813 4.1445587096060719e-05 -4.261052028263303e-05 -0.00015596366497952607 0.00047925352197308483 0.00033623932066124669 -4.7515876812000455e-05
leaf_weight=852 1454 963 3287 812 45060 175832 4663 4609 1273 820 2886 20245 2511 1272 753 2974 8732 1076 3146 12898 1915 946 2684 5706 4676 3582 877 2508 1722 5332 11112 4619 2805 913 17304 11365 13290 9200 34069 1314 36943 10202 20702 34104 34588 20662 9550 39917 5822 26452 13005 1044 20725 6201 1252 12753 1985 8825 29353 2559 10366 21236
leaf_count=852 1454 963 3287 812 45060 175832 4663 4609 1273 820 2886 20245 2511 1272 753 2974 8732 1076 3146 12898 1915 946 2684 5706 4676 3582 877 2508 1722 5332 11112 4619 2805 913 17304 11365 13290 9200 34069 1314 36943 10202 20702 34104 34588 20662 9550 39917 5822 26452 13005 1044 20725 6201 1252 12753 1985 8825 29353 2559 10366 21236
internal_value=-1.84429e-05 -0.00334906 -0.00971839 0.000790782 -0.00184125 -0.00468626 0.00340592 0.0105608 0.0162369 0.00160249 0.00585565 0.00313203 -0.0142112 -0.0240329 0.018814 -0.00108295 -0.00437875 -0.0109911 0.00898962 0.0165354 -0.0109743 0.00389197 -0.00356045 -0.00844692 -0.0203004 0.00451734 -0.0115343 0.0136891 -0.0261752 -0.0343051 0.0273458 -0.00121668 0.00605273 0.0140882 -0.0288444 -0.00237277 0.00858118 0.0207731 -0.00950169 0.000367113 0.00306062 -0.0103143 -0.0054979 0.00270453 0.0208995 0.014017 0.029049 -0.0054353 -0.0245024 0.00925307 -0.00927924 0.00644862 0.0110348 0.00377079 0.000147986 0.0231152 -0.0171872 -0.00393696 -0.0188249 0.00446034 0.0135948 7.56055e-05
internal_weight=800303 156436 113871 643867 320900 254145 322967 65006 50547 257961 99840 82516 88625 21863 17324 158121 95111 66762 66755 24822 78313 63010 24332 57197 11574 41933 37920 42565 9565 7054 11924 58968 25246 12918 18576 12328 38678 10113 34946 57191 45675 11516 23386 38723 39197 23548 10303 45623 10498 28960 14459 38787 34015 7021 11350 13605 33253 10077 31338 35205 11410 23795
internal_count=800303 156436 113871 643867 320900 254145 322967 65006 50547 257961 99840 82516 88625 21863 17324 158121 95111 66762 66755 24822 78313 63010 24332 57197 11574 41933 37920 42565 9565 7054 11924 58968 25246 12918 18576 12328 38678 10113 34946 57191 45675 11516 23386 38723 39197 23548 10303 45623 10498 28960 14459 38787 34015 7021 11350 13605 33253 10077 31338 35205 11410 23795
cat_boundaries=0 5 10 18 26 29 34 39 43 48 54 57 64 68 75 82 83 91 92 100 108 115 118 124 129 137 144 151 159 167 175 183 191 193 201 209 217 225 233 241 249 251 259 267 275 279 287 295 303 311 319 327 330 338 346
cat_threshold=2415921152 269190144 261357821 61440 9437197 2214921792 2550302784 49216 8388621 2415919360 822083584 2151694370 8 3221225984 286296200 513 18352264 8753 9579588 2131988 131137 34083072 136315920 536870980 33571072 1024 3221225472 383 65472 69208675 268468224 4194328 1090524176 1900545 1 3489792256 1048592 16790032 1048577 892633088 4160749568 402653247 8 36 0 0 1426066464 2191360 2 805568512 320 0 2147484160 1537 401671168 4158410752 16777279 786643 537133058 0 256 1536 2147483648 4198400 737149951 4030726144 1074004031 1 0 1107855616 6324736 1 16781316 2081390732 852512 9643724 2131988 64 34091264 136315920 1610612800 33571072 3 268559360 8193 268583040 33664 1342177280 1073807625 4980737 18415616 28 273449024 0 604250112 256 2684354600 1073742084 3892316160 539201 1073742976 33554724 1073741832 67637280 226492624 1075904512 67141920 18875428 2953068548 1367556674 53248 1207992322 1226080260 0 160 1073026048 625021952 629080080 524290 805568514 320 0 2147485184 1050113 20971545 1073741824 5242904 0 262144 12288 2147483648 2953314304 235077632 5242924 671088642 536872964 67341076 786480 805568514 0 536871168 1050112 2147483648 14680064 0 205784096 1185800 4219392 286296064 577 17334272 2148204544 8464 1536 131074 3228421 71335940 2690711552 67109912 896 2056 2684764160 9437312 268636320 1611137296 2157969984 42008576 536870924 136314880 1486889024 548422144 554172672 1080557568 143720448 37748736 17393664 84213784 1048712 16384 2181103621 134220032 1050906 133120 132256 4128 411041920 335548416 0 608817216 1744830481 131073 0 261632 12 541065218 1224736768 33572864 1145339968 2416468496 324 41943168 16778240 2149646376 167772160 16994372 3758096896 538968064 235964425 32768 106624 134250528 2282033152 135271425 276828160 16778240 67375360 267906 150994960 1093744 1073872904 67109202 1079247360 4096 9472 434240 64 2315356688 1476661312 524288 536871952 16798720 18096160 646 16781568 262404 16782336 163968 536870916 897 1614808192 2170880 8192 671761 318771200 268435475 674235136 268438544 16 38150402 392122879 335757330 2147483658 65538 2147647744 33554496 1929936896 1073873000 4803 66562 24872 35684416 268959750 2198340614 33562633 2147500040 532482 2162688 373293064 19137536 33559568 2097282 6292236 301990216 1536 49280 302480384 3215196160 1686175807 2 171967488 32769 795776 524306 2949120 1644167232 672139268 8388608 50593792 302063872 1610646016 1162215424 67649536 536870981 2952790145 33792 17040896 15470848 1073807392 268447744 33686528 896 69206056 88081408 537460772 2214724608 67256352 8519696 542116864 4726912 134479872 36883 256 302778592 9187616 16900 72 738197504 2800 4 3077 0 612368384 167788564 2132480 504365058 119104 75628548 2020868100 165984 1140817156 537329664 8 268436992 67127554 50429952 655360 134283364 17850625 537936128 17408 524560 713195576 131200 39849984 1075054720 83886080
is_linear=0
shrinkage=0.12


Tree=7
num_leaves=63
num_cat=50
split_feature=5 39 25 3 38 38 28 19 0 3 41 39 19 34 1 39 39 21 41 34 41 3 34 25 22 38 5 20 19 41 39 21 21 38 22 41 34 5 41 34 41 34 22 7 7 39 34 34 34 41 3 0 34 34 34 41 41 41 24 34 22 24
split_gain=137.247 340.424 171.579 168.424 1237.08 302.197 269.449 222.656 175.502 170.807 160.596 139.928 126.045 122.627 120.334 482.314 358.515 205.049 146.207 137.588 131.912 119.344 123.603 119.27 109.086 606.178 476.186 205.044 156.276 123.439 108.422 394.309 140.738 112.047 107.502 106.895 104.984 104.15 101.914 101.408 98.9345 97.9332 97.7576 96.9994 256.76 102.221 96.8041 95.3474 91.4293 89.4245 89.2383 112.949 88.3101 88.1258 86.7126 89.2372 84.0593 83.3211 82.4921 80.4711 79.4881 78.66
threshold=0.077500000596046462 0 1 0.012500000186264517 2 3 4 5 0.65490722656250011 1.0000000180025095e-35 6 7 8 9 -0.025833333842456337 10 11 12 13 14 15 0.0075000002980232247 16 17 18 19 0.29749999940395361 20 21 22 23 24 25 26 27 28 29 0.49750000238418585 30 31 32 33 34 0.23046875000000003 0.30859375000000006 35 36 37 38 39 0.015833333600312475 0.19177246093750003 40 41 42 43 44 45 46 47 48 49
decision_type=2 9 9 2 9 9 9 9 2 2 9 9 9 9 2 9 9 1 9 9 9 2 9 9 9 9 2 9 9 9 9 1 1 9 9 9 9 2 9 9 9 9 9 2 2 9 9 9 9 9 2 2 9 9 9 9 9 9 9 9 9 9
left_child=1 2 50 4 8 6 12 13 34 -9 36 -10 57 -6 16 43 17 56 -17 -20 -19 23 -23 -12 25 29 27 28 -27 -7 31 33 49 38 61 -33 -11 47 -26 -39 -18 -31 -37 45 -45 -16 -29 -28 -34 -32 -1 -52 -51 -35 -15 -56 -8 -5 -13 -42 -14 -2
right_child=3 -3 -4 5 7 24 14 9 11 10 21 58 60 54 15 18 40 20 19 -21 -22 22 -24 -25 30 26 37 46 -30 41 32 35 48 53 -36 42 -38 39 -40 -41 59 -43 -44 44 -46 -47 -48 -49 -50 52 51 -53 -54 -55 55 -57 -58 -59 -60 -61 -62 -63
leaf_value=0.01461814740226226 0.0014479952436046379 5.9647760758781105e-05 -0.00059453755696958364 -0.00019395074574557372 -0.00047158233419861004 -0.0003926527466095505 -6.7451568824470248e-05 0.00011399254507423111 0.00069262923714405759 7.7270267490654935e-05 -0.00045682574592855417 -0.00028218169096160472 -0.00058327060739770341 0.0003626110399545021 0.00031262606736785981 0.00012766175526576467 -0.00026235270492399687 0.00025710854566128084 -0.00064278680379799302 -0.00016071164364070574 -0.00019254334810841982 -0.00045101118645962836 -6.2821844111932859e-05 0.00028919716549121154 0.00031056379385554432 0.00010475986592397524 -9.5955108780187642e-05 0.00037769552241195424 0.00045489905875817436 9.851461995679792e-05 -0.00013749978231536979 0.00014026957046690768 7.8206588964640529e-05 0.00023189664120029646 0.001592511938293621 3.4679475654114523e-05 -0.00071807435548592311 -0.00015992251999883019 0.00012089996615863723 -1.5844425337835939e-05 0.00032619100135201446 -0.00010924267830816899 -8.3025885027416667e-05 -0.0013063053083499168 0.00046701434193675953 7.2452030498543658e-06 9.0270280637820479e-05 6.766765736709144e-05 6.7934747544662763e-06 4.1846560265340325e-05 -0.00091072937550703691 0.0031837264433112774 -3.0854125344857655e-05 -1.7204056950818834e-05 -0.00051857030575862544 3.5430548487400502e-05 -0.00052485339406014165 0.00048545517562643471 3.5566289918784046e-05 -2.1406440820210346e-05 0.00019397346153549749 8.9325154097334939e-05
leaf_weight=1704 1044 75040 1172 638 1444 1906 928 3607 4410 680 22589 1100 1203 1939 10947 2107 2125 859 1281 22788 8570 2196 14941 1204 3644 4653 2450 2232 14296 2532 9432 4388 20562 1270 6337 13486 5356 1887 35889 13499 988 22760 34927 2009 1608 5793 15710 16953 143899 20470 817 3155 140501 11985 1060 10274 7405 5151 2490 19311 2580 2122
leaf_count=1704 1044 75040 1172 638 1444 1906 928 3607 4410 680 22589 1100 1203 1939 10947 2107 2125 859 1281 22788 8570 2196 14941 1204 3644 4653 2450 2232 14296 2532 9432 4388 20562 1270 6337 13486 5356 1887 35889 13499 988 22760 34927 2009 1608 5793 15710 16953 143899 20470 817 3155 140501 11985 1060 10274 7405 5151 2490 19311 2580 2122
internal_value=-1.51442e-05 0.00463939 0.0302274 -0.0005457 -0.00563657 0.000117428 -0.00607458 -0.0132308 0.0226846 -0.0170114 -0.0189474 0.00959759 0.0130217 -0.000236265 -0.00818392 -0.00403051 -0.0129949 -0.025723 -0.0148007 -0.0174561 -0.0135621 -0.0162376 -0.00860493 -0.0217407 0.00122304 0.00482475 0.0106121 0.0201111 0.0288149 -0.0104256 0.00041438 0.00376701 -0.000642865 0.0111 0.0337212 -0.00356503 -0.0372222 0.000541518 0.0143017 -0.00683129 -0.00289891 -0.00819475 -0.00519153 0.0098208 -0.00799114 0.0136758 0.0108945 0.00638804 0.00186122 -0.00305959 0.0388607 0.0290488 -0.00239354 0.00154669 0.00338727 -0.00063458 -0.039444 0.0241407 -0.00799554 -0.000313128 -0.00401579 0.0154814
internal_weight=800303 81888 6848 718415 82793 635622 96291 65290 17503 50573 46966 8000 9572 14717 86719 46533 40186 17762 26176 24069 9429 40930 17137 23793 539331 98878 71680 36891 18949 27198 440453 105589 334864 52788 9503 52801 6036 34789 39533 15386 22424 25292 48413 20357 3617 16740 17942 19403 164461 170403 5676 3972 160971 13255 13273 11334 8333 5789 3590 20299 3783 3166
internal_count=800303 81888 6848 718415 82793 635622 96291 65290 17503 50573 46966 8000 9572 14717 86719 46533 40186 17762 26176 24069 9429 40930 17137 23793 539331 98878 71680 36891 18949 27198 440453 105589 334864 52788 9503 52801 6036 34789 39533 15386 22424 25292 48413 20357 3617 16740 17942 19403 164461 170403 5676 3972 160971 13255 13273 11334 8333 5789 3590 20299 3783 3166
cat_boundaries=0 5 6 14 22 23 30 38 43 50 58 63 68 70 78 86 93 101 105 108 116 117 124 132 137 139 141 149 152 160 168 176 184 192 200 203 208 216 224 232 240 248 256 264 272 280 288 291 299 302 306
cat_threshold=2147549184 134217728 0 8388617 2415919104 1 9650124 2131988 131136 34078976 136315920 64 33570816 1024 1261516 2392592 193 34078976 2097168 68 33554688 1088 3 524288 2147492111 235939843 436240464 4259984 34 49164 134217744 331776 1052672 2421166680 201474050 2156135552 4 6300160 2164591627 2550136896 262224 25170969 3494969344 393218 27296782 2149629953 335609856 272760965 32784 1630208 12976240 32776 262144 2149601796 131652 67633410 2550137120 278529 2216691257 402794496 4227088 8392984 2685419777 1034 134217728 0 293605400 2689679363 0 4294966767 4264960 8929292 202130944 532480 1611661344 4194322 67371520 295938 540680 0 671088640 36741632 2164728544 2147483648 33589249 1126424 2049 33554432 2182169740 1107297284 2293761 67371016 671099921 603997728 1107820576 2228224 537264640 1360012288 146866180 404750592 1024 1 0 1 65537 3221225472 127 65472 8388608 2655012096 132104 4096 2281702400 536870912 289193984 8761 160 0 2151688463 201404432 92406784 570753032 134365200 49152 343934208 268517376 65536 16777224 1076109312 1275083156 69206034 67371072 2216689731 1342212352 4194328 1090526480 786432 33489216 16711935 285147647 16711808 0 2655013120 8 67108864 1048576 0 289193984 8 2216690687 8919158 65290 1744961538 134807552 24 541065298 2198863873 7815172 2304 16785408 134217728 46399554 293601280 135266816 102498384 2065 20971522 67142664 67207428 1048592 1343291408 301999232 8388608 2147876908 134742096 9453632 576008 609353728 67436554 163848 17301889 2147614736 0 67601 69644288 2147488532 538968065 2392064 70254592 2106378 73736 524544 16777608 553680896 268435976 83890176 1056784 101204488 2282240008 21037056 1072693927 2362245632 61866018 2149580800 134217728 0 8388616 2147483904 12599808 2156003848 16779264 536883205 131088 2181054464 142606792 59772928 67108866 84937217 1073742400 201523272 1140850688 1074004480 1174999172 4096 786497 1049218 67246592 537526336 4194304 538984512 1141407752 16826498 2166816 1073758217 1073742080 0 201355281 23330817 102876 1048576 140513280 1075838981 536953097 16908296 2248147584 1118210 2181048320 4194320 131104 16777346 50462720 472006944 65 16850944 604504082 5248004 50855938 8192 12616456 290619441 2688549120 285246464 12288 16908288 197120 16908416 8 1610612784 268453960 67121156 52168714 3407904 16 268435458 335545920 4099 143917505 2214592768 541204756 65536 537919496 2147517953 140510240 71827464 50397184 1082130456 570426368 1065232 2431704226 48530244 34082404 135364 0 67108993 33565953 768 41943040 8459273 50200 3322190758 203497488 3657452384 2367080449 1648362195 2248282188 14
is_linear=0
shrinkage=0.12


Tree=8
num_leaves=63
num_cat=55
split_feature=8 38 3 38 3 38 8 19 3 40 40 22 21 39 19 18 22 22 39 3 41 41 34 41 34 39 40 41 34 34 41 41 34 34 41 19 18 34 29 34 40 34 41 34 34 41 41 38 41 34 34 41 41 34 23 3 19 34 41 22 41 24
split_gain=131.714 1033.67 287.164 424.2 283.497 273.112 278.747 262.432 228.622 366.316 208.476 205.359 198.104 156.335 155.406 168.64 148.04 131.556 262.21 130.848 127.409 120.309 124.835 116.367 113.831 107.394 102.35 106.244 101.748 98.7977 101.87 97.533 101.192 97.0754 101.396 96.8968 95.5622 95.5039 94.9738 104.556 93.5029 92.4741 92.0335 91.3592 90.5282 90.2204 87.7725 87.3813 87.0373 85.4152 85.2072 84.9223 84.8552 84.2218 82.6979 81.4662 199.472 80.7095 78.9677 77.9594 91.3349 77.6698
threshold=0.16015625000000003 0 0.012500000186264517 1 0.0091666667722165602 2 0.65332031250000011 3 0.025833333842456344 4 5 6 7 8 9 10 11 12 13 0.030833332799375061 14 15 16 17 18 19 20 21 22 23 24 25 26 27 28 29 30 31 32 33 34 35 36 37 38 39 40 41 42 43 44 45 46 47 48 0.025833333842456344 49 50 51 52 53 54
decision_type=2 9 2 9 2 9 2 9 2 9 9 9 1 9 9 9 9 9 9 2 9 9 9 9 9 9 9 9 9 9 9 9 9 9 9 9 9 9 9 9 9 9 9 9 9 9 9 9 9 9 9 9 9 9 9 2 9 9 9 9 9 9
left_child=1 16 3 -2 7 6 29 21 9 13 43 37 33 28 36 -16 44 18 -14 41 -11 -3 -23 -13 61 -19 27 -5 -7 -4 -31 -8 -33 -12 -35 -30 -15 -9 39 -25 -34 -6 -39 -10 -1 -40 -18 -26 54 -28 -29 -24 -42 -53 -43 56 -32 -21 -51 60 -45 -22
right_child=2 4 5 26 19 8 31 11 10 20 12 23 17 14 15 -17 46 25 -20 57 24 22 51 38 47 -27 49 50 35 30 55 32 40 34 -36 -37 -38 42 45 -41 52 48 -44 59 -46 -47 -48 -49 -50 58 -52 53 -54 -55 -56 -57 -58 -59 -60 -61 -62 -63
leaf_value=-0.00055335204070223521 0.0012372746553401736 -0.0006988874886955051 -0.0003606243746124232 -0.00085708065483346813 0.00044066016629052903 -0.00038483859094845627 6.833304667134177e-05 0.00036419730283593994 -0.00013700985594887745 0.00045737017913390722 8.2118766087056736e-05 0.00024731270964260734 0.00011148475662043108 -0.00032878188685560338 -1.5291344523163931e-05 -0.00034320550327513572 0.00011451183298747841 6.1446835102126822e-05 9.8075109277512717e-06 0.00040155086112997302 -0.00075348056241996743 0.00074588130345189837 0.00077819901290407856 8.2717147837849697e-05 0.00021562470654780904 8.1689952552287407e-06 -0.0005161733203637906 6.0348475667079908e-05 0.00034987629396600751 -0.0002714127692243401 0.00032650739620951298 -0.00027310185254475581 -0.00014107776886017719 0.00020355748132109037 -6.0429542671960625e-05 -3.8624586343083503e-05 0.00014353152914924544 0.00063674696330524839 0.00022531790308567663 -0.0011498906492109027 -0.00023435322656492985 -9.8491622935129657e-05 -0.00014887828985928178 0.00019032229632462826 0.00050005157961504503 -0.0003569153425754736 0.0012433192290031375 -1.5189269820020883e-05 6.8067874376012374e-05 -0.00050786684690053705 -0.00034775116214884842 -0.00059656753541936509 -4.3756839212907614e-05 9.1298216308712159e-05 0.0007052070771302229 1.4369549141356964e-05 -0.00025204050815407408 -0.00038508379337332156 2.4882023736826075e-06 2.5368507141713623e-06 -9.0068666897561458e-05 -0.00012740630033028554
leaf_weight=696 3339 833 2727 1218 4057 1140 4165 1443 7871 1738 6612 1180 62899 995 5062 19861 1094 66311 53236 547 536 1560 988 943 8108 179020 1120 1757 2209 2676 8501 5081 23249 2283 45821 7467 3250 705 1323 6418 4583 781 9738 1170 4010 11937 13465 8252 25383 846 14230 971 31019 7565 1734 30205 3684 3706 8215 46510 20928 1332
leaf_count=696 3339 833 2727 1218 4057 1140 4165 1443 7871 1738 6612 1180 62899 995 5062 19861 1094 66311 53236 547 536 1560 988 943 8108 179020 1120 1757 2209 2676 8501 5081 23249 2283 45821 7467 3250 705 1323 6418 4583 781 9738 1170 4010 11937 13465 8252 25383 846 14230 971 31019 7565 1734 30205 3684 3706 8215 46510 20928 1332
internal_value=5.24792e-06 0.00405425 -0.000580068 -0.0119231 -0.00183614 -5.86982e-05 -0.00535487 -0.00813051 0.00105207 -0.00594475 0.00190353 -0.0135422 0.0029617 -0.0125713 -0.0171405 -0.0207564 0.0290522 0.00398033 0.00730764 0.00609113 0.00732806 0.00717243 0.0104903 -0.0204594 0.00435526 0.00240496 -0.016845 -0.0224917 -0.000243807 0.00166963 0.00301344 -0.0102856 -0.0114438 -0.00376699 -0.00564137 0.00376548 0.00408737 -0.000847196 -0.02256 -0.0335115 -0.0100362 0.00872297 -0.00485509 -0.00385457 0.010479 -0.0164557 0.0350422 0.00756413 0.00625152 -0.00728735 -0.0198537 0.0053104 -0.00616611 0.00143191 0.027495 0.00444885 0.0127316 -0.013678 -0.00339909 -0.00244826 -0.00831479 -0.023617
internal_weight=800303 101077 699226 30725 81812 668501 115890 45604 552611 59950 492661 33687 416182 39984 29168 24923 19265 361466 116135 36208 19966 11917 11084 21801 18228 245331 27386 17205 10816 47793 45066 68097 63932 54716 48104 9676 4245 11886 20621 7361 58851 31955 10443 76479 4706 13260 14559 16360 27898 10181 15987 9524 35602 8536 2515 42390 12185 4253 9061 68608 22098 1868
internal_count=800303 101077 699226 30725 81812 668501 115890 45604 552611 59950 492661 33687 416182 39984 29168 24923 19265 361466 116135 36208 19966 11917 11084 21801 18228 245331 27386 17205 10816 47793 45066 68097 63932 54716 48104 9676 4245 11886 20621 7361 58851 31955 10443 76479 4706 13260 14559 16360 27898 10181 15987 9524 35602 8536 2515 42390 12185 4253 9061 68608 22098 1868
cat_boundaries=0 8 15 23 30 36 41 44 45 50 57 63 67 70 76 84 92 100 108 116 121 127 135 143 151 159 167 175 183 191 198 204 212 213 220 225 233 241 249 257 265 273 281 289 297 305 313 321 329 332 339 347 355 359 367 370
cat_threshold=9650124 2129936 131137 34078976 2098192 536870976 2181054464 1024 1261516 0 2112 33024 0 4 256 9650116 2392080 131137 34078976 2098192 536870976 33571072 1024 524290 10511 4145 100698140 268716176 32 49160 2148532389 281088 2 1426066928 10711040 1 2952793857 589824 261357780 61504 9568263 3229615103 2109476881 25165908 255 2237924939 2550270016 2113624 8389632 327680 0 77627393 192964612 335765604 4196369 8214 12 524288 805568512 524608 0 1050112 1537 3071 2181771360 268443712 4 3221225472 4026657663 65242 262152 64 1064960 209740032 1610612742 1 65664 5373954 1158873088 2097158 1107296328 2684682560 587202560 266496 1210253826 294916 8192 537403392 73728 23127044 268437544 34111552 369157636 3288335362 528 4259880 4194560 84148224 33783810 8388640 268502816 15336451 67108928 2080 1077938176 624953344 805339137 1048592 67616 33685508 276881408 8391168 134301714 131456 142622720 525189 2147485696 1073744128 8126480 1568677648 1048581 152044461 268654592 0 1409303872 6516738 1 2820669440 0 134217730 14404 16973824 2550406272 277874884 34078720 470351872 335544320 33555489 3338702880 16908416 2147516416 2166358016 409600 17158 0 2566914112 268505152 2147492049 270663680 6299648 83939344 3244033 68288600 270533025 151126528 71303168 21234688 2162688 1048704 541655332 71524544 68158212 25305088 4194336 786432 266242 67108864 1082146823 33554432 402653184 807018536 131600 33817600 2432696328 34607137 6314497 1024 680525824 19186688 33554952 135299200 2281768960 4194324 536871297 655488 2785035416 268435456 4096 1174405160 1207984131 17 720960 1074806788 2109456 10485760 243605552 41963520 688416 0 805306370 524608 536870912 2147485184 513 2281706112 16777217 2165325952 572524611 134873088 135168 2162688 35782785 60 3225420816 5315072 25166608 268440144 100670537 4194304 144 2554333961 249856 218366042 50512 2228230 1074827280 8416 16400 20971557 213385216 1073742088 33555592 262156 72549376 655364 696254465 167774496 532500 8388612 536875010 33558528 9703744 36960 2155905090 2097737 8716289 1075838976 41947139 1048576 83910816 3221227522 4494612 1141374976 33687552 1073752082 524288 8390656 679477248 216 153231905 262912 302518336 131081 66112 65792 67141636 134225929 67109542 302387208 2101248 272631808 271368 51380224 1207959552 306201348 73728 604037632 268582913 4 2147745808 592 2432696576 67373089 129 540929 587236864 671130112 3 24578 310558768 268959744 2150498848 100663296 33571840 266240 2149613578 256 0 268566528 565248 402751488 1319552 6160 4876288 88228098 2164788480 1048704 131200 2183151616 536875008 268697664 536944833 133268 1074799824 262402 134219792 134774785 167772672 3288367108 526400 33554444 4456704 268435968 2166854 277086208 8520200 525184 1208747040 1280 3879758163 1344897605 67223888 2 14 2172654080 16778244 570491081 134218112 557360 136316034 34 598017 536870944 2151745536 276890672 83953672 98312 548864 1311880 86114432 3145728 76023812 32836 1049620 27265024 1427111956 1343879189 22478964 5 0 0 50733056 1073766432 2962231556 2172682240 1835584 295168 587339792 930136588 579864338
is_linear=0
shrinkage=0.12


Tree=9
num_leaves=63
num_cat=55
split_feature=8 38 3 8 3 38 19 29 40 18 19 40 6 38 4 35 34 22 25 21 34 22 34 30 38 19 22 22 35 34 22 35 22 34 20 38 34 35 7 25 34 35 35 34 34 34 34 34 34 34 22 34 34 35 35 34 34 34 35 35 35 22
split_gain=107.367 587.784 454.565 374.645 359.422 371.237 233.464 181.56 167.592 150.184 184.614 147.012 139.782 135.963 132.42 128.273 117.253 116.2 115.042 113.069 110.891 110.521 105.926 105.031 122.706 106.54 103.61 103.186 100.746 104.468 99.2713 98.8629 97.7092 97.6254 97.4837 153.902 134.158 130.335 107.136 117.602 105.911 96.9281 94.22 93.0119 92.2552 92.2163 92.0435 91.9177 89.7356 89.5152 88.1724 94.9293 90.1427 87.8749 86.3147 85.7073 85.4309 85.196 86.3625 84.2121 83.9375 83.592
threshold=0.35644531250000006 0 0.0091666667722165602 0.040039062500000007 0.032500000670552261 1 2 3 4 5 6 7 0.12891305238008502 8 0.0091666667722165602 9 10 11 12 13 14 15 16 17 18 19 20 21 22 23 24 25 26 27 28 29 30 31 0.14453125000000003 32 33 34 35 36 37 38 39 40 41 42 43 44 45 46 47 48 49 50 51 52 53 54
decision_type=2 9 2 2 2 9 9 9 9 9 9 9 2 9 2 9 9 9 9 1 9 9 9 1 9 9 9 9 9 9 9 9 9 9 9 9 9 9 2 9 9 9 9 9 9 9 9 9 9 9 9 9 9 9 9 9 9 9 9 9 9 9
left_child=1 3 6 21 13 14 20 16 9 28 55 12 44 43 26 -5 -8 49 -18 45 -3 -1 -10 25 -25 -12 -6 -20 -4 -30 -31 -21 46 -33 35 -15 -36 -38 39 53 -40 -19 -39 -2 -7 60 -24 -43 -14 -9 51 -17 -52 -37 -42 -11 -22 58 -13 -50 -16 -35
right_child=4 2 8 15 5 11 7 17 22 10 23 57 48 34 19 50 18 41 27 31 56 -23 32 24 -26 -27 -28 -29 29 30 -32 33 -34 61 36 38 37 42 40 -41 54 47 -44 -45 -46 -47 -48 -49 59 -51 52 -53 -54 -55 -56 -57 -58 -59 -60 -61 -62 -63
leaf_value=0.00018300425773308884 6.9394900477139895e-05 0.00052685232510269278 -0.00011216657010494632 0.0010627344215261827 -0.0010611744805761381 0.0002429792168209028 6.9628981542298494e-05 -0.0004298199302057261 -0.00011729399543281047 0.00055350617074334649 -0.00043697985658775048 -0.00033061808301146952 -0.00020871743881900872 0.00033172913282223716 0.00015589605851724705 0.00060554307435441233 0.0018253534761609302 0.00014343252054028555 -0.00041480686611450855 0.00010631460740197586 -0.0005948537369863578 0.0016739179472492266 0.00055568564112065981 -0.00013225270749536245 9.4548601173408624e-05 -0.00011848760565846261 -9.0219708521177097e-05 -0.0010075765051551597 0.00026990194388545403 -5.0774192308878056e-05 0.00010986474482832032 0.00011109672554035862 9.6529927995819007e-05 -1.0545789806697824e-05 0.00024943583231196945 0.00013842201345691386 -0.00042052628903586198 0.00023591351251073684 -0.00047618850525728827 0.00019474048930534797 0.00037868649774615998 -0.00064963596357543133 -5.5374924370318932e-05 -0.00032159356501819153 5.8071940125904891e-07 1.6600654227308633e-05 0.00021845636168654875 -0.00024309459268435888 5.8280258988388824e-05 8.4274188262700785e-05 0.00036377513292506125 0.00016499942838507132 -1.9340890307287682e-05 -0.00050162362450020587 -7.7356810425554352e-05 8.6789625110929083e-05 4.4670440532771223e-05 -5.3013857589649314e-06 -5.6882437029204263e-05 -9.1947196300654164e-05 -9.2345220377600592e-05 5.0042493478185425e-05
leaf_weight=1787 1128 1711 4942 3474 1448 1448 1904 1201 4261 987 4536 1714 5962 2068 1218 1432 483 2149 4077 17207 1121 10090 1847 11022 12112 19646 3589 9292 4467 10281 23051 15752 30388 35397 1998 559 1549 1771 780 586 654 1996 11083 9449 10309 96286 12876 14066 4266 8479 2462 9359 20245 6612 4882 6706 10953 154772 16582 52167 12672 72992
leaf_count=1787 1128 1711 4942 3474 1448 1448 1904 1201 4261 987 4536 1714 5962 2068 1218 1432 483 2149 4077 17207 1121 10090 1847 11022 12112 19646 3589 9292 4467 10281 23051 15752 30388 35397 1998 559 1549 1771 780 586 654 1996 11083 9449 10309 96286 12876 14066 4266 8479 2462 9359 20245 6612 4882 6706 10953 154772 16582 52167 12672 72992
internal_value=-1.27451e-05 0.00202916 -0.00079544 0.013854 -0.000958855 -5.88347e-05 -0.00984922 -0.0141469 0.00273891 -0.000139931 -0.00428564 -0.00337723 -0.00784747 -0.0114738 0.00313876 0.0078996 -0.0244444 -0.00832168 -0.0282862 0.00352472 0.00376603 0.0323967 0.00843674 -0.00708925 -0.00130649 -0.012618 -0.0161222 -0.0303744 0.00519542 0.00730264 0.004988 0.0057708 0.0101456 0.00458821 -0.00762302 -0.0142413 -0.001104 -0.00515296 -0.0187348 -0.0281943 -0.00714149 -0.013967 -0.00117519 -0.0232883 0.00415341 0.000642538 0.018169 -0.0171706 -0.0101101 0.00230292 0.00561504 0.0145404 0.00136802 -0.0323931 -0.0012545 0.0129422 -0.00029786 -0.00146152 -0.00920253 -0.00862503 -0.00849374 0.0033044
internal_weight=800303 253403 204554 48849 546900 503781 57432 43647 147122 97750 55009 247220 74152 43119 256561 36972 15756 27891 13852 251524 13785 11877 49372 47316 23134 24182 5037 13369 42741 37799 33332 141348 45111 124141 32542 16141 16401 14403 14073 7757 6316 18211 12854 10577 11757 110176 14723 16062 62395 9680 33498 10791 22707 7171 5536 7693 12074 173068 18296 56433 13890 108389
internal_count=800303 253403 204554 48849 546900 503781 57432 43647 147122 97750 55009 247220 74152 43119 256561 36972 15756 27891 13852 251524 13785 11877 49372 47316 23134 24182 5037 13369 42741 37799 33332 141348 45111 124141 32542 16141 16401 14403 14073 7757 6316 18211 12854 10577 11757 110176 14723 16062 62395 9680 33498 10791 22707 7171 5536 7693 12074 173068 18296 56433 13890 108389
cat_boundaries=0 7 15 22 23 29 35 42 47 55 63 71 74 76 78 86 88 96 97 105 112 116 119 126 134 138 146 149 157 158 166 174 182 186 194 202 210 218 226 234 242 250 258 266 270 278 286 294 301 309 317 325 333 341 349 352
cat_threshold=9650124 2129940 132161 34078976 16 536870976 2181054720 822083584 134234146 8 3221225472 17924232 3 286787740 8753 2 2147483919 3213345 369106958 134238360 34 49192 60 1611661989 131072 16777344 1409310000 14905353 1 262282 805568516 1074266432 0 2148533760 3147265 0 2192573440 2375030785 520331296 138414081 8194 16384 2428504328 269029376 252051480 32832 8519691 1051648 134217744 0 3288334848 16778377 536871456 2469134480 8761 3 101744640 67174400 134217792 3221282944 2180160 2164785162 278660 3225419776 2147581952 1090519040 4672 67633153 529 3293056144 50733056 1082131455 1033380672 41943351 65808 1 2441548287 1402536067 234917892 8437762 41943680 2168586528 4352 83888128 33566724 42 2098175 4227088 8423424 1073741824 2129920 93078272 134283528 4 4210737 50863362 224 2030043136 470042402 0 0 2149581824 0 17825792 24 131073 1074301192 2130432 2049 16785412 1208729624 459652 3155099906 35815505 562223400 12 2459440127 269746177 377627984 19267652 2952790034 1140883456 67829760 1153499274 268436512 262224 0 1024 92405760 75827724 168902914 1696 1115686920 17334272 697318 2914125072 470843395 6 1073742976 549519360 4204546 58720384 33555514 1075380224 1073758208 3146400 198836325 83902465 33508675 1090584864 20 67769120 32 268443776 8422468 272664640 69210114 144 209736 16384 65536 786688 0 0 49160 1088 0 1140920320 571228160 18505728 0 38535185 3373269121 1179653 4587787 4 268437538 1678020612 17850368 84049920 5 4130 1073762305 1073741825 0 65536 65544 604110858 1074276385 587203585 2684354560 201342976 131330 68157697 637607936 268566544 536871233 561792 1073808400 297828360 21233664 73728 32768 86704144 3473928 515 268959746 536871104 4194570 769 292 1342177312 33559556 2684354568 268435584 268436480 336888193 69337606 135528448 570432000 8388609 33980930 16394 33554433 19219520 16809984 8388614 262656 67641488 2282225664 1843217 536873249 1048640 100935682 134217992 98304 2348814768 135331840 2147483712 3145760 67113094 4227120 38928388 1946157184 1207959552 2181042176 1074790784 339279872 1342177344 1097792 1082130816 8388612 2155888658 299112 1041 3760194560 293601376 262176 604045376 17858562 134480128 262148 33554848 1141112836 8651105 1605648 527695872 604116228 861758512 12 2290130960 704677928 10485761 16777536 68157440 2147764224 1078067200 5122 795648 33554944 16777248 272630797 2654208 60063744 679477760 34882560 16785408 32792 268436490 134639744 11296 1073741824 546324480 33554435 166080 36 1073743905 83936649 1073743936 2684504084 4096 2148073984 655618 83886720 185106496 605822976 536870920 8 33619976 4259840 0 136318976 8441860 1610744328 2684362752 943718448 304385 39866400 2097152 268566528 16826369 537565184 1090551808 41943168 1578400 512 1048832 147464 362048 134247488 2018067464 1073741826 131072 3 4325376 67109128 1342178304 553980002 2097281 2324725768 536704 22153216 279073 64 336101507 1077936320 17 3489710096 32 413130360 1851785216 1745485860
is_linear=0
shrinkage=0.12


Tree=10
num_leaves=63
num_cat=51
split_feature=5 38 3 1 39 38 39 1 38 1 22 22 39 22 23 22 2 41 1 35 18 1 40 19 25 18 39 1 32 41 41 22 38 35 23 41 41 38 23 38 34 7 25 34 38 22 34 25 34 25 23 41 41 35 34 34 28 34 22 41 41 34
split_gain=110.963 203.384 174.565 123.7 592.489 321.035 298.442 367.995 363.226 302.222 261.887 260.893 249.917 250.389 226.24 188.717 181.938 179.237 174.631 238.849 206.781 186.85 174.34 169.488 168.556 158.419 164.77 154.352 1628.33 169.948 149.797 148.85 145.754 142.358 138.724 138.722 138.634 137.186 136.137 134.896 129.423 129.076 127.395 126.284 125.735 208.247 122.115 121.782 119.057 114.113 112.713 110.522 109.586 109.493 108.473 108.087 107.44 104.844 104.763 101.028 100.611 98.8539
threshold=0.095833331346511855 0 0.029166666790843013 0.042500000447034843 1 2 3 -0.012500000186264513 4 -0.014166666660457848 5 6 7 8 9 10 -0.12416666746139525 11 1.0000000180025095e-35 12 13 0.014166666660457851 14 15 16 17 18 -1.0000000180025095e-35 0.56552419066429149 19 20 21 22 23 24 25 26 27 28 29 30 0.12109375000000001 31 32 33 34 35 36 37 38 39 40 41 42 43 44 45 46 47 48 49 50
decision_type=2 9 2 2 9 9 9 2 9 2 9 9 9 9 9 9 2 9 2 9 9 2 9 9 9 9 9 2 2 9 9 9 9 9 9 9 9 9 9 9 9 2 9 9 9 9 9 9 9 9 9 9 9 9 9 9 9 9 9 9 9 9
left_child=1 2 -1 6 15 31 9 10 18 14 12 42 13 37 58 39 43 -12 20 21 -9 -20 25 48 53 36 -27 28 34 -29 -17 54 -15 -31 -11 -24 -10 -8 55 -5 -18 -40 46 -14 47 -46 -7 -16 -13 -37 -47 -48 -26 -25 -6 -19 -21 -35 -2 -32 -49 -33
right_child=3 -3 -4 4 5 11 7 8 22 27 17 23 16 32 44 30 40 38 19 56 -22 -23 35 24 52 26 -28 29 -30 33 59 61 -34 57 -36 49 -38 -39 41 -41 -42 -43 -44 -45 45 50 51 60 -50 -51 -52 -53 -54 -55 -56 -57 -58 -59 -60 -61 -62 -63
leaf_value=0.004965299926006317 -0.00015431465443573075 3.3786625437137415e-05 0.00028298447301234041 0.00011749776577628585 -7.2580364476099746e-05 -0.00014915838669933551 -0.00020153315634426766 -0.0032562916820902885 0.00031636882135210957 0.00012015002004586106 -6.7556080423461322e-05 0.00011278934969372803 -0.00017819422982081942 0.00028164994504799735 -0.00039768467183392848 -0.00035645453855589934 6.1061964825930958e-05 0.00020289601888388853 0.0047257212029844188 0.00029022650893998552 4.3973924637212473e-05 0.00036890992838347443 0.00022524963989987539 0.00029465199710339025 -0.00016162480594573083 2.1468754820275497e-06 -0.00035968368724234091 0.00042878033928077456 0.0071558247407438559 0.00030498053579905838 0.00012084977444885625 0.00025564978531608998 -1.0713729653848173e-05 0.00028501194519323954 -0.00082923859436904827 0.00010482469961720568 -0.00015360627241128009 0.00013574847453359779 5.7170950125996763e-05 -0.00010945886182090003 -0.00013407340103857273 -9.4743467708709812e-06 -0.00010429229172239864 3.4812588228569767e-05 0.00019289312498835457 3.8670189131649165e-05 0.00018731933249190272 -0.00042039790271866331 -3.6663909625354678e-05 -8.782834276924307e-05 -0.00024725662986405382 8.0739613916062125e-06 3.6268807258925781e-05 0.00012191441073001719 0.00027865484284999778 7.6420420667815093e-05 -2.6069840399309361e-05 -0.00025271995836069011 -0.00041777337953680696 -0.00015199552102386393 3.2683874271982262e-05 6.7090137787099787e-05
leaf_weight=4465 3976 105507 7306 5907 1103 3027 4076 1419 2392 1091 14299 3212 3268 7140 6399 3174 4609 6026 1001 7797 4884 1785 3428 2967 1906 4618 20389 1517 2039 1930 1493 2724 2827 1399 2500 6913 4298 1799 59430 6609 35696 49537 21927 24406 5410 4352 1935 633 26501 73910 7021 19973 41156 26228 9450 46911 6954 11731 8804 21739 3998 19382
leaf_count=4465 3976 105507 7306 5907 1103 3027 4076 1419 2392 1091 14299 3212 3268 7140 6399 3174 4609 6026 1001 7797 4884 1785 3428 2967 1906 4618 20389 1517 2039 1930 1493 2724 2827 1399 2500 6913 4298 1799 59430 6609 35696 49537 21927 24406 5410 4352 1935 633 26501 73910 7021 19973 41156 26228 9450 46911 6954 11731 8804 21739 3998 19382
internal_value=-2.11419e-05 0.00338881 0.0183417 -0.000606652 0.00173291 0.00461414 -0.00172135 -0.000513226 -0.0054785 -0.00941094 0.00215609 0.00224933 -0.00336526 0.0102031 -0.0155694 -0.0116998 -0.00652851 0.00478257 0.00800939 0.0141696 -0.00911656 0.0463188 -0.00825181 0.00565512 0.00879215 -0.0158378 -0.0202262 0.00184249 0.0190057 -0.00398817 -0.0174517 0.0153861 0.0217777 -0.00785031 -0.0296243 -0.00539596 0.000572954 -0.00943773 0.00592011 0.000440608 -0.0116734 0.00349388 -0.00516107 0.000962565 -0.00948356 -0.00293658 0.000707097 -0.0194313 -0.00197409 -0.0063997 -0.0121528 0.00383211 0.00401727 0.0158304 0.0271122 0.0109124 0.00805527 -0.0123269 -0.0287805 -0.014094 -0.00457462 0.00977665
internal_weight=800303 117278 11771 683025 220413 181491 462612 399812 139788 62800 260024 148832 83821 15842 40593 38922 67979 176203 23840 17537 6303 2786 115948 101970 72257 31697 25007 22207 5630 16577 26406 32659 9967 15060 3591 84251 6690 5875 161904 12516 40305 108967 46862 27674 27813 16783 24935 11030 29713 80823 11373 21908 43062 29195 10553 52937 14751 13130 12780 23232 4631 22106
internal_count=800303 117278 11771 683025 220413 181491 462612 399812 139788 62800 260024 148832 83821 15842 40593 38922 67979 176203 23840 17537 6303 2786 115948 101970 72257 31697 25007 22207 5630 16577 26406 32659 9967 15060 3591 84251 6690 5875 161904 12516 40305 108967 46862 27674 27813 16783 24935 11030 29713 80823 11373 21908 43062 29195 10553 52937 14751 13130 12780 23232 4631 22106
cat_boundaries=0 8 13 21 26 33 36 39 44 47 50 53 61 69 71 76 83 85 91 94 102 110 114 121 129 133 141 149 156 160 165 173 177 185 192 196 204 206 214 218 222 230 238 246 254 262 263 271 275 283 291 299
cat_threshold=1261516 0 0 0 0 0 16777216 1041 331384 0 32768 1073741825 1347223552 1121228 314384 0 8192 268435456 512 2417786888 8761 2097696 134226176 16 25172504 2148532225 1260736 2052 139328 34116352 2113552 536870980 319832320 487875492 4256956416 4159 1073741832 72351519 1140785152 2214594626 268468224 7372808 1073742848 5046528 286720 230424576 4096 4293919693 2147483903 23 679479296 4275833152 1070847 67109952 1572873 256 2432696320 8737300 335544577 69808128 18436 139 2147484160 3 2150440960 135393280 8421472 147472 294915 0 1 2492 0 131072 1426064864 10579976 0 2148540430 16777217 304095252 658999472 96 33288 2147590163 536870912 3 805568516 320 0 2147485184 1 2235565144 133120 8 537067552 3295031552 1746934400 9961479 8 512 67108864 33554432 16916512 2162754 2147483652 2099201 268435594 8650752 2151833857 50368516 176732298 231434 452921984 8 0 2657403936 9 40960 0 0 35667968 303104 32768 58982400 420491584 2155882561 18161674 8388610 524288 157704 56886272 4290184448 15 2147614720 1572867 1073874064 150994960 4640 112197897 67131520 4097 105906344 1759518874 24576 2960130373 0 8 0 16384 0 2657124352 9 67141888 8 0 36438016 536875008 2684422144 3703566041 13 65536 2353005568 1128584 3221250560 3164312 16904 536871040 1107427400 1074284544 33686016 33554448 1879049856 83892252 3221225475 4043309056 0 1359020032 3671040 4096 9445443 1610641408 4882440 4194336 2425408 18874373 78796 0 0 67108864 268435584 514 2147483648 134218065 4294707456 3355443263 5 50724864 2415935496 2097152 4327432 257 631308288 543162370 34275588 553721907 1 2148012032 2148532256 33554448 2432843841 2153943040 33554434 536903696 11599876 69906 16842753 0 1090584576 786432 250905600 4277142016 14 872415296 34668544 67121152 411181632 1090558624 41216 335806464 512 270532996 36700168 8388608 2432 285212673 335593728 2632865 10 25170560 590336 268435456 100679684 2156470272 139272 1409376272 67104 536871041 134348808 3356360704 4326188 256 1209024512 67699720 16787456 1122444 0 84971648 8456 33606272 604241952 1342312456 20 3 3355485188 16777217 1074921472 805308416 285253632 16386 100778018 75514880 2097824 4294843904 3758096427 10 2214592520 67239936 234930200 28736 538969120 2130242 285214784 262144 0 0 534528 209715760 1191235586 36700246 8470656 8 33 2148532226 2303721984 2149588992 335552528 12686336 1114120 16924684
is_linear=0
shrinkage=0.12


Tree=11
num_leaves=63
num_cat=53
split_feature=8 38 40 3 38 3 21 38 8 25 0 41 34 3 40 19 21 8 25 22 3 34 22 35 41 35 34 35 41 35 35 41 41 41 34 41 35 41 41 29 34 34 1 41 35 41 34 19 22 34 35 23 22 34 34 34 24 34 23 34 34 41
split_gain=99.6878 571.069 201.833 193.775 253.454 163.233 163.451 162.766 147.257 165.446 124.769 119.427 118.6 111.076 289.394 181.253 138.226 133.439 115.381 180.547 124.86 113.461 112.285 114.054 103.054 102.806 100.969 100.341 99.6936 99.3583 98.964 96.0437 95.3451 93.8631 93.1606 92.6722 92.316 95.1059 92.9402 90.8175 96.8221 90.1709 90.1247 89.1832 91.8001 88.825 86.2078 84.4579 83.8213 83.5261 81.0184 81.0004 79.7941 98.9592 86.0941 78.5897 88.1822 77.5156 77.2752 76.4536 76.2356 74.9742
threshold=0.16015625000000003 0 1 0.012500000186264517 2 0.0091666667722165602 3 4 0.55078125000000011 5 0.30871582031250006 6 7 0.025833333842456344 8 9 10 0.52441406250000011 11 12 0.10750000178813936 13 14 15 16 17 18 19 20 21 22 23 24 25 26 27 28 29 30 31 32 33 -0.030833332799375054 34 35 36 37 38 39 40 41 42 43 44 45 46 47 48 49 50 51 52
decision_type=2 9 9 2 9 2 1 9 2 9 2 9 9 2 9 9 1 2 9 9 2 9 9 9 9 9 9 9 9 9 9 9 9 9 9 9 9 9 9 9 9 9 2 9 9 9 9 9 9 9 9 9 9 9 9 9 9 9 9 9 9 9
left_child=1 10 12 4 58 6 25 8 33 24 49 -8 -3 14 21 32 27 22 19 -18 -20 -9 34 -24 -10 -4 50 60 -12 -28 -19 -27 -15 -5 -16 -14 37 -11 -38 40 -13 -33 -31 -6 -45 -23 -32 -41 -37 -1 -7 -52 53 -34 -54 56 -46 -29 -2 -35 -17 -44
right_child=3 2 5 7 43 26 11 13 9 36 28 39 35 15 17 16 18 30 20 -21 -22 45 23 -25 -26 31 29 57 -30 42 46 41 52 59 -36 48 38 -39 -40 47 -42 -43 61 44 55 -47 -48 -49 -50 -51 51 -53 54 -55 -56 -57 -58 -59 -60 -61 -62 -63
leaf_value=0.00094353563714129687 0.0035290535599488558 -0.00022196281804294052 -0.00045324137995699567 -0.00027984856692812063 -0.00052120104336093778 0.0004069245700496239 0.0003500327003860178 -0.00024437938615833434 0.0002631629944898885 6.3828607757458955e-05 0.0013074035179476858 0.00013784760098529218 -0.0003739652270335722 -0.00011455385067665405 0.00013355836613231146 0.00034925293342917931 1.6647786447006231e-06 0.00016292046879838251 -1.7106046610176393e-05 9.4268306426549919e-05 3.3399055834040824e-05 -0.00028866065513589653 0.00018697982893469043 -5.9112920663650127e-05 1.4294546943228796e-05 0.00051571975521349134 -0.0002400618242336878 7.2131357041217044e-05 0.00033759626176250968 -0.00042796062169818405 0.00012975437127897441 -0.00047204114615246912 -0.00010198250984642381 -0.00045079053280729233 -0.00023912322367834532 0.00057288994283895354 -0.00029325047388724889 -0.00049584050324609984 -8.1926324184439264e-05 0.00031062101037674386 -0.00075826388841215169 4.2549540324972971e-05 -0.00027010412392922898 -0.00043528858643618822 -0.00040380849948645124 0.0002323728628852691 -0.00050603919710418954 -0.00024148654576842938 0.00020184859987011002 0.0045266834755062586 0.00013159878144460799 -0.00047998910163084941 5.4776216054442341e-05 3.8100102066779749e-05 -3.9167998316303119e-05 -0.00016162012691333351 0.00021978005670631476 -5.6984842257645588e-05 0.00094987270048974427 7.0142334906059069e-05 5.1902411662449394e-05 0.00018965093580274766
leaf_weight=1071 759 1754 2382 2693 2331 540 1054 1485 1071 1103 1716 1051 927 8712 1568 653 55187 699 76120 113002 66246 841 3938 26022 8261 1422 2814 5767 8988 1395 570 2034 4869 1167 11788 4454 4617 4148 47255 848 8804 14724 1108 2846 773 10651 4183 6220 9527 3741 947 2331 9351 37985 80752 20223 1975 42433 1818 30677 4687 21225
leaf_count=1071 759 1754 2382 2693 2331 540 1054 1485 1071 1103 1716 1051 927 8712 1568 653 55187 699 76120 113002 66246 841 3938 26022 8261 1422 2814 5767 8988 1395 570 2034 4869 1167 11788 4454 4617 4148 47255 848 8804 14724 1108 2846 773 10651 4183 6220 9527 3741 947 2331 9351 37985 80752 20223 1975 42433 1818 30677 4687 21225
internal_value=-2.62399e-05 0.00349627 -0.00034637 -0.000535448 -0.00985322 -0.00321284 -0.00839729 -0.000107165 -0.00454556 -0.00784929 0.0246677 -0.0167502 0.0115005 0.000682759 -0.00412198 0.00126936 0.00268635 -0.00835916 0.00365718 0.00578522 0.00114287 0.0117977 -0.00613325 -0.00204991 0.00696061 -0.00108486 0.00336737 -0.00294443 0.0174631 0.00599232 -0.0260506 0.00199208 -0.00237237 0.00181013 -0.0152783 0.0149759 -0.0102683 -0.0254228 -0.0087287 -0.0191957 -0.0266464 -0.000558136 0.00852232 -0.0131506 -0.0111084 0.0158345 -0.0322099 -0.00877965 0.0174173 0.0407312 -0.0148512 -0.0219574 -0.0015748 0.00268744 -0.00360206 -0.00857851 0.0104348 -0.00467435 0.026095 0.00363134 0.0126457 0.0103747
internal_weight=800303 101077 85561 699226 30725 68899 38539 668501 100992 66455 15516 17977 16662 567509 61745 505764 364095 48768 310555 168189 142366 12977 43316 29960 9332 20562 30360 53540 10704 26542 5452 18180 141669 34537 13356 14908 57123 5251 51872 16923 9855 16758 23728 28148 25817 11492 4753 7068 13981 4812 3818 3278 132957 42854 90103 22971 2748 48200 2577 31844 5340 22333
internal_count=800303 101077 85561 699226 30725 68899 38539 668501 100992 66455 15516 17977 16662 567509 61745 505764 364095 48768 310555 168189 142366 12977 43316 29960 9332 20562 30360 53540 10704 26542 5452 18180 141669 34537 13356 14908 57123 5251 51872 16923 9855 16758 23728 28148 25817 11492 4753 7068 13981 4812 3818 3278 132957 42854 90103 22971 2748 48200 2577 31844 5340 22333
cat_boundaries=0 8 13 20 22 30 34 42 50 55 62 64 66 70 78 82 90 98 106 114 122 130 138 146 154 162 170 178 186 194 202 210 211 219 227 235 242 250 258 265 269 276 284 288 292 300 308 316 320 328 332 340 348 356
cat_threshold=1261516 49168 131137 34078976 134218768 536870976 33833216 1024 2705328384 885248 261423320 61440 9568259 1261516 0 0 0 0 0 256 1997996287 1558430 1261004 2131984 131137 34078976 2098192 536870976 2181054720 1024 3221225600 3489660928 0 1358954496 2752057344 14680192 201326672 262432 4 541067268 2961211904 9437200 4194304 570425360 1276289024 704643138 131362 1610616832 1074823200 67217408 4164947712 721920 260047092 61440 15 65536 15 193004544 270729288 205521041 12564 49164 255 134217728 73779 536870913 21594106 258998272 3565158412 8 102540 131586 12773384 65536 2818705410 131328 536870952 4194308 2149974950 738967331 671088656 14 71369344 1216675844 35127312 268435520 2147485700 4505600 134905856 33685633 537395200 214145 81922 1024 6293570 268967944 169095176 64 268435536 418304 29395970 2215248384 536870920 131333 335544384 1050752 159711744 1207960072 520 8849664 132097 8421376 196641 10487888 2197815424 3489660938 1048576 33686528 608 2690777152 360452 1344548 672155776 33168 2147488000 2304 201981952 2164294772 36864 8202 1124207616 268828800 4096 1443365024 8914946 3758096386 1207975940 24576 2147520512 1090913280 553648136 2152746272 1074790433 1074266240 8192 38830088 874513472 68157570 1103101966 17039776 2148008016 0 512 5125 545390592 1084755234 131584 33554436 42213408 536873028 67641354 67108866 3244033 68288728 287310000 687865856 100665344 21233665 65536 1048704 813695489 331776 486801424 4554752 33570848 134217792 302139480 4096 3407873 545259552 1275068496 264288 1314816 2147504640 1342177316 6815776 2048 1107316736 12355 134217728 57408 411582464 1921728512 524480 0 0 1078067456 1611403268 555884544 537187266 536936449 2098 2147487745 2824 138414082 524321 36188676 1107337283 65546 2097152 478 3288383488 33554950 134234244 32816 540752 2684354560 67108992 100673600 101974016 436207616 671158339 33024 1073750528 8388677 135397476 4196356 540672 131264 256 1210069004 100728832 2551486592 8389636 52430848 536871488 1610874880 8192 184550152 335564128 1645215872 2214723601 803328 184812032 134217728 4210688 1097857 16400 135307520 4195960 131072 66080 42225722 2101252 35659776 335578120 536879104 69206017 0 2214592770 25199649 8 671387712 571228208 1352360 886837264 97272896 1290898440 1 50475008 2187604566 805339152 0 2166620160 525065 8 2231369986 1835014 2147484176 4718624 268486657 27394080 33794 4096 673190600 830550276 363602434 7 2173201390 673186350 2986902016 9 536870976 2147483968 2283897042 14843904 65536 262656 69728 1221136 8390656 537395200 1351718944 12718608 514 524288 1074405384 88080404 8 163904 54538240 134320144 537133057 65808 1094741056 67256328 54797360 285401304 573784084 13 50335888 1024 545538050 17073160 33685632 1310722 2148009984 21234264 2503999520 2147763074 1592967944 2 24 0 2986344448 2147549248 8432 268437504 55846916 143560 1081280584 50335744 8405516 536870912 4608 1114257 17664 2097312 67108896 2097160 67108870 2415931400 268500992 1141313716 8836 262144
is_linear=0
shrinkage=0.12


Tree=12
num_leaves=63
num_cat=51
split_feature=8 38 8 1 39 40 22 23 6 39 40 6 39 0 25 7 35 41 21 41 41 41 1 22 38 18 1 22 38 41 22 34 2 41 35 34 6 35 41 35 41 41 34 34 34 35 35 23 34 22 41 41 34 34 34 22 34 41 41 35 34 35
split_gain=90.7758 291.792 230.713 226.135 211.064 192.858 191.607 169.422 149.667 136.822 135.329 145.696 141.452 137.118 134.721 227.688 134.412 126.373 124.544 123.827 119.348 118.586 113.331 248.282 331.361 224.017 177.994 172.787 151.36 140.764 130.168 120.083 112.457 111.262 111.152 111.15 107.773 107.135 105.645 104.171 103.429 101.62 100.988 100.744 100.616 98.9369 98.9026 97.2055 97.0038 96.4691 96.1147 94.2668 94.0633 92.3801 91.8522 90.553 104.74 89.1562 87.2636 87.0954 86.3959 86.1924
threshold=0.35644531250000006 0 0.040039062500000007 -0.012500000186264513 1 2 3 4 0.075198441743850722 5 6 0.14681145548820498 7 0.50622558593750011 8 0.22265625000000003 9 10 11 12 13 14 0.042500000447034843 15 16 17 -0.042500000447034829 18 19 20 21 22 0.27583333849906927 23 24 25 0.28264172375202185 26 27 28 29 30 31 32 33 34 35 36 37 38 39 40 41 42 43 44 45 46 47 48 49 50
decision_type=2 9 2 2 9 9 9 9 2 9 9 2 9 2 9 2 9 9 1 9 9 9 2 9 9 9 2 9 9 9 9 9 2 9 9 9 2 9 9 9 9 9 9 9 9 9 9 9 9 9 9 9 9 9 9 9 9 9 9 9 9 9
left_child=1 2 49 4 7 36 20 -3 41 58 12 13 -5 18 37 34 -14 -18 46 -15 -6 -9 25 28 43 30 27 -27 47 -26 31 -11 -30 -20 -16 -19 50 -8 -38 -21 -13 -7 -32 -25 -28 -23 -12 -24 -40 -1 -2 -4 -52 -43 -22 56 -42 -39 -10 -60 -47 -57
right_child=5 3 51 10 6 8 14 21 9 22 11 40 16 19 15 -17 17 35 33 39 54 45 23 24 29 26 44 -29 32 -31 42 -33 -34 -35 -36 -37 38 57 48 -41 55 53 -44 -45 -46 60 -48 -49 -50 -51 52 -53 -54 -55 -56 61 -58 -59 59 -61 -62 -63
leaf_value=0.00040098940786799288 -0.00013002532597008581 0.00019827547015272058 -0.00026593476497873 0.00032166148930703401 0.00041405025700188387 0.00012546067019037215 -4.1222756177614617e-05 -0.00072935571179137291 0.00010762515220934803 0.00010856370445901847 -0.0010019641889646067 0.00077783287342862652 -0.0004965627840757107 -0.00029846537985053664 0.00031247404267089235 0.00036242109229872403 -0.00055823165404171528 0.0003483388141057976 0.00045245320210328334 0.00011181681960061101 0.00028610065377516564 -0.00054732930499281111 0.00015590331686581962 -0.00011582595494185074 0.00015782235901794282 0.00012849072960849063 -0.00044443934162849348 2.0968323850469401e-05 0.00017842503952387868 -2.1537262693608339e-05 -0.00015376351788418805 -0.00016123039141733366 1.8414613250712381e-05 -0.00053300411227999987 -0.00033672309367390829 1.9843053475999961e-05 -0.00026887429942803033 0.00052473010655681692 5.9289448375033256e-05 -3.5356682376537306e-05 0.00059900731784975859 -0.00021466209780742434 4.9679220252925229e-06 0.00025000326909718822 -6.3949418527307355e-05 0.00037809279100570957 0.00016134737717131756 -0.00010671911345578015 -9.2128220359828837e-05 0.0017664374958204949 0.00010810877827403734 0.00014591854698072458 -1.120109307938573e-05 -5.8697437399909163e-05 -0.00010214633556259862 0.00065009074670033273 -0.00033085344912610928 0.00026034699794367697 5.5096638265778916e-05 -4.3739370098500589e-05 -0.0001054440722098161 7.6937740351538971e-05
leaf_weight=3160 6113 5409 2282 7743 1204 2648 2758 1856 7184 2247 759 1362 2167 3212 571 2100 1219 2755 1317 5459 1666 1063 2125 950 4118 24315 1773 50487 26372 69329 4833 16605 7371 24667 3049 19795 5226 2394 5708 44982 929 3671 35578 9253 13795 763 5631 4769 50206 6975 5158 29926 53126 27122 12283 1855 7144 22680 10748 96070 7268 15000
leaf_count=3160 6113 5409 2282 7743 1204 2648 2758 1856 7184 2247 759 1362 2167 3212 571 2100 1219 2755 1317 5459 1666 1063 2125 950 4118 24315 1773 50487 26372 69329 4833 16605 7371 24667 3049 19795 5226 2394 5708 44982 929 3671 35578 9253 13795 763 5631 4769 50206 6975 5158 29926 53126 27122 12283 1855 7144 22680 10748 96070 7268 15000
internal_value=-1.69435e-05 0.00186058 0.0109503 3.63854e-05 0.00592014 -0.000886886 0.00987992 -0.00587135 0.000343162 0.00100721 -0.00258579 -0.00458617 0.00408536 -0.00697579 0.0149374 -0.00184228 -0.000166485 0.00244733 -0.0131431 -0.00325412 -0.00132146 -0.0144499 0.00246105 0.00513931 0.00139992 0.000236575 0.00399637 0.00642639 0.0128328 -0.0014163 -0.00549641 -0.0137277 0.0161434 -0.0168303 -0.0200773 0.00448896 -0.00501509 0.0183853 -0.00862386 -0.00179573 0.0032314 -0.00735939 -0.00165351 0.0216505 -0.0076763 -0.00877662 0.0018744 -0.00337097 -0.00709366 0.0267416 -0.00158946 0.00598323 -8.64543e-05 -0.00929849 -0.00446099 0.00146271 -0.00897958 0.0208563 -0.00248601 -0.00334737 -0.00419246 0.00646706
internal_weight=800303 253403 42343 211060 65064 546900 48705 16359 421363 387922 145996 112317 33679 86027 33552 5720 25936 23769 32374 53653 15153 10950 273920 124287 83650 149633 90370 74802 40637 73447 59263 18852 33743 25984 3620 22550 125537 27832 61140 50441 26290 33441 40411 10203 15568 9094 6390 6894 55914 10135 64397 32208 58284 30793 13949 24928 8073 25074 114002 106818 8031 16855
internal_count=800303 253403 42343 211060 65064 546900 48705 16359 421363 387922 145996 112317 33679 86027 33552 5720 25936 23769 32374 53653 15153 10950 273920 124287 83650 149633 90370 74802 40637 73447 59263 18852 33743 25984 3620 22550 125537 27832 61140 50441 26290 33441 40411 10203 15568 9094 6390 6894 55914 10135 64397 32208 58284 30793 13949 24928 8073 25074 114002 106818 8031 16855
cat_boundaries=0 7 12 17 21 25 30 35 40 44 52 60 62 70 78 86 90 98 105 109 117 125 129 137 145 153 161 169 177 185 193 201 209 217 225 233 241 244 252 255 262 270 278 286 294 297 305 313 321 329 337 345
cat_threshold=9650124 2129936 1088 561408 2281702400 1610612800 33571072 2097195 0 16 218124820 1611743239 2432700161 269025280 261357658 53312 8519695 490 4261158912 3758096447 14 1073876992 266929152 4294248448 15 2428539 134389824 802880 2063 274268160 2445282560 269025792 261423225 61440 1179649 1577 0 0 419459088 1616723975 65559 65536 0 1073741824 478152706 34085632 2147483648 67667968 0 805306496 1107317760 6586500 536875008 142606336 655368 16384 69267844 280608 1099038726 6291457 151807 67174400 4 1392645 2154823680 536875528 67436546 142893184 9478272 33280 67089 536870912 135 67108864 2147485716 872742912 10764800 73738 4 8396800 4194560 201328200 1224768641 2156201096 264 16777280 822976513 4035444800 64511 8 70604 280580 129 0 268435456 0 286048256 9849 196745 8 655680 524288 2148532224 3147265 2097153 3222017024 262015 54403072 4 68 2556428800 1057929 33587456 2281717776 1073741824 278544 8825 536870916 1082277888 67688 268704256 67159680 2147549188 671088640 18964 807046639 1879048192 1378091287 7 1149255696 553680898 336068640 1088 135004672 302006784 1090520193 67150080 536940576 24579 67111057 2080 536877072 67108900 1619009537 10256 537035810 1094975488 2097152 1572936 1342177408 65542 2190476608 2097232 2149721360 2147483776 2147483648 45128 8848 134351876 2281710720 25165840 301998208 16432 786432 1166163968 109052992 75694208 135332352 8388640 33591296 590848 32768 32777 1077936192 402653185 130748514 17367552 71315744 1140883553 268451968 8392708 33025 138543176 134217732 4333824 2214592533 8470533 16 3405776928 33587236 553648128 536936448 17899712 3221750904 271081472 33554977 0 1073744896 131360 1627390529 524290 266243 8912928 1208025169 388051264 536875008 256 1090519110 131072 16801794 131104 2148074048 131352 2164000 537919488 9700352 8651808 537526928 67117440 134226208 1107297281 4720896 37748738 469763072 24832 1074008128 0 285739648 134222848 131106 32816 3221487620 6408195 65604 3154280704 20480 128 570950400 142606352 304226304 9740 180360190 2349599361 2422739224 2084 21233664 33948168 2248163840 307456 402653184 5124 2104704 2283801599 39755792 2147771459 154624 2097152 2214609024 2218819616 83919506 35651604 1093642 43254112 1145372684 2098578 2835480576 20971560 0 256 1179648 2281865216 0 1678249992 537969666 1548 68157441 1680097552 4 33619968 2097172 16863296 135270912 545259544 671088672 3238272066 1 8 1350566176 805515264 151142400 2147486722 536871168 606083088 21 168147061 14089014 304087040 1074004032 17825992 2416836736 402721792 2097152 536870976 1447051264 4108 1572864 545259552 151062022 0 587202561 15286656 2952793092 65568 536871424 839385089 1275084824 135426 4194336 2281738792 201326592 133121 1103629376 604569600 0 33554944 34800146 2260993 131713 37888 2300575744 268468352 16786176 101187844 16384 1124074497 268697632 5308417 17039392 2176192 3222274120 12846084 8388673 64 1344372736 16416
is_linear=0
shrinkage=0.12


Tree=13
num_leaves=63
num_cat=51
split_feature=8 40 1 18 41 22 8 40 7 40 39 19 3 18 19 2 2 19 3 19 41 23 39 18 39 41 23 35 35 22 35 1 41 35 41 22 35 19 19 35 41 35 39 35 19 1 35 35 35 2 41 24 22 41 41 19 23 41 35 35 41 35
split_gain=74.4204 161.806 132.778 170.543 125.313 128.071 120.257 257.809 155.434 132.529 294.687 499.483 330.979 269.787 386.693 516.007 308.891 275.117 331.065 243.874 124.487 119.96 116.126 111.99 108.84 107.68 111.279 105.42 101.869 101.498 100.54 98.4851 97.3652 96.8854 96.7273 96.7229 95.5297 92.9983 92.8412 92.2216 90.6139 87.0278 82.428 82.2704 79.5812 78.8689 77.173 77.0875 76.8188 76.6164 76.5993 76.2574 82.9929 75.6198 75.4675 74.8896 74.1502 85.2364 82.9629 74.0223 74.0087 73.7539
threshold=1.6220703125000002 0 0.10916666686534883 1 2 3 0.90917968750000011 4 0.066406250000000014 5 6 7 0.042500000447034843 8 9 -0.44583332538604731 -0.38249999284744257 10 0.042500000447034843 11 12 13 14 15 16 17 18 19 20 21 22 -0.16583333909511563 23 24 25 26 27 28 29 30 31 32 33 34 35 -0.1091666668653488 36 37 38 -0.27083334326744074 39 40 41 42 43 44 45 46 47 48 49 50
decision_type=2 9 2 9 9 9 2 9 2 9 9 9 2 9 9 2 2 9 2 9 9 9 9 9 9 9 9 9 9 9 9 2 9 9 9 9 9 9 9 9 9 9 9 9 9 2 9 9 9 2 9 9 9 9 9 9 9 9 9 9 9 9
left_child=2 40 6 4 -4 46 9 43 20 10 11 24 19 17 15 -15 -16 29 -19 -13 -9 27 55 33 49 48 53 -10 -23 -12 -5 34 -32 -24 -25 -33 -37 -30 -14 60 -2 -22 -41 -8 -29 -43 -6 -42 -11 -1 -45 52 -52 -27 -48 -3 57 -34 -59 -53 -28 -36
right_child=1 22 3 30 5 -7 7 8 21 25 13 12 38 14 16 -17 -18 18 -20 -21 41 28 23 31 -26 26 39 44 37 -31 32 35 56 -35 61 36 -38 -39 -40 42 47 45 -44 50 -46 -47 54 -49 -50 -51 51 59 -54 -55 -56 -57 -58 58 -60 -61 -62 -63
leaf_value=1.9967566081690262e-05 9.1764360908755678e-05 -0.00025948450518051286 -0.00016411842099441412 -4.1234701506624239e-05 0.0002485645689038838 -2.3368299545513845e-05 8.7056375953851954e-05 -0.00013173843152499483 0.00011382012882214543 0.00037655590057938466 0.00030546273249857563 -0.00059336152056149445 -0.00013558729196383443 0.00028849279188292073 -5.0350465185986524e-05 -0.0001789068356096958 0.00010401712605882151 -0.00025125582529732731 1.3519001053443329e-05 -0.00017986821628995445 -5.8801405290286346e-05 0.00012042181273315208 0.0001282871420991345 -0.00013385577428544931 3.8237474251856638e-05 -7.5625483741628699e-05 -0.0001406287155183335 -0.00027246105056647087 -0.00013305800937672552 5.8942300674877166e-05 -8.6221147423648322e-05 -0.00010025394318146948 -8.4061491231222712e-05 -0.00010428831941626986 -0.00010439283316795683 0.00026541718249924932 2.9593660899781306e-05 -6.1188411804752893e-06 1.2036127674088127e-05 6.2286465740521337e-05 -0.00027753203816760285 0.00011086312909438397 -2.5866522773893198e-05 5.1436742686739426e-05 -9.8389492749423278e-05 2.0302652569393104e-05 0.0002565800471237318 -0.00011685878512691391 8.1079451161803501e-05 0.00043143002245651886 -6.3117377683001273e-05 -0.00023608854084645025 -0.00022718141625300132 8.7433135082273249e-05 3.8213303716364133e-05 -6.968242974200747e-05 8.6583141791642549e-05 -2.5186660298260644e-05 0.00021237147234760064 -7.3000075785909556e-05 0.00017215033173151651 0.00020930737405053799
leaf_weight=1614 854 755 3680 3526 1269 22230 2106 3616 1738 3398 2329 9660 9435 2755 26157 23604 132731 26217 22891 38492 4476 3852 688 608 7287 6490 1882 1823 3758 5269 1355 2555 894 3949 428 689 5023 28587 32790 26834 1275 18577 103247 2530 12459 16399 1187 6434 14836 5369 3202 2628 6803 57546 8884 4750 16720 909 6418 18509 9573 3754
leaf_count=1614 854 755 3680 3526 1269 22230 2106 3616 1738 3398 2329 9660 9435 2755 26157 23604 132731 26217 22891 38492 4476 3852 688 608 7287 6490 1882 1823 3758 5269 1355 2555 894 3949 428 689 5023 28587 32790 26834 1275 18577 103247 2530 12459 16399 1187 6434 14836 5369 3202 2628 6803 57546 8884 4750 16720 909 6418 18509 9573 3754
internal_value=2.54895e-06 -0.00568946 0.000237801 0.00533858 -7.72889e-05 0.00222976 -0.000249932 -0.00352771 -0.000265695 0.000503219 -0.000966614 -0.0062867 -0.00958125 0.00133457 0.00355157 -0.00990633 0.00578477 -0.00590712 -0.00919544 -0.0163824 0.00507081 -0.00466727 -0.000480804 0.00425618 0.0145694 0.0027794 0.0019951 -0.0133084 -0.000838464 0.0153272 0.0120989 0.00994414 0.0146511 -0.0117444 0.0236394 0.00201717 0.0106918 -0.00303736 -0.00182727 0.000116992 -0.0197738 0.00702412 -0.000792356 -0.0122112 -0.0167063 0.00904081 0.0126004 -0.0238881 0.0116146 0.0252695 -0.0136516 -0.0152841 -0.0239233 0.00614539 0.00905682 -0.0156824 0.0163555 0.0256966 0.0299714 -0.0111835 0.0104334 0.0301001
internal_weight=800303 31762 768541 67072 37250 33570 701469 131063 95285 570406 346600 104647 90377 241953 185247 26359 158888 56706 49108 48152 43068 52217 23199 17694 14270 223806 205572 16020 36197 7598 29822 13057 26296 4637 4790 8267 5712 32345 42225 141536 8563 39452 130081 35778 14282 34976 11340 7709 18234 6983 33672 31142 10005 64036 10071 5505 24941 8221 7327 21137 11455 4182
internal_count=800303 31762 768541 67072 37250 33570 701469 131063 95285 570406 346600 104647 90377 241953 185247 26359 158888 56706 49108 48152 43068 52217 23199 17694 14270 223806 205572 16020 36197 7598 29822 13057 26296 4637 4790 8267 5712 32345 42225 141536 8563 39452 130081 35778 14282 34976 11340 7709 18234 6983 33672 31142 10005 64036 10071 5505 24941 8221 7327 21137 11455 4182
cat_boundaries=0 4 11 19 23 28 34 39 46 53 60 67 74 82 86 91 98 103 111 115 123 131 135 143 151 159 167 171 179 186 193 201 209 217 222 230 237 245 253 261 269 273 277 285 293 300 303 311 319 327 334 342
cat_threshold=2463107072 268654592 261554239 49424 786674 805568527 0 536871168 1050112 2148532736 4194304 142673920 526350 159383688 131361 1082654720 201334784 4235521 68157442 14983168 4172824576 2149755647 2 3539995904 269029376 261488889 49152 8388621 805309317 281600 0 1426064736 15953926 1 2592 0 2097152 1568702226 3764207879 0 2098688 227543041 520347772 4196353 16785410 16384 0 0 1342177280 537657728 0 2149580800 14685187 0 2098176 243271681 520347772 4196353 16785538 16392 0 2098176 260065281 520339572 4327425 16785410 16392 524290 524558 2097664 2049 16785414 940539912 1507808 268444417 67125560 134217728 524290 17858560 268503056 2164850720 6848532 1547695271 268443834 67109508 2 88148483 3624011840 3948552 0 268435456 2 805568512 268960064 524416 2147485184 1050113 2097152 0 0 2097152 1434477840 7 541130784 4718592 1728054784 271056902 10 67633674 524289 7178 702 1629487104 1820195910 6 16789504 36 538968064 16779264 1078068401 806684680 1092621316 12288 605028352 1073807872 796736 264 143131138 134348833 134234161 9257 2446924100 2147550216 271016276 15 2686550016 2147745864 2483028224 57728 536871072 65824 304 25166210 2150629408 348129794 301989904 262144 32768 1117257892 269484160 360464 12591192 393216 2 98312 1073743904 1375732032 881853536 8540160 620765204 134250512 0 2231370784 536870912 8192 9980160 37945344 2742031690 206594625 2426405376 15 2722103305 8200 2064 180486144 2885947712 163888 4227584 32768 0 2224034816 168837168 16793688 306188441 58720304 520 2 1073778703 4231168 4097 8368 478396424 926016 553746432 2147565568 1073747968 167776772 2181865860 65554 2147549184 33570944 2281701396 786468 268443665 554959361 2819637250 1342177408 1342177288 16777224 272630272 1075851604 145 268698112 32768 73433088 1812989954 9437440 2164261410 0 2654208 427843592 2953117959 4721665 0 81920 277364864 270532738 3493855248 537526281 75498243 0 3288858881 151012352 2218013 671090692 536875074 98352 13205770 17825792 2147492096 1140851712 604506112 805347840 16777316 1114112 2147549698 341121112 8413264 268435712 43008 1034 71303296 4096 436748310 1124075520 96 3221233684 1073745920 92277760 4195336 100925440 720896 68 2432917504 268570756 13763586 2148532224 134234112 4358336 3289799702 1745896744 185827400 2 1082196130 2345177102 950048544 14 1074268160 8389152 139264 4211840 2225078532 2138112 1006635336 18882560 2147746306 268697600 2684878912 136335872 268507360 3221225472 671088648 2195460 524290 5244416 2147501057 478150688 138594432 83894272 16400 3849404424 2320682916 2214595140 818348032 3221225472 682056 49152 168304705 263680 8192 1160 21504000 16917504 65576 136445976 136315649 138428544 34603010 34627584 34603328 335677440 67371080 1677725798 1073776896 67371009 8388624 34607104 128 469910016 2623520 537919504 33554592 3489824896 2902593666 8912960 1606144 541696 1463328 67112960 167772672 134283523 49152
is_linear=0
shrinkage=0.12


Tree=14
num_leaves=63
num_cat=55
split_feature=8 39 3 3 3 38 40 25 39 35 35 34 41 35 41 20 18 38 22 41 41 34 34 38 41 34 21 41 34 41 35 22 21 34 34 34 35 41 34 41 41 3 19 4 4 22 34 41 41 35 41 35 34 35 34 24 22 41 41 35 34 35
split_gain=83.4463 230.484 239.906 223.337 198.275 175.24 156.696 140.015 132.08 124.88 122.18 109.397 108.52 106.487 105.151 104.023 168.756 156.956 147.389 114.925 109.235 109.187 107.867 104.485 102.437 99.626 97.8057 97.9268 97.654 94.6303 94.3702 92.3151 92.3134 102.082 100.922 91.7697 91.431 90.7765 89.5283 89.5196 84.5015 83.0684 116.397 126.007 117.35 103.724 106.485 96.9442 96.8602 94.0712 92.4574 91.7396 84.1299 83.9674 81.8113 80.8016 79.8733 79.1971 79.1506 78.8912 78.378 78.1537
threshold=0.35644531250000006 0 0.015833333600312475 0.019166666083037857 0.012500000186264517 1 2 3 4 5 6 7 8 9 10 11 12 13 14 15 16 17 18 19 20 21 22 23 24 25 26 27 28 29 30 31 32 33 34 35 36 0.042500000447034843 37 0.029166666790843013 0.035833332687616355 38 39 40 41 42 43 44 45 46 47 48 49 50 51 52 53 54
decision_type=2 9 2 2 2 9 9 9 9 9 9 9 9 9 9 9 9 9 9 9 9 9 9 9 9 9 1 9 9 9 9 9 1 9 9 9 9 9 9 9 9 2 9 2 2 9 9 9 9 9 9 9 9 9 9 9 9 9 9 9 9 9
left_child=1 2 13 9 6 26 8 15 37 -2 -10 -9 -11 56 -12 16 19 21 23 -6 -19 -17 -22 -18 -8 -21 27 -5 -16 -13 -26 -23 34 -34 -32 -14 -20 -3 -28 -4 -15 47 48 45 51 53 -47 -7 55 50 -49 -45 -51 -44 -52 -43 -1 -50 -40 -37 -42 -41
right_child=3 4 39 5 7 41 24 11 10 12 14 29 35 40 28 17 18 20 36 25 22 31 -24 -25 30 -27 38 -29 -30 -31 32 -33 33 -35 -36 59 -38 -39 58 61 60 42 43 44 -46 46 -48 49 57 52 54 -53 -54 -55 -56 -57 -58 -59 -60 -61 -62 -63
leaf_value=0.00080479507500236388 0.00019028980254241879 0.00011635439584415985 0.00063817116138947729 -0.00019639511389150986 0.00057290013656940096 0.00014389869883205261 0.00026297042276988443 0.00017338861529736044 -0.00067722957883688858 0.00016932134190228218 0.00081911738811208626 -0.0003938773371992685 7.5403487840145406e-05 -0.00020186808821848404 0.0005439374465023276 -0.00059575248967296793 0.00024177725771526331 0.00035226333162362576 -4.0434465958140317e-05 -0.00069377087014168355 -0.00015903362045332895 -0.00027481132806961013 6.5705765431558111e-05 -7.8103294455669165e-05 -0.00029926231649549497 -6.4359964221261901e-05 -0.00021893185265636512 4.9193228636925215e-06 -0.00018120936017011717 -7.3841303971028131e-05 -0.00039996267756568874 1.5582725785581294e-05 0.0003249282163312069 1.1444780773471945e-05 -5.3270903810989419e-05 -0.00076050619855158683 0.00024053964359782942 -0.00077020314142109371 -0.0002431387147772986 0.00058179865130939825 -0.0003527473929718817 -8.1212203991054755e-05 -0.0011252298481734613 -0.00027545708242966173 1.9118840490095727e-05 0.00044744362198169277 -9.5932256945935343e-05 -0.00035030966209903731 -0.00013081739499855679 -0.00020915531346805347 -0.00029778488094426111 0.00057743970020535139 -4.9816281716702292e-05 -0.00024992420802582834 0.00017204311786606072 0.00016327224861432496 0.0034496301948114499 -2.0755079478844943e-05 -5.7559351857679585e-05 -0.00036910447978324599 0.00094710476662422595 -6.8237640174587295e-05
leaf_weight=921 1281 703 1085 2792 1125 3938 4073 2215 1469 906 673 1438 921 1308 873 1640 4666 3001 3170 1185 5224 4562 38404 9921 6494 9636 3971 35934 7764 13549 3338 8612 3786 25006 25712 995 30358 4273 3528 1458 844 1709 861 542 281308 1645 10979 823 5804 6041 635 3749 39242 5616 4721 3873 2227 78941 39635 6510 9020 13670
leaf_count=921 1281 703 1085 2792 1125 3938 4073 2215 1469 906 673 1438 921 1308 873 1640 4666 3001 3170 1185 5224 4562 38404 9921 6494 9636 3971 35934 7764 13549 3338 8612 3786 25006 25712 995 30358 4273 3528 1458 844 1709 861 542 281308 1645 10979 823 5804 6041 635 3749 39242 5616 4721 3873 2227 78941 39635 6510 9020 13670
internal_value=-5.8477e-06 0.00179428 0.0115698 -0.000839931 0.000454411 -0.000498761 -0.00414039 0.00324249 -0.0149248 -0.0180763 -0.00743953 -0.00688741 -0.0228853 0.0228907 -0.00234284 0.00467691 0.00822799 0.00120478 0.0113973 -0.00453587 0.0046234 -0.00955079 0.00309624 0.00132337 -0.00165388 -0.00834117 -0.00546674 -0.000997469 -0.00592438 -0.0105687 -0.0028234 -0.00589716 -0.00128185 0.00353284 -0.00605326 -0.0271344 0.0157782 -0.0310826 -0.00913757 0.00157631 0.0173391 0.000448362 0.00105866 0.00218016 0.00281133 -0.0072554 -0.000911676 -0.00390311 -0.0027244 -0.00529199 0.00858665 0.0225017 -0.00718755 -0.0195839 0.0143517 0.0125706 0.0423797 -0.0037335 -0.00754603 -0.0315285 0.0211422 -0.000824303
internal_weight=800303 253403 30533 546900 222870 536287 84164 138706 15755 10613 10779 17202 9332 14320 9310 121504 60061 61443 48115 11946 46629 14814 43628 14587 68409 10821 85860 38726 8637 14987 64336 13174 57842 28792 29050 8426 33528 4976 47134 16213 11172 450427 395027 304700 285599 19101 12624 55400 90327 51462 6179 4291 45283 6477 5356 5582 3148 84745 43163 7505 9864 15128
internal_count=800303 253403 30533 546900 222870 536287 84164 138706 15755 10613 10779 17202 9332 14320 9310 121504 60061 61443 48115 11946 46629 14814 43628 14587 68409 10821 85860 38726 8637 14987 64336 13174 57842 28792 29050 8426 33528 4976 47134 16213 11172 450427 395027 304700 285599 19101 12624 55400 90327 51462 6179 4291 45283 6477 5356 5582 3148 84745 43163 7505 9864 15128
cat_boundaries=0 5 13 18 20 25 33 41 49 57 65 73 74 81 88 92 98 106 114 122 128 136 144 146 154 162 170 178 182 184 192 200 208 216 224 232 240 248 255 259 267 275 283 291 299 307 315 323 331 335 338 346 354 362 370 378
cat_threshold=66560 402686016 49152 8388619 2415919104 9579852 2129940 132288 34091264 1024 536870976 2183151872 1024 684 0 0 1409289472 2191360 268505367 1 2 0 786432 1560311056 538001415 855670784 117507200 69644 92275200 2149580810 8388640 276856834 1343488 8455232 4 67192836 209726992 100672000 1075576856 2147614721 128 24576 270565504 8912897 1681915906 1048592 1546720386 1032 4358144 3223322632 874522624 1077936704 0 2169505792 1077936144 16843265 233986 526720 100665344 268779528 537010240 61472 278528 742916097 65538 2156920912 33563904 134357120 34504704 37124 512 566427648 8388736 288 65571 2 0 537395456 0 0 10486784 26214400 2619625232 2249 33816576 2550236160 4 2180 524968 4294713600 2818572351 6 548783104 84543748 8537614 0 262144 537927824 2181111812 5120 4043309312 2281709602 269484576 1109393704 268435456 514 33032 9216 8705 2281980000 8404992 1168 17301537 84101641 4200488 537133072 10568194 67125250 2097228 1140875268 6291457 2752512 1216348160 2321845780 131273 2147520512 2415936520 100 260 6946817 738197584 32784 537464832 35717384 1073746432 4462657 2147549248 2148663297 545259528 2147627008 67174408 131328 537264642 6560016 2921988777 2729093803 1343496256 17426 2181038084 18874376 791570 1073774608 143362 36700160 0 267272 537956368 301989888 184553572 671088656 537921536 435228 2097152 1075838976 2151858432 1084231752 2097168 84344960 50331648 50597894 11142144 1079836928 2162704 1073741824 805306373 671088832 141344 2098436 3225944576 302222186 3207168000 15 3907042818 3122855466 1084236288 2151678488 2458910720 1090584608 411041856 16843024 268452872 524288 16896 33554704 1543899202 524548 5251090 134217728 2013528576 8421380 5245026 16781312 42209280 196610 2491392 406849024 24576 84150320 2197827584 16 268470288 1166149632 100663313 278923264 25165842 8650754 34144256 671088692 2164260864 16418 564 32771 10240 69898256 1610666208 0 268435456 402915432 344080 8390912 285213312 34472192 4457730 134253184 2151682128 8527872 0 330 512 101008424 8545537 32 9469952 3221241856 1076700160 4104 2147550024 81920 0 2147483663 192937989 153329728 4196361 50356304 49160 732520450 132167172 1085276426 10 270336 16416 136839178 159907856 303054976 889786384 71303176 67371008 131204 33570816 167775236 1140850688 1342177281 71303976 1887962113 33947652 1343258627 67371008 83886096 2424307712 2284851205 741504 4194304 23068800 16 134316560 1342709760 134351296 12290 33554432 1174946176 1081603 8 1120896 2151677952 16908998 33554560 263172 69206018 8391360 2550956032 805316608 16785408 786438 262148 134423552 1114114 33589265 4227072 545270168 1073840128 49 67174400 1610743968 2416072736 270336 1794 1052744 1073774592 131074 537436160 340288000 404754816 65544 1073872905 269484036 288 1094062080 16392 2550136834 2097204 39845960 603984744 3624412116 287313345 12 134743038 2315888675 343961925 2156011528 2622484 1082130944 33849344 25174016 2049 19996704 67109926 536903713 2099200 407144592 32 1174687779 16779265 8389632 25166848 133201 0 2147494400 537069568 262272 134349568 88088657 67109216 4223236 16384 524288 33792 134283360 2281701448 304616000 42336272 66184 2147516416 33816576 33554497 2149607428 1096 2449479686 573568
is_linear=0
shrinkage=0.12


Tree=15
num_leaves=63
num_cat=54
split_feature=5 38 34 35 34 7 38 7 39 20 3 28 25 7 38 7 20 23 38 23 38 25 38 7 34 3 20 18 39 23 23 38 34 34 34 34 34 34 35 35 34 35 35 34 35 34 35 23 35 23 34 23 35 23 35 34 34 35 34 23 23 40
split_gain=78.5141 178.04 81.8915 72.5643 96.0165 72.4115 235.096 124.693 271.5 116.328 268.813 244.17 312.975 156.898 100.585 96.9297 130.93 262.035 348.586 223.386 183.421 180.292 117.179 145.674 117.075 100.245 97.8871 232.352 223.575 137.596 124.111 142.426 105.429 103.05 97.3208 97.0628 96.9202 94.946 94.376 87.8755 86.83 86.0276 85.3919 82.713 80.958 83.1386 80.669 77.4575 77.1929 76.5896 77.1887 75.5406 75.482 75.0604 74.2729 73.9382 73.7248 72.0122 71.7483 70.0394 67.4393 65.4781
threshold=0.057500001043081291 0 1 2 3 0.33984375000000006 4 0.21484375000000003 5 6 0.010833333246409895 7 8 0.30859375000000006 9 0.082031250000000014 10 11 12 13 14 15 16 0.12109375000000001 17 0.024166666902601722 18 19 20 21 22 23 24 25 26 27 28 29 30 31 32 33 34 35 36 37 38 39 40 41 42 43 44 45 46 47 48 49 50 51 52 53
decision_type=2 9 9 9 9 2 9 2 9 9 2 9 9 2 9 2 9 9 9 9 9 9 9 2 9 2 9 9 9 9 9 9 9 9 9 9 9 9 9 9 9 9 9 9 9 9 9 9 9 9 9 9 9 9 9 9 9 9 9 9 9 9
left_child=1 2 -1 4 -3 7 -7 15 9 10 -9 12 13 -11 43 26 17 22 19 -19 35 -20 23 -17 48 -26 28 29 40 38 33 -32 57 -30 -24 -18 52 41 -28 -31 -2 -16 -37 51 45 -39 55 -34 -22 50 -48 -10 -8 -42 -52 -38 -51 -29 -46 -54 -12 -58
right_child=5 3 -4 -5 -6 6 36 8 14 11 60 -13 -14 -15 37 16 20 18 21 -21 24 -23 34 -25 25 -27 27 32 30 39 31 -33 47 -35 -36 42 46 44 -40 -41 53 -43 -44 -45 58 -47 49 -49 -50 56 54 -53 59 -55 -56 -57 61 -59 -60 -61 -62 -63
leaf_value=-0.0010666042827429496 0.00043993813420214968 -0.000923598892823876 0.004458436379244991 1.9730229059910829e-05 0.00072658005978171029 0.00052244991113947422 0.00045784395938931364 0.0049949602884364255 0.00064971664381846864 -0.0037902917881697641 0.00016579870762603737 -0.0035922690751000849 0.0024725974798309948 0.00066841394427254695 -0.000280713710568812 -4.0340863408946684e-05 0.00030282516978044274 2.4601158886268834e-05 -8.1053058451103096e-07 -0.00041290603666103591 0.0002346895288134779 -0.00010442924291417301 -0.0001409873291332191 0.00053880024919542393 -0.00014559332393986336 -1.1178284854255769e-05 0.00036471375654854529 0.00032933484812389612 -9.1426896956560785e-05 -0.00026258691537432407 -0.00012325045390949952 -2.2059025504413306e-05 7.8491966995274413e-05 3.7077337550545814e-05 1.6257506044231384e-05 0.00033785312406445564 0.00012198249417211374 -0.00037694293715140895 2.0103305776708323e-05 -6.7867676113380945e-05 -2.9618224270885541e-05 -2.4101010014227518e-06 4.8629767437982905e-05 -6.3752349997631824e-05 0.00019401887834243881 1.4334999778489865e-05 -0.00058622752309754177 2.0327693707554854e-05 4.3217772613112454e-05 -0.00031782513842186944 -0.00052828604414487384 5.8116558985619427e-05 0.00035323072279440165 0.00018069034673946145 -0.00010453611811342483 -0.00043343183801992848 -0.00022788317969007978 0.00010515072619135673 8.3351777325769475e-05 -0.00012363341858400383 -0.00045331327567149811 2.6759178385129316e-05
leaf_weight=532 1525 552 3509 39117 4619 4545 658 338 628 751 810 1325 515 221 1179 3742 2551 3189 44895 10256 1699 44666 4548 5291 20557 88166 1412 1237 6457 2398 19145 68355 28256 39600 34340 1758 528 1048 12278 27375 3780 8955 24749 17925 9564 6997 1232 62158 13763 2745 1241 1394 949 7606 7022 2810 3702 10664 60908 2495 1719 13354
leaf_count=532 1525 552 3509 39117 4619 4545 658 338 628 751 810 1325 515 221 1179 3742 2551 3189 44895 10256 1699 44666 4548 5291 20557 88166 1412 1237 6457 2398 19145 68355 28256 39600 34340 1758 528 1048 12278 27375 3780 8955 24749 17925 9564 6997 1232 62158 13763 2745 1241 1394 949 7606 7022 2810 3702 10664 60908 2495 1719 13354
internal_value=-1.3045e-05 0.00467526 0.0287491 0.00247043 0.0158132 -0.000314372 -0.0052002 -3.05615e-05 0.00360066 -0.0219504 -0.00487667 -0.0392634 -0.00568375 -0.0456097 0.00493877 -0.000726336 -0.00222585 -0.00473436 -0.0081446 -0.0261544 0.000245081 -0.0054378 0.00259612 0.0148988 -0.00176333 -0.00315299 0.00083436 0.0030356 -0.00135664 -0.0043142 -0.00281472 -0.00546851 0.0061579 0.00222709 -0.000265294 0.00882559 -0.00838576 0.0066711 0.00564005 -0.00889172 0.0137151 -0.00425783 0.00666541 -0.00275965 0.00808211 -0.00332133 -0.0105716 0.00475881 0.0080031 -0.0085492 -0.0174061 0.020177 0.00898394 0.010086 -0.0131819 -0.0282268 -0.00429415 0.0167716 0.00938426 0.00180554 -0.0183485 -0.00134989
internal_weight=800303 48329 4041 44288 5171 751974 41281 710693 114277 5679 2867 2812 1487 972 108598 596416 304170 150927 103006 13445 153243 89561 47921 9033 124185 108723 292246 145778 146468 43463 133557 87500 102315 46057 38888 29058 36736 88651 13690 29773 12911 10134 26507 19947 78517 8045 32634 90414 15462 29296 9495 2022 4102 11386 8263 3338 19801 11901 70472 3444 2529 17056
internal_count=800303 48329 4041 44288 5171 751974 41281 710693 114277 5679 2867 2812 1487 972 108598 596416 304170 150927 103006 13445 153243 89561 47921 9033 124185 108723 292246 145778 146468 43463 133557 87500 102315 46057 38888 29058 36736 88651 13690 29773 12911 10134 26507 19947 78517 8045 32634 90414 15462 29296 9495 2022 4102 11386 8263 3338 19801 11901 70472 3444 2529 17056
cat_boundaries=0 7 15 23 31 39 44 45 46 47 55 56 60 68 71 79 83 91 99 100 107 112 115 118 125 133 141 149 157 165 173 181 189 197 205 213 221 229 237 245 248 256 260 268 272 280 284 292 300 308 316 324 328 332 337
cat_threshold=1261260 262400 0 0 0 0 4 269094912 268476418 285671552 512 805306376 659712 2147483658 86032456 75530880 33625092 268435720 4194376 1073741890 536936449 67119362 1785856 393728 33685505 2147500096 1065794 75634176 75501568 1107296516 67111008 210892 262160 1025 256 134348800 64 260 8 0 134217728 0 8388616 2147483904 288 60 1 1125504 2281980416 3200 536871168 0 536870944 2434302208 8313 292 0 584714240 4293752448 15 131136 32768 0 528384 16 0 2469969924 9849 262144 2368050432 1179904 201024 0 132096 1074266624 134217736 536871424 2451325320 9849 536903843 0 0 1342177280 1256448 2281981184 0 0 2281701376 67 2436644884 8305 541099681 1183776 1024 839139344 135274496 136317248 532736 25165824 208 196643 9 655424 524288 2148532224 2098688 2097152 2147483648 134226176 32784 8392712 2148532481 1047593 403194048 355766208 3032630271 19189091 16777280 9568256 2590297876 131209 33536 2149580816 536870912 16656 67129864 33554433 33817088 2150106112 134234258 100679808 2231370760 2130184 2164261408 1080320000 6336 33556994 4 230144 2686451968 67141700 2418016768 0 136511488 5243473 2684354560 1078002181 134217872 36847808 524289 2147483648 271057426 2181046272 268445200 278922240 167772704 16811528 2152728576 0 32844 1074925576 1573588 16777728 67645584 82434 21039136 262144 525056 537285896 268968961 4096 8536096 2123792 788544 1384448 1082163456 2164261888 1024 2189426697 34111520 17399873 16778240 1073823744 17072129 1074790400 1073741904 153919501 2185232384 196704 1107300516 8394896 5242888 2154299392 268435464 2353008640 39846144 133248 1184260 32 18875409 234881282 541609984 26230784 1090527240 1025 17047560 528384 151553 35127680 268436512 554696704 4481026 137376 1253888 64 50462848 134219316 34112008 9437186 17410 135208 272115456 20972608 2147487792 1073872896 603980292 1342243920 16779264 41943040 33593229 1610678411 2228228 2560 536870912 163904 2147748096 512 1074005504 3220480 296960 1073158 1209147656 1207960256 0 65600 1293418496 263219635 1074387985 0 1073741896 8430720 805312004 8519712 1179650 134264880 68423681 3374383808 311613749 2492465168 11 32776 1107296256 68288512 10487840 6330370 143982592 2262048 2097224 2820822272 4212412679 830476297 2 32768 352854048 294912 2684403744 136355840 138416130 67113089 32833 570969628 75628801 2076016897 9 335677696 176685632 258 671122433 268435504 269484322 536873232 1048584 226496512 16781317 8519681 4261904 2726297600 263425 811598336 524289 17039616 67110920 270336 270599200 278923296 2215641217 19137024 69206273 109316098 839125120 0 4335616 0 2149849792 2155888672 33554433 1073762824 42008576 132 2149646336 1073758508 570426432 135004689 524293 1375762468 2149908993 1678677716 1 2625727729 268715184 286937346 8 17826308 262144 262213 285223168 6512650
is_linear=0
shrinkage=0.12


Tree=16
num_leaves=63
num_cat=54
split_feature=8 18 19 3 29 3 8 3 22 40 19 6 41 35 22 41 41 34 34 22 34 34 35 34 34 35 41 34 41 22 35 41 22 34 4 35 34 41 35 34 19 22 5 18 18 22 41 21 35 41 34 41 35 34 22 34 24 34 22 35 41 23
split_gain=81.8345 322.629 171.821 164.485 158.754 140.137 139.816 132.912 153.967 119.345 119.255 136.644 116.496 104.736 104.512 112.186 100.831 100.499 99.8679 99.0182 96.3039 95.0228 94.9548 94.9298 93.7208 93.1382 92.8718 96.5201 91.8155 90.9733 90.7921 87.519 87.5044 98.6746 87.1633 95.1428 93.2526 87.0938 87.0254 84.2481 83.9286 83.6778 172.462 226.307 128.155 173.692 104.103 86.1467 83.5975 82.7175 82.4147 82.229 82.2076 82.1304 81.8362 81.5522 81.1516 80.6655 79.4496 77.7965 77.7955 81.6901
threshold=0.17675781250000003 0 1 0.0091666667722165602 2 0.019166666083037857 0.53613281250000011 0.0091666667722165602 3 4 5 0.27958343923091894 6 7 8 9 10 11 12 13 14 15 16 17 18 19 20 21 22 23 24 25 26 27 0.0091666667722165602 28 29 30 31 32 33 34 0.29749999940395361 35 36 37 38 39 40 41 42 43 44 45 46 47 48 49 50 51 52 53
decision_type=2 9 9 2 9 2 2 2 9 9 9 2 9 9 9 9 9 9 9 9 9 9 9 9 9 9 9 9 9 9 9 9 9 9 2 9 9 9 9 9 9 9 2 9 9 9 9 1 9 9 9 9 9 9 9 9 9 9 9 9 9 9
left_child=1 7 31 4 13 6 9 8 -1 19 11 28 17 -4 38 -16 53 -13 52 -2 -9 -14 -20 -15 -21 -17 -11 56 55 -25 -29 -3 33 -33 35 -18 -37 -26 -6 -40 -32 42 43 -36 47 -46 -44 -43 -8 -34 -30 -23 -5 -12 -38 -7 -28 -51 -53 -59 -24 -62
right_child=5 2 3 18 14 10 48 20 -10 26 16 12 21 23 15 25 34 -19 22 24 -22 51 60 29 37 -27 27 30 50 -31 40 32 49 -35 41 36 54 -39 39 -41 -42 44 46 -45 45 -47 -48 -49 -50 57 -52 58 -54 -55 -56 -57 -58 59 -60 -61 61 -63
leaf_value=0.00019228664659949593 -0.00014255281179307653 -0.00025961752804466671 0.00026631941163443064 -0.00035307828964237508 0.00053697830027211481 -0.00030022213523264279 0.00015046032107255832 0.0028272504527086391 0.0061423793895200628 -0.00041738443191895825 0.00016940692739685943 -0.00027325784771274516 -0.00018452303557863061 0.00017639417621114289 0.00039813216771990078 0.00025153926986462696 0.00064680147417645289 0.00011851783694201826 -0.00026300616839070414 -0.00033123264537662637 0.00015797817353760003 -0.00019690809113442648 0.00052743471199869971 -0.00034673986032235615 -0.00026662354059458235 -0.00025125870952259202 0.00030275960640632971 0.0001057639548786311 9.0164202844746438e-05 -0.0010666211064582643 -0.00032295165243627718 -0.00027849354382775143 0.0004638673536325452 0.00040052848610224422 -9.5636178036975787e-06 -0.0012314848732788409 0.00015516373950282705 0.00020823425377679226 -0.00046540147442088089 0.00011537644060310401 -0.00010627924787532273 -2.529938928499557e-06 -0.00010924856138904572 0.00018252021531816353 -7.1121722574274366e-05 1.4084668973728065e-05 6.6570849765094021e-06 5.2068339733692022e-05 -0.00051421835091286408 0.00036774238329078291 2.9696967029531643e-06 1.1131651825419812e-05 0.0004013095057112413 -7.4554373070618728e-05 -0.00058716775686481701 -4.74652657941412e-05 -6.0072471946595987e-06 -0.00042596490321952411 -7.2500609102983573e-05 3.3885632964552657e-05 0.00018126538930998907 -4.0829676028628752e-05
leaf_weight=1363 3287 2225 1207 661 846 1477 539 788 3644 2541 2513 1129 9084 1217 1221 1475 979 8449 3871 887 4534 5152 1905 2763 1050 14056 1193 3334 8453 5979 4094 1111 2613 10682 22504 773 1844 8175 910 7197 21130 57764 4346 40136 50993 77742 50194 81672 3252 2547 87936 21352 4406 29103 3974 8268 2650 1425 45856 18581 9065 20186
leaf_count=1363 3287 2225 1207 661 846 1477 539 788 3644 2541 2513 1129 9084 1217 1221 1475 979 8449 3871 887 4534 5152 1905 2763 1050 14056 1193 3334 8453 5979 4094 1111 2613 10682 22504 773 1844 8175 910 7197 21130 57764 4346 40136 50993 77742 50194 81672 3252 2547 87936 21352 4406 29103 3974 8268 2650 1425 45856 18581 9065 20186
internal_value=-7.64701e-06 0.00279317 0.000984495 -0.00230874 -0.00809373 -0.000533371 -0.00650938 0.0231041 0.0371571 -0.00476842 -3.22344e-05 -0.00247099 -0.0058824 -0.0200322 -0.00289769 -0.00848962 0.00110037 0.0066319 0.00301077 0.00485869 0.00991734 -0.00735415 0.000729471 -0.0240818 0.0107388 -0.0112488 -0.00845912 -0.00671952 0.000454511 -0.0284578 -0.00912285 0.00745178 0.00884477 0.0173723 0.00162501 -0.0111252 -0.0163017 0.0143293 0.00756274 0.00370981 -0.0115834 0.00187558 0.00455048 0.00884646 0.000706532 -0.0020235 -0.000382823 0.00322701 -0.0286949 0.00484232 0.00157716 -0.00589952 0.018736 -0.00541798 -0.0110326 -0.0106385 0.0111128 0.00249413 -0.00477715 -7.19323e-05 0.00293378 0.00139835
internal_weight=800303 126478 116149 76965 36871 673825 52132 10329 5007 48341 621693 197156 91022 11166 25705 16752 424537 9578 40094 13399 5322 81444 35027 9959 10112 15531 34942 32401 106134 8742 28558 39184 36959 11793 392921 7570 6591 9225 8953 8107 25224 385351 117180 62640 268171 128735 54540 139436 3791 25166 96389 72360 5067 31616 5818 9745 3843 22553 67208 20006 31156 29251
internal_count=800303 126478 116149 76965 36871 673825 52132 10329 5007 48341 621693 197156 91022 11166 25705 16752 424537 9578 40094 13399 5322 81444 35027 9959 10112 15531 34942 32401 106134 8742 28558 39184 36959 11793 392921 7570 6591 9225 8953 8107 25224 385351 117180 62640 268171 128735 54540 139436 3791 25166 96389 72360 5067 31616 5818 9745 3843 22553 67208 20006 31156 29251
cat_boundaries=0 2 9 10 13 18 25 33 41 44 52 60 68 76 79 87 95 103 111 119 127 135 143 151 155 163 171 175 183 191 199 207 215 223 230 233 240 247 251 259 261 269 277 285 293 301 309 313 321 325 333 337 345 353 357
cat_threshold=0 9 2 3221225999 152050724 285313028 402726912 33816576 49192 28 201919487 140091488 4194305 1526728848 857088 235077887 47168 4 0 527 193020929 2196560 205588496 33570818 49164 6324224 2684354628 2048 550633616 2099718 2149778052 37765120 192 419430400 16778252 320 4363 203423750 0 139247632 100696080 1023 2661094212 25165911 538968832 656386 67239984 34816 33560640 71305283 268501584 1572880 270567552 335626312 131073 2281701376 1048596 1099048064 8994848 4259840 39911440 82950 143163584 2147484168 16973824 17891392 128 10485760 1074270608 2097216 276824065 1543503876 2717941760 1359020320 369098760 262152 2147647618 437518634 178298674 2911455232 528516 134217760 2098185 16779264 21008384 1207959552 1025 1619017864 8421640 2147483650 135005184 65544 1610875392 270534761 8421440 16909312 165920 1074341984 1145045160 34078720 512 201588742 296962 2147516416 2147680258 1077952640 16912448 369886273 2165309696 88604800 131072 4128 525312 71303168 89128961 25762 205651968 1208223248 24832 637542400 0 813695233 6 1078004864 289669120 553914369 67567648 1075857408 1179648 2148532362 1075879936 335759394 8784000 128 33687552 2621448 131072 25178112 268664832 537141760 1916797088 133124 17047818 139264 884 0 2219048960 58994177 35653648 12544 12584968 3523215871 2485411844 336086992 1 260636672 134374400 2148007936 67633188 2147483648 65 138428936 1192576 2293760 8388608 71307264 274432 33566768 73413638 201326784 3670112 1465339952 9536 33365009 1 10368 33816576 1343242240 310411264 520 1885339649 538181714 4456581 33570952 58720259 536871000 269746184 27262976 4 84477952 327696 1074806784 536916224 1073742400 71303200 1082261505 132672 29362304 17441 4210704 1074003968 275031072 738214656 537919520 1048576 276824329 67110416 10519040 1074040898 16384 553652224 8388736 1082654880 536871056 23068928 805306393 1048576 2048 1082135304 268445056 1049606 92291136 1605632 262208 2218803200 2159018552 8390656 268451874 1099702672 328192 3355451392 2175 736427912 590059 9 0 0 1048576 2097152 2097152 590047 0 1342832896 256 0 1 1026 85001215 1430540288 1409286164 4 536888321 552599552 268435712 32770 3019901440 67180556 3510632449 2048 2181214207 1780517514 2449506304 117703808 67895816 11681792 536870912 2098176 12582912 33554432 2164262912 672139456 33686528 16 1612185600 2600468552 4129 67586 2818572297 0 3591372800 262164 2097668 335544320 1678123404 4259904 524288 1082655745 134259200 32768 75497504 134218754 219807970 33555722 2215641090 4395008 19009536 1116209168 22020130 536870912 4352 17104912 153159680 2684355584 536870912 17892354 1048585 402653184 13395200 541699 1074790641 4032092448 3422618838 1 3221258243 2282094598 786496 562036802 134255616 1024 2685665280 67242016 3238228295 1812021262 2416443624 11 536913924 561152 12648960 33818632 134283268 134480896 33654273 2433024 730263020 137363490 2527592456 2 100704272 2148155416 1024 3355508872 2228225 163840128 8388609 135168 289407232 257 184549520 134496256 2068 574619652 11012097 67198976 799123 805371912 1287570321 13
is_linear=0
shrinkage=0.12


Tree=17
num_leaves=63
num_cat=50
split_feature=8 38 40 9 41 21 3 41 3 38 39 35 35 34 34 34 41 35 34 41 41 4 34 35 35 22 9 7 7 41 41 34 41 23 3 24 5 41 38 34 22 34 34 24 23 22 22 24 34 22 22 22 40 3 34 41 3 19 34 34 41 41
split_gain=61.3498 279.987 114.714 113.586 97.5186 98.1006 99.9753 126.364 96.2942 156.663 109.405 95.0863 91.9943 99.8411 96.0022 91.0481 97.9505 88.536 88.0342 84.4606 81.5439 81.1005 79.5966 78.9187 78.3309 74.0746 73.3158 73.0499 123.489 110.323 93.7278 76.9525 76.088 72.9676 72.8835 70.9097 70.4546 103.236 87.1124 66.7312 68.569 90.871 69.4217 65.684 64.8325 66.6384 63.9395 65.0935 63.1715 62.9466 62.6461 62.0415 61.1864 107.067 108.912 104.982 103.785 170.57 97.8497 92.9693 92.778 82.9367
threshold=0.16015625000000003 0 1 0.30871582031250006 2 3 0.0025000000605359678 4 0.012500000186264517 5 6 7 8 9 10 11 12 13 14 15 16 0.14916666597127917 17 18 19 20 0.40295410156250006 0.15234375000000003 0.23046875000000003 21 22 23 24 25 0.0091666667722165602 26 0.30750000476837164 27 28 29 30 31 32 33 34 35 36 37 38 39 40 41 42 0.059166666120290763 43 44 0.025833333842456344 45 46 47 48 49
decision_type=2 9 9 2 9 1 2 9 2 9 9 9 9 9 9 9 9 9 9 9 9 2 9 9 9 9 2 2 2 9 9 9 9 9 2 9 2 9 9 9 9 9 9 9 9 9 9 9 9 9 9 9 9 2 9 9 2 9 9 9 9 9
left_child=1 3 18 34 46 11 7 -7 9 33 15 -6 13 -8 -14 44 25 -9 -3 -20 -11 -5 -13 -21 48 -17 -23 31 29 -29 -30 -18 -33 -2 -1 -24 37 -25 -38 -26 41 -41 -42 51 45 -10 -4 -48 -22 -45 -46 -28 53 54 -12 -56 57 59 -59 -54 -60 -55
right_child=8 2 4 21 5 6 12 17 10 20 52 22 14 -15 -16 16 27 -19 19 23 24 26 35 36 39 -27 43 28 30 -31 -32 32 -34 -35 -36 -37 38 -39 -40 40 42 -43 -44 49 50 -47 47 -49 -50 -51 -52 -53 56 61 55 -57 -58 58 60 -61 -62 -63
leaf_value=0.014632487133060826 0.001575025660331133 0.00054357557096398142 2.8082359574126547e-05 -0.002147133947693431 -0.00030269882772949238 0.00055564717664158725 0.00043656963642783463 0.00029332097298115665 -0.00053557148860190491 -0.00042830972642971351 0.00019394260134666724 0.00060272789084430138 -0.00022949176741721191 -0.00031479916260022982 4.9290970553937461e-05 -0.00018828963330483903 -0.00031014848362625905 -0.00055469977135282631 0.00081757124844960454 -0.00038977898773614414 0.00018632262501487525 0.0083332765767277217 0.00032653474149313259 -0.00080224969404416729 0.00011767740300717604 0.00025988162429027442 0.00138755296696458 -0.00018441192847692124 0.00023950398778597331 0.00027326106188967959 -0.00037568476890922686 -0.00034045010330687153 -7.6991294711689672e-05 0.00017601598456140239 0.0031612807366130668 3.2828888187458746e-05 -0.00013439847252028056 0.00055333738639229445 0.00014037985299569878 -0.00039518665749572974 -0.00045603382277862599 6.1912700917840342e-05 -0.00014108119308503002 -3.8361726018444339e-05 0.00038233734156615373 6.3638919512822142e-05 -5.023659539561787e-05 -0.00075958339220207169 -0.00045355031213008306 0.0019684365574148509 7.9116969043114055e-05 -0.00061700781864011027 0.00036545912304261489 9.8446946336661824e-05 0.00023170074311545111 -1.4337540620115415e-05 1.2337022020271044e-05 -0.00030612125436000682 -0.00040760658707766423 4.1493046889379787e-05 -4.8886155609666495e-05 -4.7932728961978224e-05
leaf_weight=1410 1115 2124 1193 581 1708 857 674 811 529 2231 4774 1587 4909 5085 34778 1259 3580 6452 1181 1105 438 447 3530 878 2549 2953 533 1798 1265 6909 6538 3792 23390 2303 1365 7608 3989 8941 2201 991 1783 6710 10416 1088 1176 1274 797 1803 2189 2418 2817 1024 1609 3634 3164 37883 445432 4913 2080 11406 34413 61913
leaf_count=1410 1115 2124 1193 581 1708 857 674 811 529 2231 4774 1587 4909 5085 34778 1259 3580 6452 1181 1105 438 447 3530 878 2549 2953 533 1798 1265 6909 6538 3792 23390 2303 1365 7608 3989 8941 2201 991 1783 6710 10416 1088 1176 1274 797 1803 2189 2418 2817 1024 1609 3634 3164 37883 445432 4913 2080 11406 34413 61913
internal_value=-3.14872e-06 0.00276022 0.000800234 0.0231133 -0.0014573 -0.000411109 -0.00277726 -0.0150406 -0.000402615 -0.00697107 -0.000100703 0.00836552 -0.000586163 -0.0147427 0.00147208 -0.00511485 -0.00672052 -0.0201732 0.00873378 0.00603703 -0.0100018 0.0139636 0.0119369 0.00388181 -0.00803571 0.0107954 0.0184615 -0.00828356 -0.00184593 0.00797795 -0.0128072 -0.011741 -0.00954916 0.0172128 0.0432553 0.00833004 0.00602958 0.0123531 -0.00399224 -0.0057326 -0.00807553 0.000793458 -0.0136696 0.0143337 0.00913222 -0.00971898 -0.0201524 -0.0306891 -0.0276013 0.0233996 0.0176479 -0.00619499 0.000369286 -0.00217418 0.00227571 0.000277648 0.000936013 -0.0040108 -0.00777633 0.00796806 -0.00563101 -0.00528521
internal_weight=800303 101077 92211 8866 71792 67999 53566 8120 699226 30725 668501 14433 45446 5759 39687 57280 51484 7263 20419 18295 27307 6091 12725 17114 25076 4212 5510 47272 16510 8707 7803 30762 27182 3418 2775 11138 16009 9819 6190 22449 19900 7701 12199 5063 5796 1803 3793 2600 2627 3506 3993 1557 611221 111368 45821 41047 499853 54421 41406 13015 36493 65547
internal_count=800303 101077 92211 8866 71792 67999 53566 8120 699226 30725 668501 14433 45446 5759 39687 57280 51484 7263 20419 18295 27307 6091 12725 17114 25076 4212 5510 47272 16510 8707 7803 30762 27182 3418 2775 11138 16009 9819 6190 22449 19900 7701 12199 5063 5796 1803 3793 2600 2627 3506 3993 1557 611221 111368 45821 41047 499853 54421 41406 13015 36493 65547
cat_boundaries=0 8 13 21 23 31 38 43 51 59 67 75 83 91 99 107 115 123 131 139 146 149 157 165 173 181 185 189 197 205 213 217 225 233 237 241 245 248 251 259 263 267 271 276 284 292 299 307 315 323 331
cat_threshold=1261516 32784 0 0 0 0 0 1024 2165311745 641536 261423128 61504 9568257 2097168 3221487628 2147483653 8202 235929600 1143029808 2228352 9338880 18088191 65552 4043374592 6815808 1229062720 134218016 557060 2449473537 536936976 2 1261516 16384 2048 8192 0 4 18440 69152 4096 0 8388619 268500992 805306436 805323520 8948736 1350565904 34605056 4352 1342177284 1316880 1073872997 2148204544 608260096 68288544 8912898 570458114 24576 1049728 268452054 2147487809 8406020 201392128 268288 131072 33816584 33554693 4194560 1073774872 8 8458506 9728 132 151453760 15729681 131152 16781312 67120144 4195620 33555714 201850881 1074348288 590352 70 603998208 2785165888 401410 2147502080 16777224 295432 4384 541065344 12292 92799040 17826306 66560 268435474 2492481544 33620000 8421393 8 8404992 1090588704 2290622481 2159280128 134414336 6292488 16650 4194576 0 538453080 1241523840 436207632 2097168 8272 16384 655552 268435712 134230020 100728840 134487168 75498774 19400704 4719650 1073872897 150994960 100663300 268470276 671154226 16778760 67125257 109086212 34607616 32 264420 1073741826 2216689792 167772160 8423040 537004096 1644431360 2064 134217992 67128608 1611662464 2214739985 4587734 276908860 14758864 139272 2147484290 2049 6291745 41975882 10489861 8978448 16779264 8 134217794 0 1091568128 4358152 278398992 2101442 59771010 1140932648 268435456 268697664 805797888 8585280 536936912 553910274 1048576 17301648 402653184 144965633 268435488 1241522689 1107313158 2400 34079744 33554464 2684904324 3891966796 2 1883786296 2417082695 113901954 8 2654208 10552320 121634832 27394080 4194592 1073763456 8388744 60817408 276824064 2097156 132161 2718449920 405802001 66 2181578752 24 12296 32832 54534144 1208029200 2148540545 1073807376 1078159360 83886088 1349517312 357263937 4219977 4 838893584 1024 160 72091648 171966464 205914112 169902090 2424834 16793601 77135873 67240197 2415919172 83937306 2149580800 2147746304 8388608 4724994 2368152976 2206386243 3 2495939360 2196017152 2152745683 3 1176814472 688619781 2290155596 4 289554665 3458330970 1108934672 570705170 189272384 684501213 672137216 268699665 2051 135462912 69240320 70389760 33574916 4194338 1213434807 2384600640 524545 1 2350154892 1120045640 694159493 8 501371984 163591240 2181105701 7 268438785 268533760 261357590 1073774656 9437189 134217728 809500800 5120 272664632 1792 1074528256 1476919528 20514 536946696 34668800 134352896 2180 2172544 671089728 20971529 8552448 0 77603855 16805889 75636772 201326609 69652 131620 16875539 268959756 541065217 34078752 68372 68419584 2621472 4197384 18352130 159385632 536870944 537141520 538181664 33554440 1073746433 655378 69224448 2148794376 1048584 285229632 201326592 1207962112 4619 1769478 537723424 17301760 2152857600 553648128 1082135106 7864336 2097152 37749010
is_linear=0
shrinkage=0.12


Tree=18
num_leaves=63
num_cat=47
split_feature=8 39 41 34 1 18 34 34 41 35 35 34 8 3 18 40 39 19 18 19 18 39 2 18 2 38 40 40 2 41 3 32 9 4 7 34 1 34 41 7 1 26 38 35 34 35 41 34 35 35 34 35 23 34 41 23 24 41 23 41 19 35
split_gain=61.7144 126.849 117.137 108.758 106.563 107.701 106.464 99.0291 91.6837 89.2614 86.9893 86.5795 86.3962 171.664 161.208 159.671 259.614 335.764 319.347 249.499 245.406 213.665 212.794 211.188 202.616 148.194 142.832 140.742 129.26 126.973 119.682 112.344 150.38 105.769 94.03 95.7141 93.4922 91.3975 91.3367 91.0314 210.382 136.795 88.2034 87.2358 86.8935 83.3006 81.6796 80.8406 80.3999 79.8653 78.5909 78.4426 80.3219 94.0842 87.7373 76.216 75.7377 74.7677 74.4497 74.1345 76.9902 72.9563
threshold=1.6220703125000002 0 1 2 0.10916666686534883 3 4 5 6 7 8 9 0.52441406250000011 0.024166666902601722 10 11 12 13 14 15 16 17 -0.43749999999999994 18 -0.44583332538604731 19 20 21 -0.51249998807907093 22 0.015833333600312475 0.61995968222618114 0.31896972656250006 0.14916666597127917 0.21484375000000003 23 -0.015833333600312468 24 25 0.12109375000000001 -0.067500002682209001 26 27 28 29 30 31 32 33 34 35 36 37 38 39 40 41 42 43 44 45 46
decision_type=2 9 9 9 2 9 9 9 9 9 9 9 2 2 9 9 9 9 9 9 9 9 2 9 2 9 9 9 2 9 2 2 2 2 2 9 2 9 9 2 2 9 9 9 9 9 9 9 9 9 9 9 9 9 9 9 9 9 9 9 9 9
left_child=4 6 -3 -4 12 8 -2 61 -6 -9 -5 -10 14 36 30 21 19 20 -19 24 -18 22 -16 28 -17 38 -21 -24 -23 -25 31 32 55 -34 39 48 42 -33 -15 40 -27 -41 -14 -37 -32 -38 -46 56 -36 -48 -47 -13 53 -53 -54 -1 -12 -11 -44 -49 -61 -7
right_child=1 2 3 10 5 7 -8 9 11 57 47 51 13 25 15 16 17 18 -20 26 -22 23 27 29 -26 34 -28 -29 -30 -31 44 37 33 -35 35 43 45 -39 -40 41 -42 -43 58 -45 46 50 49 59 -50 -51 -52 52 54 -55 -56 -57 -58 -59 -60 60 -62 -63
leaf_value=0.0034392281235504571 -0.00018364104858586009 -0.00023200380182209542 -0.00015528540059476644 9.6040384619355782e-05 0.00012625030695418977 -0.00021490200359275687 0.00010685386783415049 -4.7042402109783135e-05 0.0001049336927607764 -0.00010052802246996702 -9.6767251625477253e-05 0.00010606653131544314 0.00037427742263834572 -0.00027201184498528043 0.00024802414342967722 0.00030659690858665694 -0.00023282983451144971 8.7073804281236376e-05 -0.00012300088743805583 -6.5737152220064689e-05 0.00023847290605934392 0.00030285699213258957 5.8329808902825341e-05 0.00045686316591485315 -0.00029843728100168186 3.5902180168540083e-05 0.00014186625670873002 -0.00033859098461280209 -0.00025923346892750928 0.00011602500013445282 -0.00018566343312137039 0.00044407020970772359 -0.003620256548288076 0.0011400215802089156 -0.00016749404099776992 0.00017594838304247173 -0.00087964503684722999 1.2082388691115973e-05 -5.446783672151644e-05 1.8704868554983519e-05 -3.1810798299752388e-05 -7.1347438919606057e-05 0.0001397450056392486 8.3275599293786757e-06 -0.00028053055064236349 -0.00089212849954348802 -0.00022333632454505666 9.2293216029124418e-05 0.00021458830462665248 0.0001275265698237189 -0.00027464859844374362 -0.00018907479637936622 -0.00023301602967550652 5.6030951062625969e-05 -5.4481315775408232e-05 0.012794980324819181 0.00013159260754375319 0.00011158046739475471 -0.00043271772701677046 9.1603495535046858e-05 -8.6104307027757291e-05 3.4040603700968148e-06
leaf_weight=795 647 1646 2937 2117 3319 796 5221 2541 3978 1085 803 2647 784 3861 2114 784 3291 18892 105884 10173 13035 549 5464 4895 6492 86042 43257 10768 6139 47616 3705 1008 531 6894 737 4178 648 8124 60714 30781 82358 51820 670 36940 2265 452 1821 1565 5390 24960 3627 1171 1949 7799 15543 1854 1817 23229 1157 1360 13649 3015
leaf_count=795 647 1646 2937 2117 3319 796 5221 2541 3978 1085 803 2647 784 3861 2114 784 3291 18892 105884 10173 13035 549 5464 4895 6492 86042 43257 10768 6139 47616 3705 1008 531 6894 737 4178 648 8124 60714 30781 82358 51820 670 36940 2265 452 1821 1565 5390 24960 3627 1171 1949 7799 15543 1854 1817 23229 1157 1360 13649 3015
internal_value=1.49868e-07 -0.00518322 -0.00879178 -0.00667766 0.00021438 0.00478397 0.0107347 0.0100215 0.000369047 0.0125909 -0.00368616 -0.00154083 -0.000222561 -0.00148249 0.00118511 4.33839e-05 -0.00173501 -0.00455802 -0.00667564 0.00482624 0.0116195 0.00467114 -0.00664124 0.00817753 -0.0160044 -0.00111492 0.00766588 -0.0113096 -0.0118925 0.0107359 0.00732206 0.0148438 0.0235808 0.0148162 1.36792e-05 0.00492476 -0.0196512 0.00520253 -0.00632635 -0.000910746 0.000689778 -0.0041737 -0.00142363 0.00283588 0.00291271 -0.0297145 0.00512079 -0.00623555 0.0189021 0.00697346 -0.0231435 -0.00381168 -0.00578379 0.00344689 -0.0105164 0.0481177 0.013313 0.0148286 -0.0158564 -0.00933317 -0.0119273 -0.00806695
internal_weight=800303 31762 25894 24248 768541 67072 5868 30666 36406 26855 21311 33087 701469 370159 331310 279353 201808 141102 124776 60706 16326 77545 18346 59199 7276 362821 53430 16232 6688 52511 51957 19206 10074 7425 298246 47245 7338 9132 64575 251001 168400 82601 2611 41118 32751 4727 29046 19194 6127 26781 4079 29109 26462 8970 17492 2649 2620 24314 1827 16574 15009 3811
internal_count=800303 31762 25894 24248 768541 67072 5868 30666 36406 26855 21311 33087 701469 370159 331310 279353 201808 141102 124776 60706 16326 77545 18346 59199 7276 362821 53430 16232 6688 52511 51957 19206 10074 7425 298246 47245 7338 9132 64575 251001 168400 82601 2611 41118 32751 4727 29046 19194 6127 26781 4079 29109 26462 8970 17492 2649 2620 24314 1827 16574 15009 3811
cat_boundaries=0 5 13 21 28 36 44 52 60 68 76 82 87 90 97 103 110 117 120 126 134 138 143 151 159 167 175 176 183 191 199 207 214 222 230 238 246 254 258 266 274 278 281 289 292 300 307 315
cat_threshold=2147483648 8448 32768 1568683024 3221242115 268436480 5636608 136 526464 268697604 629157992 1051652 196610 570426880 2097152 536870976 32832 18087942 1614940160 538122370 9437600 786674 805568527 0 536871168 1050112 1049088 4194304 1614827520 1081344 2165983232 536871176 2228488 2148532480 8651392 8390656 1378353290 2147516930 67379392 1073905664 262152 1149239808 37748736 20973584 67109632 12616704 537395232 67391488 67111556 2147549454 150999048 2099200 2703818752 4456448 2214592576 8577152 536887680 65824 48 25297026 14184452 536870944 2048 184549504 1086587136 67240145 67158016 262148 268440093 1048788 671089664 32768 1342177280 26656 3146818 2359618 0 268697609 131072 0 1049088 1050112 2344615952 825856 261554301 57344 4 2237924955 3489827136 16472 0 2098176 260048901 520315004 4327425 16785410 16384 0 536870912 524608 0 2147484672 2097153 0 10518528 243271683 520286302 4196353 16785410 16384 524288 536870914 524608 0 2147484672 1 2097152 2237925432 3489835328 16464 0 536870912 524608 0 2147483648 1 9646020 2132996 131264 33554688 16384 66 2147778816 1096 537919500 268649472 130 5376 2168455184 0 9633792 57344 4 5407744 131352 1074790400 1342185472 1124081816 134480397 4194320 22528 2101258 41945104 2134020 20 1090519128 301991424 2154299473 524289 8576 23090437 269557762 35684368 142753792 1180672 24577 32768 1073872897 276827184 138678272 6815776 8388624 8388612 532482 11010110 65 1082138624 2456027140 198729 2248675328 271746049 1 16384 16 536870912 1409820674 8388608 33554536 606109696 1612841014 1212676 536940800 0 2281758848 2267021376 2415927428 64 37880324 1048808 4851784 2097156 1075847168 32784 306184340 537077760 1489 16908288 13369344 33556496 1208221989 134221824 117445633 536872960 45678864 2625536 135168 311437344 1073741824 138609793 268963841 134488068 4202504 10752000 1024 1073741952 180488200 6815745 322963472 33570820 16785556 16908288 16 276824064 8390960 27263904 2469904 134479872 23069704 12 8273 537067784 67108864 1614809284 1073754112 131584 8456 21758208 17039360 2147753984 1174405120 570949824 807413382 17891584 1024 1346700279 28370601 2099330 4 2151760256 2097186 0 268435476 201332882 8750096 268435456 8398369 2048 34081102 136323083 131252 1073759234 201338880 35328 2 546168787 1084785208 805306512 2 1162609016 1112184975 2147516536 2419081744 272630272 301990416 262144 34603008 1254621184 269484160 164368 1917063168 345202339 11273490 1073741845 1073807425 32 2415928323 135272544 3221488256 1342177280 2097184 0 1091059968 18882566 2113538 25178112 546209856 738208 32800 2214599808 1107304456 1060912 425984 134361474 66320 128
is_linear=0
shrinkage=0.12


Tree=19
num_leaves=63
num_cat=57
split_feature=29 39 34 35 35 34 34 35 23 34 34 22 19 19 22 35 22 22 22 34 23 34 34 23 1 39 38 39 23 1 22 1 22 39 21 8 22 22 19 38 40 2 38 21 35 38 34 22 34 22 25 40 34 35 22 21 23 34 38 38 34 34
split_gain=50.6178 137.703 100.829 78.1074 73.0366 88.9986 73.4459 72.7559 68.8991 77.2911 69.359 69.268 68.2833 67.8429 65.4391 64.6794 64.5103 63.5257 60.9672 60.7799 59.5846 59.0973 53.4537 53.379 52.832 384.531 221.644 214.435 269.154 240.252 213.806 212.623 244.198 266.34 293.013 217.357 194.888 189.378 168.436 154.736 151.647 146.145 135.638 131.775 125.865 125.494 117.093 116.345 126.259 115.711 115.708 118.33 120.718 115.348 111.689 109.826 109.057 106.306 105.465 104.587 104.669 104.329
threshold=0 1 2 3 4 5 6 7 8 9 10 11 12 13 14 15 16 17 18 19 20 21 22 23 0.042500000447034843 24 25 26 27 -0.010833333246409891 28 -0.012500000186264513 29 30 31 0.72167968750000011 32 33 34 35 36 0.0058333333581686029 37 38 39 40 41 42 43 44 45 46 47 48 49 50 51 52 53 54 55 56
decision_type=9 9 9 9 9 9 9 9 9 9 9 9 9 9 9 9 9 9 9 9 9 9 9 9 2 9 9 9 9 2 9 2 9 9 1 2 9 9 9 9 9 2 9 1 9 9 9 9 9 9 9 9 9 9 9 1 9 9 9 9 9 9
left_child=1 2 -1 -4 5 -3 7 -6 10 11 16 -10 21 -12 19 -15 -8 -7 -14 -5 -13 -11 -16 -9 27 30 54 28 -2 37 38 32 33 34 42 40 39 59 -26 43 44 53 -29 -28 -33 -36 -40 48 -42 -43 51 -38 -53 -35 -27 -34 58 -46 -32 -30 -61 -58
right_child=24 4 3 14 6 17 8 23 9 12 13 20 18 15 22 -17 -18 -19 -20 -21 -22 -23 -24 -25 25 26 36 31 29 -31 56 35 55 41 45 -37 50 -39 46 -41 47 49 -44 -45 57 -47 -48 -49 -50 -51 -52 52 -54 -55 -56 -57 61 -59 -60 60 -62 -63
leaf_value=-0.00029288854868527982 4.4738367530032589e-05 -0.00033052422099969018 -0.0001982193707284716 -0.00051275186816526037 -0.00043525199589372523 -1.3600301598147109e-05 -0.00048410417369090499 -0.00026329662843358392 -0.00013039239232631072 -0.00035810406028872034 -0.00021099487381168592 2.8290836833157764e-05 2.8002515428122082e-05 -0.00012265357838161267 4.2492906195282237e-05 0.00017989342462350065 6.1592549950059521e-06 0.00031609452163735115 -0.00010546443791825234 0.00023059331538599173 0.00047708618147987534 0.00024762662369437715 0.00063530259720375934 5.1258743205226299e-06 -0.00013276138057668322 3.3762389891866845e-05 0.0002785342624057809 0.00032792845865358674 -0.00019751921993022985 -2.2712119718947292e-06 0.00022733496997646508 0.00039421392155284275 7.8438886393663692e-06 0.00017607288806709593 -0.00017204021412999942 -0.00059471460827929085 -6.3408408535537251e-06 -0.00026745900398463478 -0.00020858871919091621 -5.8915784565145233e-05 -0.00041401367203141985 -0.00020969582226962335 2.2344861245124826e-05 -3.105554648865776e-05 0.0002734547664308744 0.00013420397750562186 0.00013223401966457128 -3.0019994264133964e-05 -0.00012209827647411659 -5.6960139718420173e-05 1.0717898263386561e-05 -5.1897540230100151e-05 0.00014313131246526393 -2.7337800096411585e-05 0.0002418008620257202 6.1401751201052985e-05 -0.00031159458538203841 -1.0162019911907909e-05 -0.00010904567151649341 -0.00033339738593438767 0.00011543440993172398 -0.00012886913103961188
leaf_weight=962 27397 558 748 428 801 1309 522 1521 1119 429 772 1064 6801 1094 842 9425 1307 2783 15056 2392 1549 2033 5014 3269 5467 7495 2968 6625 5542 19704 3219 3165 69798 3689 5008 1734 12668 27100 1332 37750 4226 13520 3112 2647 3238 2102 11096 75194 29804 22445 64575 4756 33399 29899 15505 113489 3349 26755 4065 792 5522 28354
leaf_count=962 27397 558 748 428 801 1309 522 1521 1119 429 772 1064 6801 1094 842 9425 1307 2783 15056 2392 1549 2033 5014 3269 5467 7495 2968 6625 5542 19704 3219 3165 69798 3689 5008 1734 12668 27100 1332 37750 4226 13520 3112 2647 3238 2102 11096 75194 29804 22445 64575 4756 33399 29899 15505 113489 3349 26755 4065 792 5522 28354
internal_value=9.44632e-06 0.0033082 0.0159031 0.0196863 0.000760733 0.0150836 -0.000667036 -0.013557 0.00108685 -0.0022706 0.00826073 0.013782 -0.00473963 0.0117739 0.0229005 0.0143006 -0.0133623 0.0212281 -0.00687548 0.00779659 0.0244571 0.0141633 0.0301431 -0.0078967 -0.000266642 0.00120228 0.00389691 -0.000967947 -0.00641764 -0.0110035 -0.00740746 0.000165581 0.00215404 -0.00310512 0.0104277 -0.00355542 0.00230137 -0.016467 0.00345116 -0.00455633 -0.00304079 -0.00638424 0.0239409 0.014011 0.00406632 -0.00808761 0.0111704 -0.00519829 -0.0110193 -0.0117007 0.00487861 0.0091614 0.0124977 -0.000693062 0.0149035 0.00463309 -0.0123911 0.00165972 0.000855255 -0.00380181 0.00675307 -0.0154337
internal_weight=800303 61798 10386 9424 51412 4650 46762 5591 41171 28051 13120 3732 24319 11291 8676 10519 1829 4092 21857 2820 2613 2462 5856 4790 738505 238645 181763 499860 86057 58660 56882 413803 269687 86400 16847 144116 158763 38956 17895 43365 142382 69553 9737 5615 33158 7110 12428 109224 34030 35965 115398 50823 38155 33588 23000 183287 38987 29993 7284 11856 6314 31703
internal_count=800303 61798 10386 9424 51412 4650 46762 5591 41171 28051 13120 3732 24319 11291 8676 10519 1829 4092 21857 2820 2613 2462 5856 4790 738505 238645 181763 499860 86057 58660 56882 413803 269687 86400 16847 144116 158763 38956 17895 43365 142382 69553 9737 5615 33158 7110 12428 109224 34030 35965 115398 50823 38155 33588 23000 183287 38987 29993 7284 11856 6314 31703
cat_boundaries=0 1 6 14 22 30 38 46 54 58 66 74 77 84 91 95 103 107 111 114 121 125 133 141 145 150 158 163 167 170 173 178 180 184 188 195 203 208 215 217 225 232 240 244 252 255 256 261 269 277 281 283 286 294 301 309 317 325
cat_threshold=49153 2216755200 134250496 32792 8392729 2415919105 4226 1024 339771392 33710146 270336 3145792 540283180 17825792 16777536 1074790400 132128 0 167911424 23237648 1074790920 34342145 557851136 78848 268438784 32 1024 2684387521 3225462850 548864 121896966 131072 2164260864 38797317 8389153 809631744 67633158 25167968 1130496 8212 134480008 8388690 67690496 3222290432 10486400 50861056 41947136 335807104 536888000 33554512 18137088 67371010 262657 8456256 1080705553 1630082112 3582501137 12 1560283456 67109376 270020608 1073809412 88 268435456 67242004 212996 1149241488 46137472 276889604 1073881088 2147614736 134219784 1089808 67174420 151198210 1075326008 2685385753 2 9962752 4264448 2109506 134512642 806117424 1835040 0 20736 111194626 16390 805306498 285212834 434208 2755920262 331497535 2558730784 8 143672640 738214032 139264 327680 2049 1084227624 8388616 2363776 223352898 2518729284 2149321484 2 136854082 2368733276 589304299 8 84935625 75523109 3419342100 2772959232 201498624 8781824 0 5279744 4561664 512 67151914 440795686 570774026 1 537657856 1343586 1 264 1610616864 34 1614811136 8288 277219361 285213184 18504 67174400 136315400 101187584 4194432 37749346 3791788054 1208578632 438637764 4 67440248 32768 4227072 1073758209 1884094468 1121228 313616 0 290816 0 1 2149351424 569 2097667 134357248 16 25171992 2148532225 526336 268173312 4284793728 15 10487808 4275863872 128191 222036109 4294705152 2111 2214595680 268468224 6291464 1073742848 1078788352 33489390 16711935 0 239861518 33488896 1 513 4294949632 1614938123 8 0 67118095 25186341 402784259 41959429 537075712 8228 8192 2520778240 9 524288 0 0 320880640 8256 2445279232 475648 260112505 45056 1048577 0 2657403936 1032 1073774592 0 0 271073280 552502510 15467758 1879048193 32780 8389633 58720256 137420820 1073872921 2064 67112960 0 2657091584 8265 67117824 129 0 271056896 2147483648 4276224 144 16779272 2281734180 2151677956 436207745 101196054 1043073 241408 4264099840 14 262920 604244064 32784 2183397376 2147516544 2049 19038498 8560640 135266312 4026531840 59 2147582131 3087010560 99840 194248893 1073774688 10625025 1073889280 159416616 128 536875008 2684617760 1073742080 2689679520 565760 143163424 1073938752 4210696 2949264 2147484672 65792 204808 557153 1427570965 1976827969 1073763605 4 2432827357 11600672 6310907 268443664 8388616 1144291328 134217728 2147483672 65620 8388736 144769540 67641728 10519568 0 2657403696 139401 12800 3378176 536870912 264 78284 0 0 0 0 514 2183413760 1096 1074790656 32769 134217857 530432 537411648 2148010016 36700832 45875264 83951616 2147492096 20971520 37820416 54 83951632 50364419 1736705
is_linear=0
shrinkage=0.12


Tree=20
num_leaves=63
num_cat=55
split_feature=8 40 39 18 19 19 41 41 39 41 19 3 41 35 35 3 39 35 41 40 1 35 41 39 34 34 34 34 34 35 40 41 34 34 41 0 1 41 34 35 34 35 41 34 22 41 41 41 19 39 35 35 22 35 1 34 41 41 41 34 34 22
split_gain=56.004 112.707 158.835 156.014 390.919 186.827 165.955 146.161 126.376 125.981 142.826 124.44 117.021 115.924 107.299 107.191 116.759 106.29 103.778 100.482 113.679 111.936 103.684 100.266 98.6132 98.5462 97.4235 97.1513 94.7252 94.4582 103.121 101.306 94.0914 93.02 90.9032 90.5868 89.7349 106.187 98.0334 94.8686 89.1551 87.0776 90.0346 87.3442 86.3636 86.2498 86.0982 86.0066 84.9829 82.2178 80.9476 79.5334 79.2695 78.0975 77.6113 88.7392 85.3093 77.6057 76.71 75.6634 75.3382 74.9979
threshold=0.35644531250000006 0 1 2 3 4 5 6 7 8 9 0.0075000002980232247 10 11 12 0.032500000670552261 13 14 15 16 -0.092500001192092882 17 18 19 20 21 22 23 24 25 26 27 28 29 30 0.54333496093750011 -0.0025000000605359669 31 32 33 34 35 36 37 38 39 40 41 42 43 44 45 46 47 -0.012500000186264513 48 49 50 51 52 53 54
decision_type=2 9 9 9 9 9 9 9 9 9 9 2 9 9 9 2 9 9 9 9 2 9 9 9 9 9 9 9 9 9 9 9 9 9 9 2 2 9 9 9 9 9 9 9 9 9 9 9 9 9 9 9 9 9 2 9 9 9 9 9 9 9
left_child=1 2 7 9 23 6 -6 -1 29 13 25 12 -7 -4 -12 16 26 -10 -19 20 21 -17 60 44 -13 -11 -2 -8 -20 -3 34 -32 53 -24 -31 -15 37 -18 -38 -40 -16 -39 -43 -44 -5 -28 59 -34 -49 -35 -46 -50 -41 -9 56 -56 -30 -54 -22 -21 -23 -33
right_child=15 8 3 4 5 11 27 32 17 10 14 24 -14 35 40 19 36 18 28 46 58 22 33 -25 -26 -27 45 -29 54 30 31 61 47 49 -36 -37 38 41 39 52 -42 42 43 -45 50 -47 -48 48 51 -51 -52 -53 57 -55 55 -57 -58 -59 -60 -61 -62 -63
leaf_value=0.00062945680323702878 0.00013542317865122239 0.00058111670329409008 -0.00020141253295635292 0.00054390760941809807 0.00020555241645355723 -0.00089157882700779847 5.1793367402917819e-05 -0.00055535470357803143 0.0002982779595631181 -0.0004452035987574544 0.00023261365405449083 -0.00025799070973913946 -0.00026928954903918453 0.0011256694382165871 -0.00038132942503769544 -0.00023472883265548557 0.00030672715300556516 -0.00021949413483997258 -0.00016759234516648897 0.00021156131965416862 -0.00011209612644921794 -0.00013154637643791382 -0.0002318131469092542 -1.9449180460822357e-06 -1.3282541826879967e-05 0.0002591378273824573 0.00020036771873785375 -0.00053940469986046315 0.0004544053346493337 0.00054716164402047356 -0.000232260491413506 0.00044708009524950531 -0.00027896908240152837 -0.00016099907523802736 -0.00053856335293598809 0.00010087419015351476 0.00016413136197822236 -0.0002358537675669142 -0.00047349856558175882 -0.00031362142195980367 -5.005467708739002e-05 -0.00033393669154732256 0.00029884276142444786 3.7052576688980576e-05 -0.00015843402010817442 -0.00026952968989301485 2.2549062182302368e-06 -8.404162629300543e-05 -0.00010020235530787632 -1.5791627483279124e-05 0.00028468929813236051 0.0001758924507848463 -0.00040889186824159812 -5.4392460549379805e-05 0.00022954239871179593 -2.1896868153762097e-05 0.00010342269569120068 5.9758094835239884e-06 -1.4675698866142708e-06 4.9992171608632237e-05 0.00019677591325983502 0.00014211402223779726
leaf_weight=2277 1424 6568 1163 1993 1442 1908 1152 942 3361 572 2325 4397 9903 2560 2058 3902 1209 4865 5509 2641 7810 707 2593 3631 35063 4923 865 10020 1936 903 1762 5268 2402 5326 2100 2206 1885 1489 1405 2760 18200 936 1429 9844 661 11119 345895 6070 3866 15834 3682 29902 986 5603 5195 31649 14243 7768 93495 23596 1982 11123
leaf_count=2277 1424 6568 1163 1993 1442 1908 1152 942 3361 572 2325 4397 9903 2560 2058 3902 1209 4865 5509 2641 7810 707 2593 3631 35063 4923 865 10020 1936 903 1762 5268 2402 5326 2100 2206 1885 1489 1405 2760 18200 936 1429 9844 661 11119 345895 6070 3866 15834 3682 29902 986 5603 5195 31649 14243 7768 93495 23596 1982 11123
internal_value=-2.23414e-05 0.00145238 -0.000499078 -0.00310927 -0.006206 -0.00965491 -0.022734 0.0050139 0.00473427 0.00361562 0.000256317 -0.00643254 -0.0172386 0.0194917 -0.00396725 -0.000705647 -0.0064479 0.00190505 0.000800516 -0.00021414 -0.00306332 -0.00950636 -0.00669539 0.0158854 -0.00319903 0.0175849 -0.0157377 -0.0276824 0.00220142 0.0115431 0.00763038 0.0110388 0.00362235 -0.00922533 -0.0129353 0.0277773 -0.00224876 0.00432222 -0.00886667 -0.012593 -0.00677257 0.0012954 0.00464446 0.00762427 0.0249905 -0.0192664 0.000793886 0.00569724 0.00702835 -0.00658605 0.015403 0.00937833 -0.00897449 -0.00975445 0.00375827 0.000716494 0.0106866 -0.00336755 -0.00113358 0.00741971 0.0155942 0.0139804
internal_weight=800303 253403 158921 107859 73852 63885 12614 51062 94482 34007 28078 51271 11811 5929 22583 546900 43119 66758 63397 503781 131649 30344 26442 9967 39460 5495 13408 11172 58532 27724 21156 18153 48785 23753 3003 4766 29711 14907 14804 12919 20258 13698 12209 11273 6336 11984 372132 42240 39838 21160 4343 33768 11514 6545 53023 36844 16179 8754 101305 26237 2689 16391
internal_count=800303 253403 158921 107859 73852 63885 12614 51062 94482 34007 28078 51271 11811 5929 22583 546900 43119 66758 63397 503781 131649 30344 26442 9967 39460 5495 13408 11172 58532 27724 21156 18153 48785 23753 3003 4766 29711 14907 14804 12919 20258 13698 12209 11273 6336 11984 372132 42240 39838 21160 4343 33768 11514 6545 53023 36844 16179 8754 101305 26237 2689 16391
cat_boundaries=0 6 11 17 24 31 39 47 52 60 67 75 83 91 96 104 112 117 125 133 139 147 155 163 171 179 187 192 200 208 216 224 232 240 248 256 264 272 280 284 292 300 308 315 320 328 336 340 348 356 364 372 380 388 396 400
cat_threshold=1611662268 409600 131074 1409289648 14774272 1 90244184 3624044864 2932808 13 2420113408 524290 805568512 1342701888 0 2148533760 3147265 0 2098176 260048897 520347768 4196361 16785410 16392 1 1074266383 2097664 2049 16785412 1543995400 983940 75503616 37750784 34734913 0 281550976 989856128 256 8912896 262668 2155880456 2147557392 50726018 16644 16810256 4 101715968 2147550720 134217728 6586368 411051289 2958819591 372768 3758096384 8192 1634730084 1610635776 134217728 0 7552 0 1074298885 8198 6147 537141248 738426944 1844196 26216472 1074006016 16785416 409993232 67109888 8454160 2192 4588672 100700160 32 0 147456 4229300420 370147856 1680 16777856 71303244 1116209208 7370752 2097152 805308416 67633152 369230344 128 2162714 0 3670032 1560294673 274284545 542114048 268484608 7169 176164864 2148009216 1075806240 4096 22528 32768 41943048 2151678016 8527872 67125248 134269952 2046820360 22544563 2579500288 269062144 261488697 32832 8388615 352321792 355730688 131137 4 1107329024 68157600 2099296 2364416 1074462752 32772 2147491840 13056 1082432 65554 2282749953 37753288 0 0 0 494957840 1048581 1 2154827776 143131136 3246391298 2148040736 268568576 49664 2149582338 590336 9216 637566976 256 134414420 541206560 20480 2097672 25953280 1024 1090519042 35922052 722944 2098178 4194306 2147750017 70385671 1050632 538968136 285343744 543228672 8782882 8192 33571912 33554440 0 1073741824 1688244257 805307392 17672 4202496 545261576 535430 268550200 41952768 1049664 4210738 323584 50333440 64 33554432 4197376 0 65536 16777280 1179655 3146241 802816 33882112 738197632 1346109440 958402816 134217728 2097284 671090688 42008576 33554946 4112 205791240 2348975424 2097733 2113536 67133697 16416 2684888080 6361089 2416444433 512 134226032 262152 2097158 8519810 102891552 36864 806420484 1359021056 1140916358 4195328 134217728 167772228 58921472 1207959552 5378048 2751725600 620822529 8405128 872415233 1342226560 131078 274726912 269484032 2417238281 4218880 590848 137626112 8192 16908928 18 561408 3211275 525893 16909312 671154466 270532608 805307008 262432 32784 2214690852 67109153 16649 21251137 64 268470274 939528192 1075052688 17957892 69 67112960 270592 1051648 268435489 553650176 603979841 5310468 6328832 67586 0 12587267 2583711744 270139392 532 558097 219152512 16908544 1305501708 2417295381 1281507716 7 136446060 34103296 1111490568 2 570433536 12583432 17302041 1540 516 269492224 604520600 2147504656 146885120 4194336 705695744 16384 134348802 65540 1048576 3221243904 239075329 1073808965 83886520 526336 0 512 260048929 469909628 131107 1074274698 16400 6553611 3355576320 1851416 8396812 268435456 1032 35872 1088946436 2148532353 134479880 2155878545 285212800 33554432 4 2165129234 35330 4210688 526339 738230944 16936960 1024 2421155434 154266134 1048580 8 104448 536870976 4194560 2214592512 202375696 2248151045 1207961761 69206048 12362896 2130240 2147484036 1060928 272629760 402653440 67108864 8455200 603979777 536887424 1073811464 7378956 2722104320 536936452 720896 10493952 36 1610874900 140574720 1074530320 536879110 327682 22020128 3170432 133120 512 1478557696 49185 1049160 278544 1154621706 4198528 16777249 4210689 8394881 147529 8438288 2359296 134283780 856064 524288 289042440 1040 402657282 2684616832 17536 3221242368 540672 501109841 285496320 357565488 9
is_linear=0
shrinkage=0.12


Tree=21
num_leaves=63
num_cat=60
split_feature=41 34 22 24 34 35 35 22 22 23 34 23 34 34 34 35 22 23 22 23 23 34 23 22 34 35 24 21 8 34 40 19 41 35 41 34 35 35 28 38 22 41 22 34 35 35 34 34 35 41 22 3 38 35 34 23 34 34 38 25 35 34
split_gain=48.1805 78.6775 75.3214 72.4854 81.0974 73.5371 68.1361 74.9625 69.0607 67.5115 82.4872 63.5894 65.4019 62.3407 62.2837 61.4775 62.3339 61.2563 61.1825 57.0824 56.792 56.3848 54.5289 53.7907 50.8874 50.3999 47.164 46.2961 44.9807 112.258 97.3027 112.966 83.1401 82.2204 82.6178 81.671 78.1254 76.5631 75.1859 115.785 96.6421 103.682 88.7403 87.6089 91.5588 86.2502 91.0143 83.9673 89.0447 75.0068 74.1712 72.5188 216.626 85.7153 80.2436 76.8817 98.455 84.4923 73.8293 73.6484 105.883 101.877
threshold=0 1 2 3 4 5 6 7 8 9 10 11 12 13 14 15 16 17 18 19 20 21 22 23 24 25 26 27 1.6220703125000002 28 29 30 31 32 33 34 35 36 37 38 39 40 41 42 43 44 45 46 47 48 49 0.012500000186264517 50 51 52 53 54 55 56 57 58 59
decision_type=9 9 9 9 9 9 9 9 9 9 9 9 9 9 9 9 9 9 9 9 9 9 9 9 9 9 9 1 2 9 9 9 9 9 9 9 9 9 9 9 9 9 9 9 9 9 9 9 9 9 9 2 9 9 9 9 9 9 9 9 9 9
left_child=1 2 -1 4 20 22 8 17 -6 10 27 24 -13 -12 23 18 -17 -8 -16 -4 -3 -19 -5 -11 -9 -15 -24 -7 38 37 32 -32 -31 -33 -35 -36 -34 -30 39 42 41 -41 49 -43 -45 46 -42 48 -47 -2 -38 52 -40 54 -54 56 -55 -57 -53 -60 -61 -62
right_child=28 3 19 5 6 9 7 11 -10 14 13 12 -14 25 15 16 -18 21 -20 -21 -22 -23 26 -25 -26 -27 -28 -29 29 30 31 33 36 34 35 -37 50 -39 51 40 45 43 -44 44 -46 47 -48 -49 -50 -51 -52 58 53 55 -56 57 -58 -59 59 60 61 -63
leaf_value=-0.00011395020507422518 -0.00016601930792151345 -5.3781772450045604e-05 -1.9256807772702246e-05 -1.7102334040699054e-06 -0.0001657654891924521 4.2096057078435529e-05 0.00022554812116262006 3.380733539455311e-05 0.00028951913775045006 -7.7146668433582112e-06 -0.0002396310975711649 -0.0002610921081502445 2.7003600700987167e-05 0.0002084904751341553 -0.00019834366393133073 -0.00018065897094370886 -4.7784312403060352e-05 0.00026670689539143777 0.00025579105853769992 0.00028486584011525208 0.00038354094120089628 -0.00010175620106544322 -0.00048486675273774548 -0.00035335233093521204 -0.00030909578148022158 -2.8586119859290137e-05 -0.00021652563913669289 0.00035148792009583968 0.000112689443802108 -0.00015759256394021011 0.00011595888615703472 -0.00016804461124872487 -0.00010032459700516904 -0.00019863749107883877 -0.0001374100943670934 1.4519130828483139e-06 -6.7034581343333645e-06 -0.0001526988460407338 0.00082877625831916308 0.00025442996903986444 -0.00024112670490942758 -0.00030161742195072941 0.00014136830644112864 0.00022162920659654945 -8.14549972028095e-05 -0.00031616831703077671 0.0002605581141535238 1.6220398369017411e-05 0.00025021226022963004 0.00071815285521548188 0.00020083259125116746 -2.7447017381107794e-05 0.00024413061997762974 -0.0006308947101796074 -0.00039420676606350286 -0.00026649742580813358 -0.00012874275988602148 1.2916650184589609e-05 1.4592626780276628e-05 -0.00010272105152406813 -8.094441863565765e-05 4.6793770577716095e-06
leaf_weight=1067 522 680 671 814 651 662 1533 697 1632 901 1423 1243 5193 1809 532 7019 14637 786 1155 1579 1549 2267 815 1901 2436 7480 1028 860 546 668 2282 2021 552 1217 1957 12329 1352 3208 4588 2452 585 2437 7707 2173 17495 654 4336 37709 4927 2941 3127 99841 542 1343 3991 2995 9671 20295 407176 6998 8267 58379
leaf_count=1067 522 680 671 814 651 662 1533 697 1632 901 1423 1243 5193 1809 532 7019 14637 786 1155 1579 1549 2267 815 1901 2436 7480 1028 860 546 668 2282 2021 552 1217 1957 12329 1352 3208 4588 2452 585 2437 7707 2173 17495 654 4336 37709 4927 2941 3127 99841 542 1343 3991 2995 9671 20295 407176 6998 8267 58379
internal_value=-2.92388e-05 -0.0032136 0.0147431 -0.00421402 0.00198511 -0.00703372 -0.000933735 -0.00404037 0.0182483 -0.00569196 0.00166585 -0.0100824 -0.0032382 -0.00205893 -0.00913407 -0.00709569 -0.00881669 0.00856023 0.0149028 0.0271618 0.0234002 -0.00129199 -0.026302 -0.0260128 -0.0240763 0.00153531 -0.0377143 0.0276923 0.000242996 -0.00436759 -0.00150958 -0.00548592 0.0122921 -0.00875912 -0.00577763 -0.00320604 0.0175848 -0.0237068 0.000433543 0.00380512 0.00205771 -0.00406854 0.0151744 -0.00666817 -0.004 0.00517844 0.0202149 0.00346404 0.0171858 0.0311137 0.0228457 -1.99968e-05 -0.00475004 -0.00766352 -0.0231551 -0.00560904 -0.0138654 -0.00169942 0.000333756 0.000950353 -0.00254154 -0.00106574
internal_weight=800303 63020 3317 59703 18667 41036 16438 14155 2283 38379 12234 9569 6436 10712 26145 23343 21656 4586 1687 2250 2229 3053 2657 2802 3133 9289 1843 1522 737283 29259 25505 19806 5699 17524 15503 14286 5031 3754 708024 83938 72768 24557 11170 22105 19668 48211 4921 43290 5581 3463 4479 624086 43425 38837 4533 34304 11014 23290 580661 480820 73644 66646
internal_count=800303 63020 3317 59703 18667 41036 16438 14155 2283 38379 12234 9569 6436 10712 26145 23343 21656 4586 1687 2250 2229 3053 2657 2802 3133 9289 1843 1522 737283 29259 25505 19806 5699 17524 15503 14286 5031 3754 708024 83938 72768 24557 11170 22105 19668 48211 4921 43290 5581 3463 4479 624086 43425 38837 4533 34304 11014 23290 580661 480820 73644 66646
cat_boundaries=0 8 16 20 24 32 40 48 52 56 60 68 71 79 87 95 103 107 111 114 117 121 129 133 136 144 152 155 157 165 170 177 185 193 201 209 217 225 226 234 238 246 249 257 265 273 281 289 297 305 308 315 323 331 335 343 351 359 363 371 379
cat_threshold=2246656 9699848 131329 2298478592 67371008 1074031616 2163754 27262976 133393 0 256 1134563362 100663316 2283274240 1074266888 68157528 3026753832 2367815 144789708 8 548233536 1610760386 703631685 4 286523392 266244 537920036 1310724 32874 262276 270663745 49281 4477956 2147614848 2952855584 2147615234 16777232 2359296 2147500048 34607365 2282758656 3221356576 75530242 1174405120 4206641 50593792 2432 33554448 1074856147 1125487668 2433850504 4 1217073792 579364895 4331594 4 2172715635 1211162624 2454119510 1 1074332288 134217792 17825792 1024 1057800 1092881029 545259653 8536068 48942472 160438897 1078117696 3229615232 2386 67648 67142152 143141120 16384 8390662 272640 16418 81960 2820681732 4276224 10633601 67108864 19928064 2097664 16810112 134479944 3375401481 2147491904 17563656 4 33587200 25198596 8960 4096 0 272629760 538512931 743440402 43009 75497506 705646080 142682467 1929805888 3 25441280 3394897268 9661068 8 2623541405 339024168 2158314532 2286824257 1233787090 1678836744 4752509 227055785 411095561 8 1610612736 553673408 4982856 524288 16897 4223240 8388612 33828864 405611569 3875538496 2449745928 14 1494655504 1477021201 1157664402 2216689664 3238002753 2148017152 0 278004224 10514458 8388658 50331648 134873104 641728624 1074282512 536893793 1073774592 2147484672 0 16779312 3495036933 378841105 2416528930 2178964546 594780851 1648494080 2097216 131080 262209 18087936 2688682240 8585346 9437472 1073743549 0 0 1426066432 15945733 0 1093173504 10560000 67125251 268439688 344096832 721760 671096837 138412224 3254779908 526504 268435465 353 8390656 73729 16777729 71404304 2375744 526336 33792 1800 2105345 1574018 65856 133376 1073744000 524324 285278228 553717864 9455744 8448 134217728 10059784 1644167682 35834624 536872970 512 1610612800 530432 50463360 1074790912 65665 70254592 637534336 27265024 131073 2098194 268567141 8519712 35651584 75563016 1207963648 1107840000 4624 65537 6145 1195208 270813200 131073 100663552 2552233984 536870914 33571072 1544 708770049 671383600 3091235456 13 33559556 4718656 1082130448 805306976 537397280 8388620 1946190592 1027 1019151360 2266032394 42289185 25231360 67108864 1074012224 17040390 34838 1342185473 676627840 16384 0 268468374 548865 35694402 83886336 786432 2151678464 67715072 12583554 1073741824 32 553717824 2152220336 104 3221295108 33652736 33554432 33816582 6291488 138936896 2214593624 1552 540676 67143744 57376 1048640 3227584674 554697025 2156134402 134496400 128 33554432 34048 272630880 66 276832260 33619970 96600084 1025 144 2164261892 16924672 35717184 512 541065251 1048577 1074012673 164390 196154657 34685969 413831193 1261516 0 64 603979776 2147483648 6 12 8521809 1208811520 268828672 16777216 343949600 570425344 67289096 8388613 540545152 537920128 536871425 138477568 738202126 256 16 4231488 3422815067 2688680161 740309761 3 554172418 1073807360 1151336576 4362273 2149621768 75497664 75497984 33566720 805306496 3229615104 2147516672 802896 1376256260 2625572 1048578 2654208 1128256 268732948 8193 100700416 136315912 0 2183151872 1024 285286711 285278209 1 536870912 39848448 1478720 32801 2147502081 2147516672 6 2257588224 262178 2149056528 2360320 1111490560 1073840401 29623360 16777232 2966421568 4
is_linear=0
shrinkage=0.12


Tree=22
num_leaves=63
num_cat=57
split_feature=5 39 19 34 41 5 35 22 41 35 34 41 34 35 35 35 4 19 41 34 35 35 34 34 34 34 41 22 34 22 35 24 34 41 34 24 34 35 41 41 23 24 22 34 5 41 34 19 22 23 39 0 39 22 23 24 24 23 23 22 23 24
split_gain=47.4747 107.795 111.471 119.371 109.442 107.68 116.377 112.779 94.406 96.5348 94.2286 106.154 93.5163 91.934 86.7817 84.0296 82.0619 135.03 84.9933 127.528 115.249 85.5935 84.9399 84.7234 82.662 80.002 80.6752 76.6998 75.0822 73.5453 72.7706 72.7629 72.2433 68.4767 67.1202 64.6891 87.5002 72.3166 69.8481 67.5117 64.225 63.9046 62.944 60.4046 60.0341 139.498 107.323 87.7251 93.7066 94.3577 82.3405 71.4282 135.904 69.7861 64.4858 58.5712 57.9212 57.6963 57.393 58.3835 56.9251 55.0781
threshold=0.095833331346511855 0 1 2 3 0.10916666686534883 4 5 6 7 8 9 10 11 12 13 0.089166667312383666 14 15 16 17 18 19 20 21 22 23 24 25 26 27 28 29 30 31 32 33 34 35 36 37 38 39 40 0.11583333462476732 41 42 43 44 45 46 0.30358886718750006 47 48 49 50 51 52 53 54 55 56
decision_type=2 9 9 9 9 2 9 9 9 9 9 9 9 9 9 9 2 9 9 9 9 9 9 9 9 9 9 9 9 9 9 9 9 9 9 9 9 9 9 9 9 9 9 9 2 9 9 9 9 9 9 2 9 9 9 9 9 9 9 9 9 9
left_child=1 10 3 -3 32 6 28 13 55 41 27 40 -11 -8 -5 56 18 -18 19 -6 -21 22 -20 -23 -19 -15 -27 -1 -2 34 -26 -28 -4 -14 -16 36 -17 -37 -39 -38 -12 -10 -30 -31 45 -7 -47 54 50 -50 -49 52 -46 -54 -48 -9 -13 -36 -34 -60 -45 -29
right_child=5 2 4 14 16 44 7 8 9 12 11 15 33 25 29 35 17 24 21 20 -22 23 -24 -25 30 26 31 61 42 43 -32 -33 58 -35 57 37 39 38 -40 -41 -42 -43 -44 60 51 46 47 48 49 -51 -52 -53 53 -55 -56 -57 -58 -59 59 -61 -62 -63
leaf_value=-4.1961602271794781e-05 0.00027556456269218539 0.00078437132496465627 0.00018025526907540236 0.00050464397377398813 -0.0010960755123960123 0.00067714064955672125 0.00030279374486116351 -0.00026427473213125818 9.1561912946674598e-05 0.00051581057048112925 0.0019050324045051309 0.0017291330632499948 -0.00053375835571686683 -0.0009666736854581627 0.0009546710855736412 -0.00071143866913330736 -0.00019642675165188164 -0.00029088880165891628 -0.0011633348575423774 0.0010827263088728633 -0.00021015068630643162 0.00043886869937262971 -7.6204759669922011e-05 6.5548378623642668e-05 -0.0001490348445537198 0.00037416412938493854 -0.00083865008168090827 0.00199581102601713 -0.00032131486698543793 9.4841559563199347e-05 0.0008857235665658623 -0.00026841359915995706 -1.1761519489804943e-05 2.7038720870651614e-05 -0.00093598074158439924 -0.00079686661409907977 -0.00057380273708873433 -0.0008224542479020778 6.1006987115899537e-05 0.00067154916432200003 0.00056107203724965608 -0.00070387787000433517 -0.0011009226879914213 -0.001210342277498505 0.0014926624512360742 0.00052354236742371764 0.00014712598491816689 0.00056783636511687191 0.00032197596864208013 -0.00025927503780285471 -4.3995060921829547e-05 -1.2088453774503305e-06 -0.001917211899302226 -0.00061324146049246875 -0.00044502908000846242 0.00070576195453080906 0.00047595200458095413 -8.8325194345282027e-06 -0.0013955364093124467 -0.00051030130991482775 -0.00052929072563777759 0.00080319014062859879
leaf_weight=990 450 1055 1141 902 1069 1678 864 427 780 1362 682 678 1361 783 427 830 1415 424 856 940 7220 5933 5105 47102 442 677 1595 787 668 678 2549 3439 953 10218 551 1157 686 1277 12873 5887 1427 1847 1388 1312 745 1292 767 1771 1664 3532 1134 638124 948 2590 1804 1117 1437 1376 791 1619 3056 1651
leaf_count=990 450 1055 1141 902 1069 1678 864 427 780 1362 682 678 1361 783 427 830 1415 424 856 940 7220 5933 5105 47102 442 677 1595 787 668 678 2549 3439 953 10218 551 1157 686 1277 12873 5887 1427 1847 1388 1312 745 1292 767 1771 1664 3532 1134 638124 948 2590 1804 1117 1437 1376 791 1619 3056 1651
internal_value=-2.44406e-05 0.002206 5.52174e-05 -0.0123087 0.00154852 -0.000407422 -0.00783749 -0.00530349 4.20427e-05 -0.00277278 0.00835978 0.00596749 0.00149154 -0.0177151 -0.017147 0.00376374 0.00266878 0.0177814 0.00159878 -0.0091029 -0.00396475 0.00327413 -0.0103465 0.00480706 0.030639 -0.022613 -0.0175922 0.0270698 -0.0324066 -0.0214355 0.0376823 -0.02283 -0.016581 -0.0020188 -0.00385458 0.00162661 0.0108267 -0.00282786 -0.000457558 0.0154715 0.0317397 -0.0236908 -0.0421276 -0.0296085 -0.000101882 0.00777484 0.00320641 -0.000763753 0.00536915 -0.0042857 0.0225848 -0.000269174 -0.0157106 -0.0254873 -0.0200232 0.0282262 0.0265726 -0.0134296 -0.0254222 -0.0352766 -0.0347945 0.0384979
internal_weight=800303 117278 86916 9357 77559 683025 26976 24470 17112 15568 30362 26934 12941 7358 8302 24825 73055 4830 68225 9229 8160 58996 5961 53035 3415 6494 5711 3428 2506 7400 2991 5034 4504 11579 2354 22710 7403 15307 14150 6573 2109 2627 2056 5046 656049 13642 11964 10672 8101 5196 2905 642407 4283 3538 2571 1544 2115 1927 3363 2410 4368 2438
internal_count=800303 117278 86916 9357 77559 683025 26976 24470 17112 15568 30362 26934 12941 7358 8302 24825 73055 4830 68225 9229 8160 58996 5961 53035 3415 6494 5711 3428 2506 7400 2991 5034 4504 11579 2354 22710 7403 15307 14150 6573 2109 2627 2056 5046 656049 13642 11964 10672 8101 5196 2905 642407 4283 3538 2571 1544 2115 1927 3363 2410 4368 2438
cat_boundaries=0 5 12 20 28 36 40 48 56 64 72 80 88 96 104 111 119 127 134 142 150 158 166 174 182 186 194 198 206 210 218 226 234 238 246 254 262 270 274 278 282 290 298 306 313 316 320 326 331 335 338 342 346 350 353 357 360 364
cat_threshold=65536 134217728 6324240 494933529 2417819909 65536 3584 243335173 260276312 268439555 25174016 49156 25166849 1073875012 539232257 272633952 16912 134219776 2101272 5123 35840 8 4194304 16384 16777219 2147673104 226493838 23592963 340263680 1056 24609 75567106 2 1078198288 2684422162 2097666 75522050 701132816 2421329079 9 822161412 48 337641616 136 2415952900 32816 553648128 144384 1048592 122686224 2098242 557568 532544 813694976 6815808 8577 2248188936 1073872896 33555456 2290615296 2147484004 25247752 269238528 524288 0 558407684 1114112 2097152 65536 671090688 1569006617 657672 67637284 2097152 369098752 2147615008 16777306 144 3489664000 9052272 33556496 134365185 1024 136842368 150994956 268435874 1090523136 21004296 101711873 3976 16448 536871072 40 2818572290 302284801 50397208 134292992 1179776 598016 1342242816 71303168 72421376 2181566725 16384 0 2148565005 23069712 270534658 37750916 570773508 1908736 134479880 41955088 1196097 8 2181038080 262208 2418049600 43254272 0 67371520 268436000 34078786 4789248 272646240 297797773 37 1074929664 1073741856 100676864 125831617 65792 2850816 163848 2415920384 536903984 33625088 67176545 67371009 4390920 268570624 263680 2281907200 1067009 4104 67076 136512128 268435584 620808192 33554432 134226944 16384 234926688 1208025088 672137344 805306376 754979842 655360 528930 26632 4497920 1074003968 2214592524 12582917 541065488 33824768 83895393 3222274048 2166816 4259851 1064960 1075970304 8393 1056768 2181333076 71303168 68161792 34078720 1074799232 1140916224 2151677953 16785408 2684486016 221427734 2888315552 2 134218892 4196352 1048576 2516582401 24592 83918882 671117316 1441825 3272149260 9442844 44382535 8 604514308 134250498 16777344 8520200 268960000 134219010 1081952 2097152 78297154 2164689169 538908676 9 337903620 152141824 168006 0 1241513984 6298808 16450 65536 2151710720 541656320 536970240 2149580832 688455808 23552 2097152 47185928 3631218688 65792 0 168312848 70324256 285217280 537133060 8192 2197689065 35652610 2636288036 2 4257 268435458 8388736 1073758465 2230275 100663296 1109400064 125837584 0 1078460416 2684389504 687866368 1881407490 2654208 822083584 1706761 6308352 2147483664 1476430212 17335300 268435456 17891336 4096 69211168 13123618 134545408 671096843 4464664 4097 1082917912 0 1048720 138553505 1330201728 1619015824 15 2164311057 979962769 571244642 4 463548096 536985720 428089430 8 538448640 16795137 402653184 83888149 8912896 67108866 33556480 10256 1060865 2147484160 820224 1213202945 288358400 16975872 67115520 128 8228 1207963652 268452864 1056768 68288528 2048 75637952 54001921 655360 13640204 134291462 50333762 201328642 302120960 131108 2314207232 3758096751 2860708515 3226249308 2976974848 293757507 2 90439680 134350912 5783616 1409286409 1611137028 1 66624 134219776 1572880 8405257 2415919104 2215389184 2311357444 2831174671 9 12589217 1092753154 1078931077 134251304 2417247210 3192912 4 1210269706 3222798614 345020028 10 2097169676 940712032 570431244 4 278719872 1225164036 2281906258 753898 2191173632 3833832202 8 705892354 864084422 1077941914 94521512 215093320 2508349732 2
is_linear=0
shrinkage=0.12


Tree=23
num_leaves=63
num_cat=58
split_feature=5 38 41 34 41 23 23 34 35 34 41 35 24 41 22 35 35 22 24 34 35 22 22 23 19 22 24 22 41 34 24 22 24 34 34 23 23 35 22 22 35 22 22 22 35 22 34 34 23 3 34 35 41 24 23 22 34 23 7 1 38 23
split_gain=43.8247 99.992 87.692 78.7144 72.088 101.868 63.9164 82.577 80.8298 80.1384 69.1943 74.0503 75.0382 68.7683 74.9196 74.0232 66.6789 64.0892 63.1195 59.7908 60.8285 59.6505 58.3341 57.2445 57.1809 54.0125 52.8882 48.989 47.0065 70.4425 64.3895 67.3934 62.2916 65.7558 64.4296 62.0254 58.0029 62.9996 62.6748 59.63 58.3464 57.0877 57.0727 56.5767 52.4872 55.2053 62.5906 56.5667 54.4508 50.1751 80.5366 72.1551 66.8149 67.5063 52.5554 49.9796 49.9039 49.2823 47.151 113.125 204.302 149.839
threshold=0.057500001043081291 0 1 2 3 4 5 6 7 8 9 10 11 12 13 14 15 16 17 18 19 20 21 22 23 24 25 26 27 28 29 30 31 32 33 34 35 36 37 38 39 40 41 42 43 44 45 46 47 0.18583333492279056 48 49 50 51 52 53 54 55 0.066406250000000014 -0.029166666790843006 56 57
decision_type=2 9 9 9 9 9 9 9 9 9 9 9 9 9 9 9 9 9 9 9 9 9 9 9 9 9 9 9 9 9 9 9 9 9 9 9 9 9 9 9 9 9 9 9 9 9 9 9 9 2 9 9 9 9 9 9 9 9 2 2 9 9
left_child=1 2 -1 -4 5 -3 9 8 -8 22 27 12 -12 -11 16 -16 -15 -10 -19 -5 -21 23 -6 -22 -13 -7 -23 -9 29 30 35 -32 33 43 41 -2 37 39 40 -35 -38 -34 -39 -31 48 47 -47 -46 -36 58 -51 -52 -53 -54 -55 -50 -40 -33 -30 60 -60 -62
right_child=28 4 3 19 6 25 7 10 17 13 11 24 -14 14 15 -17 -18 18 -20 20 21 26 -24 -25 -26 -27 -28 -29 49 32 31 57 34 36 44 -37 38 42 56 -41 -42 -43 -44 -45 45 46 -48 -49 55 50 51 52 53 54 -56 -57 -58 -59 59 -61 61 -63
leaf_value=-0.0010618274961895285 0.00056466802441339952 0.00061472814316172405 -0.00062986307376499513 0.00384238605305082 -0.00024337764817921622 -7.9313050235477756e-05 0.0013656809024439171 4.1608802867142966e-05 0.00020148336372163215 0.00070966008621641257 0.00066336206651667045 0.0010219664807477535 -0.00081311262156435039 -0.00130032040296129 0.00064296652811270474 -0.00069800906182138935 0.00039987445520679802 0.00012670058424117507 -0.0014164237632253314 -0.00070248090306254121 0.0033621174545725094 0.00076309631130908962 0.0013733436504163154 -0.00048428060423715176 0.00020113353597470601 -0.0018211985697726011 0.0027834983525834686 0.0015969426270091242 1.160477520367838e-05 -0.00015156817115304433 -1.2040562157707063e-05 -0.00060911499421138033 0.00039729641499144431 -9.8068425212739907e-05 0.00010389989119956888 -0.00016144233051401229 -0.00025216845600174726 0.00014973126995454841 -0.00037323059375842215 0.00043911676912401711 8.6376473516919347e-05 5.5679446780582433e-05 -0.00015548269771531434 0.00029171723725211524 0.0002552357098723795 -0.00019192529803448984 -3.5596229646880047e-06 3.8373609320738647e-05 -4.8008247853156437e-06 -0.00030421301363715446 -0.0002015232999523105 0.00015122051724808869 -0.0002239339324830702 0.00013130546646874012 -4.9658626110455716e-05 -0.00038201036507075413 -0.00016216535186952408 -0.00027937120056625018 -0.00013196777899189305 7.7361388689629802e-06 4.0380745373218032e-05 -3.3610192571338966e-05
leaf_weight=677 328 793 672 942 418 536 438 539 881 1077 747 1797 1547 471 670 5839 2556 533 1382 667 438 1063 1041 1118 16703 1263 2374 1147 224076 448 818 553 783 431 669 847 982 1022 1487 753 2147 1629 2406 886 1607 2811 17025 7651 524 419 563 550 647 445 1126 1008 5358 1243 30229 305240 42902 92361
leaf_count=677 328 793 672 942 418 536 438 539 881 1077 747 1797 1547 471 670 5839 2556 533 1382 667 438 1063 1041 1118 16703 1263 2374 1147 224076 448 818 553 783 431 669 847 982 1022 1487 753 2147 1629 2406 886 1607 2811 17025 7651 524 419 563 550 647 445 1126 1008 5358 1243 30229 305240 42902 92361
internal_value=-1.42445e-05 0.00348844 0.015778 0.0196322 0.00106363 -0.0182488 0.00239378 0.0057747 -0.0121257 -0.00480635 0.00835497 0.00644814 -0.0138421 -0.0084367 -0.0116883 -0.0189357 0.00390916 -0.0196581 -0.031946 0.0236226 0.0188716 0.0234246 0.0214548 0.00382649 0.00897147 -0.0339922 0.0322528 0.0316607 -0.000239369 -0.00366998 -0.0194159 -0.0298857 -0.00246338 -0.00864674 0.000459087 0.00394266 -0.0109823 0.000155696 -0.0161266 0.0238795 -0.00202481 0.0193069 -0.00809301 0.0167607 -0.00100041 0.000354564 -0.00321644 0.00799999 -0.0188161 2.30184e-05 -0.0138166 -0.00743043 0.000604295 -0.00871746 0.0047757 -0.0312435 -0.022558 -0.0428761 9.77533e-05 -0.000584279 -0.00311069 -0.00111684
internal_weight=800303 48329 7951 7274 40378 2592 37786 25714 3234 12072 22480 20794 2294 10613 9536 6509 3027 2796 1915 6602 5660 4993 1459 1556 18500 1799 3437 1686 751974 53416 3789 2614 49627 15920 33707 1175 14586 4612 9974 1184 3129 2412 3428 1334 31295 29094 19836 9258 2201 698558 3750 3331 2768 2218 1571 1532 6845 1796 694808 470732 165492 135263
internal_count=800303 48329 7951 7274 40378 2592 37786 25714 3234 12072 22480 20794 2294 10613 9536 6509 3027 2796 1915 6602 5660 4993 1459 1556 18500 1799 3437 1686 751974 53416 3789 2614 49627 15920 33707 1175 14586 4612 9974 1184 3129 2412 3428 1334 31295 29094 19836 9258 2201 698558 3750 3331 2768 2218 1571 1532 6845 1796 694808 470732 165492 135263
cat_boundaries=0 8 16 24 32 36 39 47 55 63 71 79 83 91 94 102 110 113 117 125 133 137 141 144 151 155 158 162 170 178 182 185 189 197 205 209 213 221 224 227 235 239 243 247 255 259 267 275 278 286 294 302 306 310 314 322 326 334 338
cat_threshold=1261260 2286158080 0 0 0 1073741828 1081344 8816 12582914 1611792512 1879312020 4096 1275073152 134234152 0 2054 131143 131072 1367474176 67281504 0 67111168 2166624393 2102272 557056 8388744 201327104 49152 5242900 2148623920 1056998 516 94673217 63046788 3248193602 1 891395137 4530813 6390982 100663298 33685569 8650760 2150105097 33701896 814745664 9470208 1600 67273731 2097544 196676 512 1144015120 536871680 8208 33554498 33825024 16941060 67371009 83968 33571204 4751872 135430402 294920 8388804 6291492 268566528 50339853 411042304 404752452 606720 2048 16777252 403701784 2147553282 3221565440 2298112 288 1476395012 4101 607360744 673268929 5767237 7 1073741856 268567552 4522018 32 553910272 262209 1627428120 4337792 2029389568 34626085 101155048 8389248 1083277344 4104 21139596 33562880 1 1342177800 8667137 49285 3145729 2621568 67649552 536936448 84940800 134218760 96 3340894469 805356312 2783259456 2714108599 1485309954 18874866 8 16834560 67656 1048624 2157445376 22023168 813694980 67649552 66304 50855952 4194304 8388608 620757016 168034308 33689728 1140859024 33817872 134238226 25885719 353717890 8 1292537986 1972371464 1427245064 2 162563336 876716480 328467010 0 1572864 20972038 16844801 151257225 873398292 1769496 1906315408 2147516416 427749700 13 2960724260 2231717600 134718016 10593292 672637005 1979746688 2 2113536 1311309 131072 2147491840 67371008 1074015232 76223528 31457280 180292 9 36456448 805355552 16777216 33555458 68190209 34680840 573295876 637617568 144779521 6 1251483692 3540287493 1386224553 1409321136 2298808638 311307288 2 134289408 16384 608178432 123929602 1048640 536871056 1346969600 1152 1048849 1107296320 516 526593 33554436 403177472 818155848 18512 1124673539 2149910098 1253381 4 25280595 2316322313 2169479698 6 402718801 339738625 25165824 1073741840 1073766400 50357376 80 50413633 3871473702 40404547 1484983832 1146620984 774045962 585835528 2415951882 926942212 39845892 3325984 134221824 0 1152 33751049 2492607030 310018564 1346635288 1 1396972803 219381762 5797892 9 2049720968 287314181 2709594466 10 536870912 17170564 3221225512 13 167772160 403177600 2550435858 276736 1074135129 1628459033 119109937 6 2164736 17862944 549453952 2147549184 74457664 1073741824 3238202368 257 69470208 557880448 536870912 2097152 8528128 2166358025 2148139552 33793 201473152 580943042 2685495384 1107697664 335708160 537002624 197120 1050880 12583424 49168 1048640 147488 8389120 1074938060 537395712 268724224 2099200 3712 100664320 146800678 2147500050 1581089 269484864 10616832 2415919104 262 20576 3489673282 2768257652 41437697 11 1501309456 68718920 2418543106 5 39855116 1191316550 3630959329 2 1084227584 1789003840 8 80 8716288 92668449 10485776 67108864 83991552 2376926378 145276936 9 134284108 20 131136 33554432 402669568 536870944 2198651140 9832 36864 0 4152164303 15
is_linear=0
shrinkage=0.12


Tree=24
num_leaves=63
num_cat=55
split_feature=8 38 0 19 41 34 22 1 41 34 41 22 34 35 34 1 35 34 35 41 34 24 22 3 38 0 35 34 35 34 41 22 39 1 41 34 41 34 41 22 34 22 22 22 35 35 21 41 35 34 41 35 34 21 34 22 35 41 35 34 41 41
split_gain=40.6719 194.001 111.133 88.9562 109.919 103.522 83.6553 82.1543 87.2975 84.7603 82.515 79.0588 81.3068 77.2847 76.6844 76.402 88.708 74.4959 73.4383 72.9211 70.4471 71.1754 67.5187 65.3666 164.215 129.102 94.5081 90.0895 84.796 87.7342 77.5277 74.9267 71.1946 90.4233 92.9791 88.0072 76.929 73.792 64.6668 64.4749 74.5734 63.7206 63.5445 62.518 61.8189 60.181 59.9546 79.4108 64.855 59.9543 59.6012 58.7625 58.3006 57.8131 81.3833 86.099 100.705 83.7003 77.5281 81.3122 76.3144 74.2797
threshold=0.079101562500000014 0 0.30871582031250006 1 2 3 4 -0.029166666790843006 5 6 7 8 9 10 11 -0.012500000186264513 12 13 14 15 16 17 18 0.0091666667722165602 19 0.77185058593750011 20 21 22 23 24 25 26 -0.097500000149011598 27 28 29 30 31 32 33 34 35 36 37 38 39 40 41 42 43 44 45 46 47 48 49 50 51 52 53 54
decision_type=2 9 2 9 9 9 9 2 9 9 9 9 9 9 9 2 9 9 9 9 9 9 9 2 9 2 9 9 9 9 9 9 9 2 9 9 9 9 9 9 9 9 9 9 9 9 1 9 9 9 9 9 9 1 9 9 9 9 9 9 9 9
left_child=1 2 22 4 42 -6 49 -5 17 10 -10 12 -7 -12 -13 16 -11 -9 -17 -16 -8 -22 -1 24 31 28 -27 -28 -26 -30 -31 -2 33 34 -25 -36 43 41 -29 52 -41 -38 -3 -35 -33 -32 48 -48 -39 -4 -14 -40 -37 54 55 57 -57 -34 59 -56 -58 -61
right_child=23 3 6 7 5 11 20 8 9 15 13 14 50 -15 19 18 -18 -19 -20 -21 21 -23 -24 32 25 26 27 38 29 30 45 44 53 36 35 39 37 46 51 40 -42 -43 -44 -45 -46 -47 47 -49 -50 -51 -52 -53 -54 -55 58 56 60 -59 -60 61 -62 -63
leaf_value=0.0012823034820347557 0.00080849448478107161 9.0509213013102285e-06 -0.00079158856375460471 -0.00044212302437911775 -0.00045381518758385876 -0.00042963103779458016 0.0017100531470366801 0.00040820731659471307 0.00071611713526799998 -0.00029015005169771971 0.00064890988599408325 -0.00062105001958871211 0.00067295529498434038 8.6866563729558278e-05 0.00053315184792513282 0.00023416054448191541 0.00038274627342614213 -0.00029203344874413384 -8.7080583570218468e-06 -8.9026260693309372e-05 -0.0002965818399871763 0.00079380634668316252 0.0058255429265427483 -0.00026887853794651438 0.00016539815148054973 0.0003750239349231673 0.00031132753799554375 -0.00037033931453701462 0.00013130776165215443 0.00016605231840604516 -0.0013478728395689972 0.00062679364750830105 -0.00020701577520829318 -0.00013877284312114685 -0.00016867062156238245 -7.4971836722910628e-05 -0.00046232066658683473 0.0001649504879267738 -0.00023872347853111139 0.00036380724891398752 1.5265899534923735e-05 -0.00013480761891566299 -0.00083483741821474566 0.00025017956329620125 -0.00016302699117284812 -0.00058489793861118749 0.00020887617972048509 -4.3127141581993134e-05 -0.00012589983962674631 7.0269048945341894e-05 0.00016188569641826023 3.952073680871639e-05 0.00030458037688449094 -6.3367438753064801e-06 0.00021143910717102312 -0.00025866924574010085 0.00016859634895358545 6.2224894413849766e-05 1.2645461427564959e-05 -0.0001359121987951849 -6.2675167822572305e-05 6.0021476745025375e-05
leaf_weight=903 1343 538 551 1442 2255 787 952 660 1004 579 781 1586 940 4469 887 4412 4505 3371 34020 8901 1452 3103 1917 959 1204 560 583 664 1080 684 1023 858 1204 1307 1092 437 2044 1517 676 673 5403 4445 1246 2856 2025 6932 3260 25122 24901 1967 3939 2656 2499 331234 3507 1875 1674 10094 223599 2027 19730 21389
leaf_count=903 1343 538 551 1442 2255 787 952 660 1004 579 781 1586 940 4469 887 4412 4505 3371 34020 8901 1452 3103 1917 959 1204 560 583 664 1080 684 1023 858 1204 1307 1092 437 2044 1517 676 673 5403 4445 1246 2856 2025 6932 3260 25122 24901 1967 3939 2656 2499 331234 3507 1875 1674 10094 223599 2027 19730 21389
internal_value=-2.53403e-05 0.0024215 0.0174302 0.00028611 -0.00634394 -0.00369814 0.0102404 0.00281676 0.00357526 0.00495119 0.0180019 -0.000492607 0.0110743 0.0119042 -0.00626031 0.00307113 0.0168934 -0.0133861 0.00124265 -0.00227754 0.0185033 0.0122181 0.0379305 -0.000324425 -0.00703795 -0.0125719 0.00310444 -0.00263993 -0.0199579 -0.0236646 -0.0277008 0.0139877 -0.00012782 -0.00357991 0.00645277 0.00984578 -0.00527638 -0.00634835 -0.00910178 0.01375 0.00666228 -0.0184402 -0.0347438 0.010491 0.00302589 -0.031043 -0.00491279 -0.00108192 -0.0090261 -0.00787349 0.0168554 -0.00222486 0.0283311 0.000300805 0.0015535 -0.00390297 -0.0080735 0.00468965 0.00230675 0.00838908 -0.00572656 0.00582892
internal_weight=800303 87167 10845 76322 21079 19295 8025 55243 53801 49770 6254 17040 5666 5250 11374 43516 5084 4031 38432 9788 5507 4555 2820 713136 20288 16062 5139 4579 10923 9719 8639 4226 692848 76515 11063 10104 65452 61289 3996 9012 6076 6489 1784 4163 2883 7955 54800 28382 26418 2518 4879 3332 2936 616333 285099 34577 23279 11298 250522 26923 21404 23416
internal_count=800303 87167 10845 76322 21079 19295 8025 55243 53801 49770 6254 17040 5666 5250 11374 43516 5084 4031 38432 9788 5507 4555 2820 713136 20288 16062 5139 4579 10923 9719 8639 4226 692848 76515 11063 10104 65452 61289 3996 9012 6076 6489 1784 4163 2883 7955 54800 28382 26418 2518 4879 3332 2936 616333 285099 34577 23279 11298 250522 26923 21404 23416
cat_boundaries=0 8 15 23 31 34 42 50 58 61 69 77 85 93 100 108 116 124 128 131 138 146 154 162 170 178 182 187 195 203 211 219 227 231 239 243 246 249 256 264 266 274 282 288 296 304 312 314 322 325 333 341 349 357 365 373
cat_threshold=1261512 313344 1 256 134217728 536870978 2147745920 1032 60 68716544 6324224 4128 16777216 1946833162 328528 2064 68423688 1572864 1053760 69369856 1108361436 33620096 4227072 234881024 536871448 134226176 17043472 1180448 12582916 1614856197 3153920 1107373055 2786069042 1342473216 1073758210 268500996 2147485696 8706 67452936 67138592 35651640 36962816 134250512 2417099840 2155874832 20979713 151060480 2155872256 102891648 34341888 2705331328 541073664 524544 33570880 2138112 268500992 2689630209 19 765461503 3492020524 38801484 4390916 4457472 1417674752 1078993408 268443784 36177024 17301696 18464 16386 10485762 67387584 4264065 276955200 134807824 46465024 8192 17301504 470814720 4198416 672000 545375233 67110912 8786176 263488 2189688896 36874 16 268501125 1217462402 538968066 5 33587200 403718144 75497728 2166363136 8519696 8392737 21120256 345888 16779520 32788 135680 16777482 207684612 1073807361 3225419777 100728856 1226834752 6422784 134223104 786432 75792 536870912 16779520 4356 1159219200 84582465 1073741825 1051136 537444353 4102 24 68157440 3252160898 661227138 2182087724 1 48772082 40281161 285219908 143736780 6291456 2241 570458368 2149580816 536870914 16648 73401376 33685504 33344 37748896 1573392 1152 270532872 54542464 134288384 2147488020 1059076 297795584 134610944 1074799104 9437184 4718723 0 2214827008 16793730 268456066 35684368 532492 33572864 1081410 34091522 1073873538 17301504 537067552 576 1099956240 1077946368 16785408 201400864 1074004256 604504080 49152 6291457 34341120 1076109858 1024 271716352 1946288197 1943328829 2 68128 4096 0 8388619 274268160 0 524288 1610616833 69263392 1184382980 34822 9046240 33554434 2098446 2185240576 136314880 933888 541081604 1075838980 639107072 33555968 4456448 2056 1677738722 946178 2147500032 536873544 16777792 1056 3829415937 536887296 570441728 69275664 17170528 1073741840 32896 68165674 537403392 117442560 589889 28451264 2210 2147487744 1048576 34848 1477559586 2149600040 4163182881 2 201588816 262144 1040 102761728 1049088 335613968 150995009 2097183 621504000 1057341468 2174418944 6 3238027394 2369019934 18191268 2160115728 169550364 2325002922 436211776 100664640 2248147200 806187008 16830464 67117056 256 537010192 640 34852 16908384 18367489 1212158080 2097428 1536 1409185024 2521849074 0 603984384 32768 34603012 1644300698 126943232 71368704 1376512 132097 2228224 360480 67111176 1049732 68551745 21528576 1049088 512 3254848011 2160 0 1350664192 33657414 143655048 16778258 2684354656 16777237 537415776 0 16779266 2375940 2415936005 675282946 14680114 8396800 268492804 34088960 1 65553 1346437184 131090 94340 8192 524290 33882368 32896 4259848 3193704960 2160131839 2208 299008 547357840 18964488 5376 139264 1376260 33948673 2384609284 1885372516 3395526274 8650752 1076101136 2 1207962624 151519553 139494208 3357540361 131072 1084756008 64 536903936 402653256 168298496 272761088 12664849 4202512 524 8732672 268439552 100861952 133152 2181140496 34521120 16512 1276649476 671088640 84066564 268435712 16779264 67112964 67637256 76554240 532520 0 570425352 8409090 1212719104 2080 738197539 21713 943947776 8388617 1107314688 1536 8946176 100663425 1083179264 804864
is_linear=0
shrinkage=0.12


Tree=25
num_leaves=63
num_cat=62
split_feature=41 24 34 34 35 22 35 35 22 35 34 23 22 35 23 34 35 34 23 34 23 35 23 23 34 35 22 22 24 35 34 24 21 21 23 22 22 23 21 23 41 34 35 34 35 34 41 22 35 34 24 24 22 41 22 35 34 35 41 22 24 24
split_gain=36.6065 77.7074 84.686 80.4258 79.0772 69.7089 75.5544 75.3498 69.0104 68.3956 66.0104 66.9383 63.5968 63.5804 62.9541 61.8842 60.4458 60.2719 59.3499 70.079 57.7854 57.6389 56.2939 52.8318 64.8106 51.6154 50.8366 50.1645 51.4626 50.0718 43.5004 43.2823 43.0104 42.4721 41.6582 42.8016 40.2385 39.8426 39.753 39.5032 74.4239 73.9474 83.8263 72.5984 70.3063 81.9695 66.9366 66.3891 71.1417 66.0187 64.9083 64.4563 73.0378 65.0573 64.3392 63.6977 63.6755 75.5293 62.5685 63.1729 61.7666 61.6878
threshold=0 1 2 3 4 5 6 7 8 9 10 11 12 13 14 15 16 17 18 19 20 21 22 23 24 25 26 27 28 29 30 31 32 33 34 35 36 37 38 39 40 41 42 43 44 45 46 47 48 49 50 51 52 53 54 55 56 57 58 59 60 61
decision_type=9 9 9 9 9 9 9 9 9 9 9 9 9 9 9 9 9 9 9 9 9 9 9 9 9 9 9 9 9 9 9 9 1 1 9 9 9 9 1 9 9 9 9 9 9 9 9 9 9 9 9 9 9 9 9 9 9 9 9 9 9 9
left_child=1 3 9 14 26 6 -4 22 15 33 31 21 38 32 -1 -6 -13 34 30 -20 -17 -12 -7 24 -19 -25 -5 -24 -29 -22 -15 -8 -10 -3 -9 -36 -16 -14 -11 40 43 42 61 54 45 50 -44 55 60 -50 -43 52 -47 -53 -2 -45 57 -41 59 -59 -49 -42
right_child=39 2 5 4 8 7 10 17 13 12 11 16 37 18 36 20 -18 23 19 -21 29 -23 27 25 -26 -27 -28 28 -30 -31 -32 -33 -34 -35 35 -37 -38 -39 -40 56 41 44 46 47 -46 51 -48 48 49 -51 -52 53 -54 -55 -56 -57 -58 58 -60 -61 -62 -63
leaf_value=6.6691789989252727e-05 -0.00019534582024653268 0.00017161933715466673 -0.00021326126121627462 0.0005103255205362511 0.00017084083328176917 -0.00039833106067264045 -6.5500726759386263e-06 8.8845084552490518e-05 -0.00042821494584891612 0.00031600208743107276 -0.00025229872816701472 -6.7425187633487007e-05 0.00047327499144778448 0.00038084589503296017 -7.608303583402765e-05 -0.00033458013026248332 0.0001992311778486578 0.00018558491499380488 0.00031843066242978678 -5.4608615962059878e-05 0.00013793334981959321 6.3088049880232814e-05 0.00020352960502043833 0.00023362079926127308 -7.7669150497811727e-05 5.4816032026870927e-05 9.332919371059795e-05 -0.00040405908343865747 -2.5274175525262309e-05 -0.00018088461863213583 9.8145133391077389e-05 0.00041010771019519339 -2.1728134494229856e-05 -0.00028940536278076367 -1.6733531696552448e-05 -0.00035735816123691488 -0.00042110272395048297 0.00028251469807424396 -9.5355970620360247e-05 -0.00017836058838873953 1.7573854114127666e-05 -0.00013394250019101002 -0.00018469337357669032 8.5836731436873806e-05 5.7108203733954599e-06 -0.00015938127671563613 -2.0566105526545316e-05 -0.00055190072629680658 0.00025523116773568252 -5.7569689655353235e-05 0.00024091584087623704 -0.00029220842010560045 9.7661920651047517e-05 -9.4568366861292707e-05 0.00024636726753482204 -0.00024977776173003893 7.1003448788465298e-06 -0.00034677181853495933 -7.9036514819571895e-06 -4.5361191822572334e-05 -0.00014003954800277817 -0.00035838902627834043
leaf_weight=664 436 324 789 424 649 677 322 552 544 325 979 1116 690 710 415 1415 6500 1049 850 6514 841 2502 586 1514 6394 14531 1006 436 673 2680 2560 989 608 482 552 820 1012 1453 643 4391 666 645 2776 954 173593 1659 20364 660 1398 9445 1414 1918 3296 8636 1089 5022 439186 1571 48907 3407 1404 1676
leaf_count=664 436 324 789 424 649 677 322 552 544 325 979 1116 690 710 415 1415 6500 1049 850 6514 841 2502 586 1514 6394 14531 1006 436 673 2680 2560 989 608 482 552 820 1012 1453 643 4391 666 645 2776 954 173593 1659 20364 660 1398 9445 1414 1918 3296 8636 1089 5022 439186 1571 48907 3407 1404 1676
internal_value=-3.07382e-05 0.00268077 0.00549365 -0.00336395 -0.000873861 0.00387871 0.0110561 0.000466252 -0.00311338 0.0223263 0.0133527 0.010316 0.0303938 0.00209527 -0.0256205 -0.0140861 0.0166125 0.00237885 0.00500469 -0.000976131 -0.0186742 -0.00346978 -0.0199329 0.00405447 -0.00429778 0.00792925 0.0261303 -0.00808432 -0.0230151 -0.0103595 0.0184278 0.0387301 -0.024536 -0.00880188 -0.0179752 -0.0291329 -0.0397776 0.0419304 0.004653 -0.000273646 -0.00154845 -0.000895617 -0.00696634 -0.00847404 -8.59951e-05 -0.0073174 -0.00476848 -0.0105107 -0.00565678 -0.00175771 0.0151231 -0.010306 0.000990525 -0.0156048 0.0166298 -0.0209619 0.000333846 -0.00339281 -0.00215745 -0.0149579 -0.0260115 -0.0285471
internal_weight=800303 65790 44898 20892 18801 40981 13197 27784 17371 3917 12408 11097 3111 11786 2091 5585 7616 25412 10634 7364 4936 3481 2372 23488 7443 16045 1430 1695 1109 3521 3270 1311 1152 806 1924 1372 1427 2143 968 734513 237051 216643 25482 20408 191161 17568 23140 18883 12907 10843 2059 15509 4955 10554 1525 5976 497462 58276 53885 4978 2064 2342
internal_count=800303 65790 44898 20892 18801 40981 13197 27784 17371 3917 12408 11097 3111 11786 2091 5585 7616 25412 10634 7364 4936 3481 2372 23488 7443 16045 1430 1695 1109 3521 3270 1311 1152 806 1924 1372 1427 2143 968 734513 237051 216643 25482 20408 191161 17568 23140 18883 12907 10843 2059 15509 4955 10554 1525 5976 497462 58276 53885 4978 2064 2342
cat_boundaries=0 8 12 20 28 36 39 47 55 59 67 75 78 82 90 93 101 109 117 121 129 133 141 145 149 157 165 169 172 176 184 192 196 198 200 204 208 211 214 216 219 227 235 243 251 259 267 275 279 287 295 299 303 307 315 318 325 333 341 349 352 356 359
cat_threshold=302580224 655360 638067760 2101250 541262848 205520930 536871425 33554432 338100764 823465605 2151969290 8 524418 2185232384 2147485824 32784 1048672 20480 2223014150 126398468 1318916 16 142606400 1073774612 268699650 30544144 148480 34082884 8716544 401920 536879120 301994752 2056 10523264 536903680 17432833 749847094 276911409 1245725744 131328 1074266672 268476420 109053960 524576 135266304 33558528 68429064 2363664 263168 545259522 135267328 589888 268468256 713326596 2130945 610387456 26231835 3490261722 1 1073743872 1346371584 67109186 11321346 1073741825 54674496 1073758464 480 270798848 8 1103921408 8389892 285245952 4 18356360 1048577 1048648726 1113001016 1107411970 1694597120 1006646864 3421520453 1 689672 1074791424 2147487744 549453824 8454241 131136 4206600 67179136 1403094080 1930462345 3373869696 561664 2150109504 369887232 2359296 134218752 43009 149946372 32 2164523520 393216 10551810 268702833 285212672 67117440 805306368 131072 67109888 0 8388672 545259776 549454868 140771328 557715456 2245392 1342972192 319475984 2405434179 3 304220632 2097152 539101188 134284552 155713664 67108868 536871040 262160 1611203364 2176359466 423707200 8 2818573355 37754888 54526592 537919488 8415232 6144 1049728 32 541213232 2862548064 102015490 4 596115504 625070644 2472553745 1 1116045376 1074823168 136577024 1361133568 16386 9288 9232 329728 369101312 539492352 268435585 2684619528 1677983874 8202 528385 524290 96485685 140792642 459350528 1 302121344 2820680196 336181318 18383107 3428886530 150995348 7 336068609 18875458 1048960 1033 1207967776 201335056 1180560 10 738201600 101312032 268452112 1 8388608 201392768 2050 4194304 536875072 2317484064 1024491536 2 3696286347 2450729326 10701961 356435648 3254813196 2015700000 553761878 1 268706177 1092225094 70326415 4 167980160 1103206668 3222315808 117777440 675369397 2417580296 1544617984 817957339 528399497 343974101 546308096 16384 2416968712 3221225476 2164260865 1342179328 36703489 10653706 10485776 128 2147549184 571490304 538969136 4457476 71338000 2281702180 85983504 604014720 16960 1611417345 554172544 8 67174400 1073758336 3276872 134350864 0 151552 29952064 269238468 50331664 704643072 20520 6816256 2416443536 2147483665 1074004226 102760704 8388618 143261696 34341152 20480 35376 788993 412090368 1057040 269484035 33554443 8396832 144711684 4194372 12800065 536903936 2281701888 81920 1049856 1068036 1186708 2172668761 310815233 5 67109136 16779264 2151702656 6688 8652864 2181048460 6145 4325396 12583680 1835020 4194306 1073746432 1140853248 136519682 1049106 139264 17905814 143241728 565519501 4 3989934672 69496840 82090112 8 546052721 494997508 3452514312 2 17170440 4880 4493313 557568 33603592 2147491840 273965056 17024 8784436 2250519592 1211667107 1610744064 537922562 75762226 1611661316 136906752 4353 1600 0 68454432 268501120 105119744 81936 1073741824 596639747 34517120 2169504768 2 65680 1342178305 1610875456 2432827844 537927688 132096 1074937937 1073741824 3221225482 1350565888 9179152 553918481 24 3674112 4204791088 1217553766 671089506 881346566 372779054 2158759973 2 143524063 1073940012 314611265
is_linear=0
shrinkage=0.12


Tree=26
num_leaves=63
num_cat=59
split_feature=8 38 0 34 7 41 34 34 41 41 34 22 34 41 34 22 34 35 35 22 23 35 34 41 35 35 23 35 41 23 23 41 41 23 23 38 25 41 41 35 22 34 34 41 41 22 23 22 23 22 41 35 22 23 22 23 22 22 22 23 23 21
split_gain=36.5918 159.462 171.737 111.815 97.9903 123.015 104.542 94.0853 93.5495 93.2966 104.272 92.1711 93.1697 86.6758 82.6017 80.7916 80.7878 106.244 80.103 78.3136 77.5773 76.8941 90.6757 86.2668 76.3684 76.0776 73.5891 84.4461 75.8066 72.5702 71.3452 70.288 69.0144 65.9119 63.0419 63.0404 105.072 109.447 96.7733 83.1795 89.4491 73.3231 71.6333 69.1977 65.1503 64.6371 80.9419 63.9376 66.8753 63.0522 62.7492 62.725 62.0903 61.8952 61.8751 61.5882 60.1498 58.689 57.3277 58.3104 56.9791 56.7076
threshold=0.18652343750000003 0 0.50256347656250011 1 0.33984375000000006 2 3 4 5 6 7 8 9 10 11 12 13 14 15 16 17 18 19 20 21 22 23 24 25 26 27 28 29 30 31 32 33 34 35 36 37 38 39 40 41 42 43 44 45 46 47 48 49 50 51 52 53 54 55 56 57 58
decision_type=2 9 2 9 2 9 9 9 9 9 9 9 9 9 9 9 9 9 9 9 9 9 9 9 9 9 9 9 9 9 9 9 9 9 9 9 9 9 9 9 9 9 9 9 9 9 9 9 9 9 9 9 9 9 9 9 9 9 9 9 9 1
left_child=1 2 3 19 9 -6 30 -4 -5 10 -3 14 -13 -9 -10 18 17 -11 -8 -1 -12 22 -18 -24 -14 -17 27 -23 -28 -20 -7 -15 -19 -27 -34 36 38 52 58 40 -40 -39 47 49 56 46 -45 -41 -49 -43 -16 60 -38 -46 -22 -47 -44 -53 -2 -60 -33 -37
right_child=35 4 7 8 5 6 15 13 11 16 20 12 24 31 50 25 21 32 29 -21 54 26 23 -25 -26 33 28 -29 -30 -31 -32 51 34 -35 -36 61 37 41 39 42 -42 43 44 45 53 55 -48 48 -50 -51 -52 57 -54 -55 -56 -57 -58 -59 59 -61 -62 -63
leaf_value=0.00088217215181713435 -8.4881225270319152e-05 0.00038318973359692939 0.00043266346208949521 0.0019751581428198318 0.00053800410266105665 -0.00044149278540996106 -0.00084665106401602753 0.00050997324567881132 0.0014317638769580227 0.0003620765119066981 3.3021906697189762e-05 0.0016693039214202452 -0.00060310460297082261 -0.0005221537518705371 -0.0010370504087018812 0.00017686236872839465 0.00068236550622036477 0.00034201184867228677 0.00042654271564628097 -0.0010063398765989241 -7.1455231189510176e-05 0.0001923180871953918 -0.00030490153083384688 0.00020552269496644789 0.00082729700858227156 -0.00083541692038112663 0.00039315646955586167 -8.992436109582528e-05 4.355170104193024e-05 -0.00012917612185935255 0.0004565860136411148 -0.00067312991683173321 1.9269008010810301e-06 -0.00038361407135360234 -0.00030163364714235299 -1.1926589251921482e-05 5.9039942579082686e-05 0.00025091492798748241 5.054391057375797e-05 -0.00069231356645623528 -0.000542245623390676 -6.1097923873796437e-05 -0.00038279317437352661 -6.2484582575553032e-05 2.7734591774026648e-05 -8.922381765261518e-05 0.00013481451199853347 0.00027614156886611723 -0.0004389961329538312 0.0002552617827088848 0.0001693780440367011 0.00019923181141046566 -0.00020103509553267489 -7.4929066897567822e-05 -0.00060952449391357124 2.4273833501547868e-05 -0.00011354585159599229 -8.4209900858239588e-05 0.00034541606131086673 7.8821964023921871e-05 -0.00011947450001329957 7.7164978899533635e-06
leaf_weight=547 2285 728 1504 1272 1047 552 548 1079 764 1073 1811 1549 758 1059 831 835 1052 1094 1123 1212 1262 3523 1174 5435 9011 2389 3868 21701 47715 2393 1196 456 2901 5049 6468 196292 564 1141 1303 914 2769 440 1892 1849 17679 3944 4013 665 1473 1206 3810 3011 1352 37802 2938 8275 4160 6916 1493 3350 1116 352672
leaf_count=547 2285 728 1504 1272 1047 552 548 1079 764 1073 1811 1549 758 1059 831 835 1052 1094 1123 1212 1262 3523 1174 5435 9011 2389 3868 21701 47715 2393 1196 456 2901 5049 6468 196292 564 1141 1303 914 2769 440 1892 1849 17679 3944 4013 665 1473 1206 3810 3011 1352 37802 2938 8275 4160 6916 1493 3350 1116 352672
internal_value=2.54895e-06 0.00167308 0.00879709 0.0161693 -0.000436689 -0.00945156 -0.0124026 -0.000816215 0.0189859 0.000891138 -0.0127448 0.0165713 0.022729 -0.00396512 0.00365515 -0.0162961 0.00184969 -0.00756494 -0.00241412 -0.0126708 -0.0179512 0.00313636 0.0145914 0.00933393 0.0183417 -0.023102 0.00199169 -0.00331907 0.00458882 0.0042857 0.015 -0.00677804 -0.0112611 -0.0269638 -0.0145955 -0.000391577 -0.0031856 0.00395859 -0.00533372 -0.00671569 -0.0233301 0.00648276 -0.00566404 0.00476012 -0.00477114 0.00260653 0.012952 -0.023577 -0.0120558 0.0282267 -0.00239844 -0.0040344 -0.0234025 -0.00347936 -0.0268946 -0.00236448 -0.0165831 -0.000495014 0.00796638 0.0153491 -0.0262121 0.000110169
internal_weight=800303 152770 34895 19754 117875 15132 14085 15141 17995 102743 6739 16723 11318 13637 5405 12337 96004 11536 4064 1759 6011 84468 7661 6609 9769 8273 76807 25224 51583 3516 1748 12558 10463 7438 9369 647533 98569 22784 75785 68657 4072 20868 64585 19727 61533 18081 5862 3052 2138 1646 4641 11499 1916 55481 4200 12219 6052 9927 7128 4843 1572 548964
internal_count=800303 152770 34895 19754 117875 15132 14085 15141 17995 102743 6739 16723 11318 13637 5405 12337 96004 11536 4064 1759 6011 84468 7661 6609 9769 8273 76807 25224 51583 3516 1748 12558 10463 7438 9369 647533 98569 22784 75785 68657 4072 20868 64585 19727 61533 18081 5862 3052 2138 1646 4641 11499 1916 55481 4200 12219 6052 9927 7128 4843 1572 548964
cat_boundaries=0 6 14 22 30 38 46 54 62 65 73 81 89 92 100 108 116 120 124 132 140 148 156 164 167 175 183 187 190 198 206 210 214 222 226 234 242 250 253 261 269 277 285 289 293 297 300 304 312 320 323 327 331 335 339 343 347 350 354 356
cat_threshold=9650124 2099204 64 4743424 404767760 1610612800 2109699 268435472 2415919360 167919872 2149585057 807927808 2099200 98352 4260864 1 8390976 33556802 34603520 655370 3150475 33575936 1107313188 1210056712 163980 135184 64 16810120 536592 33849346 616644634 268435456 1114496 4194372 8388609 1677857792 2686459904 1311744 3584 16 405504 7513108 134348804 136315168 1073774592 33685768 2113536 65536 5242888 4616 234946578 4344890 33587232 7733248 33554432 1078263810 1074282496 1342701576 4196480 2175090952 576 2 67699710 1315873552 268476640 32896 16908289 8388608 3148292 872941840 65664 1342341378 11288832 16384 1073750272 3795884032 67108944 524434 2214863888 32800 17825802 134742064 134414336 33554432 8916992 4802560 1215504 134545540 13440 3347124665 294036036 659292161 65536 1074004224 1048584 9179650 1073873416 2113540 411206240 15204480 100671492 1024 2155872256 268435460 2150121985 1081098252 2147549696 67126818 1074004224 537133056 2147484040 405275665 402786824 3225424384 272 9472 873299968 17330544 1894586696 2 6325528 868231296 922962960 15 671088640 1073741824 268697728 299522 5244432 209 2722644480 23134216 139269 151011328 8388608 471991296 268699968 1114114 1092618248 84017168 64 344106960 2228224 1686110404 2147485184 2181103616 4100 8256 131104 200960 8438784 67113472 134479976 40961 333848 67109000 135659648 2147483810 16781312 572522768 0 2097184 1218445321 67644416 4284175368 68223212 14988 17044512 137888328 20480 73728 134418433 67133450 1075871744 8520192 2416509696 2147483712 170000528 16418 1880097284 335545088 4099 2048 2148503568 3221448200 1881174735 4 1546782720 1611230824 2828085251 66053 2551185412 83895936 1216348161 6389760 270598144 33554632 16388 1149239296 75630720 1090537472 553680897 526336 41975808 3229679808 8994944 3529679634 110158297 2685405184 9 269806092 268568676 3960803926 5 1260996 2097680 139456 638058752 404751360 1073741888 256 1032 553726263 65537 1 536870913 2156003925 403505172 807405569 32774 269484048 33554448 17301504 8390656 268435490 547356673 538445376 268587010 65568 524560 671355073 6144 1140852736 2148008200 822095905 2290090016 256 671088656 2729443328 655496 55259204 2148742974 50382416 401944 0 2147483680 146809858 33 20 605028608 2721876 1140867206 0 134217732 402751561 112 1075838976 2148575234 33693856 4194560 17973257 109072582 16448 6356994 3080 4226 2097280 21397505 2164266064 16844835 32 10487808 17833987 32 19136520 76531851 3863115776 2722104322 9 539202128 2260222081 2374091779 1 2353873056 140272384 2433222922 11 2819637343 323032287 2458648580 1092392204 4369 100906048 11 2214854920 32 99841 134742016 537722880 67305616 412092420 2105857 1073750020 2152212544 17826064 536870924 8458280 84246528 49180 16 3359973951 4890880 2224193577 2751485952 2434941152 3665321472 11 268697899 2919416325 104953364 1 805775625 315818002 1531500560 2 973350032 278841348 1150222389 2 333132304 916193536 705888352 1 1222256721 2507560 634390676 6 1361203265 679723392 275049797 536885785 69749763 3854574090 4 1342227711 2131820545
is_linear=0
shrinkage=0.12


Tree=27
num_leaves=63
num_cat=55
split_feature=7 7 18 7 38 20 26 28 38 34 41 34 41 5 34 23 34 22 23 23 34 41 41 34 41 19 7 20 39 7 26 23 18 26 38 23 38 23 41 5 23 41 22 38 28 39 34 41 41 41 34 22 34 23 34 34 41 22 34 20 39 39
split_gain=37.3245 119.107 320.201 189.769 166.091 142.947 100.566 228.816 93.7249 95.7449 84.6322 83.8855 83.0581 82.1494 79.9629 87.3577 79.0862 78.1159 79.7491 75.8664 86.5947 81.1564 74.4383 72.2763 91.71 72.6858 72.0255 175.613 213.851 279.764 234.947 210.55 162.792 246.312 162.13 145.259 117.173 134.498 116.435 115.238 109.484 105.551 104.484 121.022 101.02 100.347 99.96 90.8256 88.4542 86.2611 85.9152 87.1452 85.6875 83.6015 90.8872 90.2034 83.5005 84.1355 82.7877 78.7193 324.623 254.575
threshold=0.21484375000000003 0.30078125000000006 0 0.23046875000000003 1 2 3 4 5 6 7 8 9 0.074166666716337218 10 11 12 13 14 15 16 17 18 19 20 21 0.12109375000000001 22 23 0.15234375000000003 24 25 26 27 28 29 30 31 32 0.085833333432674422 33 34 35 36 37 38 39 40 41 42 43 44 45 46 47 48 49 50 51 52 53 54
decision_type=2 2 9 2 9 9 9 9 9 9 9 9 9 2 9 9 9 9 9 9 9 9 9 9 9 9 2 9 9 2 9 9 9 9 9 9 9 9 9 2 9 9 9 9 9 9 9 9 9 9 9 9 9 9 9 9 9 9 9 9 9 9
left_child=26 2 3 -2 10 -5 13 -8 9 -4 -3 -12 16 -7 15 -10 -6 18 -13 20 -16 -22 -11 24 -14 -26 59 28 29 40 38 34 -31 39 35 -32 37 45 -30 -34 -28 -33 43 58 -43 -29 -39 -44 -36 -45 -40 -52 -51 54 -49 -55 -48 -58 -38 61 -61 -1
right_child=1 4 8 5 12 6 7 -9 14 22 11 17 23 -15 19 -17 -18 -19 -20 -21 21 -23 -24 -25 25 -27 27 36 30 32 31 41 33 -35 48 -37 42 46 50 -41 -42 44 47 49 -46 -47 56 53 -50 52 51 -53 -54 55 -56 -57 57 -59 -60 60 -62 -63
leaf_value=0.00013311897910184089 0.00029100792474807984 0.00088009600169118086 -0.00035587133025143249 -0.00023539531045071115 -0.00036356137804625086 -0.00083703960293365182 -0.0037955623321488472 0.0014806160792586462 2.0656882937818487e-05 0.00039471097071622094 0.00060380108093207241 0.00084508679351660723 0.00035323310243688401 -0.0045671378768932548 -0.00020417397496616486 0.00026967717189660921 0.00019924227656768716 -5.4248610213198384e-05 0.00013962454215260165 9.932833617505941e-05 -0.00022399921792978626 6.4722168808049036e-05 -1.5432129255083122e-05 -8.4856955295852868e-05 0.0003303394669513622 -9.2757383670485796e-05 0.00052068078415974672 0.0025784870858661674 -0.0002149099778152095 8.8089880435968275e-05 -0.00014010842270262175 -0.00036785670121765692 0.014994298401921574 0.0067019233501273258 -0.00032849307436438055 0.0035483305593046661 -0.00024920461033273964 -0.00043226158395994786 -0.00012642083247495304 -0.00011474921227914173 -0.00043027014782511495 -4.9984072411162699e-05 0.00020329066468110444 -0.00040865288181910896 -0.00023968015244331907 -2.3928671519017711e-05 0.00019103603419822089 0.00018288319316571449 -2.6444461787907185e-05 0.00015388625202428374 -6.3061379290720412e-05 5.4295526844780612e-05 -9.9101713408194334e-05 -6.2570889988593855e-05 -4.2235500389253563e-05 8.2545636885987758e-05 2.5075794657340063e-05 -0.00019265470800076948 0.00018244494664253487 -6.5448735496920083e-05 3.7338584496041283e-05 -1.8876147307419623e-05
leaf_weight=18957 1250 985 1705 1803 682 239 278 317 3100 1257 1347 898 1213 931 2898 6267 4240 6324 2163 44027 1621 17101 14824 53611 946 4837 558 845 4761 2309 738 3374 257 1201 906 1138 490 1607 5580 989 2519 8893 4761 1345 20093 1023 1208 2157 10033 1661 13413 27679 12579 5659 17662 38104 4347 8893 4427 49740 156822 188711
leaf_count=18957 1250 985 1705 1803 682 239 278 317 3100 1257 1347 898 1213 931 2898 6267 4240 6324 2163 44027 1621 17101 14824 53611 946 4837 558 845 4761 2309 738 3374 257 1201 906 1138 490 1607 5580 989 2519 8893 4761 1345 20093 1023 1208 2157 10033 1661 13413 27679 12579 5659 17662 38104 4347 8893 4427 49740 156822 188711
internal_value=1.04952e-06 0.0015509 0.00433682 -0.0257888 -0.00196976 -0.0399328 -0.0640855 -0.0227347 0.00590355 -0.0019283 0.0111825 0.00806403 -0.00432279 -0.08467 0.00776051 0.0181299 0.0106526 0.00402255 0.0197201 0.00627789 0.000454879 0.00344614 0.000946992 -0.00554084 0.00592465 -0.000393432 -0.000432271 -0.00223568 -0.00573387 0.0133231 -0.00728048 -0.0135942 0.0315763 0.0530459 -0.000570667 0.0319067 0.00118674 -0.00766099 -0.00173311 0.0152623 -0.014849 -0.0187495 0.00297242 -0.00453934 -0.0163956 0.0227234 -0.0112106 0.00522624 -0.00616929 -0.00971725 9.25358e-05 0.00199105 -0.00695481 0.00402679 -0.0024386 0.00695465 -0.00803319 -0.0107938 0.0118563 0.000487263 0.00214587 -0.00116256
internal_weight=800303 174864 97618 4818 77246 3568 1765 595 92800 17786 11717 10732 65529 1170 75014 9367 4922 9385 3061 65647 21620 18722 16081 60607 6996 5783 625439 211209 104441 7833 96608 45175 4756 2447 12815 1876 106768 17923 51433 1246 3077 32360 88845 20502 28986 1868 16055 68343 10939 15585 46672 41092 14240 63582 19819 43763 14448 13240 4917 414230 206562 207668
internal_count=800303 174864 97618 4818 77246 3568 1765 595 92800 17786 11717 10732 65529 1170 75014 9367 4922 9385 3061 65647 21620 18722 16081 60607 6996 5783 625439 211209 104441 7833 96608 45175 4756 2447 12815 1876 106768 17923 51433 1246 3077 32360 88845 20502 28986 1868 16055 68343 10939 15585 46672 41092 14240 63582 19819 43763 14448 13240 4917 414230 206562 207668
cat_boundaries=0 2 9 10 11 12 20 28 36 44 52 60 63 71 75 79 83 91 99 107 115 123 130 131 136 137 141 143 144 152 155 162 164 172 176 184 188 196 197 202 210 218 226 234 242 246 254 258 266 274 282 285 293 294 299 304
cat_threshold=0 8 210892 4475156 1 524288 2230272 1073741824 12 288 1 193 1245184 2151958800 68744 2684879104 0 536870912 2164834312 8313 524417 10748416 1751121921 1174548480 393632 128 2148534272 17858560 1073741952 33554496 171983376 2219836422 11284 1090520064 805339136 4194336 68683272 268439560 68 33028 537821312 572526594 536870912 71316482 843383808 4718593 8390912 33591554 1107296261 604504216 129 16384 1216352260 34703360 2149713024 301989952 65800 2147550272 1242365952 1 1150051 913899972 3741614096 2214659072 1073809536 675872896 2147483680 297728 536871173 35782656 38281216 94371872 1611404289 4101624280 3 2920301328 335614146 2194150995 3 118438909 1209278544 604143616 2 88080642 0 786752 151538440 34604048 1703936 1346 6365184 147456 6291460 43010 268746754 1073758736 1073874944 536879380 300160 1627395076 1454080 268484608 17352726 4 100669440 130 33556482 2151690240 2097152 134381892 2151846417 524484 2048 72884240 65538 67119112 2282750208 528896 540148228 8396802 268439552 402669848 8196 524292 1573632 146800644 58729553 134230080 32798 1065088 288 2147549184 268566528 6291456 1 2415984640 97 4100 939524096 4257200725 15 131136 8 1 66444 2181040128 1024 0 2147483648 5 2168209432 9849 4100 805306368 47701 17835532 2388954880 65 67108864 2147502081 1073741920 2099216 5115 536870912 294912 0 2487224576 1895860224 75827200 2418577418 536875010 16779264 0 2802665512 2666136910 1 1211106352 1073750016 1544 2147491840 1091047457 2181040128 100794368 75779072 1082196248 8125972 67108864 1 131072 268451856 0 3254780160 271713424 536870914 320094464 9849 384 2214594624 0 4194312 1082139648 786432 344256 128 310378496 2684878913 58753024 33589905 2432827456 8208 6291456 137224 771751936 268443648 2172715009 2098178 134226509 8684546 536870912 738460672 536872961 524288 75563014 4338176 287329024 68685828 541065218 167772937 16384 34603522 16384 35923456 1476675840 544768 131076 8 2113600 281051137 1279262726 4196610 545300497 2146688 1145609744 4043837456 3019901503 9 1207959684 1 69206528 67125810 2550235264 525440 1141113600 20971552 1685952136 8405187 338168576 15 1 128 74842 302055444 137396224 67110914 538976456 17301522 4112 235144704 2185388032 1207959552 537303360 520 2147483728 33554690 1048576 96469136 50342176 2432700416 545263752 655552 67109440 16780288 144040964 871256578 54591637 18876928 71303168 4752576 1057 268435465 68157442 403718160 12304 210 6357539 1208131840 524368 25170441 2417033473 2147483648 134226176 32784 8394760 2148532481
is_linear=0
shrinkage=0.12


Tree=28
num_leaves=63
num_cat=55
split_feature=3 41 24 35 23 1 18 22 41 35 41 35 40 23 35 35 23 41 19 35 35 24 23 24 24 23 22 35 41 41 24 41 8 18 1 40 3 8 38 40 41 19 35 41 41 40 18 41 30 2 41 38 35 41 35 41 35 41 41 35 22 23
split_gain=34.0721 73.8685 76.4939 64.9035 59.6808 42.6679 90.4743 88.7468 98.3955 83.1729 82.1965 80.2194 78.0985 78.7802 103.928 82.4083 72.2914 80.9272 72.6273 70.0136 69.2584 66.6205 66.263 66.0547 65.7517 70.1646 64.8821 79.2158 66.1809 64.3038 63.7865 63.5447 61.3669 202.164 145.514 143.816 117.117 127.279 124.868 116.068 111.316 111.258 110.574 103.725 103.391 101.056 168.583 208.919 141.851 356.139 128.39 113.462 90.6311 89.7995 86.8488 88.0564 85.2392 85.8353 78.8617 78.4128 77.634 75.3646
threshold=0.18583333492279056 0 1 2 3 0.10750000178813936 4 5 6 7 8 9 10 11 12 13 14 15 16 17 18 19 20 21 22 23 24 25 26 27 28 29 0.90917968750000011 30 -0.1091666668653488 31 0.075833335518836989 0.70214843750000011 32 33 34 35 36 37 38 39 40 41 42 -0.38916665315628046 43 44 45 46 47 48 49 50 51 52 53 54
decision_type=2 9 9 9 9 2 9 9 9 9 9 9 9 9 9 9 9 9 9 9 9 9 9 9 9 9 9 9 9 9 9 9 2 9 2 9 2 2 9 9 9 9 9 9 9 9 9 9 1 2 9 9 9 9 9 9 9 9 9 9 9 9
left_child=5 -2 -3 -4 -5 32 7 10 30 21 -7 22 19 14 -14 -15 17 -11 -18 23 -16 -10 -12 -8 -21 -26 27 -17 -28 -22 -9 -13 36 39 35 53 37 45 -39 -34 60 -38 -43 -41 -44 48 47 -47 51 -50 -48 -1 -42 -35 -40 -56 -45 -58 -36 61 -37 -60
right_child=1 2 3 4 -6 6 12 8 9 16 11 31 13 15 20 26 18 -19 -20 24 29 -23 -24 -25 25 -27 28 -29 -30 -31 -32 -33 33 34 58 40 41 38 54 43 52 42 44 56 -46 46 50 -49 49 -51 -52 -53 -54 -55 55 -57 57 -59 59 -61 -62 -63
leaf_value=0.00024008859570791383 -0.0002552295402782303 9.059036936919735e-05 0.00010744906672049215 3.8439214239296302e-05 -0.00017704297393851461 0.00023310986406560569 7.3333264101940916e-05 2.7762428715399543e-06 -0.00028065861743064305 -0.00027382108229403378 0.00011282406697778676 -0.00012885812855727052 0.00030367017252726588 -8.753385223854497e-05 -7.4654507044883518e-05 0.00032703192230085183 -0.00012202495515083749 -3.1982178303681681e-05 4.4538412101339415e-05 0.00010692627264538073 0.0002680759755445844 -5.875535368919031e-05 -0.00020057107717540062 -0.00024901630282264274 9.9586660716526838e-05 -7.0961406134261083e-05 -0.00013616963193824449 8.4935835431572729e-05 3.7101106115034256e-05 8.9514820985747766e-05 -0.00022566025528772255 6.0475903137002934e-05 2.6683295021774929e-05 -0.0002888067690199803 -0.00017986382318133486 0.00011074596941010584 -2.5528428530244127e-05 -0.0003094786208183592 7.4543403296494e-05 -0.00022929991457946164 -3.9586464017710408e-05 0.00021666807368720054 -0.00011552395717626952 -0.00016154462735457924 6.4501851133742327e-05 -0.00033046529579787665 0.0001706251662665884 -3.2756560125482376e-05 0.00016915008467479123 -7.277577672117824e-05 6.8235069074816676e-06 5.3557470434827773e-05 0.00010502301781071803 -1.4447108572718859e-05 0.00011540402745315868 -5.3703017014275416e-05 5.7431841830049374e-05 -5.8557965150517302e-05 5.7760915488043009e-05 -1.7706155591281822e-06 -0.00020522371967522966 -0.00022173886501402357
leaf_weight=13632 590 1128 424 532 1364 1276 438 1064 653 1091 554 1058 995 2168 985 679 1813 6416 14615 3205 970 1408 1235 862 1885 4704 1072 4617 10373 6319 2560 10708 12074 934 2629 544 20652 5919 6611 3218 2617 4915 3631 5085 50633 7914 12260 114381 7814 44115 175598 50851 26231 9059 2807 48117 4474 43003 1029 27856 1484 2455
leaf_count=13632 590 1128 424 532 1364 1276 438 1064 653 1091 554 1058 995 2168 985 679 1813 6416 14615 3205 970 1408 1235 862 1885 4704 1072 4617 10373 6319 2560 10708 12074 934 2629 544 20652 5919 6611 3218 2617 4915 3631 5085 50633 7914 12260 114381 7814 44115 175598 50851 26231 9059 2807 48117 4474 43003 1029 27856 1484 2455
internal_value=-5.71281e-05 -0.0110495 -0.0042312 -0.0166724 -0.0261635 -1.35625e-06 0.00256124 -0.00114702 -0.0049406 -0.00235312 0.00642727 0.00367067 0.00675695 0.0101142 0.0191747 0.00566355 -0.000355783 -0.0101024 0.00410219 -0.00177201 0.014714 -0.0254124 -0.0199222 -0.0278048 0.00171323 -0.00514467 0.00851668 0.0194876 0.00342498 0.0187536 -0.0234323 0.00727457 -0.000302465 -0.00252793 0.00177315 0.00659734 0.000254803 -0.000439573 -0.00545386 -0.0072708 0.0106449 0.00451693 0.00716257 -0.00957987 0.00559805 0.000306353 -0.000825238 -0.00429248 0.00332096 -0.00134691 0.00143205 0.00707962 0.0125572 -0.00591304 -0.00374303 -0.00542328 -0.00829459 -0.00670892 -0.00403049 -0.00235009 -0.0164706 -0.0192906
internal_weight=800303 4038 3448 2320 1896 796265 83723 44451 29620 25996 14831 13555 39272 28178 9269 18909 23935 7507 16428 11094 8274 2061 1789 1300 9794 6589 16741 5296 11445 7289 3624 11766 712542 142692 74838 40869 569850 490019 63454 67854 30876 79831 59179 55780 54264 426565 310153 122295 116412 51929 187858 64483 28848 9993 57535 50924 52562 47477 33969 31340 2028 3484
internal_count=800303 4038 3448 2320 1896 796265 83723 44451 29620 25996 14831 13555 39272 28178 9269 18909 23935 7507 16428 11094 8274 2061 1789 1300 9794 6589 16741 5296 11445 7289 3624 11766 712542 142692 74838 40869 569850 490019 63454 67854 30876 79831 59179 55780 54264 426565 310153 122295 116412 51929 187858 64483 28848 9993 57535 50924 52562 47477 33969 31340 2028 3484
cat_boundaries=0 8 12 20 23 30 34 42 50 58 66 71 74 82 90 94 102 109 117 125 129 133 136 140 144 148 156 164 172 175 183 189 194 202 207 215 222 230 238 246 251 258 266 267 275 283 291 299 307 315 323 331 339 347 350 354
cat_threshold=622987912 20974592 16777990 17301632 524360 8 262160 139269 1003487797 410136961 352366600 4 805863941 270533633 109576448 16777344 134352896 83886082 73433088 12 1214253761 27797805 2235793411 786674 805568527 0 537395200 1050112 2148532736 2097152 106995712 4202826754 2271999 2 33884176 268960030 671090688 141557889 589824 67127296 6316032 67108866 67113472 268501066 18432 25166592 33808 135266560 33817156 37257344 537133088 268697601 537427968 290944 306256032 2147486720 134291464 65540 1342312448 516 1141964800 43008 1090593868 134807556 1879572488 2101248 823133189 268667904 186056914 67141856 4101 1743925568 2856354786 67673 18944 276824416 1074003968 2193620992 403178496 3232794120 98304 67149824 2147615232 2149597224 100663424 59393 1678246912 2149580960 134218000 92275200 2349863424 2652831750 1109374032 1 536875008 33554497 2147614976 131124 1359220800 142647312 537396784 1025 2 33554688 153160707 83890280 67125304 570580992 278912 573063200 790976 2148008192 20971528 9437200 2181325313 536875009 8388608 541073408 17834112 268640294 136384768 16549 64 2148794400 131200 3274576068 688129059 411066872 8 873728854 605053483 536876224 10 522258010 102944384 2256797990 2349502888 776097904 3095797768 1 3697820174 2148599844 51644036 1 2579031849 1376845833 168046880 1 503582720 65 4784133 2097154 65568 1762689024 1074008100 4097 16778240 2147516928 1124089873 3145736 524308 1119920128 2164269232 2117632 150994945 18875392 2221998112 52559880 8388610 2149589010 80 33577024 1426203207 16852616 3003553281 1207961600 67174528 1115684866 16941318 1082695696 100667392 2214593921 2 196622 805306373 1074266432 0 2148532736 3149313 1115685120 269064704 260505833 4112 8 1129420 2064 1 0 268435456 0 0 1024 532 2048 0 1409297712 6381568 134217988 8405296 134223904 2048 549462144 547356998 590466 32784 0 18877703 41964032 193052672 41943041 537395312 573504 2150629376 24592 67239936 70258882 1082133528 2147483648 1224769540 23070848 268476480 525336 1208090625 16 100679701 16810512 2631680 8393216 2147615812 1074135044 1346519040 262148 537923604 67650 8396802 2234368 2211446784 269194752 243728637 40960 131073 589937 2 268435456 786816 0 2149580800 14685187 181280 1 16777216 3758100033 0 524314 138547200 55605250 240 2952790548 1216 67118080 202508325 2097156 2214592768 537395200 9568266 132228 205520896 7296 3758416384 2415984640 7 18382976 513 4608 1210597376 99393 0 67108896 555779072 169870482 25559616 541327360 328192 537133056 67108930 100823552 16779323 67633473 2097152 25167872 545460288 280066 24738 540672 2134080 311298 1072 65540 302121088 1006632976 512 2453766160 536873490 604110978 1573376 592009 16833 264192 606076960 1074851904 262148 139268 72351744 1076363264 8519684 285499536 335544576 402657344 278912 46137937 32768 3147264 12583426 1024 536870914 36865 1112543506 100672512 33646608 1048576 2155876354 268456224 1075863616 2103312 335544576 572030977 67125408 2854224027 738247257 977405988 2231910601 1133715685 3232268304 1
is_linear=0
shrinkage=0.12


Tree=29
num_leaves=63
num_cat=56
split_feature=8 39 41 34 34 18 19 40 34 22 34 34 22 22 34 1 41 34 41 24 22 24 22 7 34 34 22 41 22 19 34 34 24 24 24 24 34 22 34 38 22 28 38 0 22 41 22 34 41 22 34 8 1 39 38 34 18 41 34 41 34 39
split_gain=36.2392 93.34 91.1282 91.0918 83.2093 77.2507 70.7462 75.5577 85.2275 70.36 68.8231 66.679 66.6564 65.144 64.9125 63.42 85.2915 81.2754 69.7596 75.7293 68.6982 67.0429 65.9548 65.4172 103.72 71.2636 61.9706 61.9626 71.2963 63.4781 89.1591 62.096 61.9398 59.9021 59.4308 57.3053 54.3498 51.5068 49.3954 54.0652 49.0222 49.0049 113.376 112.435 92.1266 96.8457 88.4489 85.6545 80.1792 79.6267 75.2552 74.4872 129.961 133.289 99.81 92.7771 88.253 96.0533 88.3923 86.5458 80.5353 75.9213
threshold=1.6220703125000002 0 1 2 3 4 5 6 7 8 9 10 11 12 13 0.10916666686534883 14 15 16 17 18 19 20 0.15234375000000003 21 22 23 24 25 26 27 28 29 30 31 32 33 34 35 36 37 38 39 0.41955566406250006 40 41 42 43 44 45 46 1.0458984375000002 -0.099166668951511369 47 48 49 50 51 52 53 54 55
decision_type=2 9 9 9 9 9 9 9 9 9 9 9 9 9 9 2 9 9 9 9 9 9 9 2 9 9 9 9 9 9 9 9 9 9 9 9 9 9 9 9 9 9 9 2 9 9 9 9 9 9 9 2 2 9 9 9 9 9 9 9 9 9
left_child=15 3 -3 -2 33 11 13 10 -9 38 -8 -6 -13 -7 -11 41 21 18 -18 20 -20 26 -21 27 -25 -26 -17 28 -19 30 -29 -30 -31 -4 -16 -27 -14 -35 -5 -40 -23 42 43 46 45 -44 -1 -47 -45 -50 -46 61 53 59 -54 -56 58 -58 -55 -53 -61 -43
right_child=1 2 4 9 5 6 7 8 -10 14 -12 12 36 -15 34 16 17 23 19 22 -22 40 -24 24 25 35 -28 29 31 32 -32 -33 -34 37 -36 -37 -38 -39 39 -41 -42 51 44 48 50 47 -48 -49 49 -51 -52 52 54 56 55 -57 57 -59 -60 60 -62 -63
leaf_value=0.00044615356150772971 0.00021603250220818797 -0.00021800757823603928 -7.670815024567339e-05 -0.00025076622786840419 -0.0001512091705623949 1.2012770079349294e-05 4.971490483043583e-05 -0.00016507002893249894 -2.7602964560254672e-06 -0.0001067237327445534 -0.00018387373788763818 0.00014533955488549383 0.00016319216619319958 -0.00024079169252905991 -2.5944600226666669e-05 -0.00015635626286306022 0.00029573848260813616 0.00022430333943738266 -0.0002461924551437725 0.00025716609943987384 4.8279168670751563e-05 -0.00032034168936819656 7.4765099841287479e-05 -0.00016557729367347749 0.00044077062951798765 -3.5936402225595864e-05 0.00016848807243516052 -0.00016632242616296144 0.00025694594628468843 3.5888599257361967e-05 0.00012905732067021558 -1.2807823175173729e-05 -2.2522628975021252e-05 -1.8134030371415055e-05 0.00013583859948545802 0.00018825114211110523 -4.3782192012717102e-05 0.00016424370954528001 0.00014069004039476228 -9.6224742692090857e-05 -7.6937880217670167e-05 -2.2853907644682855e-05 0.00036242757868402574 0.00059268480152985465 -0.00010168079768672484 0.0001603870375110459 0.002674631891512774 -0.00015876369655886066 0.00026624818767428249 -8.9719774882216592e-05 6.2964202648477645e-05 -0.00018074682354391269 1.8777363436620273e-05 0.00017816031019088954 3.484500761812117e-05 -0.00014497256821320071 0.00011195113501379595 -7.800224528645318e-05 -7.1035612384378299e-06 0.00025050213385001852 7.4537195639716065e-05 7.582986497636484e-06
leaf_weight=1571 977 1193 784 431 570 550 453 1156 8728 656 2709 1144 558 1475 1392 555 975 1445 659 1334 1475 1021 3239 668 563 952 1207 551 584 12795 3229 2705 27881 543 3129 2561 2056 1163 700 1395 2673 168841 1469 1207 5501 2115 3357 16502 2673 5705 39213 812 5271 2132 1876 14277 1478 21889 16280 1213 9954 378133
leaf_count=1571 977 1193 784 431 570 550 453 1156 8728 656 2709 1144 558 1475 1392 555 975 1445 659 1334 1475 1021 3239 668 563 952 1207 551 584 12795 3229 2705 27881 543 3129 2561 2056 1163 700 1395 2673 168841 1469 1207 5501 2115 3357 16502 2673 5705 39213 812 5271 2132 1876 14277 1478 21889 16280 1213 9954 378133
internal_value=-3.25375e-05 -0.00400453 -0.00799168 0.00659916 -0.00621889 -0.00887126 -0.0129285 -0.00966763 -0.00448666 0.00219312 -0.0257845 0.00525344 0.0110769 -0.0337555 0.0101985 0.000131626 0.00365686 0.00493023 0.01647 0.0120554 -0.00659829 -0.0107096 0.0207546 0.00328328 0.0167383 0.0238943 0.00852308 0.00198569 0.015019 0.000593684 0.015443 0.00519841 -0.000790404 0.0143885 0.0153276 0.0173957 0.000456946 0.0269615 -0.0141844 -0.00643566 -0.0198813 -0.000205454 0.00260347 0.0121859 0.00045547 -0.00629316 0.0269209 -0.00863814 0.00461875 0.000429075 0.0034879 -0.000563578 -0.00410513 -0.000955356 -0.0120078 -0.0166805 -0.00415496 -0.00904914 0.00205818 0.0101976 0.0129564 -7.67857e-05
internal_weight=800303 31762 23082 8680 21889 19399 15071 13046 9884 7703 3162 4328 3758 2025 5177 768541 67072 61616 7682 6707 2134 5456 4573 53934 4744 4076 1762 49190 4734 44456 3780 3289 40676 2490 4521 3513 2614 1706 2526 2095 3694 701469 79313 14513 64800 20086 4928 18617 9585 8378 44714 622156 75182 53758 21424 16153 41779 23367 18412 11979 11167 546974
internal_count=800303 31762 23082 8680 21889 19399 15071 13046 9884 7703 3162 4328 3758 2025 5177 768541 67072 61616 7682 6707 2134 5456 4573 53934 4744 4076 1762 49190 4734 44456 3780 3289 40676 2490 4521 3513 2614 1706 2526 2095 3694 701469 79313 14513 64800 20086 4928 18617 9585 8378 44714 622156 75182 53758 21424 16153 41779 23367 18412 11979 11167 546974
cat_boundaries=0 5 13 21 29 36 43 48 56 60 68 76 80 84 92 100 108 116 119 123 127 131 139 147 151 159 162 169 177 184 188 192 195 198 206 210 217 225 228 229 237 241 248 252 260 267 271 279 284 291 299 306 314 322 330 338 343
cat_threshold=2147483648 8448 32768 1568683032 3764207879 268436736 5374464 2048 8523904 268697605 553652232 235953156 197632 524288 4210716 268468228 67141666 4160 12290 1316 38023696 2150633664 16777216 412164256 1073742848 197633 528385 272916480 8202 262176 0 1073741824 537133312 1048576 2147483648 6296578 8 5244416 2147502096 287375384 138528865 8618 32784 3654289536 268586496 160628741 26640 196611 147476 16384 4160 320 19939360 3493988352 131106 76551425 2726695072 810631505 2418150199 2 18432 2152071170 2102273 0 135274804 270336 67108936 33808 1094713856 8 16777736 402964488 142876690 11296 144 160 1107693716 2165246995 2114521352 2 1346832385 34511152 1728217218 8 574967840 67633152 17973248 1610612808 1048834 33685760 8651328 9568512 2155939972 2420115458 436208640 256 1048576 1310204032 573601 2 536879169 268435476 142082064 539230208 1073750016 138426370 17472 34930696 8192 2359336 5308416 346032257 1342309408 2164260866 134217728 44040512 2429637390 1126866949 268833228 874966140 1678020680 26806272 4 622856193 2981664261 910533760 2 265088 2080628800 1076635532 9 1074807296 258 537136136 71896656 6651904 536870920 0 50209 268992768 1073741952 65542 33554689 656545 35684352 1629749256 256 146802056 2508328988 3905692752 2 67109184 3276801 68157440 541256 71649794 131147 1207961608 2048 2294452744 2153908790 2225091529 0 2625536 2219872266 136527873 671088677 444629002 16 268713984 1157627904 16779264 234947084 134217930 276825617 1342734368 524288 2147484672 3225501736 1610614784 1111506944 4472961 67928324 262660 278438377 1669333948 554303556 9 2216310904 153651739 6324252 3 67969025 2151841876 2622582103 103232165 431137024 2179875 32769 557120 2147516420 1048593 100683776 1353760770 1081858 6406144 276863537 742179850 312156680 2 134217792 1646299200 2622473 5243921 270614528 134220288 2097152 78144 2214592512 2048 3221491712 270647424 536870913 271353856 1056 1114375684 21434464 632324422 6145 1261512 2410500 1 33554432 2098177 536870912 2197831936 1048 573487104 134250545 3091237793 11 33625344 524352 1082261521 32832 1610618913 16777221 1879151105 201397247 549650969 268473604 4 536870984 32770 2684371456 84934656 1 2149585152 304640048 34078796 33558657 1073873552 2705330176 537921664 524416 50462788 67149876 268718080 3310913536 3135057233 2 168034312 587251712 328 10764288 135176 256 134758513 5253184 1024 0 32768 1560299265 3763093508 285284108 2583740944 6144 2147491840 163976 1073741892 297088 263297 16777248 33653024 397840 369246732 42074112 0 13107264 589891 262145 268435456 537657728 1024 2147483648 14685187 128 75759746 4222976 67383298 9633797 2147483776 672182784 65537 66064 537397824 16810504 67110400 2138568 2129920 3623880832 4 532504 2113568 136315008 537133056 369164436 1610679297 537460736 8210 24736 2097154 537133568 33559552 268436552 8913025 604513416 33687616 68098 2147491840 0 1568675343 3495772419
is_linear=0
shrinkage=0.12


Tree=30
num_leaves=63
num_cat=62
split_feature=41 34 24 22 23 22 24 35 34 23 23 35 23 34 34 24 23 24 35 24 38 34 34 22 24 23 38 40 22 34 22 21 23 23 24 39 23 21 21 24 23 22 38 41 34 34 35 35 34 35 24 41 34 41 23 34 23 34 23 35 35 38
split_gain=30.9527 60.479 72.8192 73.0655 63.9802 59.1098 78.2985 81.7547 64.5914 61.665 59.7873 59.5554 60.1893 82.2534 61.186 57.7937 58.3836 57.7608 56.8813 54.5289 56.0043 55.7425 52.8929 51.8871 51.4503 49.7604 51.8952 48.2301 48.1661 46.9968 46.7328 44.7824 44.475 42.0876 40.8058 40.4492 39.2412 38.2255 37.9741 37.505 33.9254 33.4324 121.163 84.5952 94.9316 78.4775 84.2403 77.9427 81.3902 75.5882 73.485 89.0305 78.4678 72.0326 68.3046 67.4927 67.5123 66.3385 64.7143 79.6388 65.5052 63.9315
threshold=0 1 2 3 4 5 6 7 8 9 10 11 12 13 14 15 16 17 18 19 20 21 22 23 24 25 26 27 28 29 30 31 32 33 34 35 36 37 38 39 40 41 42 43 44 45 46 47 48 49 50 51 52 53 54 55 56 57 58 59 60 61
decision_type=9 9 9 9 9 9 9 9 9 9 9 9 9 9 9 9 9 9 9 9 9 9 9 9 9 9 9 9 9 9 9 1 9 9 9 9 9 1 1 9 9 9 9 9 9 9 9 9 9 9 9 9 9 9 9 9 9 9 9 9 9 9
left_child=1 2 3 -1 28 6 10 9 33 -8 -3 17 13 40 15 -14 -17 30 24 20 -15 -21 -12 -6 -16 29 -27 -20 -4 -10 -7 34 -19 -9 -25 -24 -33 -5 -11 -35 -13 42 50 44 -44 46 -45 48 54 -46 51 -2 -53 -52 -47 -51 -57 -55 59 -48 -60 -49
right_child=41 5 4 37 23 11 7 8 25 38 22 12 14 19 18 16 -18 32 27 21 -22 -23 35 31 -26 26 -28 -29 -30 -31 -32 36 -34 39 -36 -37 -38 -39 -40 -41 -42 -43 43 45 49 47 58 61 -50 55 53 52 -54 57 -56 56 -58 -59 60 -61 -62 -63
leaf_value=0.0003896136130594743 0.00019282194460050757 0.00027961894434768147 0.00040180193681423629 -0.00037153043687707641 -0.0004728904474225851 0.00031033168147703242 9.0172192898447747e-05 0.00053757208644742056 0.00033691046585960133 -0.00013574611248428505 -0.00020807355399855964 -3.9282839400415984e-05 -0.00044736654051292894 0.00019179309922704051 -6.6961116246100011e-05 0.00019210781418446004 -0.00028606017608179995 -4.7916547191416981e-05 0.00010661016976250242 -0.0003559321112933279 -0.00011103928055616793 -0.00012586702938295028 -6.5839946283413489e-05 -8.0754883140618625e-05 0.0002713433874156298 -0.00018709666485500524 1.9674863687351762e-05 -2.6574963546795618e-05 -0.00014913427422315719 2.3202797714609279e-05 -0.00012181017819622316 0.00018140326748583777 -0.0003341209780921004 0.00042015454373655128 -0.00047227863374135932 0.00023388477783443996 -0.00029505338334835521 3.8755496191627768e-05 -0.00054476122892951407 -9.1199491742038289e-05 0.00044353102758476227 -3.1472531023603658e-06 -0.00024822664088316044 0.00017251018701449985 -0.00026888273917494176 0.00037162776311685115 0.00011456716206914107 9.9551930516176044e-05 -4.9917161908648269e-05 0.00022009122415350772 0.0001691725523558396 0.00010638506546166555 -0.00018518389115535576 0.00015161889895858678 3.4088452307391529e-05 0.00010544051549580669 -6.5363438029556492e-05 -5.3877748435925051e-05 -0.00019394979749651949 -0.00019398162561205914 1.2463524869299677e-05 3.0673618026890023e-05
leaf_weight=530 1161 1735 322 431 818 432 552 410 818 534 913 327 537 1004 680 676 760 813 4544 1172 1991 5523 782 320 1567 2215 3657 13329 885 1903 741 433 1793 328 558 1911 643 659 721 517 472 504441 1896 1966 1417 779 950 29146 15626 1522 2575 1017 9959 1961 1632 4009 8649 21134 1283 5403 12564 112257
leaf_count=530 1161 1735 322 431 818 432 552 410 818 534 913 327 537 1004 680 676 760 813 4544 1172 1991 5523 782 320 1567 2215 3657 13329 885 1903 741 433 1793 328 558 1911 643 659 721 517 472 504441 1896 1966 1417 779 950 29146 15626 1522 2575 1017 9959 1961 1632 4009 8649 21134 1283 5403 12564 112257
internal_value=-2.38408e-05 -0.00266992 -0.0145215 0.00691173 -0.0232423 -0.0014233 0.00441674 -0.00110053 0.00321298 -0.024475 0.0164319 -0.00415363 -0.00249616 -0.00997619 0.00105858 -0.0190428 -0.0062983 -0.0183909 0.00303993 -0.0130365 0.000438956 -0.0190547 0.00756217 -0.0332758 0.0209827 -0.000515972 -0.00673011 0.000771593 -9.83921e-05 0.012865 0.00374678 -0.0223397 -0.0283269 0.0285082 -0.042337 0.0160148 -0.00573524 -0.0108892 -0.039116 0.0127421 0.0267817 0.00018663 0.0013625 0.00254511 -0.00542245 0.00331289 -0.00337632 0.00424303 -0.00318466 -0.00232942 -0.00486422 -0.0125541 -0.015901 -0.0012242 0.0172843 0.000321304 -0.00255722 -0.00334963 -0.00568771 -0.0157046 -0.00108232 0.00519068
internal_weight=800303 58956 5599 1620 3979 53357 16996 11655 9848 1807 5341 36361 32582 10489 22093 1973 1436 3779 20120 9690 2995 6695 3606 2772 2247 8593 5872 17873 1207 2721 1173 1954 2606 1255 878 2693 1076 1090 1255 845 799 741347 236906 199099 17493 181606 22166 159440 18037 15597 37807 12137 10976 25670 2411 14180 12658 23095 20200 6353 13847 141403
internal_count=800303 58956 5599 1620 3979 53357 16996 11655 9848 1807 5341 36361 32582 10489 22093 1973 1436 3779 20120 9690 2995 6695 3606 2772 2247 8593 5872 17873 1207 2721 1173 1954 2606 1255 878 2693 1076 1090 1255 845 799 741347 236906 199099 17493 181606 22166 159440 18037 15597 37807 12137 10976 25670 2411 14180 12658 23095 20200 6353 13847 141403
cat_boundaries=0 8 16 20 23 27 31 35 43 50 53 57 65 69 77 85 88 92 95 103 106 114 122 129 133 137 141 149 154 157 165 169 171 175 179 182 187 191 193 195 199 203 206 214 222 230 238 246 254 262 270 274 282 290 298 302 310 314 322 326 334 342 349
cat_threshold=2113792 8651273 2097153 2147745792 67403776 1074031616 346031146 27262976 16810052 34826 136323080 25104 21168129 33555458 2167406608 18874880 2965914913 3225684416 621941057 5 583311424 19835156 642848641 1103757561 409016408 2156265601 9 1372602622 2165838848 2493000848 4 619045704 557847618 548438384 4 2432974848 268435776 2151678064 1074530304 1342177472 33554564 1097728 67272707 1087441408 1073741825 5247300 327155714 1076379648 805373952 132108 3540274853 206308994 2416716098 10796096 1812989120 286501394 14 49216 2105352 2147483648 6684710 262144 2149602688 2621521936 3145728 627743948 2692780356 335682304 5 2181824537 0 2147614720 1174477828 68164096 16777216 1107821056 524324 3223404584 67108928 37814528 570425344 787968 131584 268476544 71443492 2752024845 2172651016 704658850 2416206338 375416883 579625162 10 1627494405 2569563360 868287232 136323072 2151809088 34079296 2147488080 541196416 8 34885 100811784 149292810 1630937491 229580 276893764 2449473538 1 3758359040 1179776 101 2183135236 528 276963456 1208107280 335642644 16777216 2147762240 679477508 8 8654850 2101248 289947680 84279506 2097153 1074806784 75776320 16420 595792136 404591618 6324883 6 167936297 1644692250 2495662292 9 77866072 909154820 369234968 11 1082272072 268436484 134144 3288351232 2149614592 1073741920 786436 1 567279801 840192 131215 1073762400 12 2736789518 2693017600 2214661210 2147487744 402859472 0 1048576 1081344 1211384224 8388864 8396800 2684650496 1612908664 1610842378 9 2568297189 505840067 1092749285 3510669312 142827669 9 303072295 69219625 540870980 1 34668626 976830988 33850368 71303235 131072 6045712 67109128 1616642053 2684388866 1610785696 458804480 4 77042278 1051206434 55721163 63055309 2434404358 2419065345 268593157 9 539499584 2684354816 67108864 5 1793130496 8544639 57856200 4 2216953360 1024 2684879104 2283963393 64 33554832 8825 32773 1147142144 280 1342177280 2164338713 16777664 1094779652 65536 0 2185241600 2164264964 541067336 352475394 524304 268443648 106544 6 393216 571491408 100729184 541327372 1075875872 1075855360 1052672 2189993472 2048 1073775105 67108880 656384 8667136 67371456 229896 4718592 34304 131146 2621456 2181563392 77119552 2 12755013 2147647488 167 196864 3238133760 139552 2415935490 0 17694990 202407936 160 1048840 201588800 5242912 19152901 67592 2614 1166739297 2225915916 151257664 14 0 1610641412 402655488 605028352 7475200 4198952 612416 68 805441536 537133060 0 537952258 537921032 1233125384 83911172 67174532 4259844 1363157248 2298478740 336068672 1077938240 16777216 262208 18950 313665048 453040192 538788890 2 943718947 1048576 608174592 34898945 8 1074004994 2181038104 17825984 646197249 1409528325 80098753 2 1083189506 1073741828 16785920 11264 1672 536872960 16850944 33691464 277338408 201599748 2417696838 5 16544 2164457472 2147487744 137723936 65664 289406976 44564496 105127952 4194578 272826368 66560 35913738 1619010048 132100 1612709890 1048578 16981512 16386 71808 286720 268435456 1610612738 268468232
is_linear=0
shrinkage=0.12


Tree=31
num_leaves=63
num_cat=60
split_feature=29 22 22 38 21 41 38 22 22 38 5 35 41 38 21 41 34 34 34 41 41 34 41 35 41 41 35 34 41 41 35 34 6 34 35 35 34 35 34 34 35 35 41 41 21 34 35 35 34 35 35 34 34 35 34 34 41 24 35 34 35 21
split_gain=31.6165 114.632 110.78 268.759 223.344 142.885 122.355 220.756 131.024 213.088 121.195 132.883 117.577 113.367 172.048 121.584 109.312 108.468 108.46 103.404 100.789 100.732 98.0946 98.0826 97.4793 97.3929 97.2609 96.4614 99.0009 97.7563 95.2255 94.8401 94.2347 93.3624 99.6772 93.3505 102.498 92.9972 104.379 91.9931 90.8766 90.6822 90.3003 87.8256 88.5443 86.724 85.2354 85.0762 84.5841 92.4539 82.1503 81.1476 79.5787 79.1366 78.7842 77.2468 77.157 80.3932 82.4099 82.2318 77.415 77.0355
threshold=0 1 2 3 4 5 6 7 8 9 0.25749999284744268 10 11 12 13 14 15 16 17 18 19 20 21 22 23 24 25 26 27 28 29 30 0.049839060753583915 31 32 33 34 35 36 37 38 39 40 41 42 43 44 45 46 47 48 49 50 51 52 53 54 55 56 57 58 59
decision_type=9 9 9 9 1 9 9 9 9 9 2 9 9 9 1 9 9 9 9 9 9 9 9 9 9 9 9 9 9 9 9 9 2 9 9 9 9 9 9 9 9 9 9 9 1 9 9 9 9 9 9 9 9 9 9 9 9 9 9 9 9 1
left_child=1 25 3 4 10 51 7 12 9 19 11 -2 -4 14 33 -16 -15 50 23 -8 52 26 -23 -14 -17 -1 -9 29 -29 -3 39 -7 -13 -10 -35 -22 -37 -12 -39 -30 -34 -31 -20 -18 -45 -21 -24 -19 49 -27 -6 -5 -11 -44 -48 -40 -50 60 59 -59 -58 -33
right_child=2 27 6 5 17 31 8 21 13 20 37 32 18 16 15 24 43 47 42 45 35 22 46 -25 -26 48 -28 28 30 41 -32 61 40 34 -36 36 -38 38 55 -41 -42 -43 53 44 -46 -47 54 -49 56 -51 -52 -53 -54 -55 -56 -57 57 58 -60 -61 -62 -63
leaf_value=0.00014580924859362832 -6.6796487073223079e-05 -0.00025010636543490173 0.00029527514886499006 -0.00055310803272216186 0.00054087380610018214 -0.00011050110897199368 -0.0001480572331957322 0.00023184062558584428 0.00030732870539334979 0.00034130275952052675 0.00026505038783446687 -0.00014889234793593424 0.00014724099602662623 0.00010980265324244346 0.00012902478207047158 -0.00033286881706648408 0.0001499297017457142 -0.00018480901601808126 -0.00059887950313907226 -7.8449837692323149e-05 -0.00020160325139381466 -0.00025993896389499483 -0.00010337135857050419 -0.00043773617575289313 -9.652890635784237e-05 -0.00012299628791648894 -0.00016188883221361498 -7.2553066076460501e-05 -0.00011266845654748586 0.00010369427511370414 1.3711084927180673e-06 -3.7927804193590123e-05 0.00057353752682092623 0.00026328092518275816 -2.046199753201681e-05 -0.00018105464554076252 5.6382689459929825e-05 0.00022754299443709198 -0.00019127754061957063 9.5617638323462883e-05 0.00029079107044679454 -5.5852216191949623e-05 -0.00029724488268146443 1.6152478228047048e-05 -6.7829139883208875e-05 0.00020697698336000542 0.00013582710670100435 4.0104716517922e-06 -6.845657774322484e-05 0.00011344554815153673 0.00011422523694598483 -0.00014844669903297893 -0.00033866696831021684 -7.9651098548143211e-05 1.6872810849312187e-05 7.8327100024681196e-06 0.00011730385084313031 0.00018929992346499971 5.091428095346511e-05 -9.4318542183473913e-05 -3.2342643477813483e-05 3.9885148859576001e-05
leaf_weight=6292 2915 1617 1521 912 671 10433 1983 1044 1785 445 1370 1511 717 12594 3637 4138 5236 3404 2394 1844 2956 3007 8046 5385 41871 1041 9164 13118 1745 2195 132370 29788 2952 2208 12308 4257 30370 1224 1352 13536 17371 18887 5152 42755 33068 20761 8001 29757 6272 8472 4050 8930 3143 38059 51688 8633 2052 537 39630 3752 18579 45398
leaf_count=6292 2915 1617 1521 912 671 10433 1983 1044 1785 445 1370 1511 717 12594 3637 4138 5236 3404 2394 1844 2956 3007 8046 5385 41871 1041 9164 13118 1745 2195 132370 29788 2952 2208 12308 4257 30370 1224 1352 13536 17371 18887 5152 42755 33068 20761 8001 29757 6272 8472 4050 8930 3143 38059 51688 8633 2052 537 39630 3752 18579 45398
internal_value=-2.11419e-05 0.00103559 -0.000559466 0.00195802 0.00732233 -0.0022687 -0.00175453 -0.00462329 -4.63234e-05 0.00446093 0.0139089 0.0187871 -0.0106251 -0.00190362 -0.00571446 -0.00922631 0.000780227 0.000829681 -0.0115942 0.0132976 -0.000818783 -0.000675872 0.000932809 -0.0266143 -0.0108968 0.00463302 -0.0118121 -0.000663178 0.000370939 -0.00798379 0.00125881 -0.000693673 0.021994 0.00498007 0.00178414 0.00101822 0.00276798 0.0043208 0.00069512 0.0102243 0.0241535 -0.00579122 -0.00957801 -0.000836303 -0.00187512 0.0156042 0.0018758 -0.00159527 0.0035053 0.0141228 0.0178238 -0.0159529 -0.02 -0.00831502 0.00343914 -0.00337301 0.00207697 0.00331216 0.00621429 -0.00956985 -0.00286586 0.000794701
internal_weight=800303 270095 530208 170671 75210 95461 359537 134178 225359 65759 37328 24749 53228 159600 65947 49646 93653 37882 51707 24588 41171 80950 70742 6102 46009 86627 10208 183468 160769 22699 147651 85619 21834 16301 14516 37583 34627 12579 11209 15281 20323 21082 45605 81059 75823 22605 67735 33161 80335 9513 4721 9842 3588 43211 59689 9985 70822 64550 43919 4289 20631 75186
internal_count=800303 270095 530208 170671 75210 95461 359537 134178 225359 65759 37328 24749 53228 159600 65947 49646 93653 37882 51707 24588 41171 80950 70742 6102 46009 86627 10208 183468 160769 22699 147651 85619 21834 16301 14516 37583 34627 12579 11209 15281 20323 21082 45605 81059 75823 22605 67735 33161 80335 9513 4721 9842 3588 43211 59689 9985 70822 64550 43919 4289 20631 75186
cat_boundaries=0 1 5 8 15 17 25 32 36 40 48 56 64 72 74 82 90 97 105 113 121 129 137 145 153 161 169 177 185 193 201 209 217 225 233 241 249 257 265 273 281 288 295 297 305 313 321 329 337 344 352 360 368 376 384 392 396 404 412 420 422
cat_threshold=64897 67073 3757042944 1078005779 4 3689938944 127 60485568 830540680 33587234 1120384 1078215168 268468232 67 2056 3993042434 3993042528 135266304 8454274 33620032 2168455169 151068672 1358965064 134406 8 554778504 134217778 1128576 270336 2415919104 1073741824 2148026376 67454975 1414791424 1140850689 5 67459071 0 1140850688 5 0 2376192 1025 3825734400 152226969 34 33554688 544 4202560 65536 163984 17301506 2181070880 403701868 1082261512 1572883 1376780290 2130304 69207056 410114 66626 2148532744 1090529280 18432 0 39845888 1024 3288338944 152276121 35 318767360 1096 357847296 341053717 73732 268435456 75497502 337645744 1052672 3221291264 134414338 88342592 8257 270827648 262184 2181038080 67108928 100672712 1090782224 1179704 1073741857 86020 75661984 16787712 67109152 2164785155 2281707588 67117160 268699648 603980544 262656 128 1078486028 2416050496 3146248 1081602 10485768 1182793744 45056 33570848 67174400 1082263616 2998272 2048 268501249 16778368 134217744 222576641 159401088 170112 1048609 1610621984 2147491840 167780356 4505856 12719104 131072 403882118 16 10273 655366 138477572 134218008 369102864 557057 2165310080 18874496 147456 537153546 25165824 1027735552 262145 402653224 266242 13346 308314160 1074015264 2151677952 1024 104 1315840 84148296 33685506 256 1073874176 2181043204 134225920 1266753536 134481932 603983520 8192 524288 256 71314432 2451570817 1073741836 68157442 1213572 18874424 4196356 2228224 1074069640 2147487760 606368 2164363266 33418 16779328 2151702800 38797320 68166656 2181071104 786433 41947672 1073743873 2560 17825800 270598144 142737408 1208107008 299520 201392212 671092736 1058944 369295362 33024 268443648 2172813328 673793 294928 554303492 589825 402448 1445922 2231386112 11034904 134283264 268435520 1610612736 393224 384 537411616 572786712 536871488 1051344 671088640 32912 67108872 16777232 16528 655907 3072 36898 16795136 262360 196890 939524352 2621440 536973312 2684354562 268730368 142870594 813762560 2101890 8396832 268435457 536871712 18433 1074282508 139067392 2168537240 589825 546308608 0 2148013568 135332 150995974 2097472 33554448 75518273 565284 269484360 2147483648 266256 19080 335544330 1048640 92815360 75497504 1610612864 2242560 574620930 541065244 2304 50339904 33558544 791040 1137836064 3271623200 33554432 3145792 4228097 536907808 16384 8388736 135405568 536879104 19010 2684552466 2214593104 12 4206594 327680 0 69668 1073741968 256905728 1082327076 306253944 268501256 71303296 335546464 4227074 545540101 134795780 4202752 3152980768 2863309388 131074 32 537133056 1879425538 136380997 8397824 44040192 262464 1196544 268435476 67109376 3494774900 67371008 151339024 537133056 16384 4259840 45072 2149607552 1 26628 8388624 536882288 19136577 134294592 2097408 2147483680 4278816 2147551234 393218 2282258816 131586 19335168 1090523136 268435456 11288576 260 5017608 86056 65556 131628 545591424 76023952 1073742098 1077936128 536870916 67375104 67108865 0 578592 67371264 1745356800 2281975840 1083180032 33556512 538968064 16 671481920 538443776 1074272900 201361410 17825792 5376 1078591488 1048864 536870948 2155917312 272711834 545268032 525316 8192 201328704 882900992 93325056 68157504 65664 1050882 73406464 262400 71305216 8390689 1208090626 302121060 17830176 41944640 1191182336 2 671686660 68223013 2097296 3221227536 2689600000 4227104 142614528 16777216 343973222 864854285 2818572419 4 540680 136 3489669120 2147485843 136446464 2148007936 1094850597 2097154 0 1058 1645215745 2895118336 69 405798976 545390592 25690112 14680896 10256 268476432 136349696 67141776 4202528 6307846 528896 713617280 4009789952
is_linear=0
shrinkage=0.12


Tree=32
num_leaves=63
num_cat=58
split_feature=7 1 18 18 22 41 35 41 35 24 35 41 22 1 38 23 22 35 35 35 41 41 21 41 41 35 23 35 23 22 38 39 41 35 41 35 19 41 41 31 1 35 35 41 19 41 22 35 41 41 35 41 41 35 35 35 24 41 41 35 22 35
split_gain=27.7047 95.0128 147.536 129.529 125.114 105.825 99.7494 90.9593 93.1493 88.323 90.6933 85.2551 89.7129 84.4451 151.758 146.461 103.33 102.34 101.362 95.721 89.8148 89.43 84.4296 94.4933 86.7797 84.7121 84.5724 83.1315 81.7225 81.5509 123.063 100.919 108.26 91.9301 90.7509 90.3302 89.9371 88.1912 86.8306 84.2748 81.9503 80.7221 80.4687 79.9233 79.8372 79.7574 78.8982 93.355 90.9363 79.0101 78.5687 77.9137 77.5284 77.3631 77.2779 77.1535 77.8834 85.0058 77.3736 77.0226 75.9899 82.2269
threshold=0.066406250000000014 0.015833333600312475 0 1 2 3 4 5 6 7 8 9 10 -0.049166666343808167 11 12 13 14 15 16 17 18 19 20 21 22 23 24 25 26 27 28 29 30 31 32 33 34 35 36 0.032500000670552261 37 38 39 40 41 42 43 44 45 46 47 48 49 50 51 52 53 54 55 56 57
decision_type=2 2 9 9 9 9 9 9 9 9 9 9 9 2 9 9 9 9 9 9 9 9 1 9 9 9 9 9 9 9 9 9 9 9 9 9 9 9 9 1 2 9 9 9 9 9 9 9 9 9 9 9 9 9 9 9 9 9 9 9 9 9
left_child=1 3 6 5 7 -1 -3 -4 -9 -7 -11 -8 -13 14 22 17 19 -16 -18 -17 -21 54 24 -24 -2 -25 53 -6 59 30 37 32 -31 38 50 52 -34 -15 -33 40 -38 -14 -26 -29 -39 -41 47 -5 -49 -48 -32 -19 -36 -27 -20 -51 57 -57 -58 -12 61 -53
right_child=13 2 4 46 27 9 11 8 -10 10 28 12 41 29 15 16 18 51 21 20 -22 -23 23 25 42 26 -28 43 -30 31 34 33 36 -35 35 -37 39 44 -40 45 -42 -43 -44 -45 -46 -47 49 48 -50 55 -52 60 -54 -55 -56 56 58 -59 -60 -61 -62 -63
leaf_value=-0.00020600747874900658 -0.00026967313382210439 -8.0034754273197598e-05 -0.00030384809839014305 0.00014605309260497612 -0.00011365191607104347 -6.9479073553964436e-05 0.00025568158946132156 -0.00021433160100010567 -5.0674626311326034e-05 -0.00015918901270949923 0.00026825015057235752 9.8394844595931882e-05 0.00016772580061484249 -0.0002048352281177413 5.2747248811170548e-05 -0.00025800802012854168 0.00015345229383189005 -0.00033654839208877414 0.00037939897768908895 -0.00024599434170092702 -3.0786520090784058e-05 -2.085974380541312e-05 0.00038073899052318316 -0.0001603725064909642 -0.00022159785589213044 -0.00029775298172258726 0.00012503348570145419 -0.00012904770930994273 3.1650088353299843e-06 0.00017404619683266504 0.00039123370304205415 -0.00035779389145572339 0.00010247372910822759 3.5248535921874944e-05 0.00018089879219766286 -3.331376161364964e-05 -0.00027161080264550164 -0.00025206741201127723 -1.9415962830777746e-05 -0.00017121116786314474 -2.2186571409793621e-05 -1.4419063445792191e-05 1.5937045841060626e-05 1.0236731881364805e-05 0.00012602110637933872 6.2751150159701807e-06 -5.3858468870549386e-05 0.00022299733471745417 -2.6184825218387536e-05 -3.3563870692456411e-05 3.6279114226839951e-05 -0.00044894481432317161 -0.00018888105256601432 1.7750372588735073e-05 5.2672931971814758e-05 0.00025597719353282513 0.00025786735009776832 8.5731981359518736e-06 9.5689963940362818e-05 7.9964062457197843e-05 -7.714444940883803e-05 -0.00017071143798258576
leaf_weight=3937 1063 4404 1910 3651 5409 12745 3033 2277 20323 1915 1220 10185 2098 1404 3281 2470 3892 2202 975 1867 17788 39392 1231 1596 1188 762 11801 3037 17609 4236 1055 1311 5877 186130 1163 91740 12640 843 21219 4433 9932 18943 15727 43622 15838 32410 4336 1651 25122 5313 6553 912 10134 4640 3219 1433 3804 15796 34039 7339 17575 6653
leaf_count=3937 1063 4404 1910 3651 5409 12745 3033 2277 20323 1915 1220 10185 2098 1404 3281 2470 3892 2202 975 1867 17788 39392 1231 1596 1188 762 11801 3037 17609 4236 1055 1311 5877 186130 1163 91740 12640 843 21219 4433 9932 18943 15727 43622 15838 32410 4336 1651 25122 5313 6553 912 10134 4640 3219 1433 3804 15796 34039 7339 17575 6653
internal_value=1.06459e-05 0.00104267 -0.00150881 0.00314426 -0.00455934 -0.0021788 0.00453316 -0.0116271 -0.00948876 -0.000364347 0.00339562 0.00671938 0.00484794 -0.00047238 -0.00303481 -0.00548295 -0.00243913 -0.0123976 0.000717623 -0.00920992 -0.00640057 -0.000941326 0.00342136 0.00877756 -0.00254808 0.00665355 0.00911066 -0.00123041 0.0052437 0.000398113 -0.00209908 0.0015537 -0.00240552 0.00287303 -0.00359923 -0.00453338 -0.00361264 0.0070752 -0.00436518 -0.00501388 -0.0107864 0.000370491 -0.00044662 0.000403676 0.00951057 -0.00147497 0.00564835 0.000607174 -0.00185029 0.00801755 0.00903936 -0.0148015 -0.0146538 -0.0033247 0.0156919 0.00914151 0.0104742 0.00377936 0.01352 0.0148547 -0.0128912 -0.0229484
internal_weight=800303 255151 115241 139910 76578 44765 38663 24510 22600 40828 28083 34259 31226 545152 138234 100226 69603 30623 47478 22125 19655 43586 38008 20030 17978 18799 17203 52068 26168 406918 128730 278188 69528 208660 110645 103037 65292 18085 22530 59415 22572 21041 16915 46659 16681 36843 95145 30424 26773 64721 7608 27342 11297 5402 4194 60385 55072 17229 37843 8559 25140 7565
internal_count=800303 255151 115241 139910 76578 44765 38663 24510 22600 40828 28083 34259 31226 545152 138234 100226 69603 30623 47478 22125 19655 43586 38008 20030 17978 18799 17203 52068 26168 406918 128730 278188 69528 208660 110645 103037 65292 18085 22530 59415 22572 21041 16915 46659 16681 36843 95145 30424 26773 64721 7608 27342 11297 5402 4194 60385 55072 17229 37843 8559 25140 7565
cat_boundaries=0 7 14 17 25 33 40 48 52 60 68 72 79 81 84 92 100 108 116 124 126 134 142 150 153 161 165 169 177 182 190 198 205 213 220 228 236 237 245 253 261 268 276 279 287 295 303 311 319 327 334 342 350 354 362 370 378 381 389
cat_threshold=196643 8 524288 384 2148532224 2098177 12588033 196646 536870920 655680 524288 2147483648 2100736 2097152 2151678882 244526 1811873792 512 131089 201326592 201326592 1143213062 50659424 671808 37847568 2105352 128 4071620612 1081345 272631872 4196352 134223888 34472576 2211840 68157504 3221226496 524289 8949761 1225005088 553690048 83886080 3290501256 131072 177152 1048593 2300575904 68231168 8193 2164794376 604406483 2526382788 1 2114562 49216 264192 1610874896 1108347920 17207300 2415921152 135424 131584 0 536872960 1158062081 2149580800 281288900 16924672 34341696 36548523 2147521280 46709280 8 269618176 2583973136 2056 3225453056 1149057 6 2064 4294630401 268442591 2129776811 3221225472 16862588 512 542113920 1141116960 671744096 613552168 134217792 0 69271553 3146752 4194320 268503104 37781504 1140851202 6308609 3229616130 17862784 272637952 33557536 1081378 50855941 134217728 1082131725 134283520 2622080 9511044 67248132 2105345 134480898 2735800320 6423554 1610612736 16777344 8388641 139591752 0 139509761 1312912 135266336 180352 17891346 2326720285 2190543555 0 2153906176 1073754116 807437324 16909314 176181248 278560 573473 64 38289409 4202508 33562624 1380864 541068288 84429056 10616872 134492416 134217800 2182348816 1610665986 202899458 0 50855938 84 483811649 251249216 269026818 0 33602 536940560 280757139 1090519048 32775 8519680 128 519200 1464338570 2926400 11 1073750940 62512944 3623878656 15 139268 2133520 132096 0 2147631104 536871492 35406208 9841 2584 8192 1605648 1560285200 6111491 275783685 1074946304 67108864 8388608 2359300 8389248 75498563 119537665 3670016 537232384 67174656 138444865 646447104 134217800 1090527232 33914888 67175176 4391104 1140852257 268437504 33626113 704645424 2560 37749568 536870912 2151679008 1493964804 3407878 360576 1025 18432 0 2148012544 2291178497 111345752 4603969 16777250 16384 16 8388612 546309248 2223112192 2147483904 13107208 2484154370 67113005 768 10633344 171966720 671089220 134234114 134221992 285757440 33558528 193 285231360 1075838976 67115008 1690501120 1073774592 134217728 67142696 67194956 2149597248 1207960704 131073 2157973538 0 672137286 1208050176 67125248 2147492608 131083 276824208 33558784 2147844096 339739136 268438816 8523776 0 2159546368 2147519008 8536128 33579016 33751334 1048648 2214854672 8388768 16896 17049384 156238338 608321536 16 8388744 3073655808 3139698689 537964987 840958976 545259584 71828488 589825 788884 65536 822345984 98320 2048 301989889 134221952 167903360 66048 46154114 346248 20490 2147484672 9437216 138423328 790664 42991745 402850068 2049 524292 16818180 1024 4195360 274859269 135807040 83886728 67109898 4194308 135266308 197714 167908352 32768 1107296304 2969568256 66120 67502080 5898240 270797066 8388616 147456 20971520 9446402 8406016 76027908 268501088 524288 526848 201327104 2436925440 1086604306 140288 2164293781 536870917 768 540083392 135299080 16848896 32 33554505 16793600 136855568 536896512 1073741825 67174426 541130760 1143472208 10487040 1075003553 2868958258 806126121 11 6291969 2097552 1360003072 1107296256 3221229590 71575552 1101004800 1146880 262144 589894 301989888 4228096 2420178960 1627403264 2685468712 6178 320 2171028 2424315936 1065472 160 813695024 21102656 8269 886696965 2986868746 176686246 17195016 272 2415919234 2097152 269295746 1140884480 9441824 1536
is_linear=0
shrinkage=0.12


Tree=33
num_leaves=63
num_cat=61
split_feature=41 34 23 24 38 22 34 24 23 23 24 24 21 34 34 35 22 21 24 23 24 34 35 22 34 24 34 35 35 22 34 22 23 24 34 23 21 22 22 24 21 21 24 34 21 24 8 34 23 41 34 35 35 41 34 24 35 34 19 24 22 22
split_gain=26.9204 56.6342 63.7263 59.0683 54.9497 70.0503 66.2589 68.2002 65.0248 58.1489 63.0247 62.4466 65.2871 61.2084 54.957 54.9038 53.9755 52.6697 55.4266 50.8235 65.5793 88.3218 77.0992 57.8136 57.2708 56.7265 69.3445 61.3387 55.1655 52.1469 47.7997 47.6608 45.1973 45.1052 43.1731 41.6957 40.9261 40.2468 39.3351 37.4976 38.6326 37.0344 36.3152 36.161 34.9302 34.1307 30.3219 85.7218 80.6822 91.6273 85.7097 90.5724 84.8864 84.9539 69.5653 68.1119 58.9441 58.1512 58.931 57.1666 56.5122 52.8771
threshold=0 1 2 3 4 5 6 7 8 9 10 11 12 13 14 15 16 17 18 19 20 21 22 23 24 25 26 27 28 29 30 31 32 33 34 35 36 37 38 39 40 41 42 43 44 45 1.6220703125000002 46 47 48 49 50 51 52 53 54 55 56 57 58 59 60
decision_type=9 9 9 9 9 9 9 9 9 9 9 9 1 9 9 9 9 1 9 9 9 9 9 9 9 9 9 9 9 9 9 9 9 9 9 9 1 9 9 9 1 1 9 9 1 9 2 9 9 9 9 9 9 9 9 9 9 9 9 9 9 9
left_child=1 2 3 -1 5 6 35 32 45 10 -7 14 34 -12 -11 17 42 33 -19 20 21 -17 44 -23 -24 26 38 31 -28 -29 -14 -27 -8 -6 -13 -3 -15 -16 -21 -18 -41 -5 -4 -10 -22 -9 -2 56 49 -49 -51 -52 55 -54 -53 -50 -48 61 -59 -58 -57 -55
right_child=46 4 16 41 15 9 7 8 43 11 13 12 30 36 37 19 39 18 -20 25 22 23 24 -25 -26 27 28 29 -30 -31 -32 -33 -34 -35 -36 -37 -38 -39 -40 40 -42 -43 -44 -45 -46 -47 47 48 52 50 51 54 53 57 -56 60 59 58 -60 -61 -62 -63
leaf_value=0.0003594924588381734 2.9821092647223327e-06 0.00017375357982559971 0.00041497538785017514 0.00027180385686710238 -2.8242560927941392e-05 -0.00042690925263972847 8.4166780011554834e-06 -5.1664241916501431e-05 0.00012620705703397813 0.00031805270190693387 -0.00035482609796608835 0.00030615575709282215 -0.00043113145440366358 -0.00020439750359600492 0.00023455164184549502 0.00016982661989916784 -0.00051949331910624891 -0.00028253226608491132 0.00014215905957901847 2.436205894043833e-05 -4.2662188888706785e-05 -5.2467428845201572e-06 -0.00012416066439095016 -0.00030102651008324981 7.0871311395651363e-05 -1.0517083932130351e-05 0.00018562791011070731 0.0001206621874564764 -5.6983107162124579e-05 -5.1632443747250926e-06 -0.00016678887926495464 0.00031273589148387817 0.00043502622807557907 0.00035562579042352647 -6.2747038956402639e-05 -0.00042915981758002693 0.00010141475427837134 -0.00011108610587974685 -0.00038903935304547815 -0.00036997205032243035 -4.5173321116272295e-05 -0.000196645443086241 -8.7448343316392276e-05 -0.00020029607237771356 -0.00037037224001904706 0.00045665821881185902 -0.00015341044398980305 0.00020338635004148289 -0.00011905699558751413 -0.0001504648225320685 0.00023324147813203554 0.00015113828477411723 8.7180708212706797e-05 0.00017700184933056528 -3.1391573613127623e-05 -3.1443078249192326e-05 -1.5687532523429467e-05 -0.00019607126545239078 -7.7116255168974897e-05 0.00013030996237496312 0.0002193646755842562 -6.234290842400218e-05
leaf_weight=424 705098 314 211 325 323 1116 459 320 681 652 719 685 898 753 594 676 664 445 965 309 442 940 1488 2621 6339 677 1472 5607 6480 11398 2102 1589 971 911 1825 791 1130 1305 828 779 763 695 823 1368 627 594 463 1135 550 1052 591 870 1327 537 4572 422 908 1627 10880 2141 791 1241
leaf_count=424 705098 314 211 325 323 1116 459 320 681 652 719 685 898 753 594 676 664 445 965 309 442 940 1488 2621 6339 677 1472 5607 6480 11398 2102 1589 971 911 1825 791 1130 1305 828 779 763 695 823 1368 627 594 463 1135 550 1052 591 870 1327 537 4572 422 908 1627 10880 2141 791 1241
internal_value=-4.04838e-06 -0.0023234 -0.0150255 0.00593402 -0.00135187 -0.00708658 0.00409436 0.010706 0.000282333 -0.0123043 -0.0247078 -0.00655518 -0.0137341 -0.0143229 0.00894262 0.000894243 -0.0243542 0.0176205 0.00168772 -0.000176363 -0.00634461 -0.0186114 -0.000484951 -0.0261629 0.00365862 0.00268151 -0.0051291 0.00636623 -0.00114515 0.00388552 -0.0256574 0.0248639 0.032122 0.035634 0.000570952 -0.0220232 -0.00284957 -0.00144424 -0.0326892 -0.0349504 -0.0242471 -0.00976738 -0.00160606 -0.0115866 -0.0305272 0.0266954 0.00020479 -0.00359064 -0.00600304 0.00379008 -0.00130195 0.00422828 -0.0106355 -0.0134562 -0.000660055 0.0142648 0.0139614 -0.0161572 -0.0190462 0.0200326 0.0300734 0.00415639
internal_weight=800303 66098 4684 1444 61414 17277 5498 4393 2963 11779 3718 8061 5510 2602 2551 44137 3240 2644 1410 41493 13133 4237 8896 3561 7827 28360 9089 19271 7952 17005 3000 2266 1430 1234 2510 1105 1883 1899 1137 2206 1542 1020 1034 2049 1069 914 734205 29107 25595 8220 7085 6033 17375 15612 5442 1763 3512 14285 12507 3049 1213 1778
internal_count=800303 66098 4684 1444 61414 17277 5498 4393 2963 11779 3718 8061 5510 2602 2551 44137 3240 2644 1410 41493 13133 4237 8896 3561 7827 28360 9089 19271 7952 17005 3000 2266 1430 1234 2510 1105 1883 1899 1137 2206 1542 1020 1034 2049 1069 914 734205 29107 25595 8220 7085 6033 17375 15612 5442 1763 3512 14285 12507 3049 1213 1778
cat_boundaries=0 8 16 20 24 32 36 44 48 51 55 59 63 65 71 78 86 90 92 95 99 103 111 119 123 131 134 142 150 158 162 169 173 177 181 188 191 193 196 200 204 206 208 212 219 221 224 232 236 244 252 260 268 276 284 288 296 304 311 314 318 322
cat_threshold=2113536 277087753 2228225 2281701376 67403792 290432 268435506 27262976 8421446 147467 2013276168 536879633 16842752 1024 2147483648 69247009 362081 1007616256 2475575441 5 3090298310 406980740 2684620801 1 8394880 408981248 132224 67141632 1081368 1073741888 786696 1576 1413853503 587730944 3506523152 12 553914368 439615840 2166669314 4 5509120 1210056737 2097152 8388608 734881993 1824522305 545294640 4 2428511732 575671580 1881672713 822436361 3514827108 2586907272 5 2286169380 469939201 122364034 11 2778737792 809435521 742555844 9 1679070349 649652587 1662132224 111150464 35652229 0 2319458304 1073742123 855640320 2098240 70501378 2097216 135299072 34825 8388642 4331776 266240 67178500 3489661184 671154310 99018 6 16388 1614868115 2160461317 1175193824 2 2469342579 1612198302 1681458124 142743041 2774581288 108179916 151748944 1166022792 4 3896773180 1825079624 2151826704 9 67108880 1143210496 2147614977 8 1076920832 18088465 2097217 264192 34357764 3145856 38797376 537397956 1048832 39321856 69632 196608 3770959904 2694840850 3496648721 11 278528 35955200 68227072 402685952 2416476160 2147746016 8456224 8405504 193540225 2159839792 2450132556 270672928 1056768 1088 884736 1073889301 83886600 268697728 787968 538968576 268435712 41984064 67146293 2228224000 34865152 9439232 50397184 201925640 1222639648 1614807312 134553728 4198464 34078720 8 67175424 324322658 1649449984 282107136 4 1344413696 3310430272 2185330976 0 671088640 570474498 25167872 2160328868 155354414 1477851234 4 1245862170 17308682 2153817361 4 475007128 34881544 503318849 5 1181696 85008768 2181564320 1075838976 269754368 4229824 64 1397236224 1141715033 2295365888 1378559121 3348143363 137365504 2283946506 683811520 595722757 1224778753 1879344257 9 2286290086 2730688549 5022344 8 3436711859 708397009 3809216929 1080558213 274 8538389 4260996 8 1074790400 3225419776 46139333 2098178 2415962112 33554880 84 3246852802 1292322334 38400 304156968 168179210 528512 134217728 411344896 34 37950593 67129377 24580 50339848 1162885120 224897770 4235842 1 2148106752 64 2835349762 1048593 17435200 1638416 1073750016 4194865 4325928 1076363270 1058 268763140 526338 4325632 4736 8851458 2151688192 139392 3221226504 20987916 1109463042 272760848 0 10518532 9437188 262170 33556736 2197815424 2155872528 2148139057 85491712 264192 1073745924 65536 268435488 805315072 1645236258 4194566 1610719745 1052672 2147549184 16973824 1078003841 1159746816 402661376 8210 655361 4718592 1120488 3970040834 146950663 2 201850882 3145736 131088 2088 558080 25178136 104865792 71321608 27262985 2147483696 32 163643396 2304 269221888 2587887120 69638 8 111149056 2147517458 295763968 138772529 1074004144 172032 3372819008 855681662 2155381764 2203148305 170936340 540327172 4 3599385153 152797958 2181058834 2
is_linear=0
shrinkage=0.12


Tree=34
num_leaves=63
num_cat=45
split_feature=7 18 1 41 34 22 35 35 7 18 7 1 7 8 1 41 34 35 24 34 35 35 34 34 41 23 35 1 41 22 22 41 24 23 41 1 34 23 34 34 41 23 41 41 24 21 22 21 24 22 41 1 6 1 39 8 1 38 23 7 39 7
split_gain=26.7205 190.225 230.862 96.9283 90.2747 89.6411 81.8866 75.5023 74.8423 269.716 127.046 123.666 121.138 100.817 175.648 77.8776 87.4116 84.6214 74.7072 85.2402 85.3876 83.3672 99.4628 80.8688 91.2262 73.2738 73.257 72.1395 70.7151 70.0501 67.6571 66.8307 65.0716 64.0079 63.7936 63.6336 62.3995 66.4733 61.8358 61.6426 74.2427 64.8101 73.8486 71.6104 63.7935 61.0681 60.1668 59.0936 59.5031 58.5442 58.2965 57.5072 92.2224 57.164 312.796 232.688 195.103 191.773 129.944 116.697 288.83 339.105
threshold=0.33984375000000006 0 -0.014166666660457848 1 2 3 4 5 0.22265625000000003 6 0.30859375000000006 -1.0000000180025095e-35 0.23046875000000003 0.67675781250000011 0.044166667386889465 7 8 9 10 11 12 13 14 15 16 17 18 -0.007500000298023223 19 20 21 22 23 24 25 -0.015833333600312468 26 27 28 29 30 31 32 33 34 35 36 37 38 39 40 -1.0000000180025095e-35 0.047072013840079314 0.042500000447034843 41 1.3398437500000002 0.13916666805744174 42 43 0.12890625000000003 44 0.15234375000000003
decision_type=2 9 2 9 9 9 9 9 2 9 2 2 2 2 2 9 9 9 9 9 9 9 9 9 9 9 9 2 9 9 9 9 9 9 9 2 9 9 9 9 9 9 9 9 9 1 9 1 9 9 9 2 2 2 9 2 2 9 9 2 9 2
left_child=8 2 -2 25 6 -4 -5 36 53 10 11 27 -13 14 -14 16 -11 46 19 26 38 22 -20 24 -23 -3 -17 45 -22 32 -24 -8 -19 -31 -25 -12 -6 -38 -21 40 -9 42 -41 -43 -42 -10 -18 48 -33 -27 -28 -37 -53 59 55 -55 -57 58 -56 -1 61 -61
right_child=1 3 5 4 7 -7 31 39 9 15 35 12 13 -15 -16 18 17 29 21 20 28 23 30 34 -26 49 50 -29 -30 33 -32 47 -34 -35 -36 51 37 -39 -40 41 44 43 -44 -45 -46 -47 -48 -49 -50 -51 -52 52 -54 54 57 56 -58 -59 -60 60 -62 -63
leaf_value=1.8694588908932386e-06 -0.0006216017400234858 -0.00074862413017745327 0.00045976484251056992 -0.00089889063012266505 0.0002600422204116279 0.0053086934932679445 0.0002593436566548673 0.00052297044313558572 -0.00066879383426214601 0.0005216351559782273 -0.00048215304412625986 0.00046956538415364739 -0.0040040055923580122 -0.0027715126939255874 0.0032206917787230374 0.00046724286375738727 -2.1854781426055428e-06 0.0001623308342954442 -0.0004034901102195486 -0.00066098354276880828 -0.00021893471988955571 0.00031301220452598712 -0.00020717241097412595 -7.1873190813358801e-05 -9.9243238030238015e-05 0.00024092619059239902 -0.00033326375004458545 0.0021442866698740521 4.997246532564799e-06 0.00038034110490955752 7.8777400241305737e-05 0.00029505400301251238 -0.00025048934783326247 4.4164262503504393e-05 0.00010879118192557552 0.0091889548496237108 5.2907444408551232e-05 -0.00046390156162158752 -0.00014555899140618876 -0.00054355872898238626 0.00036249003782665677 0.00035153059761869077 -6.8623996033975685e-05 7.7509269157520358e-06 -4.6030128103803212e-05 -2.0514834043267204e-05 0.00058713060478199559 -0.000451787738288786 -0.00020569064446954592 -0.0003233003588146619 0.0001576437960856121 -0.0015753915121482259 0.0011954668556645924 0.00037520035974768239 2.2031968926328317e-05 -0.0010864644443472318 0.00012540340397620715 1.0692223299826784e-05 -0.00011088486102742281 -0.00069469692880489169 -5.186290329749236e-05 0.003190649656367792
leaf_weight=278077 612 1168 536 658 542 1244 680 874 823 1164 421 314 1057 620 255 572 417 658 757 435 2436 947 2286 3916 6002 656 535 180 22937 1376 4829 554 1494 3100 48235 163 985 2189 2159 950 1061 1590 8577 17724 2557 1260 947 1902 1355 1750 2633 149 420 9305 10300 1332 1542 177694 23145 1558 131956 3733
leaf_count=278077 612 1168 536 658 542 1244 680 874 823 1164 421 314 1057 620 255 572 417 658 757 435 2436 947 2286 3916 6002 656 535 180 22937 1376 4829 554 1494 3100 48235 163 985 2189 2159 950 1061 1590 8577 17724 2557 1260 947 1902 1355 1750 2633 149 420 9305 10300 1332 1542 177694 23145 1558 131956 3733
internal_value=-1.5444e-05 -0.00275547 0.0301497 -0.00448191 -0.00287136 0.0521212 -0.0177407 -0.000799761 0.000160023 0.0029995 -0.0225026 -0.0316293 -0.0515658 -0.0627921 -0.0438356 0.00434059 0.0149215 0.0104048 0.00335714 -0.00144141 -0.0037185 0.00562881 -0.00596651 0.00717418 -0.00498203 -0.0234244 0.0155437 -0.0118145 -0.00159306 0.00477108 -0.00153219 -0.0118587 -0.0129759 0.0133155 0.00879474 0.012987 -0.0169957 -0.0234275 -0.0244052 0.00101124 0.0140675 -0.00102727 -0.00912045 0.00296802 0.00641321 -0.0181295 0.0375 -0.0180486 -0.00306087 -0.0113151 0.00830187 0.0343323 0.016182 -0.000344605 0.00120365 0.0198934 -0.00993044 0.00012446 -0.00820994 -0.0011771 -0.00404025 0.0234207
internal_weight=800303 48164 2392 45772 42198 1780 5149 37049 752139 113497 5662 4509 2246 1932 1312 107835 9156 7992 98679 31707 27967 66972 7872 59100 6949 3574 3740 2263 25373 6628 7115 4491 2152 4476 52151 1153 3716 3174 2594 33333 4492 28841 9527 19314 3618 2083 1364 3811 1909 2406 3168 732 569 638642 223318 12179 2874 211139 33445 415324 137247 5291
internal_count=800303 48164 2392 45772 42198 1780 5149 37049 752139 113497 5662 4509 2246 1932 1312 107835 9156 7992 98679 31707 27967 66972 7872 59100 6949 3574 3740 2263 25373 6628 7115 4491 2152 4476 52151 1153 3716 3174 2594 33333 4492 28841 9527 19314 3618 2083 1364 3811 1909 2406 3168 732 569 638642 223318 12179 2874 211139 33445 415324 137247 5291
cat_boundaries=0 2 10 18 21 29 37 39 47 55 63 67 75 83 91 99 107 115 119 127 135 139 143 151 155 159 167 175 178 186 194 202 206 214 222 226 228 232 234 238 241 249 254 261 265 270
cat_threshold=0 8 16 131200 302059664 268452880 2151747616 1074095108 11012168 512 262144 71305216 2147754113 338166816 2361376 2618310657 2163744 257 4032256434 21138800 150995712 1476403264 8388608 107008 402682880 469762120 537018432 2100232 288 256 10814464 265224 268959750 302123264 268436104 1627914240 17892864 0 8 402653269 35127616 167773200 4229120 4128 37752832 545262659 2064 2160132224 35667968 1207963648 579871744 537395232 1083181056 276828288 2228224 32896 13111424 12599552 134348800 1342455872 33571328 2097248 104857644 335545857 848069129 2931831438 13 2236416 524288 562185218 436207616 100698380 65536 134219265 4198682 654845952 17936 65544 134217728 553648129 1084228104 327689 524435 3932928 1094717472 1052688 1074139424 10485760 2416967732 17825856 33554432 49409 12 3163200 209715461 8228 1062912 537002504 131328 293666864 67371008 17302344 655616 528385 16777344 268437536 23079056 1175977994 402653232 147464 2164262528 83902465 134742016 1074790400 8388609 2567315976 2262458440 2427475009 4 8 134144 1107313030 293601280 2621696 1056787 806357762 131200 2818560 1088421896 1073741856 2147484800 1753235456 8240 151019520 12845064 271297765 3360423961 2550171905 5 10762294 3036827906 70714881 7 2164654208 205520898 557056 16781312 819264 33554467 1343234608 16512 824215788 2160855250 2148209504 4 4179740164 2672320516 6983688 4 8192 1075838988 268566528 1107320928 1158684672 1610613250 1342480408 2363392 402657408 167776256 26873856 4202500 67634176 393236 570950528 16384 370181796 646385804 610673600 640 8391968 67108864 3801088 5767168 37748768 2418082080 64 2186280992 2147483680 32846 1074926081 664132 2099712 524304 33282 1132734472 8912976 532748 2151284874 0 4097 16385 71303172 3492020420 13679988 2234524938 1 2550682112 65552 671088644 2572 49792 8523920 67239936 16779296 407371808 65536 203425792 4096 1116471297 142737600 268439682 34080001 537011949 1275166850 2150574104 6 335695936 4153638694 2172938536 203556456 557961252 10 2685712618 657438074 2856407106 271082496 2325909889 5 1629934024 1211148800 1076131840 25170056 320544 16640 603980864 65538 0 0 8396804 2147483648 134217984 0 8394760 2147483904 1195200 2590281488 65600 4227328 2097152 1073741888 2320 172741631 1140957185 5243137 6 65536 268435456 2097152 1 268435456
is_linear=0
shrinkage=0.12


Tree=35
num_leaves=63
num_cat=55
split_feature=8 3 38 41 41 23 35 35 34 18 25 3 7 1 34 34 35 35 34 22 41 38 34 41 34 35 35 29 25 41 41 35 41 40 39 34 35 41 40 34 41 19 22 34 41 34 7 35 34 22 22 35 35 34 23 41 39 4 34 34 35 35
split_gain=26.8183 140.945 114.751 103.211 102.546 95.6441 115.094 97.5108 95.1902 91.4663 103.603 178.665 158.966 134.981 106.103 102.309 94.8965 94.7593 99.0887 92.5936 95.712 90.7747 89.2921 88.9001 88.5009 91.3056 87.9749 85.5478 99.5008 85.3754 84.3643 85.5511 81.0034 79.8476 122.062 125.383 101.4 80.0232 78.1965 81.3783 77.4799 77.4156 77.0807 76.8567 76.6666 88.8086 81.5861 94.669 78.6612 75.5461 74.9988 95.5223 94.4473 81.5583 80.7149 80.4544 74.5984 103.569 97.0146 84.7549 80.6336 76.0446
threshold=0.51269531250000011 0.042500000447034843 0 1 2 3 4 5 6 7 8 0.012500000186264517 0.21484375000000003 0.017500000074505809 9 10 11 12 13 14 15 16 17 18 19 20 21 22 23 24 25 26 27 28 29 30 31 32 33 34 35 36 37 38 39 40 0.31640625000000006 41 42 43 44 45 46 47 48 49 50 0.3991666734218598 51 52 53 54
decision_type=2 2 9 9 9 9 9 9 9 9 9 2 2 2 9 9 9 9 9 9 9 9 9 9 9 9 9 9 9 9 9 9 9 9 9 9 9 9 9 9 9 9 9 9 9 9 2 9 9 9 9 9 9 9 9 9 9 2 9 9 9 9
left_child=9 2 3 -2 -4 6 -6 -7 -8 19 11 27 14 15 -12 -14 -16 -15 -19 20 -1 -17 -9 -18 -22 -26 -21 28 30 -29 -11 -32 -28 34 37 -36 -37 -13 39 -3 -20 -40 -10 -5 45 -35 48 -48 -46 -47 51 -41 -52 -53 -55 -54 57 59 -59 61 -60 -43
right_child=1 38 4 43 5 7 8 22 42 10 12 33 13 17 16 21 23 18 40 26 24 -23 -24 -25 25 -27 32 29 -30 -31 31 -33 -34 44 35 36 -38 -39 41 50 -42 56 -44 -45 46 49 47 -49 -50 -51 52 53 55 54 -56 -57 -58 58 60 -61 -62 -63
leaf_value=-0.00056670725414958989 0.00019692479035063215 -6.1881167188128223e-05 0.0001651306353354061 -0.00072324285310453626 0.00031543118027949627 -0.0003186435771723909 0.00024573541070862403 0.00010311889030032845 0.00010396452512608843 0.00010458282445259816 7.3513012086735041e-05 0.00052259252177504158 0.00060445537036245246 -0.00054059144874931504 5.3475096750317378e-05 -0.00011777520764823682 0.00018556095006833716 0.00029677994317100549 -0.00043920437367311627 -0.00015564983445949285 -0.00047989097403799611 0.00018735310303891125 -0.00010543250488556003 -0.00021093994229499975 0.00054211590035135307 1.8526976928662517e-05 -0.00014314385436545112 -0.00029417749347173094 0.00096939378510846981 3.2706316456364533e-05 -0.00035925732173846517 -0.00010160947459027503 0.00023443120218991884 -0.00018605334330294005 0.00020634344724953523 -0.00046572343540612373 -8.3913189909764151e-05 5.1411885935358027e-05 3.1400909882846175e-05 -0.00018240796566645136 -4.2844481057400069e-05 -0.00048338988251093274 -0.00011002544339384028 -0.0002782397711410867 0.00016198707718118971 0.00049052160577241926 -0.00034045762591686679 -6.6440980814685843e-06 4.2528178074514502e-05 0.00014714023353180945 0.00021741315656259672 0.0001525025142852498 0.00018103803773493636 -9.207364411090987e-05 2.9753003270320678e-05 3.5945780195640673e-05 -6.1124812268848388e-07 0.0001126880709508382 9.4437508566545963e-05 -5.1557264445855135e-05 -1.1770230732487576e-05 -0.00014318144711113586
leaf_weight=1655 670 8278 2043 970 1059 2514 1079 2639 2118 3878 2814 1384 1035 739 2422 2496 1089 645 691 2295 1296 5966 18230 15682 1259 10589 2606 2371 1106 30649 5267 37962 26833 709 2551 2183 19472 10176 36673 2022 4131 1239 5250 5083 11802 1772 1652 14950 86803 3824 3571 3048 3445 6432 13335 45905 216614 3021 2551 59525 24197 6038
leaf_count=1655 670 8278 2043 970 1059 2514 1079 2639 2118 3878 2814 1384 1035 739 2422 2496 1089 645 691 2295 1296 5966 18230 15682 1259 10589 2606 2371 1106 30649 5267 37962 26833 709 2551 2183 19472 10176 36673 2022 4131 1239 5250 5083 11802 1772 1652 14950 86803 3824 3571 3048 3445 6432 13335 45905 216614 3021 2551 59525 24197 6038
internal_value=6.44747e-06 -0.000564631 -0.00723336 -0.0215768 -0.00446428 -0.00608735 0.00405967 -0.0102124 -0.000638366 0.000851417 2.2155e-05 0.000946324 -0.00582153 0.00340019 -0.012404 0.0123929 -0.0155897 -0.0103608 -0.00484029 0.00577248 -0.00206603 0.00798678 -0.00751113 -0.0187976 0.00136819 0.00463406 0.00942733 -0.00362356 -0.00684541 0.00108258 -0.00768352 -0.00920515 0.0111928 0.00330671 -0.00167701 -0.00652077 -0.00948724 0.0084618 7.26777e-05 0.0033135 -0.0107737 -0.000724383 -0.00552845 -0.0265326 0.00477338 0.0176476 0.00406704 -0.00371476 0.00537771 0.0227247 0.00451794 -0.000922369 0.00707082 0.00129846 -0.00152282 0.00570317 -0.00133526 -0.0041088 0.00177757 -0.00673253 -0.000529146 -0.0189491
internal_weight=800303 477549 41655 6723 34932 32889 9506 23383 8447 322754 276221 238511 37710 15703 22007 9497 19193 6206 5467 46533 14799 8462 20869 16771 13144 11848 31734 81233 48213 33020 47107 43229 29439 157278 35766 24206 21655 11560 435894 86036 4822 349858 7368 6053 121512 6305 115207 16602 98605 5596 77758 24837 52921 22815 19767 49350 313185 96571 29769 66802 26748 7277
internal_count=800303 477549 41655 6723 34932 32889 9506 23383 8447 322754 276221 238511 37710 15703 22007 9497 19193 6206 5467 46533 14799 8462 20869 16771 13144 11848 31734 81233 48213 33020 47107 43229 29439 157278 35766 24206 21655 11560 435894 86036 4822 349858 7368 6053 121512 6305 115207 16602 98605 5596 77758 24837 52921 22815 19767 49350 313185 96571 29769 66802 26748 7277
cat_boundaries=0 8 16 24 28 36 44 52 59 61 69 77 85 93 101 105 113 121 129 137 145 153 161 162 163 171 179 187 195 200 205 213 221 229 234 242 250 257 260 268 276 284 292 300 303 306 314 322 330 333 341 346 354 362 370 378
cat_threshold=1122184 134217744 4096 1074003968 1 536870915 2165606400 1129 4231200 2819096576 536944640 1025 344065 88080755 102769152 16777216 1073881092 38273024 134218760 1207959584 67108864 1078003232 545589249 1703940 1073762304 1887520768 937006159 15 1024 546316544 805961792 526600 131072 42729473 1677723650 25231368 20971520 1843232 20480 42467360 339836944 786505 67274760 3584 262146 272667688 2148532224 536936450 644 3223617792 2623490 528400 0 268697609 0 0 1049088 512 1 65555 1 16801792 67125392 2177368192 1610620950 268500992 269488512 135200 1052704 2129928 1342177280 1082278049 17039392 68 2283028480 1107296900 67272708 168820768 268437036 272629776 4456460 263168 4326408 1075839008 2532 269495552 160465408 2215641090 147712 9280 271581184 34611200 67108864 51224 805306368 2152202272 541655040 546390018 1088 135038976 212993 203251711 154239232 2281832464 8 68157450 285227008 393729 150994944 2215903232 524289 12851464 75497472 536870912 134217730 4296 33562624 134217736 36 2469922824 9849 19927072 81923 4608 172212224 3305246720 9 17309696 1048592 524288 1050752 1207959552 134234113 562069508 820512548 2097184 4341888 67113042 256 2147537152 1174405120 128 272712256 33689624 1572876 10506 1073742850 1611760128 134217728 67119617 2688549378 52428808 16875520 1197584 851968 8519936 67635200 513 2147594794 4198416 9 1788 1 147472 68157440 0 278534 2495711266 1324080 2184 18890752 1342248960 2621457 150528 33571072 545853456 537395216 4198592 4102 9437201 3758129154 100696064 1026 302014466 3792994432 18560 260 110624793 2147524608 201326881 32768 39845889 1075842048 2150629680 4 3489664801 268500992 262150 1342218288 15876107 2237926507 3489802304 16408 0 65537 0 0 270532608 469797953 270918 2163200 51135752 33619978 268437504 67158052 1610645520 4326657 1105207300 67722 16384 552 4616 218103808 134481958 134742154 22020772 557850624 540672 139264 1073741880 2048 0 1409289648 2183168 33554560 98560 16818176 3573699904 4162 1073741952 1224769536 33564704 75497508 2147483648 4211204 9619524 508050 8388616 302006272 67108864 0 1095247872 3153930 4096 25190404 1418428424 2032128 1939890704 16855845 107397448 281149440 2689600620 25788480 8 268435584 524609 81920 4194304 67174416 67584 18882560 299312 1124075536 67375144 17329152 8392704 16842752 8 336081408 67108915 4458496 138422297 133152 67141632 67379264 5128 462336 536879104 1188880 268566656 1150287872 4264960 1574208 196645 266240 84934668 135302152 1073741825 142737440 75505664 1262756344 1409686018 1149312194 166959581 12657152 362561552 37781504 2621456 537030660 16860297 524422 4227076 8192 16920592 7340288 327696 191494 76547204 2155872258 196608 545260546 513 2153775104 2147483680 1073746434 3153921 284295424 671154176 3584 5133 336176559 100753508 1226839573 537133058 268697729 67125384 1536 2427060352 2151678016 8392960 46661920 83955241 1476560960 4997192 8388621 273678336 151315456 2684364800 4227072 65536 1114112 512 2417042688 6963267 1082179744 8224 8388608 19925056 536973344 1082393088 3158145 4227074 4194320 81920 32968 1343225936 604897281 1841474 10240 4608 288 100664328 58769408 549453824 1074684928 134217728 1075847179 1048577
is_linear=0
shrinkage=0.12


Tree=36
num_leaves=63
num_cat=58
split_feature=8 38 0 34 3 38 4 19 35 34 38 34 34 35 34 21 23 23 34 35 34 35 35 22 34 35 34 35 38 25 34 34 22 22 23 34 22 34 34 24 23 34 24 34 34 23 22 23 34 34 35 19 24 24 34 23 23 35 34 38 35 19
split_gain=27.0532 103.246 96.5524 98.9676 87.2329 91.8804 104.902 101.187 98.6368 91.692 87.6678 88.0465 83.3352 82.0669 81.3027 77.1421 81.0104 74.847 93.0291 87.7802 85.2704 81.6406 74.0875 74.1141 98.0896 76.8947 73.3051 73.3014 72.2958 115.795 97.1059 88.4974 80.4216 80.2575 78.8542 78.2753 72.2468 82.5095 72.1728 77.4485 73.1903 71.813 70.973 70.8871 70.3059 69.7436 69.5087 69.421 68.4671 68.34 86.2611 68.1531 73.2625 67.8402 68.6496 67.7789 66.3505 66.1941 65.1288 74.1957 72.9407 71.3113
threshold=0.18652343750000003 0 0.58044433593750011 1 0.019166666083037857 2 0.34916666150093084 3 4 5 6 7 8 9 10 11 12 13 14 15 16 17 18 19 20 21 22 23 24 25 26 27 28 29 30 31 32 33 34 35 36 37 38 39 40 41 42 43 44 45 46 47 48 49 50 51 52 53 54 55 56 57
decision_type=2 9 2 9 2 9 2 9 9 9 9 9 9 9 9 1 9 9 9 9 9 9 9 9 9 9 9 9 9 9 9 9 9 9 9 9 9 9 9 9 9 9 9 9 9 9 9 9 9 9 9 9 9 9 9 9 9 9 9 9 9 9
left_child=1 2 3 55 5 44 10 -8 -9 47 12 -12 -7 -5 -4 16 -13 18 27 41 21 -19 26 24 -24 -26 -22 -3 29 30 33 34 38 -6 -31 -34 37 -15 39 -32 -40 -20 -35 -17 -2 -37 -36 -10 -11 50 -25 -23 -53 56 -55 -1 -38 -54 60 -60 -21 -61
right_child=4 17 14 13 28 6 7 8 9 48 11 15 -14 36 -16 43 -18 20 19 58 22 51 23 49 25 -27 -28 -29 -30 31 32 -33 35 42 46 45 53 -39 40 -41 -42 -43 -44 -45 -46 -47 -48 -49 -50 -51 -52 52 57 54 -56 -57 -58 -59 59 61 -62 -63
leaf_value=0.00095741390361983884 0.00051485286042835443 0.00061137608735297984 0.0004586077701798294 0.0016454660300706226 -1.0746529304911552e-06 -0.00070589205793421782 0.00013840804039213321 -0.00019632404938944297 -7.0404283598473439e-05 -0.00019725911135148454 0.00012565897541946209 0.00022040023218616533 0.00013744887130274708 0.0016640970032398329 -6.8307955548237563e-05 3.9871245697204871e-06 -0.00048420427345395448 -0.00058420111862047901 -0.00093150757137484526 -0.00069863309228496205 -0.00027237782173321741 -0.00052310400474906099 0.00024537758438008238 -0.00037179132756734576 0.00016568417121015161 -0.00014391343675834687 0.00028401828496439505 6.4232670060486837e-05 4.5437874651475347e-06 -5.6967335653486835e-05 -0.00013075000174511778 7.0378728262777941e-06 6.5059935733793214e-05 -8.7486007100787632e-05 1.1779471055365277e-05 -0.00016264806995892574 -0.00090671572617760177 0.00069995984214062145 -0.00012164780602099193 0.00032761963580432951 4.0415804194732052e-05 -0.00025637928565802744 -0.00047739703318249149 -0.00089898196925732173 2.1628687870219498e-05 -4.8757633456008779e-05 0.00028141333755615739 0.000241732713314405 -1.3617495143834739e-05 4.0598718870588714e-05 0.00035629435334334335 0.00020832278844270404 -0.00054126545829689455 0.0015981919060887942 0.00032597123550132882 -0.0010537882697734882 0.00019609645157973974 -3.4842716336095228e-05 8.3823496157474305e-05 0.00019354532525810462 -0.00016434451380352314 -0.00014181760542132009
leaf_weight=438 1073 801 1022 1649 2108 537 1912 2216 553 1926 1283 1207 3307 1069 8827 820 2646 976 698 809 784 997 2986 813 2538 15859 5584 4202 495492 945 671 30882 5040 1432 667 13710 1021 3873 6392 1756 13806 3312 2911 5273 3924 29261 1611 1219 12953 39399 5248 2415 938 950 6451 1068 2321 4195 10131 1731 3889 15776
leaf_count=438 1073 801 1022 1649 2108 537 1912 2216 553 1926 1283 1207 3307 1069 8827 820 2646 976 698 809 784 997 2986 813 2538 15859 5584 4202 495492 945 671 30882 5040 1432 667 13710 1021 3873 6392 1756 13806 3312 2911 5273 3924 29261 1611 1219 12953 39399 5248 2415 938 950 6451 1068 2321 4195 10131 1731 3889 15776
internal_value=3.40369e-05 0.00147043 0.00795652 0.0129922 -0.000304848 -0.00567232 -0.00779612 -0.00226938 -0.00493882 -0.00176438 -0.0154189 -0.0207633 0.000248947 0.0155517 -0.00166886 -0.0245832 -0.0112083 -2.9977e-05 -0.00419816 -0.00631058 0.00205356 -0.00862267 0.00344318 0.0022634 -0.00356158 -0.00683796 0.0157994 0.0111266 5.65695e-05 -0.00270854 -0.00528411 0.00311282 -0.00399502 -0.0193656 0.0219969 -0.00677425 0.0128509 0.0248526 0.00190308 0.0214022 -0.000451259 -0.0230333 -0.0286843 -0.0330024 0.00955878 -0.00843403 0.0340611 0.0239462 -0.00484319 0.00500352 0.0168549 -0.00483814 -0.000920627 0.00730822 0.013711 -0.0164426 -0.00686939 -0.00902623 -0.00422901 -0.00200506 -0.0172739 -0.00673326
internal_weight=800303 152770 28689 18840 647533 40849 35852 20779 18867 16651 15073 11229 3844 17334 9849 9946 3853 124081 41349 36346 82732 9521 73211 66843 21383 18397 6368 5003 606684 111192 77087 34105 70636 6451 3223 48011 15685 4942 22625 2427 20198 4010 4343 6093 4997 42971 2278 1772 14879 45460 6061 8545 7548 10743 7401 1506 3342 5133 32336 27638 4698 17507
internal_count=800303 152770 28689 18840 647533 40849 35852 20779 18867 16651 15073 11229 3844 17334 9849 9946 3853 124081 41349 36346 82732 9521 73211 66843 21383 18397 6368 5003 606684 111192 77087 34105 70636 6451 3223 48011 15685 4942 22625 2427 20198 4010 4343 6093 4997 42971 2278 1772 14879 45460 6061 8545 7548 10743 7401 1506 3342 5133 32336 27638 4698 17507
cat_boundaries=0 7 15 22 29 37 45 53 61 69 77 85 87 91 94 102 110 118 126 134 138 146 154 162 170 178 182 190 198 202 206 210 218 222 230 238 241 245 253 257 265 272 275 279 283 291 299 307 314 318 322 330 334 338 346 354 362 370 377
cat_threshold=9650124 2064 64 105390336 402654224 1610612804 256 2101505 0 2147483650 33710082 3146408 805831170 3670528 92276752 206412 2187362816 64 12544 2147483648 96 2183135260 0 16778240 117512192 67330116 616632336 587239490 12 2147485696 1073741824 3758120960 1074012416 1611678352 570687752 3288727552 65584 268568064 384 268435458 880902416 270344 1375731712 570435586 1049624 143655296 263172 1025 642285568 2311184 6 49152 1024 2105354 0 1090527237 1208094730 673711616 32 2152218624 83894337 1073741824 2416443392 671219840 1090587136 1963460608 526338 167772672 67146755 2 2187333634 2147495945 6300016 83894528 269484304 100663297 263168 2751528978 268435648 142672130 2147614724 8519681 524288 2296446980 1049602 1074020351 3624946688 88605696 576483330 2315125003 1 4292560928 68305406 12544 1073774593 2637952 889196544 17891872 527104 536871176 1051648 33562662 2147614740 541138944 2147484676 1291847713 1610616832 134250500 270336 1083492 537200648 917504 528384 9700098 131588 2149580864 2148794400 2114960 33554944 134217728 270543364 102244352 402677824 35657760 67109248 4718592 4096 3221233668 536870912 2172951040 7341188 262145 12853768 67649568 8452096 589948938 4160754350 10 2235695616 65600 2147557905 268435481 604045344 268468224 83886480 131078 16384 8536064 277086852 136323081 67141961 80740512 135266308 2129920 2214723584 83888256 1075841664 49 2149580928 75629056 134288386 10242 134217734 657473664 21103144 0 1245184 134217734 2147617536 67108866 9650116 297492 65 536832 2098176 68 2147483904 1024 16888119 1 1 536870912 1149259782 41943041 168837120 268599368 8208 2098212 4202496 8486948 411041792 3355443200 542122496 201462784 537923616 67108880 35127680 98326 183083058 2185364490 436248169 2 3264219272 1109395989 1747108691 14 1080079382 2684526594 37933521 13 393216 0 1140984848 37765397 37256 167776258 537428992 16779784 200438792 1904246818 105296144 1 1073987584 134381953 65 1313792 0 454888 1241513984 128 268436529 1073741824 2151686656 50340914 75497472 771752016 1073872976 2101312 681116297 2298613312 117688579 610964549 2180466824 17039436 6 69280000 33562626 2048 1342177280 11534341 1409761282 65812 19136768 683876525 2460157971 278926608 9 1140851204 6299656 33751296 2116608 4202497 536875264 132705 299008 35717120 2812623122 159387776 0 1048576 4227618 262149 195339430 1175100422 564207640 25727236 1620850725 3357808660 4 21398538 404455975 2689078084 3 16842801 270533632 1073774729 4325381 536891488 67108864 2148270592 52576256 1073762880 2147483712 25296896 1510113312 2148565120 16842752 26 117512192 100795908 539263496 0 1048596 318767161 1344372736 131072 3145730 1 256 39878666 18878464 830496933 1627918402 32768 522361156 274748866 402679556 8 92365202 28133514 545277091 3 10376 65545 37749408 2130945 352526336 8390660 2415919105 1589504 2169012231 316281153 536953989 2 579213066 587367769 402789889 5 68 11539968 29425984 114689 2 134397968 25088 25243648 20972032 1879048192 134610945 263168 368640 16818324 696254912 6291968 1207959552 4456454 1128457 1074008064 2147698696 544 53477508 64 546 33554432 71368768 8344 402784320 538591232 538476544 2687106 0 2149613568 135278606 335544358 16793636 1484820590 16384
is_linear=0
shrinkage=0.12


Tree=37
num_leaves=63
num_cat=58
split_feature=8 40 19 41 39 41 22 22 24 23 39 23 22 23 24 22 19 22 23 22 1 41 23 24 22 41 24 41 41 23 24 19 38 24 41 19 23 23 19 41 23 23 22 19 22 23 23 24 23 24 22 22 8 1 39 18 41 19 22 39 23 24
split_gain=25.6724 83.2618 91.0644 79.5137 70.4277 70.0775 61.5846 60.8304 60.7719 71.533 57.3348 72.9534 63.1826 58.7142 64.2239 68.7155 57.8319 56.5247 56.2564 52.8998 51.2287 63.3135 66.3461 59.9157 56.9904 79.2434 70.2221 62.9759 62.4952 69.7842 65.3 59.2805 65.6671 58.3132 71.057 57.2324 57.1222 56.5401 55.6 60.8558 53.144 52.4166 51.3827 50.6772 48.9064 47.5741 46.6807 44.8231 46.7366 43.7632 43.6341 42.0857 41.0512 138.253 133.015 111.142 97.7852 98.9342 96.4807 96.1494 80.42 76.4121
threshold=1.6855468750000002 0 1 2 3 4 5 6 7 8 9 10 11 12 13 14 15 16 17 18 0.10750000178813936 19 20 21 22 23 24 25 26 27 28 29 30 31 32 33 34 35 36 37 38 39 40 41 42 43 44 45 46 47 48 49 1.0458984375000002 -0.097500000149011598 50 51 52 53 54 55 56 57
decision_type=2 9 9 9 9 9 9 9 9 9 9 9 9 9 9 9 9 9 9 9 2 9 9 9 9 9 9 9 9 9 9 9 9 9 9 9 9 9 9 9 9 9 9 9 9 9 9 9 9 9 9 9 2 2 9 9 9 9 9 9 9 9
left_child=20 3 8 -2 7 18 -6 46 -3 -10 11 12 -7 19 15 -15 -13 -18 -4 -12 52 22 42 -24 25 40 27 -27 30 38 36 -28 -33 34 -31 -35 -26 -32 50 -40 -23 -29 -22 -16 -25 -46 -5 -9 -49 -21 -30 -47 -1 54 -54 58 -57 -58 -56 -55 -61 -62
right_child=1 2 5 4 6 10 -8 47 9 -11 13 16 -14 14 43 -17 17 -19 -20 49 21 24 23 44 28 26 31 41 29 33 37 32 -34 35 -36 -37 -38 -39 39 -41 -42 -43 -44 -45 45 51 -48 48 -50 -51 -52 -53 53 59 55 56 57 -59 -60 60 61 -63
leaf_value=1.8823889380145934e-06 -0.00016730064736291761 0.00018238930434617701 1.2303000264273179e-05 0.00031223706086428251 5.6896073272268055e-06 -5.1648109235664118e-05 0.00025880991583611835 -0.00014514586237407862 0.00015171774605279544 -6.186277599679804e-05 -0.0002353150152957727 -0.0001776711603936425 0.0001430893782783591 -0.00010519430967138898 3.3262914208276323e-05 7.5610163001939531e-05 -0.00011217541260797966 3.9252097537574456e-05 -0.00021872707815119111 3.1304735541774505e-05 -0.00034608774761878635 -3.2525479385601159e-05 -0.00014058817223562377 -0.00010246547676685274 -0.00019309754295210221 -0.00020369602386164496 0.00016683137458757197 6.5805211289267154e-05 0.00027834295440184987 0.00021016791960289157 1.3924836471459703e-05 -0.00011778163377956658 2.0126777703896829e-05 8.4398442552246545e-05 3.1576645634076011e-05 -2.7421798905291586e-05 8.9809099118802853e-05 0.0002502002433172476 0.00017364234710889165 3.8645711565621577e-05 0.0002396528222388142 -9.9168629738095962e-05 -8.7169533261614193e-05 -9.0065556537033756e-05 0.00025321365266425106 0.00023506462749250454 4.188597356077297e-05 0.00014830790909581363 -4.2480750343268408e-05 -0.00010890221256291013 7.6605391157501181e-05 -0.00011424875600605604 6.0794506541553718e-05 5.8704240827503507e-05 -6.439635090216873e-05 9.9004620370912711e-05 7.7840418801339975e-05 -7.1177291497820158e-05 9.0048818586197622e-05 -0.00018890811357061288 -0.0001808336913202793 -1.6696561755864499e-05
leaf_weight=613547 729 803 411 434 659 664 1382 923 537 1149 1135 773 1380 808 1046 1974 1075 2357 1137 927 549 565 1201 792 421 962 1072 1525 681 1375 989 2435 8599 2710 7171 15908 1013 2419 1424 10465 1129 3342 1206 4755 820 453 937 681 1377 2064 840 697 18349 2714 3720 2941 3063 31265 8051 5129 3389 7255
leaf_count=613547 729 803 411 434 659 664 1382 923 537 1149 1135 773 1380 808 1046 1974 1075 2357 1137 927 549 565 1201 792 421 962 1072 1525 681 1375 989 2435 8599 2710 7171 15908 1013 2419 1424 10465 1129 3342 1206 4755 820 453 937 681 1377 2064 840 697 18349 2714 3720 2941 3063 31265 8051 5129 3389 7255
internal_value=4.63323e-05 -0.00339055 -0.00690051 0.00793944 0.0122342 -0.00953309 0.0305699 0.00357469 0.0147301 0.00169608 -0.00751502 0.00189745 0.020428 -0.0121406 -0.00646422 0.00850392 -0.0071425 -0.000418101 -0.034 -0.0238956 0.000180735 0.00325754 -0.00883769 -0.000211306 0.00432175 -0.00108141 -0.0034301 -0.0142373 0.00665669 0.00511506 0.0195303 0.00178247 -0.00084736 0.00161613 0.00981537 -0.00215137 -0.00199166 0.0285614 0.0121949 0.00940761 0.0236342 -0.0086329 -0.0281833 -0.0136453 0.00951692 0.0196165 0.0243817 -0.00605411 0.00382606 -0.0153846 0.0337377 0.00371768 -0.000130564 -0.00258786 -6.58833e-05 -0.00332708 -0.00653738 -0.0083378 0.00683357 -0.01178 -0.0153639 -0.00939189
internal_weight=800303 30117 22995 7122 6393 20506 2041 4352 2489 1686 18958 6249 2044 12709 8583 2782 4205 3432 1548 4126 770186 70763 5718 3963 65045 19629 17935 5829 45416 40574 4842 12106 11034 27164 8546 18618 1434 3408 13410 11889 1694 4867 1755 5801 2762 1970 1371 2981 2058 2991 1521 1150 699423 85876 67389 49040 37269 34328 11771 18487 15773 10644
internal_count=800303 30117 22995 7122 6393 20506 2041 4352 2489 1686 18958 6249 2044 12709 8583 2782 4205 3432 1548 4126 770186 70763 5718 3963 65045 19629 17935 5829 45416 40574 4842 12106 11034 27164 8546 18618 1434 3408 13410 11889 1694 4867 1755 5801 2762 1970 1371 2981 2058 2991 1521 1150 699423 85876 67389 49040 37269 34328 11771 18487 15773 10644
cat_boundaries=0 5 12 20 26 34 38 42 46 50 55 58 61 64 68 72 79 83 87 91 99 103 107 111 119 123 130 138 142 145 152 160 164 172 179 182 185 192 200 204 208 212 219 223 226 230 234 238 242 245 249 254 261 269 276 279 284 288 292
cat_threshold=1627393981 0 0 1426063360 15814663 0 1091076352 10494464 67119105 276836364 276987970 606568 8200 5243012 3288334336 8931496 9 257 4261891 1123329 90508355 1476528128 8142872 16400 2415984644 1 16704 135266304 133248 2281701380 285475460 562040864 3163280 274688 2748125313 3591471107 2416664840 2 1074145360 1684972064 3280217440 10 3735552288 2471323712 562241664 6 3303546881 3431075916 2956994130 2 69536776 2147483648 2654208 1560294417 2690203654 3247459456 83448899 885039682 2422952304 9539591 271522338 2686506496 2195193920 4291074572 409206820 1786918276 344544278 5 735577609 71320096 562095395 4 12 1064960 32771 8388708 138543249 50610232 1089664 2191267840 1635106886 3228109059 4 1447559168 36146808 402797184 8 1868828 404832529 2428769440 3 2176 268961794 452985984 1073905920 1048576 235413632 573603 1048578 1749105714 2164265610 3499161728 3 268508804 3326421234 11550904 1 1410926688 16998230 592790528 8 0 2097184 67108864 604004488 612635140 2166620930 2362372 8650768 708132888 1154100256 12595017 10 480264192 2147745792 2097411 290980354 606216 1073759248 1107431424 67108866 262208 71303168 268442128 339806337 537067530 771883016 2131968 3768651108 70803433 41945152 4 2170817124 2309366045 278135974 0 13649408 2151678464 50537484 671088709 8687624 622608 1126336 136316416 1123392 4198912 150995073 34 16392 1024 1094524953 79700600 273188425 11 4505664 8192 3170880 18875397 4098 285474848 1092616256 71368768 4 35655680 68192256 136331264 184610822 445136904 1638496 2819653644 1359519822 387467346 3766587393 111052946 14987586 262144 2150146048 2101296 10486849 541147156 67698706 295684 1284 44040704 512 671088673 41944580 36 8458768 34500612 609391360 872485737 504049669 2 215258504 18088437 270276674 8 1229758617 285311068 88113749 10 16 9462272 16386 41960464 33572866 722227216 402052 69320708 293998592 3873071137 6 2449916356 1076283397 220201242 2691170816 192186882 1883292352 9 35988066 1951402772 805325138 5 777005121 8570594 212374796 2 650788881 1075520896 2919548993 2 157442052 2117337120 69869788 2467968643 168879936 17039492 1 2114 268435456 2129920 1560303360 3764142084 0 262144 1342177280 537657728 0 2147483648 14685187 1073741824 67112960 2151686528 4224 5308453 2148286464 135329793 69634 0 1073756160 6300160 8388625 285220960 1418690700 525120 521240839 4064608324 16796094 2151677952 3355443200 262144 75498760 2148007936 806216182 138412424 1246842946 12 2400372777 21447194 139067810 1
is_linear=0
shrinkage=0.12


Tree=38
num_leaves=63
num_cat=59
split_feature=5 38 41 35 34 41 24 35 41 34 41 41 35 34 35 34 34 22 24 41 19 41 22 40 22 22 24 35 22 34 22 22 24 22 4 22 5 22 38 38 38 41 34 34 35 34 35 34 41 35 34 35 41 34 24 41 41 35 34 24 41 40
split_gain=24.6146 117.558 98.4428 84.7703 76.7557 89.3508 68.5664 76.6788 73.9101 73.2335 73.1056 70.8165 71.7589 70.537 69.8642 74.8226 70.5459 69.5332 65.9712 67.4887 64.9217 65.7813 68.6256 64.2866 63.2204 62.0356 60.7904 60.0818 56.8497 56.5527 55.3432 52.9134 52.8296 49.342 48.8212 136.967 135.409 152.377 182.879 123.657 118.241 101.569 103.909 99.9411 104.666 95.8046 95.5977 94.4138 92.7096 91.1884 90.7369 87.0235 86.3569 85.3415 85.3314 84.326 82.2411 78.4914 82.9615 80.6942 77.8891 76.7316
threshold=0.077500000596046462 0 1 2 3 4 5 6 7 8 9 10 11 12 13 14 15 16 17 18 19 20 21 22 23 24 25 26 27 28 29 30 31 32 0.14916666597127917 33 0.15749999880790713 34 35 36 37 38 39 40 41 42 43 44 45 46 47 48 49 50 51 52 53 54 55 56 57 58
decision_type=2 9 9 9 9 9 9 9 9 9 9 9 9 9 9 9 9 9 9 9 9 9 9 9 9 9 9 9 9 9 9 9 9 9 2 9 2 9 9 9 9 9 9 9 9 9 9 9 9 9 9 9 9 9 9 9 9 9 9 9 9 9
left_child=1 2 -1 31 28 30 7 24 29 10 -10 12 -11 17 15 -13 -16 -9 23 -20 25 -22 -23 -7 -3 -15 -14 -12 -5 -8 -6 -4 -29 -31 35 39 37 47 -39 55 43 -42 51 54 -45 -40 53 -36 -41 -49 -50 -43 -46 -44 -37 -2 -51 58 -52 -59 -48 -38
right_child=34 6 3 4 5 18 8 13 9 11 27 14 26 20 16 -17 -18 -19 19 -21 21 22 -24 -25 -26 -27 -28 32 -30 33 -32 -33 -34 -35 36 40 61 38 45 48 41 42 46 44 52 -47 60 49 50 56 57 -53 -54 -55 -56 -57 -58 59 -60 -61 -62 -63
leaf_value=0.0019781048948678864 -0.00074219762272100377 -0.0011949735985504225 -2.195729919549881e-05 0.00058695044628445062 0.00037619183375135583 0.0010923425596079438 0.00012924619137662583 0.00045296728419470811 0.0017812201054975274 0.0015920786239987325 0.0010741715688614307 0.0015780528430039637 -0.0003430652521374441 -2.4250412351847478e-05 -0.00048739465180989782 4.5569090967762908e-05 -9.2139737542099788e-05 -0.00060253000185243595 0.0020888307127371101 0.00059349664436588877 -0.00047893643110271257 -5.3821159251996022e-05 0.00043692710850865826 -0.00037002200260934635 -6.5673821108688359e-05 0.0011243609838100762 0.00048882410026299442 -0.00030437458509713643 -0.0012724640967246787 -0.001836692048210731 -0.00095541353652898173 0.0032010648607748325 0.00034688009402487554 -0.00041784304701325282 -0.0006431681820211764 -0.00028268044280003129 -1.5669602782813469e-05 0.00061849297078074377 -0.00056720305147084447 0.0004227329886698342 0.00021197236172941291 -0.00046825295388757397 -0.000766680561540152 -0.00050657430014669827 -0.00067616407552130149 0.0001782778163068112 -0.0002614929451733145 0.00060382025653293099 0.00026333428844098697 0.0005936748555493862 0.00043693007117499302 0.00019504555919215639 -0.00012169918124030719 -0.00016176008465078735 0.00029637469359794234 -0.00012110148841926271 -0.0001980856442541291 0.0001669294017788767 -0.00028129069660847144 -2.390703210061497e-06 -1.9220020717174611e-05 5.8403818417821186e-06
leaf_weight=1218 965 556 426 442 439 897 649 636 619 587 709 579 1037 574 4380 2893 25903 1510 1279 6343 1086 4393 9325 2630 1334 1256 1413 1832 888 552 1038 1062 2285 1118 555 1386 155179 3279 451 2844 4768 707 898 3514 1730 3598 4997 591 4759 535 574 7906 26752 4668 2881 6258 2797 10672 3391 22777 48777 390206
leaf_count=1218 965 556 426 442 439 897 649 636 619 587 709 579 1037 574 4380 2893 25903 1510 1279 6343 1086 4393 9325 2630 1334 1256 1413 1832 888 552 1038 1062 2285 1118 555 1386 155179 3279 451 2844 4768 707 898 3514 1730 3598 4997 591 4759 535 574 7906 26752 4668 2881 6258 2797 10672 3391 22777 48777 390206
internal_value=4.81316e-05 0.00201929 0.0110112 0.00840062 0.0054811 0.00837474 -0.000279591 0.00543081 -0.00292945 -0.00178087 0.011193 -0.00370394 0.0138143 0.00775223 -0.00528445 0.0108151 -0.00713385 -0.0126784 0.0120527 0.0183285 0.0103953 0.00774298 0.00999854 -0.00152584 -0.0175394 0.0316612 0.0046791 0.00615129 -0.0218181 -0.0237323 -0.0192612 0.03552 0.000552177 -0.0353864 -0.000176555 -0.00201556 0.000355568 0.0130691 0.0237057 0.00303605 -0.00443686 -0.00164492 -0.00283381 -0.0100334 -0.0123344 0.0065895 -0.00462192 -0.00438306 0.0053752 0.00222616 0.00395686 0.00947478 -0.00991366 -0.0195769 0.00720728 -0.0115273 -0.0055263 0.00196868 -0.0139703 0.00386241 -0.00306994 8.03098e-05
internal_weight=800303 81888 16662 15444 13956 12626 65226 20670 44556 42237 5445 36792 3037 18780 33755 3472 30283 2146 11149 7622 16634 14804 13718 3527 1890 1830 2450 4826 1330 2319 1477 1488 4117 1670 718415 161224 557191 11806 7328 52240 108984 72721 67953 36263 31996 4049 59340 4478 45017 3923 42173 8613 28482 5566 4267 7223 3332 37414 3965 33449 53774 545385
internal_count=800303 81888 16662 15444 13956 12626 65226 20670 44556 42237 5445 36792 3037 18780 33755 3472 30283 2146 11149 7622 16634 14804 13718 3527 1890 1830 2450 4826 1330 2319 1477 1488 4117 1670 718415 161224 557191 11806 7328 52240 108984 72721 67953 36263 31996 4049 59340 4478 45017 3923 42173 8613 28482 5566 4267 7223 3332 37414 3965 33449 53774 545385
cat_boundaries=0 8 16 24 32 40 44 52 60 68 76 84 92 99 107 115 123 126 130 138 145 153 157 162 166 170 173 181 185 193 196 200 204 207 210 213 220 228 236 243 251 259 266 274 282 290 298 306 314 322 330 338 341 349 357 365 373 376 384 389
cat_threshold=1261260 2348810752 4096 1140850688 32768 1073741825 16809992 8825 579077149 4325376 16777280 16896 33701888 557842468 143918144 33572864 134251522 2566 32768 1342505024 67112976 90128 2147829765 83886082 528385 32769 8650752 67264518 17301512 336101888 2686455941 9437312 268445952 2107392 541200516 2181038098 806092802 2113536 32 19660930 543249114 1350828132 312908832 9 384 268435600 1073741824 1082198533 604504080 4268328 134758404 131712 6815745 1149239304 2299527168 278568 33554452 16777268 495452228 1 67150080 52447264 33817219 1048644 352 638066688 134547456 1048576 33554752 2147559456 8400944 276824064 134291456 268569088 257 8388832 3355467776 541065344 805310480 4202514 807405568 14944512 536961024 266240 134381592 12584962 2097536 2097152 136 218104064 672727136 33636928 98816 65536 1207993098 1024 1073750304 2923438208 35684721 9970432 65728 50364418 1073743360 1107345476 65537 2097162 67830016 579600384 2147483904 1288 4194304 537927681 135301137 1140871208 8392708 1644167233 5186 1073807688 536875017 268730368 2174746624 8392872 1056 3263580232 4284935 54777144 1114181378 3569649841 1329153 13 131264 562561026 269551872 279487616 8388608 2148532800 73856 64 262144 37781504 4213248 335560704 83910668 1208565832 466996 134234112 589824 134217744 33571872 3241172992 536874080 69207296 2097670 940144 1188456704 651560976 8 809500696 268582912 135266514 67163248 1200130 321745344 2430599192 1078363186 4 281812608 2014643218 2894155813 2 134751264 658762523 2281767632 1073741826 21520 16777253 305397760 268739968 1073743632 67108864 16400 27487296 805885704 2481586240 8 2684358656 1614877440 134348928 1 137363456 32552320 0 83886080 1209012105 12781312 607488392 134228611 2178224384 454569492 2 1494492452 2299039899 4727489 4 696836256 1974001760 28311854 3228566136 268435579 187431360 6298591 352796932 2113994773 823335688 2348810274 1120384 524288 135495704 0 2176 1187844 67391232 141313 100663296 134217728 1610612736 50364680 8825 1261000 2214592546 1126528 8192 2147485696 64 18350092 65 268501509 575668296 1024 35652097 1645222144 620822880 1073741825 526452 1581088 18 939524096 2165964880 134217728 277226496 16777240 140509440 2214593536 2360475664 1091108868 134217730 2151678336 44565504 16777216 5242880 2147483784 1343307779 1099517956 135169 262180 303047682 1141211212 536870912 66816 65536 143654912 2434269448 65536 32784 268960000 2162948 35210 310378498 68158464 33947738 4200448 2097664 536895496 0 2149584896 3072 2684437505 136323161 151257104 5259296 5 10485760 1828722688 536875138 268533792 2147484442 8400896 134144 1073742848 8651056 663696 4194309 562184192 77598720 2147484096 65568 83904745 1090519048 402796544 135180 16777488 4 1484786688 2048 159547392 269484032 16384 8668672 403832849 301998336 1073774592 67133700 402669577 1082130440 134217732 180363296 134221836 4194368 151586058 16777216 266241 256 270532608 25427970 270565664 537991713 553648896 67135616 52461873 2363494590 1015166986 1048580 272634512 1048579 128 50364928 152044928 12306 67682824 129 33603618 2241284 1611145792 524288 2583691268 16777220 8390688 37781504 33558536 33792 537133056 852226 8675408 2149711872 21006867 138806016 2228992 25166152 134217744 302125056 67109040 536870914 4718849 2162689604 780774923 2689631244 2148663552 1292370064 33619984 12288 8388608 8651790 9602114 2097154 2415923077 65536 327696 1426066464 15953927
is_linear=0
shrinkage=0.12


Tree=39
num_leaves=63
num_cat=60
split_feature=28 35 34 41 34 34 41 23 35 41 24 34 34 24 35 24 41 41 34 23 34 35 23 35 34 34 35 23 24 41 21 23 24 24 8 41 34 35 34 19 35 34 23 34 41 24 3 38 29 35 34 41 41 35 23 34 23 41 23 28 35 34
split_gain=23.5636 82.537 90.5194 77.2731 77.6796 70.3567 81.0515 72.3662 72.81 67.3586 67.2928 70.1448 69.3717 66.5981 66.036 64.7197 73.8443 72.2907 71.5563 69.8564 68.3905 71.0769 67.3382 67.0534 83.0731 66.2072 65.061 63.5317 67.6327 62.3276 62.2426 61.2319 67.4741 59.9907 58.8508 97.1697 77.8764 78.2043 63.4029 60.8077 60.9281 57.8143 57.1575 54.8323 53.6473 53.065 50.8582 150.375 93.7668 100.675 83.2934 79.936 79.6705 72.9734 67.7995 64.7954 66.6323 64.2932 62.4254 57.3423 85.2318 91.356
threshold=0 1 2 3 4 5 6 7 8 9 10 11 12 13 14 15 16 17 18 19 20 21 22 23 24 25 26 27 28 29 30 31 32 33 1.6220703125000002 34 35 36 37 38 39 40 41 42 43 44 0.012500000186264517 45 46 47 48 49 50 51 52 53 54 55 56 57 58 59
decision_type=9 9 9 9 9 9 9 9 9 9 9 9 9 9 9 9 9 9 9 9 9 9 9 9 9 9 9 9 9 9 1 9 9 9 2 9 9 9 9 9 9 9 9 9 9 9 2 9 9 9 9 9 9 9 9 9 9 9 9 9 9 9
left_child=1 2 27 4 42 6 -5 14 -9 13 12 -12 -11 -4 -8 16 19 18 -17 -7 21 -18 -20 24 -19 -25 -22 -1 -29 -13 -31 -6 -33 -16 46 -36 -37 -38 -39 -40 -41 -21 -3 -34 -14 -10 47 55 49 -49 -51 -52 58 57 -55 -2 -57 -54 -50 60 61 -48
right_child=34 3 9 5 31 15 7 8 45 10 11 29 44 -15 33 17 20 23 22 41 26 -23 -24 25 -26 -27 -28 28 -30 30 -32 32 43 -35 35 36 37 38 39 40 -42 -43 -44 -45 -46 -47 59 48 52 50 51 -53 53 54 -56 56 -58 -59 -60 -61 -62 -63
leaf_value=-9.5007064270196797e-05 -0.00079400465467745868 -5.5530728245186185e-07 0.00039542416583650936 0.00021751384184623171 8.2486712296412157e-05 0.00030613684146399097 -0.00029677425811198315 -0.00014146461497908624 2.1139907431991455e-05 0.00014979223877901752 -0.00021793973821713 -0.00019096003375090466 3.9661280987715448e-05 -1.7103746960927219e-05 0.00019067006399902525 0.00040284848659567605 -0.00024693759917051667 0.00031623258105908844 -5.4268875926121067e-05 0.00032889836820441075 8.2814869197883181e-05 0.00010464277883327002 0.00015060932540706504 -5.6819182812554611e-05 5.315057008900052e-05 2.0333482854256748e-05 -5.7590305755330013e-05 -2.6735228439322113e-05 0.00035193830057676589 0.00010197361256275816 -5.7903478264101443e-05 7.2858379360663393e-05 9.3985422482982317e-05 -6.7025725632093735e-05 0.00013948037675518148 7.2492566894759539e-05 8.1555524168449206e-05 -0.0002686691514649998 -0.00022723542673930028 -0.00022957380436359573 -3.9871602924931686e-05 -4.5180941381055612e-05 -0.00041121225136921981 -0.00019596847270911854 -0.00024220711125340336 0.00015485268014590235 -0.00040394988208657465 0.00036987124024231652 -0.00056920553385005036 0.00019635656399354272 0.00019094602857480444 -0.00076568974901592595 -0.00026958743670007243 -0.00013934381649093294 2.2533718706672486e-06 -9.5965115279875171e-06 0.0020395693460031326 0.00020695260084170269 -0.00016214568473095473 -2.8010212757494363e-06 3.9361989882044522e-05 -2.1991212637371693e-05
leaf_weight=813 570 541 447 2440 3109 1276 813 1067 3290 711 1919 1283 651 962 1287 1113 657 1183 2333 646 3859 5060 5326 10481 7797 63856 30419 665 1389 4588 5158 2178 793 3098 870 907 667 829 572 676 4270 2280 1030 3802 4856 6965 1002 925 673 979 653 5730 617 9240 19803 1151 2504 2682 1570 478069 68519 6684
leaf_count=813 570 541 447 2440 3109 1276 813 1067 3290 711 1919 1283 651 962 1287 1113 657 1183 2333 646 3859 5060 5326 10481 7797 63856 30419 665 1389 4588 5158 2178 793 3098 870 907 667 829 572 676 4270 2280 1030 3802 4856 6965 1002 925 673 979 653 5730 617 9240 19803 1151 2504 2682 1570 478069 68519 6684
internal_value=2.44406e-05 0.00119083 -0.00547454 0.00212847 -0.00737897 0.00283039 0.00967742 0.00664892 0.0120275 -0.00825958 -0.0101241 -0.00518518 -0.0203788 0.0169739 -0.00506717 0.00187706 -0.00189735 0.00368856 0.0140437 0.0132131 -0.00348839 0.00865071 0.00987093 0.00259645 0.0123843 0.00141226 -0.00551531 0.0144633 0.0256728 -0.00148899 0.00179544 -0.00342025 -0.00981576 0.000791435 -0.000339051 -0.0100853 -0.0142645 -0.0185482 -0.0226639 -0.017924 -0.0135538 0.00294076 -0.0320657 -0.0180508 -0.0249393 0.0151359 -0.00019655 -0.00398225 -0.00611137 -0.0175684 -0.022262 -0.027265 -0.00336098 -0.00183965 -0.00376252 0.0175879 0.0234633 0.0150408 -0.0251707 0.000125136 0.00318197 -0.00879189
internal_weight=800303 190141 23442 166699 11453 155246 18960 16520 11322 20575 19166 12948 6218 1409 5198 136286 44197 92089 8772 4202 39995 5717 7659 83317 8980 74337 34278 2867 2054 11029 9746 9882 6773 4385 610162 8791 7921 7014 6347 5518 4946 2926 1571 4595 5507 10255 601371 47097 42872 8287 7362 6383 34585 32342 29043 4225 3655 3299 2243 554274 76205 7686
internal_count=800303 190141 23442 166699 11453 155246 18960 16520 11322 20575 19166 12948 6218 1409 5198 136286 44197 92089 8772 4202 39995 5717 7659 83317 8980 74337 34278 2867 2054 11029 9746 9882 6773 4385 610162 8791 7921 7014 6347 5518 4946 2926 1571 4595 5507 10255 601371 47097 42872 8287 7362 6383 34585 32342 29043 4225 3655 3299 2243 554274 76205 7686
cat_boundaries=0 1 9 17 24 32 40 48 52 60 68 72 79 87 91 99 103 111 119 127 131 139 147 151 159 167 175 183 186 190 198 200 204 208 212 220 228 236 244 251 259 266 270 278 286 290 297 298 306 314 322 330 338 342 350 353 361 364 365 373 381
cat_threshold=13441 34341120 2243430720 537217056 3072 33685504 32768 8384 8397440 67187202 20 2147549186 2164289536 273678336 9454880 1600 33555524 90628 1150353409 65536 1074003970 1310728 541085760 145237034 1073741824 33898497 805780865 134217728 6823936 69648 134217824 67141760 142611632 64 10519604 1074790400 2686845187 134217728 69206024 2621448 2181038338 539234304 2206729217 640163844 524292 2052 67371136 4 25822596 3591624228 135996032 4 1073741842 16912 131200 147751 1 1227358208 2685145123 18874368 4028628992 2099200 2097168 16995 541065792 37750948 2156429824 144 3894782048 655910 2173470949 3 20973584 738205697 34873936 787460 2197962884 32900 67112960 273678336 16385 1057 2098176 33587204 2149883910 537669762 458752 3517153984 35717170 2296546309 4 1694533765 537006241 0 1091043328 2101256 1310724 570507296 4259848 1101019019 581100824 57861 8 1073741825 134480000 1073750016 268435456 2382364896 17040386 33915521 20988931 1835008 4194464 8389824 285364224 536907776 1242562564 537067521 9445393 3758358534 393216 2 2214596624 1476969516 67633152 34850 8388610 1682469127 42479104 55085699 8 2197504 598017 536870912 16809991 268518912 855720064 536871168 4481 134217728 5120 8520722 1073750016 603981184 69214296 271319088 17301520 103612706 2821222480 581862408 3 40960 16 0 543162626 3288335152 1084490304 1376026640 2555908 1056768 2206205952 128 2155880482 33558528 2148796482 2437414928 4198916 1083392 1114624 268439560 2147500042 269485064 2160068608 277184530 272896 15728640 537034752 32770 824180752 1075904512 269093056 1091059712 21513216 139575649 174589953 3257169732 3892652785 1613251332 12883042 1 64 1048832 2852127241 1245709312 19406849 9065488 67586 2101248 4022879941 1627702887 2199128258 337120786 3409119298 3 1208096779 1411400011 165288330 4 168232960 302295298 2523206981 3 131589 524352 8405056 2416181572 8787969 4197376 1375735808 6553632 0 1073741824 1476397056 8520738 2151748608 2449472 2013790464 37748748 411322376 2181120032 18432 2164260864 543162433 2148040720 84017152 768 50596352 268435528 16777232 268705808 94634018 541065216 131712 9446560 65536 4228352 16877594 226692160 666894401 278528 4 553648641 2105348 1081984 68157440 1056 1048578 1245742338 88088596 285278208 1075942912 8192 4194400 276832256 1082261746 42130 3280481064 693125153 704960521 9 139199488 5244198 632 16481 202375168 553648257 65536 16 4194818 2819097664 541065220 1073774592 2149622784 134352912 541393152 16777216 2093293641 648097952 2285895907 1 1261516 0 0 0 0 0 2056 12 2181057024 16917504 1610614976 3759177728 536876064 0 458752 4210848 530498 1210107136 1074790401 0 146803392 1082112 20971648 19136512 110672 209715200 1049088 16809984 537403392 1074012256 1073762435 5287936 16384 33554496 1 134217728 1414629408 2156144802 671106053 25690112 136319232 539099136 16777280 81922 1073741827 73662496 589299712 71317640 1076175129 74678401 905982301 3 1073742592 67633153 557064 1073741824 402673808 2148012296 8650768 75530274 2836922259 1352730632 536940688 142606336 67125504 2153054468 269484296 131202 268435456 2164265216 449 289969152 3533095998 2694840904 2050 838873088 2560 1610645504 134242304 1074298914 67174400 1275330564 22302722 2298773504 33587234 268525572 16384 201217 294912 39845888 2103824
is_linear=0
shrinkage=0.12


Tree=40
num_leaves=63
num_cat=62
split_feature=34 41 35 23 35 22 41 22 41 22 23 35 22 23 21 21 23 35 22 19 22 22 22 23 21 22 23 35 22 22 21 22 21 35 23 21 21 22 23 21 21 22 21 41 22 23 41 34 22 22 35 34 35 40 34 35 23 21 22 23 34 23
split_gain=22.8315 84.9619 68.8534 65.7712 56.8312 54.3123 51.9564 51.8294 50.8026 63.2565 56.7372 49.9837 62.6819 56.4076 48.897 48.8582 48.8198 70.6879 58.1084 54.647 53.8736 52.5477 52.5111 48.1367 46.8653 48.3161 46.0236 45.2072 41.7901 41.7316 41.4908 37.3717 37.0231 36.5812 35.6725 38.2663 35.5748 35.4022 35.1092 33.7412 33.7401 32.2866 32.2301 31.9188 31.6865 35.9468 31.3341 72.1826 76.8183 64.6711 79.885 78.5133 62.0942 63.4027 60.9565 57.7959 56.9485 55.2358 54.3076 53.222 52.901 56.8999
threshold=0 1 2 3 4 5 6 7 8 9 10 11 12 13 14 15 16 17 18 19 20 21 22 23 24 25 26 27 28 29 30 31 32 33 34 35 36 37 38 39 40 41 42 43 44 45 46 47 48 49 50 51 52 53 54 55 56 57 58 59 60 61
decision_type=9 9 9 9 9 9 9 9 9 9 9 9 9 9 1 1 9 9 9 9 9 9 9 9 1 9 9 9 9 9 1 9 1 9 9 1 1 9 9 1 1 9 1 9 9 9 9 9 9 9 9 9 9 9 9 9 9 1 9 9 9 9
left_child=1 4 3 5 30 -3 28 32 9 34 29 12 26 42 38 -15 17 18 -13 22 -21 -19 -18 41 44 -26 -10 37 -5 -11 -1 -29 -6 -16 -4 -36 -28 -25 -12 -30 -7 -9 -14 -27 -8 -46 47 48 -2 51 59 56 -53 -54 -55 57 -49 58 -52 -51 61 -57
right_child=46 2 8 6 7 40 24 23 11 10 14 16 13 15 33 -17 19 21 -20 20 -22 -23 -24 27 25 43 36 31 39 -31 -32 -33 -34 -35 35 -37 -38 -39 -40 -41 -42 -43 -44 -45 45 -47 -48 49 -50 50 55 52 53 54 -56 60 -58 -59 -60 -61 -62 -63
leaf_value=-0.00030061447465345114 7.5638878586278217e-05 0.00016451581125335085 -3.6280891969219112e-05 -0.00029036427821573798 0.00017428011908410864 7.2880024756335689e-06 0.00049314197554259495 -0.00028656199702770487 0.00025209690542073984 0.00036094768613500062 -0.00055369330390295614 -0.00036202787956157582 -0.0001130988686536044 5.6124726971739046e-05 -0.00029504570984223807 -0.000172951883881756 0.00028934722452474094 -9.0295462982978875e-05 -6.8630079626350257e-05 -2.5199282924967112e-05 4.1222768041319745e-05 2.9813811650704374e-05 6.8191225368158622e-05 -0.00018490720056842569 -7.5108063445157561e-05 0.00039772013751166227 -0.000208391839207724 6.3343188001821704e-05 -0.00014173311817263572 -1.4138761458812129e-05 0.00013245243929664366 0.00044321764520371335 0.00040196520602377015 8.8756887780030508e-05 -0.00053629893885987596 -0.00016766375215053434 8.04510124791292e-05 0.00016942190745069041 -0.00014653048414770106 0.00029529591473726645 -0.00024648301468197046 8.8106958025135134e-05 -0.0003413354926847739 0.00011221243634939251 2.3665041476310652e-05 0.00034861232509177787 -3.4163999291520827e-06 0.00013492981451204572 -0.00015244763451621423 -4.7337973108816486e-05 0.00026900200751569137 0.00030785613805296952 0.00016874663318811799 0.00026518644343413147 5.2942186511391794e-06 -7.3527836343548672e-05 -0.00018789703379325028 -0.00026008997975673562 -0.00015150040371506775 0.00027335617478675543 -9.2503258057503167e-06 0.00020826683786598666
leaf_weight=531 2091 647 556 414 789 773 431 540 785 547 423 1070 674 1680 564 1824 1134 6191 2340 13828 29609 12771 2621 443 905 657 822 596 322 701 560 1060 965 1351 671 769 886 493 589 521 869 642 1000 1324 435 635 642653 757 4622 786 439 1205 4475 1453 7410 1136 1689 1253 633 1755 27395 2593
leaf_count=531 2091 647 556 414 789 773 431 540 785 547 423 1070 674 1680 564 1824 1134 6191 2340 13828 29609 12771 2621 443 905 657 822 596 322 701 560 1060 965 1351 671 769 886 493 589 521 869 642 1000 1324 435 635 642653 757 4622 786 439 1205 4475 1453 7410 1136 1689 1253 633 1755 27395 2593
internal_value=2.56401e-05 0.00174176 0.000789482 0.0114638 0.0148575 -0.00568446 0.0184158 0.0197978 -0.000227288 -0.0106938 -0.00226414 0.000610508 -0.00857477 -0.0160925 -0.0113916 -0.007372 0.0016247 -0.00299142 -0.0188661 0.00381323 0.00260996 -0.000126486 0.0176798 0.0117908 0.0245783 0.0154865 0.00704189 0.0209216 -0.00312052 0.0190476 -0.0101178 0.0328057 0.036829 -6.22418e-05 -0.0282071 -0.0381818 -0.00404648 -0.000253101 -0.0325781 0.0122105 -0.0172672 -0.00824116 -0.0341637 0.0259508 0.0417977 0.0299445 -0.000213737 0.00241592 -0.00929665 0.00390179 0.00101994 0.0100018 0.013348 0.0109663 0.00507042 -0.000541524 -0.00986165 -0.018742 0.00132836 0.0214806 0.000824767 0.0142101
internal_weight=800303 97958 91339 7933 6619 2289 5644 5528 83406 6171 4175 77235 7671 5178 2927 3504 69564 22372 3410 47192 43437 18962 3755 3774 4387 2886 2493 2592 1257 1248 1091 1656 1754 1915 1996 1440 1708 936 1012 843 1642 1182 1674 1981 1501 1070 702345 59692 6713 52979 35990 16989 14543 13338 8863 33449 2446 2325 1072 2541 31124 3729
internal_count=800303 97958 91339 7933 6619 2289 5644 5528 83406 6171 4175 77235 7671 5178 2927 3504 69564 22372 3410 47192 43437 18962 3755 3774 4387 2886 2493 2592 1257 1248 1091 1656 1754 1915 1996 1440 1708 936 1012 843 1642 1182 1674 1981 1501 1070 702345 59692 6713 52979 35990 16989 14543 13338 8863 33449 2446 2325 1072 2541 31124 3729
cat_boundaries=0 8 16 24 28 36 40 48 52 60 64 68 76 79 82 84 86 90 98 102 109 113 116 120 124 126 130 133 141 144 148 150 154 156 164 168 170 172 176 179 181 183 187 189 197 201 205 213 221 224 228 236 244 252 257 265 273 277 279 283 287 295 299
cat_threshold=1 538968069 2148536324 268569604 1049088 2249195648 71862288 67125276 293601280 144704512 603979776 84152336 1078460421 71303428 287359040 720896 58720642 6389760 2415919107 2415919136 4098 2130432 51118593 16781345 47482368 780152654 1082229250 1 1073746192 262464 1048706 280576 167837696 50331648 831651841 67174452 1007682566 139601692 2149590149 1 2101296 20746 35668736 12583105 268443658 3221225472 262150 4194372 102763436 1229418017 1079402496 4 4456465 32768 4304 134228096 34799616 50865288 1174418433 1024 2961736209 1241698824 973179415 10 1083249985 3793750768 4657170 14 536879616 1073741910 536973312 2377732 524417 13631748 2550141952 8448 2516123650 1728464975 50350402 965648424 761336964 641729306 347087257 3495370848 3145287725 3760137308 442781833 351184401 2283308032 4 1141932040 265088 0 536903696 218112012 2147554336 8421418 2113536 810300833 3415499008 2323777537 12 0 2181563648 2135552 277023810 822345936 184827904 36 2885719099 1208558409 3231712900 9 121844418 2163788328 3759147586 576326089 16831056 1685184512 1 139578380 784113680 203441608 8 410553112 412103010 33636480 3362808849 2756475092 10 2621968549 2470790145 2618066072 65536 672268288 34086912 4325661 1075857664 1275095552 2097154 33554432 2748006400 503566849 3120890272 5394560 2693604437 87171456 5 1800799923 2699286611 1096090624 2953838854 35654460 3 1223963661 3817070806 134234624 738460161 131334144 557056 134479904 1107304576 164 262144 1758208006 1133920260 203769345 4 715335882 175407258 3134256778 1658264198 416695361 2157445212 2894663880 8 3057696 218562820 4129817985 1453486145 1789167753 2591123822 2796821904 2692858897 76582982 2156435707 1 806828680 1214539147 33554562 2164260896 4522020 2821718272 2228288 16 0 33555209 2416185986 3766945834 1621401736 6 1073742017 1081430161 1041249536 10 4784144 524288 234894960 130 574820352 18874368 536871425 34866176 104 67108992 536870912 1074790464 8392707 18939904 973422784 3671456 2693992458 100806195 1659930952 1295729168 411144549 63505424 2 486606880 524288 2203716 16811012 2102530 540278785 278528 4194304 128 151011336 67633441 42009121 40404244 278528 0 20971584 589824 512 536903696 2147484676 71320208 4194310 547887138 18512 2311061689 35840 33751138 16791696 1064972 18890754 4456448 1132462088 134262792 8 4194308 28312068 242178 10493952 1342226560 268437536 536870984 65536 407502930 537460756 16785666 136315506 2960025604 2617266952 11 3259157815 1703284408 302267586 1630543880 2265665 9 528630846 128008256 1124158721 8 537537552 2151677952 336331009 167780352 1073782808 311296 2147483682 33554498 9492000 41011538 1695032465 8
is_linear=0
shrinkage=0.12


Tree=41
num_leaves=63
num_cat=61
split_feature=0 35 23 24 22 29 41 38 41 34 35 34 22 34 34 34 41 24 35 22 23 24 24 23 23 24 21 22 21 23 34 41 35 24 22 24 35 23 24 23 19 35 35 24 21 22 22 21 23 24 23 24 39 23 41 34 22 23 22 35 23 24
split_gain=22.3361 64.8147 61.3028 59.3503 32.0023 31.0703 82.5021 87.5912 77.2489 78.1882 74.0513 75.1268 73.5175 102.408 79.8135 75.6109 74.9686 72.779 72.3895 63.8929 60.4879 53.1996 51.2296 50.1244 48.4969 46.7182 47.1367 46.5935 30.3266 28.9027 26.4859 67.9687 64.4165 64.0801 62.2547 63.8254 59.6252 61.8783 60.48 57.2792 76.3583 68.2336 61.0674 69.7163 54.8426 51.8396 51.2613 53.8507 51.1787 50.6988 47.7269 45.2703 34.9137 34.8398 32.4823 64.1347 65.633 67.3193 60.9894 82.2949 77.4128 67.3283
threshold=0.11267089843750001 0 1 2 3 4 5 6 7 8 9 10 11 12 13 14 15 16 17 18 19 20 21 22 23 24 25 26 27 28 29 30 31 32 33 34 35 36 37 38 39 40 41 42 43 44 45 46 47 48 49 50 51 52 53 54 55 56 57 58 59 60
decision_type=2 9 9 9 9 9 9 9 9 9 9 9 9 9 9 9 9 9 9 9 9 9 9 9 9 9 1 9 1 9 9 9 9 9 9 9 9 9 9 9 9 9 9 9 1 9 9 1 9 9 9 9 9 9 9 9 9 9 9 9 9 9
left_child=1 -1 -3 -4 -5 6 18 8 -8 -10 11 -9 13 28 17 -15 -16 -14 -2 29 -21 -13 27 -23 -24 -22 -27 -11 -12 -20 31 34 33 44 35 -7 -36 38 -38 40 45 -42 43 -41 53 -34 47 -35 -48 -44 -37 -39 -46 -33 55 56 57 -32 59 -57 -61 -60
right_child=5 2 3 4 -6 30 7 10 9 22 12 21 14 15 16 -17 -18 -19 19 20 25 23 24 -25 -26 26 -28 -29 -30 -31 54 32 39 46 36 50 37 51 -40 42 41 -43 49 -45 52 -47 48 -49 -50 -51 -52 -53 -54 -55 -56 58 -58 -59 61 60 -62 -63
leaf_value=0.0023901418785370887 0.00080077646631700205 0.00060782074546702385 0.00034639091439918096 -0.0011131558366944897 -0.0060736624709544201 -0.00024834170224027419 -0.0013193307957528847 -0.00094734201484356051 -0.00084145981389281168 -0.00098069352335617148 -0.0013478280836426995 8.1894896744502899e-05 0.00020071862929004527 0.0013636369965198305 0.001057280228199539 0.00030128531687090331 -7.557041322836305e-05 -0.0011538805756357519 -0.00026270097435540944 -0.0016344507599956551 0.0012551180378174496 0.00025727632661335536 0.0043397086114309938 0.0019738992248778744 0.0020760999731083496 -0.0014786077364858858 0.00034359817433807964 0.0018054898377567775 -0.00018502135087948457 -0.0018017552265212912 0.00027737251882629807 -0.00035791716888515897 0.00031901987576607227 0.00032264909785925119 0.0003787480046341817 -0.00018745855187282082 -0.00044045657141259832 1.3467386065646836e-06 6.4607945381395007e-05 0.00025907922582424256 -0.00018999240763132634 -1.6772821652959305e-05 5.8917200628135882e-05 4.9319750303771072e-05 -0.000124275026929537 3.7822952556522001e-05 -2.1197278684032645e-05 -0.00012995583668465259 -0.00029910170523329588 1.0673279477819898e-08 0.00017045374504339752 0.00026927519601577157 0.00030827811911991049 1.7925855985865243e-05 -8.1694986975730306e-07 -0.00022788952708539627 -0.00021624392236511725 -9.5385576477694176e-05 6.2298156967512683e-05 -0.00015914032818522465 1.1667255177463897e-05 -1.8385160809784672e-05
leaf_weight=440 567 829 541 430 1004 800 636 414 462 421 446 785 643 1088 1427 6478 14275 1327 211 651 524 527 893 1157 1882 444 587 857 488 828 548 407 634 461 1072 510 416 940 975 1632 2507 21528 16180 3502 249 1400 1043 952 2302 33972 1336 2173 872 684 605448 2092 3791 1288 11122 4463 9724 24018
leaf_count=440 567 829 541 430 1004 800 636 414 462 421 446 785 643 1088 1427 6478 14275 1327 211 651 524 527 893 1157 1882 444 587 857 488 828 548 407 634 461 1072 510 416 940 975 1632 2507 21528 16180 3502 249 1400 1043 952 2302 33972 1336 2173 872 684 605448 2092 3791 1288 11122 4463 9724 24018
internal_value=2.65398e-05 -0.00990756 -0.0166193 -0.0280825 -0.0408298 6.69961e-05 0.00341415 0.00528143 0.0196862 0.0252087 0.00272061 0.0209326 0.000705772 0.00986841 -0.00370504 0.0145051 -0.000840011 -0.0263975 -0.0133054 -0.0202272 -0.00854821 0.0288754 0.0305535 0.0408962 0.0397416 0.00436499 -0.0104697 0.0104186 -0.0273995 -0.0446431 -0.000100704 0.00175602 0.000783816 -0.0102778 0.0121836 -0.00297966 0.0193701 0.0132329 -0.00778328 0.00173289 -0.00290326 -0.00479561 0.00391913 0.01637 0.00658271 0.0193548 -0.0181132 0.00109469 -0.0262019 0.00264094 0.00930029 0.0226176 0.0251014 -0.0125113 -0.000371317 -0.00310841 -0.015258 0.00337659 -0.00177558 -0.00784482 -0.00455525 0.00103778
internal_weight=800303 3244 2804 1975 1434 797059 38018 34206 5151 4515 29055 2883 26172 8500 17672 7566 15702 1970 3812 3245 2206 2469 4053 1684 2775 1555 1031 1278 934 1039 759041 96547 88325 6970 8222 2646 5576 4504 1391 81355 26069 24035 55286 5134 2212 2034 4758 1413 3345 50152 1846 3113 1121 1091 662494 57046 5627 1836 51419 16279 14187 35140
internal_count=800303 3244 2804 1975 1434 797059 38018 34206 5151 4515 29055 2883 26172 8500 17672 7566 15702 1970 3812 3245 2206 2469 4053 1684 2775 1555 1031 1278 934 1039 759041 96547 88325 6970 8222 2646 5576 4504 1391 81355 26069 24035 55286 5134 2212 2034 4758 1413 3345 50152 1846 3113 1121 1091 662494 57046 5627 1836 51419 16279 14187 35140
cat_boundaries=0 8 12 16 20 21 29 37 45 53 61 69 73 81 89 97 105 109 116 119 123 127 131 134 138 142 144 148 150 153 161 169 177 181 185 189 197 201 204 207 214 222 230 234 236 239 243 245 249 253 256 260 265 269 277 285 288 292 295 303 306 310
cat_threshold=0 33554946 12591680 200706 85196928 536953088 1057296 92274688 10584816 2971272592 1213218819 6 553978240 2156010037 587227532 6 1968309000 268436561 171263032 8 1 657408 830504968 72352285 4096 137367568 213040 1048610 262144 1122252 4212496 0 294912 128 7 786432 528 50331650 131072 545261568 16785432 2499805345 184549896 18925568 526464 201396483 268436096 2416377856 4202496 1073872896 1049088 268441640 2097216 76612098 4396032 114696 8388640 1073742336 2147483841 67110978 68231168 2097408 16785536 2147483652 33832960 33951872 276996096 1879050240 73824 1957692240 136319489 1306854340 12 276840480 33554448 142614544 2183201 131105 4722704 17859584 83886112 2097170 2097153 0 345563456 135301122 26235392 2375808 16777728 673447936 1090519298 0 827326464 270014608 16811588 13 516 2415919104 262148 16777344 88081472 306184224 606078977 1610827776 558273 1081279601 2424881249 287916558 3 32896 33816608 536871680 4194560 27263296 50874496 98928 604412164 3900067344 1820598912 717361189 2282588736 356662277 2 3661692929 268511753 2351786898 6 2224816486 386140368 17380816 5 1594704770 46351239 673185936 2404123714 151264520 2953053003 12 343998564 2206816468 471187536 5 1341785136 707173413 44311175 669520137 3154149648 8 1079974400 1145566300 86188290 1077154945 67584 1048577 538968197 2147614720 131072 68166144 2718976128 72124432 67125268 545259523 671088672 604047360 352849920 786465 8395008 1344274496 131090 539509248 262224 0 168132996 2215182336 8405248 2619441152 8396800 806066560 67287051 100713854 4 541787652 102268990 2890827856 9 1099039396 1152663589 176463120 10 549455876 3145736 4260608 2415919412 65888 536913920 2149589056 2101248 30459954 546910210 2795505489 4 3829455939 29573441 536986242 1314695048 944026388 8947968 0 1086324736 7390721 16916529 268568780 402718740 262672 131138 1074266272 2148007936 285230144 16778240 537002144 42217473 36766720 270400 5242880 268828689 2432697440 10 98338 26476544 52432929 1075743493 3758137816 235673674 4 4001722602 1431147170 44569730 2297197 876907910 4165092357 21122065 404811552 2 405913856 3050275328 1556628228 273268800 2737179272 10 33680529 3490713640 222007480 8 1075983944 2221062150 3227531280 3224506436 471861251 2350021289 6 2099272 2147616768 1310720 1090535432 262144 274483748 377525288 3464556800 12 8388864 10748488 131073 2566914048 67403792 16780293 270730272 69633 54342 8 1350567940 104923394 25231632 1073741826 2147491840 19005472 4489768 2443628036 3900196008 573582464 2625667360 271075781 13 36216320 413665618 136696059 1073742352 18874368 1082466561 270339 25427971 8388640 134815848 8388610 161665032 2562239553 336281881 1261178392 1612865681 230689480 2
is_linear=0
shrinkage=0.12


Tree=42
num_leaves=63
num_cat=61
split_feature=28 3 41 34 35 24 38 35 24 24 24 23 34 35 41 35 41 34 34 35 41 41 35 34 34 22 34 22 35 41 35 24 41 34 34 24 41 35 22 24 24 35 34 24 22 24 23 34 24 24 22 24 24 41 34 35 23 23 34 22 34 35
split_gain=21.2893 69.7832 97.0607 90.2187 95.3023 74.7863 73.7566 73.5079 73.3663 64.2132 61.7146 60.3463 86.125 95.4511 80.3835 77.2018 82.95 78.2915 77.2144 73.6844 97.5651 75.5448 73.5081 72.9254 71.3889 71.4768 68.2625 65.0746 64.8483 63.8993 63.6949 62.9946 62.9346 75.277 67.6227 60.6835 59.6498 59.4774 63.9555 59.2404 59.2353 59.0463 81.7813 64.2749 57.8802 57.5553 54.3092 54.0989 53.9158 52.1764 50.5326 49.9975 49.9734 49.6149 69.5034 72.4192 71.2219 64.6104 68.5939 66.1648 68.614 64.7007
threshold=0 0.019166666083037857 1 2 3 4 5 6 7 8 9 10 11 12 13 14 15 16 17 18 19 20 21 22 23 24 25 26 27 28 29 30 31 32 33 34 35 36 37 38 39 40 41 42 43 44 45 46 47 48 49 50 51 52 53 54 55 56 57 58 59 60
decision_type=9 2 9 9 9 9 9 9 9 9 9 9 9 9 9 9 9 9 9 9 9 9 9 9 9 9 9 9 9 9 9 9 9 9 9 9 9 9 9 9 9 9 9 9 9 9 9 9 9 9 9 9 9 9 9 9 9 9 9 9 9 9
left_child=1 2 5 52 10 -1 9 -8 -9 -6 -5 12 13 -3 -15 17 18 49 -17 20 45 26 -20 28 25 -22 51 47 40 39 44 -30 33 -18 -34 -31 -29 38 -28 -26 -23 42 -25 -43 -16 -13 -39 -19 -32 -14 -47 -21 -4 54 -2 56 -56 58 -57 60 -59 -61
right_child=53 11 3 4 6 -7 7 8 -10 -11 -12 19 15 14 30 16 32 27 22 21 24 23 -24 41 29 -27 37 36 31 35 48 -33 34 -35 -36 -37 -38 46 -40 -41 -42 43 -44 -45 -46 50 -48 -49 -50 -51 -52 -53 -54 -55 55 57 -58 59 -60 61 -62 -63
leaf_value=6.2753005787048385e-05 0.00018792575603263718 -0.00035160872336495225 1.5545462716075499e-05 -0.00014833632212767029 -0.0001633759760213705 -0.00062385180344314711 -0.00050078995069907238 8.3730298435876163e-05 -0.00015304743716739551 0.00026233485404194244 0.00035120552332531483 -5.7515476812397475e-05 9.0546331156128025e-06 -0.00035135576760801532 -0.00015660816808298319 0.00018941161540704757 -0.00017955250499935744 -0.00039494273849553969 -0.00039858118031970758 1.6738377897933437e-05 -0.00014204196328336576 -0.00024876092764402556 -8.9086413302844172e-05 0.00022557420470414343 4.6133150390929399e-05 0.00021128580918541398 8.6601364297586963e-05 -0.0002060874979723102 5.3640771648538234e-06 -0.00013326030359693981 2.9601111059009432e-05 0.00012319046491950265 6.9541261465545846e-05 0.00010309796281099335 -1.2172779032422189e-05 -1.830401670503196e-05 4.0305609568812284e-05 7.0893421990981831e-05 -0.00031685254717021225 -0.00039444179915860115 2.5095366564112515e-05 -2.2497888469339615e-05 3.1981719743287021e-05 1.7516320311877834e-05 0.0002485179702417066 -1.3503358650989015e-05 -4.81048445359066e-05 -0.00010772395599508729 -0.00011855738119197762 -0.00042729103762457896 0.00034368595181093583 -0.00030568454974614728 -0.00051915541874556089 1.4884615704405376e-06 0.00011729121003360296 -0.00017392466312220699 -0.0003103777700486483 -0.00016893537972151695 0.00016217718562424016 0.00019589764801390355 0.00013213212677925493 -4.630476867098195e-05
leaf_weight=573 2817 1470 572 569 804 1549 1415 3283 7151 1934 1653 667 428 1149 413 802 977 546 1316 663 898 784 5667 2711 644 2096 664 1103 6913 7165 3402 14868 10305 8109 71436 15246 5584 6154 1482 1621 1775 48505 20351 103889 849 447 10702 2463 7027 1177 1111 1469 1439 370304 652 1031 1501 763 7381 1258 5888 12718
leaf_count=573 2817 1470 572 569 804 1549 1415 3283 7151 1934 1653 667 428 1149 413 802 977 546 1316 663 898 784 5667 2711 644 2096 664 1103 6913 7165 3402 14868 10305 8109 71436 15246 5584 6154 1482 1621 1775 48505 20351 103889 849 447 10702 2463 7027 1177 1111 1469 1439 370304 652 1031 1501 763 7381 1258 5888 12718
internal_value=2.11419e-05 -0.000604239 -0.0073453 -0.00458793 -0.00170501 -0.0316026 -0.00523597 -0.00933816 -0.00583572 0.01248 0.0213787 -0.000227809 -0.00239063 -0.0111437 -0.00780578 -0.00124994 -0.000172777 -0.0106391 -0.0120508 0.000843416 -0.00474671 0.00160006 -0.0161086 0.00232183 -0.00669316 0.0107784 -0.00522084 -0.00655129 0.00847569 -0.00881724 -0.00480902 0.0105997 0.000846772 0.0103143 -0.000206964 -0.00686616 5.37304e-05 -0.00292837 -0.0216867 -0.0279842 -0.00956824 0.00146762 0.0071249 0.000610999 0.0205337 0.0193652 -0.000526437 -0.0211718 -0.00789579 -0.035102 0.031949 -0.0255224 -0.0285319 0.000633649 0.00501925 0.00338418 -0.0177921 0.00496093 0.0138177 0.00134309 0.0111841 -0.00334572
internal_weight=800303 395990 20942 18820 16809 2122 14587 11849 10434 2738 2222 375048 124223 14310 12840 109913 98612 11301 7785 250825 29895 220930 6983 199796 27670 2994 21134 9696 24340 24676 11691 21781 90827 9086 81741 22411 6687 19002 2146 2265 2559 175456 23062 152394 1262 2225 16856 3009 10429 1605 1558 2132 2011 404313 34009 31192 2153 29039 8412 20627 6651 13976
internal_count=800303 395990 20942 18820 16809 2122 14587 11849 10434 2738 2222 375048 124223 14310 12840 109913 98612 11301 7785 250825 29895 220930 6983 199796 27670 2994 21134 9696 24340 24676 11691 21781 90827 9086 81741 22411 6687 19002 2146 2265 2559 175456 23062 152394 1262 2225 16856 3009 10429 1605 1558 2132 2011 404313 34009 31192 2153 29039 8412 20627 6651 13976
cat_boundaries=0 1 9 17 25 29 37 45 49 53 57 60 68 76 83 91 99 107 115 123 131 139 147 155 163 166 174 178 186 194 202 205 213 221 229 233 241 249 253 257 261 269 277 280 284 288 292 300 304 308 311 315 319 327 335 343 347 351 359 363 371 379
cat_threshold=2620 2155954436 524 402655232 67129360 201396224 277872896 67109250 4194377 65665 48 539492480 155189504 16846853 269090816 83920560 1536 578813952 69225349 75497472 524288 537002240 17318912 536903682 29626884 2214662912 2188148864 182672385 5 1073882688 6324480 1217 67170304 134284432 536870980 2181300228 32 1211107904 1342177320 2113 1077215360 262336 65792 1107296324 557056 2441445385 1247830088 756474124 4 591668240 1345352272 54816024 4 1848893449 2147648004 570701952 4 133872733 41955487 269484034 276825348 524320 75564032 2216697904 319291397 536870912 1073873408 16785506 3145728 268566656 2151944200 1342701824 16793604 943734784 16779329 561156 17891329 64 210240512 2130240 2183664128 2148041728 135856164 4194304 524308 2684488193 56725506 0 1074544705 292044800 33562624 524288 4195332 2048 2164260873 352358400 160434436 1357418496 8429568 262657 16908352 268468260 570442243 2139138 33652768 17412 530560 0 286523394 2701133888 973079556 6144 264 170426384 4196352 10493960 1245708290 1028 536870912 3230728192 273809572 167773184 6701056 67838536 402849920 67633168 536870916 276893696 553648128 9050113 33685504 1344307496 2888040448 295714824 268697600 2147516416 274432 67108928 21041152 134285648 1077936130 17568 655384 438317064 0 2148533248 67174436 131329 570441760 2148532232 69766176 4232 2360328 6656 17826054 603980033 1241519238 67108864 8389376 262144 4194820 42115328 67192852 573104647 830542088 349226544 2101248 33816576 2097154 338463264 1092617216 2147500040 673710168 1048704 2282407001 3892602370 2326005778 4 537953280 2101441 4112 2101377 50331648 16842816 337674244 8590 1027 16392 673252352 2181040192 131122 2181064960 67200 3149832 545260082 32786 268484608 135169 34342400 1187905 1073742212 1114176 1753510424 3626151939 184627526 69272068 2215641248 672137272 262144 13697160 2166792 134218752 593920 2359304 2048 537034830 268435457 73433096 1109459984 4096 8585216 136315392 1024 646 436601922 2 2150105088 285475857 67784712 862978624 52440662 28312153 7 2248147012 1679851536 1122305 805307456 8192 1638401 262401 262197 1179940 788488 1073750146 2147500160 16908309 553664768 36872 67182656 31532040 2952855573 1634607707 10 1245749284 1211661896 671879208 4 1369498647 86354560 722256 2 754974720 2415928064 303104 268435968 134251042 570425344 553691265 1056780 1696 67108864 338209056 537133312 402664512 100667392 4718640 8208 2822775044 444010768 2159973016 3054855714 306103300 2160590912 2 1485047916 822741264 426264144 6 2416181248 2031291648 1769998089 4 2215124992 2048 2181038274 134349824 545392640 4169 2160066560 2228228 338707676 2335425539 2151850240 10 2315388352 233048248 171982866 4 1128549123 550240348 287506788 268720707 15291724 277873955 11 404890029 5313292 52433162 10 268960000 2052 839387200 268587025 2751500352 139460864 67109440 16777218 268435520 0 67112969 277090310 1057058 33570816 75499591 664136 67117056 536876032 553650216 10486416 6291840 1024 872456204 1442817 1745879853 1380221320 2250394056 4 47106244 2185371798 1157630148 2 134226048 1073745920 286131200 21513216 150995088 256 269496320 41976864 792461344 1613291570 621691784 2 675553664 0 10485776 2098217 218103808 271810560 17465344 2131968 139461632 1342439552 561172 268435522 268503041 538181664 4718864 67142144
is_linear=0
shrinkage=0.12


Tree=43
num_leaves=63
num_cat=59
split_feature=7 41 34 35 22 35 34 35 35 34 34 35 41 41 35 34 34 34 41 35 34 35 41 34 19 35 35 34 34 23 24 21 35 22 34 24 24 23 34 23 23 24 34 22 23 21 23 21 7 1 18 41 23 41 23 25 22 41 41 41 34 23
split_gain=21.8993 68.2147 88.1038 73.24 65.8325 86.355 77.4266 85.8732 85.4041 84.4523 77.2456 82.194 76.4093 75.1647 82.965 71.3388 70.7328 70.5762 67.9475 78.9149 70.4171 92.1876 67.0955 66.4673 66.1793 70.2852 64.9259 64.0752 61.4283 61.0693 59.1135 64.1394 58.1459 57.9658 61.6166 58.7342 57.2278 57.0271 58.4234 56.5353 54.6351 51.9629 50.8801 48.3021 48.1521 45.6912 44.0453 44.0176 43.5725 119.18 166.491 129.995 122.836 120.885 119.482 108.997 104.565 120.451 116.907 101.413 101.179 98.2647
threshold=0.21484375000000003 0 1 2 3 4 5 6 7 8 9 10 11 12 13 14 15 16 17 18 19 20 21 22 23 24 25 26 27 28 29 30 31 32 33 34 35 36 37 38 39 40 41 42 43 44 45 46 0.082031250000000014 0.024166666902601722 47 48 49 50 51 52 53 54 55 56 57 58
decision_type=2 9 9 9 9 9 9 9 9 9 9 9 9 9 9 9 9 9 9 9 9 9 9 9 9 9 9 9 9 9 9 1 9 9 9 9 9 9 9 9 9 9 9 9 9 1 9 1 2 2 9 9 9 9 9 9 9 9 9 9 9 9
left_child=48 2 -2 43 5 16 7 -6 9 45 11 -7 46 17 15 -15 -3 -12 19 -10 21 -20 -11 -16 39 -26 -22 -24 40 47 -18 -32 -19 34 -30 -36 -21 42 -39 -14 -5 -31 -35 -4 -33 -8 -9 -13 -1 52 54 -52 53 -50 -51 -54 57 -56 -58 -53 -55 -57
right_child=1 4 3 28 6 10 8 12 18 22 13 29 24 14 23 -17 30 32 20 36 26 -23 27 -25 25 -27 -28 -29 33 41 31 44 -34 37 35 -37 -38 38 -40 -41 -42 -43 -44 -45 -46 -47 -48 -49 49 50 51 59 55 60 56 61 58 -59 -60 -61 -62 -63
leaf_value=4.6336830556953016e-06 -0.00046128920262388152 0.00026536383469391979 -0.00089192179690054116 -0.00020472176177572585 -0.00036295167896830825 0.00035707502639360664 0.00010259602407837759 -0.00010117408927524273 -0.00050774854358891317 -8.8128833843581484e-05 0.00053169290616902041 -9.2828749916587446e-05 -0.00066545950798403144 -0.0002734577119592993 0.00013693767540361317 0.00025099155481004529 -0.00048233461970097885 -0.00023947486750763562 0.00045384680382096253 0.0001344789336646721 -6.8366047349039094e-05 9.8991294885969445e-05 0.00052818226788681601 -4.0813722145583617e-05 0.00029689462739045271 -3.8119176154475913e-05 4.4528878592761388e-05 0.00021731441164587301 0.00055658356056528173 0.00016179623234014329 -0.00038270361867023291 -0.00031999937581092259 0.0001603048770371391 -0.00067033050063545704 0.00036000722163307715 -9.69512002454325e-05 -0.0001140459415880746 0.00036482700093369732 -9.0000893296205025e-05 -9.4903655024801512e-05 0.0004811317181928692 -0.00024081986011434335 -0.00020623460941269505 -0.00017798098603289937 0.00019315662025589915 -0.00043807855491735995 0.0004106209304595474 -0.00066954734056231039 0.00025357071593704646 0.00016903418036422373 0.00016793804071066318 -6.8315499919690035e-05 -2.2746148704631351e-05 0.00015519466513963309 0.00029800331268586919 -0.00019955926452148767 -0.00034635233049289154 -2.8025202081959948e-05 -9.7391250532065677e-05 2.8732415121099759e-05 -1.3676287928391317e-05 -5.2415936087662332e-05
leaf_weight=303993 1444 642 432 436 1408 744 430 321 935 830 709 590 564 521 4019 3183 1348 723 1196 2366 6996 10259 960 27701 926 8108 58762 5917 685 822 1189 555 3781 547 956 2300 5133 834 5090 1272 1043 1915 2140 812 1164 595 778 783 3531 3339 8144 9348 106135 4609 992 17245 2288 7415 15336 82371 33264 27429
leaf_count=303993 1444 642 432 436 1408 744 430 321 935 830 709 590 564 521 4019 3183 1348 723 1196 2366 6996 10259 960 27701 926 8108 58762 5917 685 822 1189 555 3781 547 956 2300 5133 834 5090 1272 1043 1915 2140 812 1164 595 778 783 3531 3339 8144 9348 106135 4609 992 17245 2288 7415 15336 82371 33264 27429
internal_value=2.47405e-05 0.0012119 -0.00607495 -0.00338326 0.00198259 -0.00159759 0.00365674 -0.0048846 0.00486784 0.0161665 3.42821e-05 -0.014254 -0.00157248 0.00174469 -0.000237045 0.0167276 -0.0167169 0.0151808 0.00371379 -0.00650722 0.00483108 0.0135101 0.0204741 -0.00222362 -0.0046315 -0.000397959 0.00331701 0.0243693 -0.00089724 -0.0209025 -0.0223243 -0.0125753 0.00956597 -0.00362941 0.00840879 0.00146877 -0.0023805 -0.00914298 -0.00254716 -0.0253246 0.0221328 -0.0104329 -0.0236087 -0.0311464 0.00228766 -0.0160848 0.0284068 -0.0415018 -0.000307175 -0.0012812 0.00153673 0.00387244 -0.00317582 0.00261348 -0.00640392 -0.00476512 -0.00914641 0.0018672 -0.0143978 0.00258102 0.000630327 -0.00973728
internal_weight=800303 174864 16719 15275 158145 50389 107756 13377 94379 8732 45491 4854 11969 40637 35424 3704 4898 5213 85647 8434 77213 11455 7707 31720 10870 9034 65758 6877 14031 4110 4256 2908 4504 12552 3941 3256 7499 8611 5924 1836 1479 2737 2687 1244 1719 1025 1099 1373 625439 321446 129233 99863 192213 41404 29370 150809 26031 8407 17624 91719 37873 44674
internal_count=800303 174864 16719 15275 158145 50389 107756 13377 94379 8732 45491 4854 11969 40637 35424 3704 4898 5213 85647 8434 77213 11455 7707 31720 10870 9034 65758 6877 14031 4110 4256 2908 4504 12552 3941 3256 7499 8611 5924 1836 1479 2737 2687 1244 1719 1025 1099 1373 625439 321446 129233 99863 192213 41404 29370 150809 26031 8407 17624 91719 37873 44674
cat_boundaries=0 8 16 24 28 36 44 52 60 68 76 84 92 100 108 116 124 132 140 147 155 163 171 179 186 194 202 210 218 222 226 228 236 240 248 252 255 258 266 270 274 278 285 289 293 295 299 301 308 316 320 328 330 334 337 345 353 361 369 372
cat_threshold=2248704 1086390400 4096 268460256 8396800 9222 17047816 2163265 524304 34816 67125248 1073775616 33508 8913984 302000136 9050176 64 0 536870917 128 809534469 3288892562 1082171536 100663329 2281974434 1798935840 3657433605 8 25692416 1073741860 2147488768 16777232 289965120 281019456 50858020 4 262144 262658 536936961 67241216 14695456 536871173 1092747552 320 132128 536870948 435648 1792 541066368 68944384 2359304 4202504 655360 2147484320 32768 1090527232 2281702784 604241984 575275520 67670848 16842888 134275072 2165571748 9699842 18 1073741856 2060 25690128 65584 128 536879106 570966038 2097154 2148536320 42664992 5254148 270565383 537399296 4202499 1073741952 1744898048 34875426 270533248 131072 269484036 805437440 2821324800 0 16777217 1075052544 2694906016 8408208 1074069504 2684903521 3153930 16912384 51200 150995264 2684359680 393216 4 819201 536928338 8536131 1049121 67109041 8683520 4456448 1912602632 32832 4 1075841024 8470816 671088640 1092886528 2114432 76546048 525832 272 38276104 537137152 306184194 34211330 85458944 3224502276 301992448 1073741956 4194304 33555232 738657280 2113666 8552448 32768 805437440 2162692 1090785792 1090552368 1077215552 6426656 16777344 218466564 280 33554432 2147619584 1686112264 19 2 3221753866 2149687312 2418057220 1049152 64 2147484736 171966465 4198528 402686468 262152 540672 402656408 541589568 34734084 134513673 34 4195001 167788561 50331648 67108864 138412032 1090519696 33587841 526336 10487300 67125248 1073758336 1342178048 25198632 33554432 2109592 2114083 65539 2113536 2164294656 134305862 67117138 553926656 147468 18 262218 1073741824 536870944 17039364 33554817 1095241728 33653088 3416576 1074102273 268439570 4226 16908800 2147617280 1226080256 1026 2281734656 33625248 100664322 1074298896 671089024 2097178 540688 71304192 11543137 68 8585264 6 1024 303038464 671089424 2170884 139245733 157174432 4278280 14 3564176201 271847746 2323657765 1 95130625 194686508 570491010 206082304 262660 42074146 33554576 4 67110401 34834 3808460912 374448134 1294540932 11 1208221696 2163744 1081346 4719105 2222985225 4210945 3221749952 1048578 3137404928 482738498 18085412 6 35722321 1213236914 66505984 1343820312 399796609 2158085636 296960 16777219 3456 280577 539238403 1615069184 75501568 16896 1132556386 680069120 3390218320 3 554502759 1947240456 2292195584 9 3037200713 3493093899 537199636 1 2483292160 1074923267 7348354 21757953 1074003968 140525568 8388612 695099488 2730500213 35067904 2 2801993128 542648340 738739076 10 1346795937 3830334280 285214806 121659441 75565573 2 4089774120 558077912 524512 268697603 0 524288 0 2097664 14680064 0 1179656 335548416 268574720 3235971584 16974372 83886848 33980992 0 570425344 4289554433 15 2629792 279578704 142607360 49696 0 2685665536 163904 4194448 5119 16809984 1879056547 1879048192 0 1895890944 2862645760 4226439424 34607159 2316304896 805830672 1745100800 276824064 262177 1049600 0 25495558 2181038913 134481928 2298478592 131365 2148007936 285245448 2147680256 35672128 1073745920 2162883 2105344 296960 262144 177512512 1073774594 5312802 1086332992 4194368 384 805314862 411074560 2156920896 2818560 2064 2666647419 17367 128
is_linear=0
shrinkage=0.12


Tree=44
num_leaves=63
num_cat=62
split_feature=21 41 34 22 34 35 23 35 34 34 35 41 24 22 35 34 41 24 24 22 35 24 35 35 41 22 41 34 22 41 34 22 23 35 35 23 34 23 41 34 22 24 24 34 23 22 22 34 34 23 35 34 22 35 35 23 23 35 41 41 23 35
split_gain=21.2043 74.3624 78.6718 67.3945 68.3857 71.9986 65.1667 64.2041 66.2849 63.8373 86.7989 71.5252 75.9069 64.9086 62.8657 85.5944 68.3924 63.1179 62.1706 62.0718 88.9934 66.0848 75.6509 64.9434 61.9099 59.9266 69.9573 60.9227 59.3003 58.9211 82.9395 61.958 57.5452 75.8498 71.1794 55.1262 54.8858 59.6322 54.5874 88.1942 67.0817 70.2396 66.9657 75.4429 75.4489 75.9264 65.2914 74.9978 66.8994 66.3154 61.176 60.9046 75.8663 85.67 78.1129 72.3198 71.9054 68.0412 65.4076 64.4208 71.8556 70.4487
threshold=0 1 2 3 4 5 6 7 8 9 10 11 12 13 14 15 16 17 18 19 20 21 22 23 24 25 26 27 28 29 30 31 32 33 34 35 36 37 38 39 40 41 42 43 44 45 46 47 48 49 50 51 52 53 54 55 56 57 58 59 60 61
decision_type=1 9 9 9 9 9 9 9 9 9 9 9 9 9 9 9 9 9 9 9 9 9 9 9 9 9 9 9 9 9 9 9 9 9 9 9 9 9 9 9 9 9 9 9 9 9 9 9 9 9 9 9 9 9 9 9 9 9 9 9 9 9
left_child=1 2 6 7 -5 -6 -1 -4 -9 10 18 12 -12 -14 15 -11 17 -17 -3 20 -13 22 -21 -23 -22 26 -18 -27 -8 30 31 -16 33 -32 -34 -10 -7 -38 39 40 -2 -42 43 -41 -45 -46 47 -44 49 -48 -49 52 54 -54 56 58 -40 -57 -56 60 -55 -61
right_child=38 9 3 4 5 36 28 8 35 14 11 19 13 -15 29 16 25 -19 -20 21 24 23 -24 -25 -26 27 -28 -29 -30 -31 32 -33 34 -35 -36 -37 37 -39 51 42 41 -43 46 44 45 -47 48 50 -50 -51 -52 -53 53 59 55 57 -58 -59 -60 61 -62 -63
leaf_value=-0.00041563274667852834 0.00036203347807932737 -0.00010007958354728047 -0.00020783740860000479 -6.5687305205901415e-05 -9.9541801847630138e-05 0.00033019441241075557 -0.00028199928740739959 0.00034981498058649411 -0.00015305067414553067 0.00020851075203471363 -0.00017229171297755716 -0.00026558070660822925 -5.354924339900293e-05 0.00033786340235671065 2.4412588023703344e-05 -3.7749901175323682e-05 -0.00017568575121985189 0.00024977355274522243 0.0002053321062181903 -0.00035817267188160311 0.00022010678038718814 -0.00026555412547088134 1.8696720697042577e-05 -0.00010718339652853717 -3.7048364939956167e-06 -0.00019713947346952065 0.00012481373626707263 1.8900673357135841e-06 0.00012463733767383573 5.9472721694527162e-06 -0.00021473414656307649 -0.00032205294319323323 0.00012372911979668176 9.1438287519964164e-05 -8.5648932063760636e-05 6.7884582213936461e-05 1.8234673302732275e-05 0.00017759077068782986 0.00043352836620944084 9.7939649401583627e-05 0.00024749715860294204 -0.00010630552607356181 -0.00018710774785991077 -0.00027790023724528774 6.0056415286158654e-05 -0.00015034876713057566 0.00037368294840724089 -0.00017843770009862389 -8.5403401436174174e-05 -8.2049728576049318e-06 0.00012568913113926151 2.8394431911300868e-06 -0.00016433360609284037 -8.0182555666132599e-05 0.00025748451736863317 -0.00038783840686334444 -7.6370870276702518e-06 -0.00012410784401008866 -4.9449751637995077e-05 0.00014466018885137016 0.00024350051402181378 -2.1243448105408221e-05
leaf_weight=656 819 1170 1205 1935 1526 1801 428 815 1818 3310 680 1041 527 1143 793 1004 1002 2243 2561 911 1583 1814 6328 13269 6706 2085 6965 14361 919 218508 757 1918 1498 6168 13078 3920 3737 7953 427 1357 533 1217 1009 3196 2054 4639 658 798 13930 1563 5878 372598 3232 992 807 1198 993 8981 4035 2737 2187 26329
leaf_count=656 819 1170 1205 1935 1526 1801 428 815 1818 3310 680 1041 527 1143 793 1004 1002 2243 2561 911 1583 1814 6328 13269 6706 2085 6965 14361 919 218508 757 1918 1498 6168 13078 3920 3737 7953 427 1357 533 1217 1009 3196 2054 4639 658 798 13930 1563 5878 372598 3232 992 807 1198 993 8981 4035 2737 2187 26329
internal_value=-3.14872e-06 0.000718975 0.00679364 0.00864978 0.0128885 0.0156258 -0.0160198 -0.000617753 0.00407615 0.000197665 -0.00442866 -0.00633621 0.0138188 0.0275386 0.000835653 0.00592602 0.00373807 0.0200675 0.0129201 -0.00783729 0.00038535 -0.0112725 -0.00183698 -0.015796 0.00455366 0.00155742 0.0100915 -0.00258111 -0.000794658 0.000185884 -0.00542932 -0.0251634 -0.00292846 0.00607178 -0.00720592 -0.000500859 0.0184226 0.015382 -0.000531482 -0.00490986 0.0165052 0.00313277 -0.00648316 -0.0141126 -0.0177558 -0.0104698 -0.00287823 0.0062206 -0.00720905 0.0120913 0.0108373 -0.000143029 -0.00399307 -0.000869 -0.0107287 -0.0132748 0.0160893 -0.0190168 -0.00118664 0.00100071 0.0171858 -0.000775842
internal_weight=800303 338136 26713 24710 16952 15017 2003 7758 6553 311423 37733 34002 2350 1670 273690 30970 27660 3247 3731 31652 9330 22322 7239 15083 8289 24413 7967 16446 1347 242720 24212 2711 21501 6925 14576 5738 13491 11690 462167 37651 2569 1750 35082 11246 9889 6693 23836 7685 16151 2221 6676 424516 51918 35477 16441 15021 1420 10179 4842 32245 3179 29066
internal_count=800303 338136 26713 24710 16952 15017 2003 7758 6553 311423 37733 34002 2350 1670 273690 30970 27660 3247 3731 31652 9330 22322 7239 15083 8289 24413 7967 16446 1347 242720 24212 2711 21501 6925 14576 5738 13491 11690 462167 37651 2569 1750 35082 11246 9889 6693 23836 7685 16151 2221 6676 424516 51918 35477 16441 15021 1420 10179 4842 32245 3179 29066
cat_boundaries=0 2 10 18 22 30 38 42 50 58 66 74 82 85 89 97 105 113 117 121 125 133 137 145 153 161 165 173 181 185 193 201 205 209 217 225 229 237 240 248 256 260 264 268 276 280 283 287 295 303 306 314 322 325 333 341 345 349 357 365 372 376 384
cat_threshold=924389632 13171455 516 1075904512 1140852016 67125250 2151809220 152834048 201326784 9437184 2359424 131072 546341969 69739521 32 65544 24117248 6329352 3537815168 436733538 3758759940 1 272695296 66560 2147483776 1073741824 135370 1342193776 229584 51118096 572526600 1207988576 1610645536 1107296272 2147483650 33555461 33619984 4202497 3910799364 272630568 2610028820 12 1082136704 2147552778 1174405120 2286948353 66656 100663296 4195328 2050 1125646336 8912928 262272 33554432 570429512 805570580 8392776 34146370 264336 1319424 274726912 2181054464 541607232 1090519040 805306370 950344 547406913 201342980 2148007936 271598596 34603008 1107296256 537034758 393344 2147622912 545538056 33554432 0 100728848 274735392 33762304 327824 939599923 9269376 86222162 818495768 2705660456 2183430218 10 12617768 74752 859836416 1140850688 262400 536903760 2182639624 4 2785280 1216353344 67264672 1141902400 33554448 134219776 4198400 25166592 163848 50331985 32772 524288 50336280 8192 13132305 672768 3020165856 608413716 36552963 1 1076891685 207691781 2744204308 5 100480 3836921102 3427273376 1 8204 0 1073819650 131074 1090787586 876609728 3238002696 35672064 1043436041 1214284306 146834035 2 352332304 553779201 268435457 131104 2147483652 2302681096 1073750016 16777241 406847488 1073742593 536897572 33562657 1744896016 2147483840 6416 81922 153878656 133168 160432134 4194304 135798784 41976832 528 71303744 2635205640 98171402 2181103698 4 1107316800 404608 8405504 2116 1074266144 75644928 2164523008 69210241 17825824 33556482 536870920 809508868 2359296 4195456 2265064481 5245954 1082202243 207176724 2274116612 6 545654080 277086280 8437888 2281701408 35344 37782018 132097 1 12632588 8388608 1209013264 67207232 2147756160 0 2156412928 41955344 538349697 1478757923 8792105 14 310427781 1231883724 134731776 8 268697601 1179904 336896 5120 9437186 86022 337641489 88080384 2215837953 131072 313344 4512 136704 3277057 196608 12615696 763692352 3457223458 676865025 3 152047616 8388618 268439814 402804992 2147483652 8704 2449500162 1051136 860914964 2153450240 285244509 512 2162697 1048858 0 8650756 18627588 201392544 9502724 71812 0 2441089024 1132726337 1069376 0 340263936 2293761 3139503187 948129801 1314914320 12 135710146 2197836578 310643207 8 2962757700 367051813 706749600 6 2098688 272629760 525056 134242336 17302546 18909200 3440649 16456 2617507987 1595023876 2334786306 9 755076874 2274633216 273697976 634069710 2971136 1744838686 4 2684387328 8 566308 135315474 8388640 1073807381 264265 524288 8421408 2155888640 3244144 2148532480 272631809 1573952 2166816 16781568 1308921908 76222593 1627647040 16973825 2130436 5242914 67123200 1107329025 34079248 1048592 131141 41955364 142606384 16842753 281022785 2064 8655104 3221291048 2097152 556665097 296913424 4094739463 285212672 657440 33554433 16777220 1073742080 293601474 168737536 68157952 9216 2147614816 73728 101711888 4198944 655936 16784192 1185280 2215126032 1881684346 1176604686 6 2059948194 1279264206 1207967744 6 2097408 16777216 537149504 2263040 33554432 134236168 1384463 16842892 2551219200 692584448 8388672 1179696 2147504136 193 2181038092 34083840 805831000 3088 553667072 1073742081 2151743498 10518544 268832770 3249128453 1757546636 539493456 14 8978432 64 32 642 2099299 5652484 75497490 51119236
is_linear=0
shrinkage=0.12


Tree=45
num_leaves=63
num_cat=59
split_feature=5 38 41 35 34 23 24 34 19 24 23 22 21 21 21 0 39 35 34 22 35 23 35 22 24 34 23 24 23 21 21 22 2 39 24 39 21 34 35 24 41 35 23 22 35 41 34 23 41 34 35 34 34 22 41 23 22 22 24 22 24 23
split_gain=19.308 125.792 90.9851 76.9094 82.0109 62.0914 62.3863 60.1752 54.8896 50.242 49.5208 45.2702 36.1566 29.2044 27.5348 25.477 77.6288 80.8323 77.1649 81.0378 78.5699 74.8223 79.1978 65.9808 61.8629 57.7984 54.4744 47.53 48.722 38.5518 31.4531 24.1694 23.1879 23.4565 22.9842 22.8773 22.1107 72.5433 81.3546 70.9822 94.6434 77.3871 68.305 65.2515 65.0732 71.5029 72.7455 75.6594 66.1376 73.3631 67.6206 83.4844 76.7545 66.7094 64.9807 62.5805 62.5765 55.87 55.778 51.3276 49.2461 44.9809
threshold=0.025833333842456344 0 1 2 3 4 5 6 7 8 9 10 11 12 13 0.19177246093750003 14 15 16 17 18 19 20 21 22 23 24 25 26 27 28 29 -0.01916666608303785 30 31 32 33 34 35 36 37 38 39 40 41 42 43 44 45 46 47 48 49 50 51 52 53 54 55 56 57 58
decision_type=2 9 9 9 9 9 9 9 9 9 9 9 1 1 1 2 9 9 9 9 9 9 9 9 9 9 9 9 9 1 1 9 2 9 9 9 1 9 9 9 9 9 9 9 9 9 9 9 9 9 9 9 9 9 9 9 9 9 9 9 9 9
left_child=1 9 35 14 -5 6 -6 -7 -9 13 -11 -8 -12 -1 -4 16 27 23 24 20 -20 25 -23 -18 -19 -21 -22 32 -29 -30 -25 -26 33 -2 -31 -3 37 38 42 40 -40 59 -17 -42 45 55 47 -47 49 61 51 -50 -52 -51 -43 -39 -44 -48 -58 -41 -57 -46
right_child=15 2 3 4 5 7 11 8 -10 10 12 -13 -14 -15 -16 36 17 18 19 21 26 22 -24 30 31 -27 -28 28 29 34 -32 -33 -34 -35 -36 -37 -38 44 39 41 43 54 56 -45 48 46 57 -49 50 53 52 -53 -54 -55 -56 60 58 -59 -60 -61 -62 -63
leaf_value=0.0036881194126211219 -0.0042900183771676917 -0.0012735134155883905 -0.00034082495004019776 -0.0032459251284145188 0.0010360058378133623 -0.001499237643486049 -0.0045766519802199002 0.0020243817057847479 0.00024450770450637981 0.0081642328938061771 0.0055112300575914357 -0.00093535425346504496 0.00056535593547904419 -0.00078252209416499797 -0.003532652758163066 0.00032780454156306176 -0.0029030226091008239 -0.00026470911736635054 0.0013551534833814902 0.0012165639519328758 2.364915614472456e-06 0.0021193913881685186 0.00022206733175829301 0.0013850292210424344 -0.00021155967855190504 -0.00069379743175208711 -0.0016514302874629982 -0.0038357709369061816 0.0003825177904834218 -0.00026787381697089357 -0.00088876148806230808 0.0022648994097314401 0.00143072290745096 0.00079790550940507749 -0.0033313519293492696 0.0035933354430511756 -2.7524619600628176e-06 -1.4539948794202363e-05 0.00028527347647497114 -3.0768965420422412e-05 9.5944480618432505e-05 -0.00029030166069604586 0.0002379620193790397 -7.59330598681396e-05 1.0366733896158973e-05 0.00012461993820015718 0.0001284100810833687 -0.0002479880534903714 0.00010149713986445535 0.00013397883865814294 5.9286007349728561e-05 -5.3045047537683619e-05 1.9467993838299078e-06 -5.0258634881999338e-06 -4.2591755968099886e-05 0.00044029606943411375 0.00017267404760046745 2.6380947899580566e-05 -0.00017294535078615436 -0.00037411092241697883 0.00017926137742008011 0.00032672901719982137
leaf_weight=215 133 100 327 673 676 573 416 1299 2604 543 449 966 665 471 518 824 540 418 546 418 802 781 4070 336 103 1860 1864 413 316 219 627 817 282 152 488 647 519888 688 1182 526 2425 1555 682 5068 660 675 5645 1577 3210 5191 21039 24768 135315 9985 15582 576 432 11476 1083 1133 1163 1628
leaf_count=215 133 100 327 673 676 573 416 1299 2604 543 449 966 665 471 518 824 540 418 546 418 802 781 4070 336 103 1860 1864 413 316 219 627 817 282 152 488 647 519888 688 1182 526 2425 1555 682 5068 660 675 5645 1577 3210 5191 21039 24768 135315 9985 15582 576 432 11476 1083 1133 1163 1628
internal_value=1.48443e-05 0.00497487 -0.00162069 -0.00535714 -0.00131319 0.00282309 -0.0143768 0.0107486 0.0160919 0.0296051 0.0409107 -0.0289239 0.0257904 0.00206295 -0.0393465 -5.51976e-05 -0.00492263 -0.00156434 0.00181678 -0.00170385 -0.0174938 0.0054278 0.0138433 -0.0276435 0.0288 -0.0124716 -0.0259895 -0.0268585 -0.038453 -0.0237681 -0.00849225 0.0460944 0.0026942 -0.0213238 -0.0392211 0.0381027 4.03111e-05 0.000957733 -0.00453186 -0.0065888 0.00238977 -0.0107316 0.0141246 -0.00260625 0.00170656 0.00793325 0.00549084 -0.014735 0.00103346 0.0080888 0.000364536 -0.00506752 0.00133686 0.00505662 -0.00832002 0.0273062 0.00298775 0.00815969 -0.010609 -0.0354039 0.039406 0.0280695
internal_weight=800303 11142 8799 8052 7207 6534 2058 4476 3903 2343 1657 1382 1114 686 845 789161 15185 13182 11679 10341 3212 7129 4851 1503 1338 2278 2666 2003 1436 1023 963 920 567 285 707 747 773976 254088 30492 27471 8675 18796 3021 7493 223596 21800 19373 2252 201796 17464 184332 27978 156354 15176 17137 2427 2197 17121 1515 1659 1739 2288
internal_count=800303 11142 8799 8052 7207 6534 2058 4476 3903 2343 1657 1382 1114 686 845 789161 15185 13182 11679 10341 3212 7129 4851 1503 1338 2278 2666 2003 1436 1023 963 920 567 285 707 747 773976 254088 30492 27471 8675 18796 3021 7493 223596 21800 19373 2252 201796 17464 184332 27978 156354 15176 17137 2427 2197 17121 1515 1659 1739 2288
cat_boundaries=0 8 16 24 32 36 39 47 54 58 62 65 67 69 71 76 84 92 96 104 108 116 120 124 132 136 140 144 146 148 152 157 160 164 166 174 182 186 194 202 206 210 218 226 234 238 246 254 262 270 278 282 290 294 298 302 306 310 314 318
cat_threshold=9649868 270567428 1247232 33558784 2097152 0 35930120 64 536871205 6849600 131072 2084 33587200 1342179393 536954376 5137 537149504 69206020 1073860614 2097152 2147483672 1246224 65857 267266 264192 0 2949184 8200 541065240 1207959681 1075838990 403136 823267362 5339545 2793940162 8 671187261 3569697544 2151547184 1109393536 135283792 2147485736 553664578 24704 536887296 1089 67108864 590016 2240807691 2115584 16818192 335810560 536870918 147468 201674822 285487684 624234605 4 2150660146 1091061072 2315897361 1 8405798 1527813162 2151729752 76732820 2974913115 805866497 38440006 2169824516 3233907847 2147811328 2112 1064960 260 1610612740 1091043616 609 67108996 1342200320 608174080 1075872048 276824068 16777344 40960 35072 134791233 939524617 81920 2684370944 134414692 262276 537612304 3288373344 4160795452 3 2281704964 7496832 4997120 135266304 35651648 8389124 4196384 4210689 2102003781 2684364132 671286351 2 2181038232 19005440 2181038337 262408 1073746008 2147484672 1142178320 106496 2567955607 4060087316 2432811008 8 107263041 409086080 982008433 4 526848 138944514 69215028 16779264 578813952 50342148 1032 8929280 1233322102 209776768 204079434 12 2063749793 2122772 2721075280 1 2308448288 671359760 1093441170 1 2227283 269026826 1613439109 293930034 24 268566560 17301504 2 262144 64 0 4 1073741824 67117392 1074987267 273023236 18 2147483648 64 335544320 1056964608 4783775 541327888 512 543163400 134234112 536940864 1358955520 774 142401 2228224 2113620 536938128 33575424 672399360 335611912 4 67272832 909705360 378557568 2732761601 5 553943168 67175696 12588036 2152071185 16785424 603990016 33595392 128 176422912 1073807496 32 1073743872 2152252481 33984 2148007936 3689216 2483290647 943718487 1620317441 3 3475036682 2786082826 2282492544 5 5242880 1049600 269484032 8582 302055680 3760226320 134507528 4243460 1208066054 1073745924 2149581859 2097664 69369856 269488168 8519680 33554444 33556554 4751488 268501092 50372608 3146752 138429080 16777216 67145728 431521826 222781956 3240232980 1 4609 37290368 528 8404992 4198528 86249536 268436192 8391170 1358954624 2147483712 819840 1098917416 134219776 134353042 9224 2129920 537395328 70 547630116 1572864 0 289423873 268435456 127140160 0 536870915 2214595072 276856835 335552566 35717120 754991104 67633924 168427556 16 16388 537071876 70516737 2281703432 1074823240 2097186 1418801297 17957229 1879100113 2 131072 302515456 278953984 268698656 2064 9437186 2149323264 1114777 2416182182 1078209548 252469772 1 2684357406 744548386 1229199884 2 17940480 1153486102 2660238168 13 931140104 2432901184 71799746 1 3300935699 2483166826 547362438 4 1845504515 740110484 292094474 8 161614598 2152485136 676365960 5
is_linear=0
shrinkage=0.12


Tree=46
num_leaves=63
num_cat=56
split_feature=4 38 4 38 35 34 41 20 39 39 19 34 34 4 19 41 34 38 34 34 35 35 21 4 38 34 35 34 41 24 24 24 24 24 35 34 24 24 24 34 24 24 34 24 21 19 34 41 24 21 35 24 35 41 24 24 34 4 4 19 41 35
split_gain=19.4602 229.927 150.083 185.865 106.475 91.5915 88.7667 81.9709 343.228 190.627 73.8387 79.9887 72.9642 67.3935 146.761 110.391 88.8761 86.0848 99.3502 96.19 84.1449 77.6243 75.1383 70.9741 222.85 103.547 87.1985 82.6822 75.6664 66.9511 62.7794 62.495 61.4865 61.0926 60.8996 57.9556 57.7729 57.0496 56.005 54.1148 56.6615 53.1519 46.6238 43.3048 41.8308 39.6653 57.2953 58.368 54.5922 53.5803 51.144 49.1706 55.9721 46.557 51.5874 45.8958 43.7054 41.8241 188.732 160.99 111.161 104.765
threshold=0.015833333600312475 0 0.012500000186264517 1 2 3 4 5 6 7 8 9 10 0.029166666790843013 11 12 13 14 15 16 17 18 19 0.035833332687616355 20 21 22 23 24 25 26 27 28 29 30 31 32 33 34 35 36 37 38 39 40 41 42 43 44 45 46 47 48 49 50 51 52 0.049166666343808181 0.055833334103226669 53 54 55
decision_type=2 9 2 9 9 9 9 9 9 9 9 9 9 2 9 9 9 9 9 9 9 9 1 2 9 9 9 9 9 9 9 9 9 9 9 9 9 9 9 9 9 9 9 9 1 9 9 9 9 1 9 9 9 9 9 9 9 2 2 9 9 9
left_child=1 7 4 33 12 37 -7 9 -9 -1 43 -12 -3 14 16 32 -2 19 -19 -17 -20 -21 -22 24 27 -26 -27 -15 -28 -23 -11 -10 -16 -4 -29 -30 -14 -6 44 -36 -41 -5 -40 -8 -18 46 50 48 49 -48 55 52 -52 54 -49 -25 -50 60 59 -59 -47 -62
right_child=13 2 3 41 5 6 10 8 31 30 11 -13 36 23 15 17 38 18 20 21 22 29 -24 45 25 26 28 34 35 -31 -32 -33 -34 -35 39 -37 -38 -39 42 40 -42 -43 -44 -45 -46 57 47 53 56 -51 51 -53 -54 -55 -56 -57 -58 58 -60 -61 61 -63
leaf_value=-0.00068125189945986782 -0.00069696974400818121 0.0017398647229346933 0.00024401676156208206 -0.00072292451962513286 -0.00057877260586395717 0.00058854618972384103 -0.0002465445147747497 0.0096661815469090938 -0.00055222412670214674 4.2931478381598958e-06 -0.0010734742655764155 -0.00021799710118201792 -0.00058888596868743109 -0.00017674858505451637 -1.6233011692717258e-05 0.00052998292327980875 -0.00042474730151334934 -0.001043073339051904 0.00092496379035612137 0.0003635624833052869 0.00025007107627063096 -0.00016292923495910501 -0.00026719751871718097 8.9139231886019645e-06 0.00069853898900883843 -0.00088619177206452 0.00054734274363477846 0.0015522339886067148 -0.00081689865581518724 -0.00082715613073595159 0.0016382827175598221 0.00060521635021269663 -0.0012341684116606336 0.0012423137142200575 0.0012159012416268242 -8.0044405259529122e-05 0.00038749074295365958 0.00047150946936060052 0.0012755853630683676 -4.3243091184332585e-05 0.00072361414688068039 2.1144298692645036e-05 0.00050420007623321798 -0.0012474815677334663 0.00033156305649312246 0.00049962615702779688 0.00011315799859505958 -0.00027174895315532814 -1.772856822315389e-05 -0.00018620678961250796 0.00022568147225504392 -8.7859039697324041e-05 -1.6766778491956234e-05 -7.6891867187399251e-06 -3.9679836000774016e-05 -0.00035713355970452696 0.00018250868613738555 -0.00014679690353995378 1.8813867358818525e-06 0.00060780044509078067 0.0002651369310926939 -0.00020845860213133694
leaf_weight=968 554 441 781 559 539 924 424 921 551 552 1613 9403 536 593 548 635 458 900 997 529 3822 1722 4090 437 845 753 789 670 588 3798 1289 985 1599 1918 551 3624 1430 1300 549 926 1888 1459 2231 1031 759 1592 1024 1415 1198 1174 883 9313 3366 114166 3043 926 3621 2315 570754 6574 2045 14415
leaf_count=968 554 441 781 559 539 924 424 921 551 552 1613 9403 536 593 548 635 458 900 997 529 3822 1722 4090 437 845 753 789 670 588 3798 1289 985 1599 1918 551 3624 1430 1300 549 926 1888 1459 2231 1031 759 1592 1024 1415 1198 1174 883 9313 3366 114166 3043 926 3621 2315 570754 6574 2045 14415
internal_value=-1.06459e-05 0.0031188 -0.00219937 0.0168086 -0.00728447 -0.0109878 -0.0144372 0.0256461 0.0416525 0.0115278 -0.0171017 -0.0137105 0.0161223 -0.000122534 -0.00649334 -0.0112074 0.0128074 -0.00785943 -0.000696461 -0.0183512 0.00316107 -0.0230259 -0.000999488 7.46107e-05 0.00954314 -0.00462864 -0.0104058 0.0296896 -0.00461998 -0.0272451 0.0341284 0.00666663 -0.0367392 0.0373146 0.0358488 -0.0110227 0.0060667 0.014068 0.0190671 0.0290317 0.0220807 -0.0107586 0.0284527 -0.0424539 -0.00244096 -6.94061e-05 -0.00188308 -0.00104765 0.00957746 -0.00608142 -0.00890942 -0.00666568 0.00402721 -0.00167706 -0.0136913 -0.0309818 0.016717 0.000357165 0.000534327 0.0178832 -0.00533067 -0.00826129
internal_weight=800303 27624 22358 4717 17641 15234 13395 5266 2457 2809 12471 11016 2407 772679 23191 18640 4551 16493 9809 6684 8909 6049 7912 749488 11227 6599 5754 4628 5001 5520 1841 1536 2147 2699 4035 4212 1966 1839 3997 3365 2814 2018 2780 1455 1217 738261 140566 125641 7017 2198 14925 13562 4249 118624 4458 1363 4819 597695 579643 8889 18052 16460
internal_count=800303 27624 22358 4717 17641 15234 13395 5266 2457 2809 12471 11016 2407 772679 23191 18640 4551 16493 9809 6684 8909 6049 7912 749488 11227 6599 5754 4628 5001 5520 1841 1536 2147 2699 4035 4212 1966 1839 3997 3365 2814 2018 2780 1455 1217 738261 140566 125641 7017 2198 14925 13562 4249 118624 4458 1363 4819 597695 579643 8889 18052 16460
cat_boundaries=0 8 16 24 32 40 41 46 51 58 66 74 81 89 97 104 112 120 128 136 138 146 154 162 170 178 182 186 189 192 196 204 211 215 219 223 231 235 239 247 250 252 259 267 275 279 281 289 293 301 309 313 317 325 332 340 348
cat_threshold=1207969344 301992192 1260736 536870912 268451840 1610612736 2147747844 1608 823204096 2353004578 8 1140850688 8 0 322469888 8240 100663296 536945671 2148007952 13369344 148 134266900 554763264 33570880 279579160 262272 0 2888716 1343766528 603979780 67239952 2162688 335610945 2097344 67108864 51380224 671186948 570425600 1375733249 1050624 54 264208 134217792 16384 1073742852 1073741826 2359312 64 16384 201326853 1074003968 1 1082656768 201330688 104536 409696 109051974 532492 33587328 536872193 2148860480 32 8330 3389130819 134219776 1057 2348843136 2550399488 149 2359296 402686464 8536064 2097152 270336 0 13115657 201338934 12289 16781344 8589384 532768 269484032 2147491848 536906752 131080 23069760 1584 8538136 8814598 538969088 1311248 8388896 12584000 135757828 260 1640496 16777218 805447680 436224034 1126528 33554432 268583040 1610613316 3670404 2097153 262656 2097280 2215018592 4194561 4194304 1096815104 46252064 537215000 0 616562880 17072228 22020368 134217728 536877120 2 196608 110146 33554448 115712 1124729344 786432 1024 8847360 474255364 393232 0 1076895746 33554434 282632 4456576 69214624 384849648 1949709937 823144968 205799458 2176 2147762176 403734536 0 17301632 8720 100663296 1074267648 514 34560 8914000 33816640 805348353 2138401 33579009 3073 4202500 1082654726 33 2282749962 536938244 38912 1314816 2148007938 545296386 335550464 1073873408 1078199040 1212153864 45056 33554432 4465152 2148532256 680525824 67190848 57344 2392192 8388672 125834034 1103176776 692405250 14 1482999235 20975700 48776324 10 805350178 17593349 356714230 180896784 3231740035 2691697328 407591048 2961242112 22167968 9 3222276624 1098908165 8392468 536870912 4202512 8391072 260 520 1081856 67115025 32896 1048608 268476451 3355447296 1074399368 10686517 541087857 2153906593 8 269755910 757270802 2216174932 4 1309152548 2233532450 54791892 6 657413 539099200 1077936176 8388608 6295680 9044120 128 131376 2227111201 2835618034 277086290 8 304185358 73990146 27384916 5 2415919118 1075839208 33816582 67174416 1109395792 655363 256 8 540088466 613943905 1738345 3330442410 2936570922 0 102760969 92276755 9241 268437666 1074282760 1049408 262576 2147516416 394241 1090617344 201867304 1073742081 553715712 8917248 1209008129 0 1157758992 2424315920 542147088 1083375744 8388640 2883588 2577666241 878313678 2214596937 5 838157844 1354503421 68864 268601872 513 268476416 11108356 2432966912 268435504 2 2491973905 76580388 3162722327 1 33566720 134762496 18448392 1327235 1052832 134217745 4198400 4227200 545914896 312475652 545783816 264192 1141112864 4200452 336070657 83886096 33816856 37945534 244541579 14 1946697777 3222388795 2972193280 5 2416985088 257 2172652288 0 541070336 141819938 1074266112 2097152 0 2148534278 134242304 419598370 38010944 25178290 24704 102400 4210752 811597952 537167104 4210752 134217728 1124132992 4194440 201326601 337984 82176 2149590017 1073807872 578813954 33851904 33562624
is_linear=0
shrinkage=0.12


Tree=47
num_leaves=63
num_cat=58
split_feature=3 40 8 39 34 40 39 40 18 41 41 18 2 41 41 41 34 35 34 40 34 34 34 41 35 35 35 41 34 35 18 34 35 41 35 35 34 34 35 41 34 34 35 41 23 41 3 34 23 35 35 34 21 41 41 39 34 35 24 24 35 35
split_gain=19.7765 125.329 105.633 98.2234 98.6579 82.8419 147.616 225.935 176.049 146.621 127.014 108.446 147.505 190.088 155.436 111.931 110.597 103.807 95.3279 91.7361 95.0402 91.3228 91.1102 87.769 84.5835 82.0682 81.6666 81.0761 80.8044 80.1005 79.7785 83.2721 80.1837 79.2258 78.9858 77.7233 79.6087 76.6964 98.1963 76.2048 73.4099 73.0752 78.1818 72.895 71.3499 71.0274 70.307 70.2403 70.1522 87.4754 83.7023 70.1173 69.5281 87.2537 86.7712 69.356 68.2097 67.9441 67.1199 66.5068 74.7617 66.1754
threshold=0.075833335518836989 0 0.70214843750000011 1 2 3 4 5 6 7 8 9 -0.32916668057441706 10 11 12 13 14 15 16 17 18 19 20 21 22 23 24 25 26 27 28 29 30 31 32 33 34 35 36 37 38 39 40 41 42 0.025833333842456344 43 44 45 46 47 48 49 50 51 52 53 54 55 56 57
decision_type=2 9 2 9 9 9 9 9 9 9 9 9 2 9 9 9 9 9 9 9 9 9 9 9 9 9 9 9 9 9 9 9 9 9 9 9 9 9 9 9 9 9 9 9 9 9 2 9 9 9 9 9 1 9 9 9 9 9 9 9 9 9
left_child=2 47 5 35 26 11 7 22 9 -8 29 12 14 51 -1 -13 -16 -15 44 20 24 -19 -7 34 -9 -22 -5 -18 58 -10 40 57 43 -21 -17 -4 -37 38 -12 -6 61 42 -41 -33 -11 -39 -35 -2 49 -43 -50 -14 53 -34 -54 -30 -55 -32 -25 -59 -61 -3
right_child=1 30 3 4 39 6 8 19 10 18 37 15 13 17 16 23 27 21 -20 33 25 -23 -24 28 -26 -27 -28 -29 55 -31 31 32 52 46 -36 36 -38 45 -40 41 -42 48 -44 -45 -46 -47 -48 -49 50 -51 -52 -53 54 56 -56 -57 -58 59 -60 60 -62 -63
leaf_value=0.00037041523390476456 -7.9776851624961581e-05 -0.00016026180182826256 -0.00050033239179028514 0.00028042365207498642 9.8325761184651719e-05 -3.6463719657871523e-05 -0.00075701604950176326 0.00052858807216113197 0.0006018613803204999 2.2987805330753661e-05 -0.0001984079346229616 -0.00010248412414612425 0.00075163535488012557 -0.00039618073959023112 -0.00025789691939147238 0.00058179912068392252 0.0002557348039550298 -0.00040107797430079007 -2.8494895975467144e-05 -0.00047568719663213882 -0.00018833157949238664 -3.8208091669388115e-05 -0.0007769939642551059 -1.8431407673708024e-05 7.0191195108991781e-05 -1.0394470585638419e-05 3.9580347838510101e-05 2.227214146918158e-05 -3.1707955112849182e-05 0.00013812310532258332 -0.00017894007307208074 0.00019700283765551607 0.00017316103892473135 -0.00024771433408524006 0.00013251320958984197 -0.00053060266834893059 -0.00010217711624739644 -0.0001217583395667722 0.00011961180284520295 -0.00030267833329795528 3.7063374357702343e-05 0.00025135247907908965 -9.4158269215778212e-05 3.9798747053251258e-05 -0.00042636019271961894 1.3576538458542336e-05 -1.6795828429552321e-05 -1.1570719819158754e-05 -0.00018159893772585429 -2.5561819743040495e-06 -3.7960768459836179e-05 0.00016664779254724058 0.00013937109587290063 8.8909008439721062e-05 -2.4415704512566858e-05 8.2707459935610803e-05 2.0318674967949182e-06 3.5819493496154793e-05 0.00039365329500997017 0.00012631147404272593 -9.7354231089388947e-05 -4.8990209165205831e-06
leaf_weight=1623 8692 1319 754 835 2805 1135 1457 929 1087 1090 1468 6914 951 3062 1140 1805 1446 2376 33251 2066 5369 29334 3206 1262 6332 47333 6026 4764 13494 7065 1551 2027 2404 11411 5382 1005 6725 7347 17484 778 91822 1347 5755 10385 2369 143219 13571 73885 2833 11198 24353 2542 2289 5755 45806 40247 38479 4511 3034 1038 8256 11105
leaf_count=1623 8692 1319 754 835 2805 1135 1457 929 1087 1090 1468 6914 951 3062 1140 1805 1446 2376 33251 2066 5369 29334 3206 1262 6332 47333 6026 4764 13494 7065 1551 2027 2404 11411 5382 1005 6725 7347 17484 778 91822 1347 5755 10385 2369 143219 13571 73885 2833 11198 24353 2542 2289 5755 45806 40247 38479 4511 3034 1038 8256 11105
internal_value=-8.24678e-06 0.000743293 -0.000481729 -0.00501118 -0.0031833 0.000202266 -0.000840231 -0.00488332 0.000871164 -0.00652191 0.00245967 0.00288471 -0.00158476 -0.00483236 0.0122607 0.00581123 0.00479217 -0.0075138 -0.0050324 -0.00354803 -0.000930387 -0.00547002 -0.0315644 0.00735054 0.011929 -0.0027044 0.0102837 0.011109 0.00579855 0.0170799 0.00220093 0.000124394 0.00130911 -0.00934811 0.0198527 -0.0170339 -0.0133919 0.00175544 0.00894748 -0.00506836 0.00464079 -0.0062339 -0.0179862 0.0103735 -0.0239585 0.000849526 -0.00747059 -0.00325903 -0.0042966 0.00312495 -0.00772115 0.0218088 0.000120322 0.00342122 -0.00308063 0.00452961 0.00220766 -0.00813638 0.0216156 -0.00544546 -0.0112444 -0.00401415
internal_weight=800303 309324 490979 64414 55930 426565 307189 91352 215837 38167 177670 119376 47238 38265 8973 72138 7350 34772 36710 87011 59963 31710 4341 65224 7261 52702 6861 6210 58037 8152 226747 122501 107145 27048 7187 8484 7730 169518 18952 49069 104246 46264 6533 12412 3459 150566 24982 82577 39731 12545 27186 3493 94733 46638 48095 53741 44234 15356 4296 13805 9294 12424
internal_count=800303 309324 490979 64414 55930 426565 307189 91352 215837 38167 177670 119376 47238 38265 8973 72138 7350 34772 36710 87011 59963 31710 4341 65224 7261 52702 6861 6210 58037 8152 226747 122501 107145 27048 7187 8484 7730 169518 18952 49069 104246 46264 6533 12412 3459 150566 24982 82577 39731 12545 27186 3493 94733 46638 48095 53741 44234 15356 4296 13805 9294 12424
cat_boundaries=0 5 10 18 23 28 33 40 48 56 63 70 78 86 94 102 110 116 124 132 138 146 154 162 170 178 186 194 201 209 217 225 232 240 248 256 264 272 280 288 296 304 308 316 324 328 336 344 352 354 362 370 374 382 390 394 398 406 414
cat_threshold=2470447360 268784128 260505851 36928 1 66048 134217728 0 75497481 2416705537 5373956 41959680 3288338960 35651586 2147483776 6 104941825 644 315621376 268670464 243728573 16838656 131073 512 8192 0 1568700183 3763159303 2147487488 0 0 0 15728644 0 0 0 537657600 0 2147483648 14685187 160 0 0 3556769792 0 0 0 30720 33554432 536880128 3909091408 60162178 133172 2218786816 81924 75497472 524430 805568516 268960064 0 2147484160 1537 2097152 2147557889 524451 17334272 1377839105 1025 606142465 2164656128 33685506 2147647744 134217760 22020192 33554588 37781552 512 33687314 270532612 277086240 67118096 185729537 2220949504 2952790052 134217728 2097284 16777224 67117220 2415919361 1897924608 160 257 68764240 1 469834752 536875136 527 201326644 0 2113536 1073741842 64094210 0 84148352 1610612768 538968352 1 67191302 805929508 132545 150994952 804864 17825858 448 8192 1 2097408 25755682 269091096 0 151552000 289472608 67170496 4 17039876 0 69230592 16777296 541299200 543170688 1082392576 67638416 4029755392 1617969216 16848096 0 1478631424 525316 546373736 1207959568 2315386912 526342 0 1111556112 2097153 56832 134218752 201326656 135248 3255443456 13312 38830080 1109409792 50380928 166993984 526400 1082396672 2147483648 268435520 405274880 67108864 6637569 1073744906 9961472 401408 24592 33554440 37752897 2151694336 25436769 681052676 33824920 1024 536870917 0 150994944 152043704 67108872 2148795904 2162688 3225419776 1194350594 49 0 134744192 83984384 25728 16123584 1573049 64 32768 8396928 2147483712 2105344 655557 10 1073741824 537657728 0 2147483648 12588035 2149580872 2214597632 268435456 269626376 69287953 1073742352 51445889 16777216 2155872257 335544864 33024 32 1149895171 1610614818 10518544 2164746 823304 33718464 269615104 1275349184 1627390225 4456448 256 525312 1082394640 37750784 98828754 100704320 34127889 262144 2 4352 4097 1048580 260178016 136 67125578 369755168 2080 2097152 41976064 672925766 34652184 2 537165836 2129920 18087937 0 536870913 612405248 273850444 269484289 538181648 788528 83951616 268566528 8208 1107296320 16777280 8916994 267568 402735118 917505 65540 302645248 469762048 1073742344 2453669888 2147491842 637814914 4719104 2 1107296264 17825793 151142481 688164 1073840128 142919816 33554560 296976 16777220 302318592 675545096 8264 1075515552 64 67249152 301989952 524416 268697856 1074989312 337642000 3222274068 3146241 33562696 134234376 4096 537729088 1073745968 143790592 4194340 8421636 4228 555016798 404031760 2215063872 4 2149056514 2218786828 4194311 8 1243611137 458896 67113130 35651584 1073873218 32 805307008 2151711040 2147484688 277087488 262176 885281 2181431334 1342312858 1614338125 11 671744 2147487760 67108880 1090527234 302530560 294912 302030981 33556536 6291456 33816704 16783408 4194305 4980760 1075118211 1073741828 38144256 1048576 67244162 402653347 142704644 2449473536 268445248 604766208 2097152 3997178248 4234805009 536879650 100663297 2147491840 8401186 2290092064 1048586 603985040 8389120 1 4202656 612368512 103026688 268438048 17113152 268566560 311553 83886641 402784512 5242960 1073741825 1418723362 0 134479905 3758096417 671350788 35127296 2106380 69209088 2315290625 3221233986 139264 268435520 604241921 2162688 2325811200 2621440 3301318661 9478562 2563801155 9 1418830082 92832268 2158846696 1 394048 1049608 1073780736 134283264 1358954656 575537184 335544320 67108899 948043784 3147840 532480 268468740 2172911628 541728 8388616 131587
is_linear=0
shrinkage=0.12


Tree=48
num_leaves=63
num_cat=59
split_feature=7 23 41 35 34 35 35 34 22 24 35 34 34 41 35 35 34 24 34 41 35 34 35 24 41 22 34 22 22 22 24 24 24 41 34 35 22 24 22 35 34 34 21 34 24 41 24 35 21 22 23 21 21 34 23 23 22 21 23 7 1 39
split_gain=21.5915 65.0095 107.477 98.0249 88.231 90.7719 82.8609 82.1276 80.1991 76.6714 77.0521 75.7974 74.1647 70.7965 69.7723 67.8423 93.7174 77.2721 83.1771 71.5963 76.6566 74.6003 97.4688 80.5782 71.6576 69.7654 68.6636 64.7916 64.3047 63.7352 67.274 63.2641 63.2289 63.1836 75.1688 62.3965 61.4685 59.0669 58.9364 58.3467 82.0862 67.1824 54.6886 54.4976 53.5646 52.322 51.0849 50.1646 47.9341 44.9182 42.7549 42.5396 41.9508 41.8939 41.2616 41.201 39.7978 38.5759 34.6922 34.105 122.888 220.142
threshold=0.21484375000000003 0 1 2 3 4 5 6 7 8 9 10 11 12 13 14 15 16 17 18 19 20 21 22 23 24 25 26 27 28 29 30 31 32 33 34 35 36 37 38 39 40 41 42 43 44 45 46 47 48 49 50 51 52 53 54 55 56 57 0.12109375000000001 0.019166666083037857 58
decision_type=2 9 9 9 9 9 9 9 9 9 9 9 9 9 9 9 9 9 9 9 9 9 9 9 9 9 9 9 9 9 9 9 9 9 9 9 9 9 9 9 9 9 1 9 9 9 9 9 1 9 9 1 1 9 9 9 9 1 9 2 2 9
left_child=59 2 3 -2 6 11 -4 -5 37 12 38 -6 48 -12 -14 16 55 28 -19 20 56 22 51 25 -25 -24 -22 52 50 44 -31 43 49 34 58 -36 -33 -9 -11 40 -35 -41 -34 -28 -8 -29 -10 -32 -7 -13 -18 -21 -20 -48 -30 -3 -17 -46 -23 -1 61 -61
right_child=1 15 4 7 5 9 29 8 46 10 13 32 14 -15 -16 19 17 18 27 21 26 33 23 24 -26 -27 31 45 54 30 47 36 42 39 35 -37 -38 -39 -40 41 -42 -43 -44 -45 57 -47 53 -49 -50 -51 -52 -53 -54 -55 -56 -57 -58 -59 -60 60 -62 -63
leaf_value=2.1147208014508771e-06 -0.00073810413977909721 0.00019693836339256288 0.0005114471942588532 0.00041163352422554894 0.00021103599943174379 0.0001005223931111952 0.00019071913410360531 -0.00045138878828731882 -0.00010936088163099122 -0.00010937478122591634 0.00015898108786857292 0.00034707271338804544 0.00028508294904031344 -8.4196893325312695e-05 1.994160392732062e-06 0.00025303509091729667 0.00032042157251071509 -0.000341363519349377 8.7081520794082882e-05 -2.164470952993187e-05 0.00052883185526554069 -0.00013830761876878803 -8.4575183269373564e-07 0.00030577585528249385 -0.00010217842389447232 -0.00037622155408917758 -0.00037821776252017642 -0.00022713544763803341 0.00014000171357377895 0.00042210145967252712 -0.00028937075520080267 0.00040829737672314331 -0.00017434772400644539 -0.0003305865843544772 -0.00047527867477827643 7.5563414822892282e-06 8.693776393892793e-05 0.0002670423635265216 0.00025605077308472614 0.00013610188680987379 -8.2695620888759965e-06 2.6139193496666428e-05 -0.00057049899944398982 3.6515849276540239e-05 -0.00050245747237851683 0.00020721607183261514 -0.00010439570042058462 0.00015910913080839588 0.00048632072917153662 -0.00017030986571660027 -0.00027910370021805102 0.00056226101647724209 -0.00027939197022654937 -0.00055491857762808919 0.00049922111341460214 0.00059173169489254657 -0.00030379186498374639 -4.4020590636583122e-05 -0.00068372341856598419 0.0015174867145722496 1.3162770878794885e-05 -4.8952050545489237e-05
leaf_weight=414230 595 689 863 669 674 704 430 427 1104 1023 2039 428 1338 21999 9923 220 450 945 817 433 1029 435 979 861 5957 2379 562 684 729 1069 525 1839 1030 1218 951 6443 3912 1049 2229 8649 7894 58469 1290 2247 555 3605 440 2095 877 704 546 645 1086 1774 1505 736 818 667 612 4603 88129 118477
leaf_count=414230 595 689 863 669 674 704 430 427 1104 1023 2039 428 1338 21999 9923 220 450 945 817 433 1029 435 979 861 5957 2379 562 684 729 1069 525 1839 1030 1218 951 6443 3912 1049 2229 8649 7894 58469 1290 2247 555 3605 440 2095 877 704 546 645 1086 1774 1505 736 818 667 612 4603 88129 118477
internal_value=1.66436e-05 0.00119543 -0.00215241 -0.0172389 -0.000337598 -0.0022173 0.0130502 -0.0121205 -0.017628 -0.000472298 -0.00407003 -0.0191397 0.00716975 -0.00641663 0.00373636 0.00279428 0.0114266 0.00743424 0.000453202 0.00183777 0.0111777 0.000801776 -0.00837209 -0.0120141 -0.0044978 -0.0272047 0.014536 0.00553191 0.0228007 0.00742013 0.0161794 0.0109753 -0.0263279 0.00202213 -0.00782207 -0.00353226 0.018178 0.00564512 0.0132353 0.00311324 -0.00589215 0.00433666 -0.0376672 -0.00378587 -0.0121153 0.0136991 -0.0279639 0.00574466 0.0314124 -0.00293701 -0.00261899 0.0257614 -0.0128459 -0.0384905 0.0340872 0.040167 -0.0196571 -0.0248946 -0.0377337 -0.000312931 -0.0015539 -0.00400318
internal_weight=800303 174864 56520 6058 50462 44258 6204 5463 4794 40132 27290 4126 12842 24038 11261 118344 11792 10367 7137 106552 10627 95925 11254 10176 6818 3358 9589 6192 3230 5341 3689 8560 3452 84671 8441 7394 5751 1476 3252 76230 9112 67118 2320 2809 1652 4289 3318 2620 1581 1132 996 1078 1903 2214 2234 1425 1038 1222 1047 625439 211209 123080
internal_count=800303 174864 56520 6058 50462 44258 6204 5463 4794 40132 27290 4126 12842 24038 11261 118344 11792 10367 7137 106552 10627 95925 11254 10176 6818 3358 9589 6192 3230 5341 3689 8560 3452 84671 8441 7394 5751 1476 3252 76230 9112 67118 2320 2809 1652 4289 3318 2620 1581 1132 996 1078 1903 2214 2234 1425 1038 1222 1047 625439 211209 123080
cat_boundaries=0 3 11 19 27 35 43 51 55 59 67 74 82 90 98 106 114 118 126 134 142 150 158 161 169 173 181 185 188 192 195 198 202 210 218 226 230 234 238 246 254 262 264 272 276 284 288 296 298 302 306 308 310 318 322 326 330 332 336 341
cat_threshold=17771205 1033402608 2684388352 135168 1075904596 268473344 478167041 2164269072 1342185480 18874624 16814080 872485120 8712 2181038213 71565313 545260560 1610613008 536870912 131584 2148671500 3076 1073762340 1073807616 16590 3221233666 2097152 135171 88344320 768 792072 4354 2147483650 1082261569 1074274368 73984 134221826 2147484928 128 2707494928 42106880 1082130689 2151678144 8519681 2147488260 69214288 134220800 1077936642 1024 16794624 1174536208 34735173 1389432832 1698048021 1023429124 8 2209142948 1078985845 270303344 2 278953992 2686976008 2097152 0 1207959560 607649824 1066 84721666 134222528 687919120 16777216 2147485768 2149849089 268697857 25088 281022466 18874368 2147491840 72908809 1074266144 270532609 72351744 313888 3360686081 33554816 1073743872 32768 1141899265 671238148 268505281 2068 135266305 1342195712 67151872 58869888 5184 16392 8458752 4735105 4360192 131760 1074020352 51388417 2147483906 536875009 37879809 4206912 3145728 70 8196 2147561476 302186752 362496 794656 67224136 1090839075 157459496 572589481 2 3221356570 537143808 150995072 71581696 155713538 2097408 35840 1051648 289669132 2097248 3221750832 6144 33587292 16777224 545259523 22528 18939904 106560 2147549217 1073873152 336634368 37748760 3230666752 2097152 4194308 4456450 16425 1074794753 2179714 2147618816 1092747296 83920896 16528 2147581952 16785410 1610612992 9437313 35651904 136843264 3719296 522358676 573317381 2223030480 67108992 138444801 135528448 3240395393 285213696 2283798544 69271584 16777344 748851736 2417562962 67686480 1 2688548888 4194320 152192002 16777728 1048582 157417472 1048584 17564800 2532912 3239269633 840306965 1 186802858 1108960512 2468354569 739394325 1143671820 2956994054 8 1946618408 141394694 307230 16833933 3980527113 76628522 3223089988 2382406171 2456027232 4 2099232 4720640 0 1073766400 1352990720 8586240 72614408 328385 537399361 144 1212153856 16386 273682512 67633344 268457984 659968 369098768 1342717952 67141637 262192 167805460 1207959824 536870912 67240067 1711411704 1495269892 823280690 10 2167482448 939533580 2385658128 4 2687042330 1147933192 470583814 9 3678784 2688647169 4112 536872964 8519744 1072 19677218 33587200 17858576 16520 16 199168 536870920 276365568 4196376 1967744 1092620354 0 2147614720 2147748352 16 270075008 742723608 610304 2495874880 1639950091 1343356992 301989888 4200576 67649544 1476526592 76616064 2181038080 67108880 549978496 2824030338 2687410177 3 16810008 1342178304 80220164 16779601 180224 0 2147485716 8912960 3815414025 1147179034 159394944 1 1392525328 4194827 1376516 411082753 526464 33554434 67109888 1024 2952798963 3656650642 42188815 571867188 749093089 4 953172000 2153776385 1149124891 8 1546802849 1348620704 2764295846 2421241280 134299656 1260077056 1052677 536870912 8192 44073040 2105856 2 2692743426 33587718 1292110087 10 1779488050 3258975233 1495400900 10 1065492 2417246213 16859138 6 1580470659 3930628822 1174454290 1074036743 1225458199 13 65536 0 0 1 268435456
is_linear=0
shrinkage=0.12


Tree=49
num_leaves=63
num_cat=58
split_feature=8 1 39 39 34 23 22 38 41 41 34 41 34 41 35 35 35 38 34 35 19 41 34 22 34 35 34 41 35 34 34 41 35 41 35 41 22 34 19 34 35 41 34 23 34 3 5 34 41 35 34 19 41 34 35 35 22 22 34 40 22 41
split_gain=21.3798 69.5141 209.723 147.473 107.75 103.747 103.038 130.221 102.47 101.414 100.939 99.2068 96.5126 92.0779 91.5372 90.4839 87.4508 87.2227 87.9014 83.429 82.2452 76.798 75.199 74.3388 91.8834 85.2522 89.4907 88.5429 80.6506 86.8287 83.1841 91.5762 82.5603 76.878 76.2863 77.4673 73.0518 72.9533 72.9179 72.056 72.0208 71.5249 77.1017 71.1481 70.5774 69.2576 113.586 94.4465 87.324 86.1353 84.8443 93.1527 85.3585 80.0648 78.696 76.7263 75.7432 71.6025 70.7256 69.8549 82.223 86.1317
threshold=0.36035156250000006 -0.012500000186264513 0 1 2 3 4 5 6 7 8 9 10 11 12 13 14 15 16 17 18 19 20 21 22 23 24 25 26 27 28 29 30 31 32 33 34 35 36 37 38 39 40 41 42 0.042500000447034843 0.59083330631256115 43 44 45 46 47 48 49 50 51 52 53 54 55 56 57
decision_type=2 2 9 9 9 9 9 9 9 9 9 9 9 9 9 9 9 9 9 9 9 9 9 9 9 9 9 9 9 9 9 9 9 9 9 9 9 9 9 9 9 9 9 9 9 2 2 9 9 9 9 9 9 9 9 9 9 9 9 9 9 9
left_child=1 2 4 11 -1 13 7 15 -7 -8 -9 -3 40 -6 22 -4 43 18 -10 -12 -15 -16 -14 24 34 26 -26 -27 29 -25 31 -30 -33 44 -5 -36 -19 -18 -35 -29 -11 -17 -43 -13 -32 46 50 57 -49 -50 54 53 -53 -52 -2 58 -57 -48 -54 60 61 -47
right_child=45 3 6 23 5 8 9 10 17 12 19 16 14 20 21 41 37 36 -20 -21 -22 -23 -24 28 25 27 -28 39 30 -31 33 32 -34 38 35 -37 -38 -39 -40 -41 -42 42 -44 -45 -46 59 47 48 49 -51 51 52 55 -55 -56 56 -58 -59 -60 -61 -62 -63
leaf_value=0.00019462975024603095 -0.00057319017606113443 0.00063231837306325887 0.0002819437555380876 -0.00072208781889114321 -0.00059177883098407891 0.0002914813658360475 0.00041047294801901301 -0.00023798292293456056 0.00046306200437307057 -0.00015902145413649284 -0.00021227641836547669 0.00020933304886982997 -0.00048706070815046485 -0.00068920510955534225 -0.00015117475177896166 0.00021319427010700327 0.00040515777406633036 -0.00015586726838111656 -0.00011865823026293664 0.00028108660859573197 0.00019197342546412152 0.00013312894602255992 -3.0556934470675323e-05 -0.00030135459886397164 -0.00039039093805197275 -0.00035086045836794862 0.00022349922958365173 9.7745821760454978e-05 -0.00049490951444067135 0.00016037572155752348 -0.00032599776447867716 0.00023082953641529694 -0.00013400058436646627 0.00010225044872803783 -0.00056767279303229193 -8.4015336086952201e-05 -0.00060160310318423734 7.0579811109053691e-05 -2.5995418090570185e-05 -8.1822523884262594e-05 0.0003593340973908456 -0.00056317185611185828 -0.00015414681630156779 -0.00052628678374026013 0.00023103056786238438 -0.00013189874134099543 0.00012856112079296552 -0.0001493493768094899 -9.3895512074289609e-05 8.7237724808878327e-05 0.00033699832814499753 -0.00030491317668295632 -0.00074255852133463609 1.7391769623603877e-05 -0.00014301041987815625 -0.00013500650135784935 3.590587372825863e-06 -0.00019922890662390515 -0.000168120334116099 5.9954442388940229e-06 -3.020609401277622e-05 2.6861252185631514e-05
leaf_weight=2763 998 2267 1010 668 845 937 3055 914 608 573 855 752 531 433 1808 982 2707 2210 3945 6116 5085 27040 2963 957 557 2777 3333 4967 1253 8587 776 1259 7684 6879 835 3859 4977 29705 61478 28528 3879 1023 6995 1650 4750 2917 431 863 1001 8952 1205 3915 637 10121 6627 11456 25046 1152 3386 356137 76911 32773
leaf_count=2763 998 2267 1010 668 845 937 3055 914 608 573 855 752 531 433 1808 982 2707 2210 3945 6116 5085 27040 2963 957 557 2777 3333 4967 1253 8587 776 1259 7684 6879 835 3859 4977 29705 61478 28528 3879 1023 6995 1650 4750 2917 431 863 1001 8952 1205 3915 637 10121 6627 11456 25046 1152 3386 356137 76911 32773
internal_value=3.19377e-05 0.00093691 0.00388138 -0.000392214 -0.00614439 -0.00935964 0.00766673 0.000100516 -0.0156324 0.0110634 0.0116247 0.00633111 0.00931152 0.00314352 0.00702479 -0.00898024 0.00474128 -0.0186862 -0.00565168 0.0165488 0.00881012 0.0092474 -0.0112949 -0.00218426 -0.00616128 -0.00418778 0.0126704 -0.00599934 -0.000249906 0.0101967 -0.00143701 -0.0115909 -0.00730318 -3.41016e-05 -0.0209006 -0.0154016 -0.0269204 0.00638046 -0.0011356 -0.00428686 0.0258602 -0.0128096 -0.0165579 -0.0172991 0.0135645 -0.000393146 -0.00375871 0.00674461 0.0107499 0.0139328 -0.00581326 -0.0041866 -0.00666247 0.00552478 -0.0176771 -0.00502356 -0.00328641 -0.0205391 -0.0207286 0.000151043 -0.00245407 0.00230575
internal_weight=800303 255775 79547 176228 21803 19040 57744 17895 12677 39849 7885 37081 36794 6363 32342 10010 34814 11740 4553 6971 5518 28848 3494 139147 45524 40162 3890 36272 93623 9544 84079 10196 8943 73883 5362 4694 7187 32412 68357 33495 4452 9000 8018 2402 5526 544528 75790 12399 10816 9953 63391 55766 44440 11326 7625 40525 36502 1583 4023 468738 112601 35690
internal_count=800303 255775 79547 176228 21803 19040 57744 17895 12677 39849 7885 37081 36794 6363 32342 10010 34814 11740 4553 6971 5518 28848 3494 139147 45524 40162 3890 36272 93623 9544 84079 10196 8943 73883 5362 4694 7187 32412 68357 33495 4452 9000 8018 2402 5526 544528 75790 12399 10816 9953 63391 55766 44440 11326 7625 40525 36502 1583 4023 468738 112601 35690
cat_boundaries=0 5 10 18 22 26 33 41 49 57 65 73 81 89 97 105 112 120 128 135 142 150 154 162 170 178 186 194 202 210 218 226 234 242 250 253 261 268 276 284 292 300 304 312 320 328 336 344 351 359 367 374 382 386 390 398 403 407 415
cat_threshold=1083 134217728 32784 226513432 3763405061 66619 402653184 2129920 8392716 2421161989 1358954496 610279424 800 541098540 570949648 50331680 1476919552 65536 2361344 636691596 2041905168 15 1140851706 4226555904 603979839 2 1895956480 67109154 1259520 100692480 151062552 519 32768 538986624 1140884480 1061896 538990596 268435456 539230272 2147778624 8392720 540673 547358724 8389128 821248 2197832720 1589256 33573888 16809984 65555 37748816 4194432 2517637152 2168991744 32 402661632 4224 268435712 2684362753 3122671616 2629638 537919492 134217728 335577088 34605072 36904 590084 8388608 67127370 536870912 529472 2169516096 335906 1 0 805307392 2231377928 5259304 2707464 135450624 46203137 37757056 2147500144 268959746 75890688 75514944 75628608 5275664 262224 4734976 1075322880 2148007938 2283274240 541216 263176 67641360 82452 6144 268595200 1575936 268469760 4718592 209715718 50352256 1575424 8196 0 1126528 3326366464 17023128 1073741824 264588 0 16799904 541066250 256 1094713344 536872192 33604136 75497730 537692672 8486916 2684878848 536903936 1084228640 2101760 49376 33619972 0 67141888 10560018 135203 16785472 1342636068 65728 2131972 4718592 37751200 3372220448 143398976 2099460 203423808 65536 402924224 8232 9441280 4194368 545292328 458752 16780308 2182002688 179480426 3087565312 8 20520 68096 1140994178 540706 268697606 1048576 1078100009 528 272671264 17216 6144 1082195971 4259841 34880 269221908 540736 92536832 1075838976 2132009 1024 4329488 272629760 100728832 4198756 10502176 8388608 1075841536 266248 2157970450 1074020512 17531008 18874496 266497 32864 1073750033 270344 135302144 197632 592445444 109056000 41963536 675546112 4104 134742018 2100 16777216 2148552768 200960 554106880 1073741824 1074020867 1141112836 1073758208 67108996 547360832 68683788 4194827 145 5316609 133632 214152 8194 8405128 270337 4196352 406851584 18350592 75565072 524289 8929930 2147516544 19137536 2160078848 4194322 306315264 302252033 1099436560 268959751 20971648 524288 67272705 1116930 2147484419 593920 285231104 1308688384 160 67108864 75497474 2885730336 4726788 1078069274 545325056 1073741824 2281701376 1049740 2516583945 1337328384 1909457945 1583138 2097169 1610743824 34668800 16 0 77005954 33554701 524288 1103631360 134284306 151072832 14339 603983882 1048648 2701132289 2228224 9177633 1081344 3422568448 268697600 102776848 786720 1056777 268698656 1076265016 16777217 2147811328 2282226696 0 73728 17842208 268437760 4203009 67109376 128 604803136 310519808 70216 1610613248 604061700 1075055368 100672512 33554433 16777224 1375799552 2163712 338452554 2283447107 2479887360 4 301991960 6529 603987976 64 75665440 16 771 8454192 1080564228 2315255828 256 8393736 679542924 65536 327744 1081352 83456 8389636 536871952 1644303360 688914592 2161115146 1073741824 5242881 1120404480 4243712 0 262144 352387585 537395332 2183145525 262656 41992224 8921100 1090551824 136577025 0 805437440 1413611556 4333824 0 109068547 100680192 30792 67571784 25239568 400 33024 4262400 68157440 2432989312 8390656 2646148 272630016 4259842 268437504 128 675614720 2986360832 65 117788672 26239112 1 34944 1075316806 25169920 12783628 3195904 327752 134225920 8832 1050016 268435968 1090555910 4194688 987424 40960 724992 2684912641 554939216 2830237757 10 1091586473 1208011008 59311121 7 524288 192 128 282133104 2684357125 98338 65544 18874369 2571112193 268784128 251985977 32832 8519686 637880 267944480 2693300224 11 33816832 168296456 2952791168 78774273 33882148 4194320 344002568 128
is_linear=0
shrinkage=0.12


Tree=50
num_leaves=63
num_cat=58
split_feature=8 38 23 34 1 22 41 35 34 34 35 41 35 41 34 34 22 34 22 34 23 24 24 24 24 35 22 24 23 34 7 0 34 24 22 35 24 22 24 24 24 21 22 21 34 23 21 39 19 22 41 35 34 41 34 34 23 41 22 34 23 34
split_gain=20.1605 109.243 87.6036 85.4754 77.9391 77.8732 73.6865 78.8402 89.7626 70.9303 72.4617 70.5775 71.6686 69.4756 77.1477 68.8257 68.2707 76.9919 65.9603 65.6428 65.0817 69.8589 64.0885 63.1422 62.8214 61.1043 61.0309 60.6581 56.4945 55.848 55.1873 53.7313 55.3803 53.004 53.0003 50.4923 52.1828 52.3979 49.9501 48.866 48.0453 48.2471 45.4401 45.3269 41.7404 40.2975 39.4909 38.6104 76.5087 76.8987 94.2428 86.1026 79.5993 75.0806 71.6171 64.9724 63.5319 59.8785 59.253 66.3981 61.5411 58.9452
threshold=0.079101562500000014 0 1 2 0.014166666660457851 3 4 5 6 7 8 9 10 11 12 13 14 15 16 17 18 19 20 21 22 23 24 25 26 27 0.23046875000000003 0.14392089843750003 28 29 30 31 32 33 34 35 36 37 38 39 40 41 42 43 44 45 46 47 48 49 50 51 52 53 54 55 56 57
decision_type=2 9 9 9 2 9 9 9 9 9 9 9 9 9 9 9 9 9 9 9 9 9 9 9 9 9 9 9 9 9 2 2 9 9 9 9 9 9 9 9 9 1 9 1 9 9 1 9 9 9 9 9 9 9 9 9 9 9 9 9 9 9
left_child=1 4 3 25 5 28 15 8 -8 10 -9 29 34 14 -11 -4 17 -14 43 -18 21 -7 42 -12 -15 -3 -27 -20 -1 -5 -6 32 -2 -28 -13 -17 -37 -38 -31 -36 -34 -42 -22 -10 -24 -43 -35 48 55 50 56 -52 -53 -51 -55 -33 -50 -56 59 -57 -61 -60
right_child=31 2 6 11 30 20 7 9 18 13 23 12 16 24 -16 35 19 -19 27 -21 22 -23 44 -25 -26 26 33 -29 -30 38 -32 47 40 46 39 36 37 -39 -40 -41 41 45 -44 -45 -46 -47 -48 -49 49 53 51 52 -54 54 57 58 -58 -59 61 60 -62 -63
leaf_value=0.0013193406436641003 -0.0041157491482010644 0.00070179932070356355 -0.00085737812508559672 -0.0010168268991421136 -0.00063145633404675095 -0.00094789913501587173 -0.00070675260568003255 0.00077552767081414027 -0.0008384073122265905 0.00078458745277312954 0.00044237305223840943 0.00056599084354707252 -0.0008929426918207117 0.00014160884864701403 0.00017555988228706412 0.00044224984562204903 -0.00036070551689358003 -0.00020298820195079566 0.00041868554264069905 -7.4513325879417294e-06 -0.00066318005270190575 0.0013072193794424177 0.00083441967392464567 4.1463184261499931e-05 -1.2297695751318574e-05 0.00045689761887990636 -0.00050052613459990484 -5.9357500936138823e-05 -0.00097262950295667634 0.00020940764589588308 0.0016768776508026514 -0.00018993617548090892 0.00047009061349345731 -0.00035533881460180454 0.00048691835379673185 -0.00050557539194430099 0.00048643864190155394 -0.00020818385934699761 -0.00048263960866554498 -0.0001900493221454778 0.00015340206056758569 -0.00023827974725363743 0.0021450934681273154 -0.00014773224174382862 0.0039682121041135048 -0.0032126861711697262 0.00032108937040972507 1.8694731188685469e-06 0.00060498165359786484 -0.00024580334365379146 0.00023123665774846424 0.0001670792858842382 -3.5149492243619846e-05 -0.00017885938435177896 9.0016776629700193e-05 -0.00030391142479658595 0.00013179763784019024 -4.065532520298582e-05 -4.6080537609151789e-05 0.0002868693648175357 -4.7731480772897995e-05 0.00022896801894424737
leaf_weight=420 445 599 698 534 783 647 555 888 432 790 1431 647 554 10855 3717 616 1917 3543 815 12451 528 1333 435 3027 23393 800 566 1906 811 548 178 1062 860 442 415 782 567 1378 1383 963 688 419 858 834 2385 816 743 604857 565 4474 1662 2752 24635 4353 5054 542 1239 51755 1050 546 1321 4041
leaf_count=420 445 599 698 534 783 647 555 888 432 790 1431 647 554 10855 3717 616 1917 3543 815 12451 528 1333 435 3027 23393 800 566 1906 811 548 178 1062 860 442 415 782 567 1378 1383 963 688 419 858 834 2385 816 743 604857 565 4474 1662 2752 24635 4353 5054 542 1239 51755 1050 546 1321 4041
internal_value=4.90312e-05 0.00177173 0.000385274 -0.0052977 0.014789 0.0189729 0.00320176 0.00449615 -0.0105402 0.0060472 0.0189922 -0.00784255 -0.00552531 0.0042562 0.018243 -0.0123464 -0.0078779 -0.0215235 -0.00417103 -0.00397218 0.0244337 0.00638551 0.0328876 0.0126711 0.00240981 0.0132068 0.00500973 0.00636661 -0.00859207 -0.0269842 -0.0173208 -0.000161539 -0.0156037 -0.00755527 0.0158468 -0.00511474 -0.0121358 -0.00153293 -0.0172311 0.00241722 -0.00914488 -0.0196589 0.0115021 -0.0266666 0.0433051 -0.033777 0.00691724 -9.12791e-05 -0.00221467 -0.00317966 0.00176122 0.000103229 -0.001511 -0.00550207 -0.00440187 0.0086494 0.0282819 -0.00326288 0.0125879 -0.00292439 0.00785521 0.0199177
internal_weight=800303 87167 78789 26105 8378 7417 52684 48643 4542 44101 5346 22955 20490 38755 4507 4041 18465 4097 3987 14368 6186 1980 4206 4458 34248 3150 2551 2721 1231 2465 961 713136 3228 1751 2025 3343 2727 1945 1931 1378 2783 1923 1386 1266 2820 1235 1185 709908 105051 96489 30853 29049 27387 65636 61162 8562 1804 56809 7500 2409 1867 5091
internal_count=800303 87167 78789 26105 8378 7417 52684 48643 4542 44101 5346 22955 20490 38755 4507 4041 18465 4097 3987 14368 6186 1980 4206 4458 34248 3150 2551 2721 1231 2465 961 713136 3228 1751 2025 3343 2727 1945 1931 1378 2783 1923 1386 1266 2820 1235 1185 709908 105051 96489 30853 29049 27387 65636 61162 8562 1804 56809 7500 2409 1867 5091
cat_boundaries=0 8 11 19 22 30 38 46 54 62 70 78 86 94 102 106 114 118 126 130 133 137 141 145 153 157 161 164 172 180 183 187 195 198 201 205 209 212 214 217 219 227 230 232 237 244 248 256 264 272 280 288 296 300 308 312 320 324 332
cat_threshold=1261512 278528 0 0 134217728 536870912 2147483776 8 3456850944 206980589 17309968 5120 540674 2432701586 1114369 69732352 2147484672 638586880 263201 3071 67616 268436480 131088 302252036 1572864 14850 67174401 1074811540 35782808 32768 1082393856 2156790080 67584 67502208 0 2684355328 1073881092 11534978 167904513 0 2214596608 69952 2176 536870942 3221618688 16795649 41976224 16777281 545260032 289415200 2952790016 2684354570 2181038272 50528256 35131456 3 2232550080 12848 1141907456 268435464 1048576 196617 8194 2147745800 268503044 135528448 136 134292514 8486912 90604032 286343168 32768 279048 2147746054 2214592528 4360 2174746624 2622736 134221824 528 1073742848 2298495140 2684354624 151028738 134285312 83954946 3221225552 1638528 2151695361 10616832 136323120 135168 1209139202 16768 524288 1817313281 2149589130 2152464385 1075314752 16777728 1024 10487810 1375905920 11018308 2718433299 8 2181111808 553648384 516 6586372 16809986 4325571 66 33587456 1094095952 2755675152 3087410715 8 42207232 33554512 1611923456 134381568 671092892 268435468 12648704 5308420 3141540481 548798473 411537409 14 10226064 20808004 584649304 1197506946 749260179 2181054978 3 551127374 547147890 2362512 4 2354184828 1310816 2462911890 6 67371008 50332192 605233248 0 269528064 278531 3238003712 50462722 3852210730 1494224896 6766628 3 139116546 311005584 2309557272 9 2754064976 575935499 243876104 67141632 159778309 65536 67108868 1073741832 67514704 524360 1048576 9633921 75499536 11010306 34080768 33562624 16384 3407874 38052864 276871744 27590274 2835564547 1529348618 570507590 1204650624 1 536872128 33554496 4587658 268451856 1087119488 50855936 4194560 42008640 1346872321 546458632 746064420 575211538 2185413692 297078918 307565585 545462080 430449720 2 3246502436 2350907473 2333769888 6 1812076800 1788627220 75806284 26591484 129667074 110592 1142326802 3377673118 67507204 2289617708 145489920 2190475276 136348416 0 469803008 1921 0 16777216 1476723168 1781810185 1094219536 2235008896 1494278724 69169 4096 0 8393227 273743872 0 32768 2215642112 2106386 973293784 33554928 540688 69683 2264532545 3191898626 11 269484032 147457 822542848 263168 272629888 8388608 268437568 100948386 8652032 541097984 67174468 40 6291684 3222274052 591392 262402 134788352 0 402784272 2147484160 268443648 2751537152 1074286592 19932260 1048577 3027344 19136521 67109920 142606464 260 2416050496 34603012 9600 0 310378496 840151112 135172 536870912 536871040 24118342 336592898 65536 196626 16386 684040256 3221749760 2147520512 1057440 423896114 1175077520 1880295945 14 17039396 1140850688 2249214016 1187846 2147614720 536873496 1048584 2364424 3257551904 2969751622 42408484 2 655368 570441744 2705588264 4097 1409 65540 131269 16793608 6399138 1699516703 3221225984 12 2149580800 8389632 67150340 79955972 524330 5952 34080802 41943104
is_linear=0
shrinkage=0.12


Tree=51
num_leaves=63
num_cat=52
split_feature=5 39 34 35 34 22 23 24 24 34 35 19 34 35 22 24 23 23 24 24 22 22 22 0 34 22 24 23 21 22 34 21 7 39 1 1 1 7 7 39 34 1 19 34 35 24 34 34 35 35 19 22 39 22 23 24 23 23 22 22 24 1
split_gain=25.1982 79.0342 75.4539 70.1222 69.657 65.1873 59.9269 60.1895 58.2229 62.6754 60.7448 62.6321 71.6913 57.7959 52.6865 52.6378 60.9278 51.5887 41.3217 39.3153 38.7177 36.2797 34.0985 31.8729 70.0946 59.1925 56.057 38.4414 29.2179 27.6024 26.7529 24.0778 23.9996 94.0245 148.161 91.4908 153.236 94.1212 71.3097 304.991 84.4777 79.6499 72.1993 84.9529 70.009 66.9419 85.7468 73.962 81.9199 73.5188 72.3243 71.2451 66.0258 65.8458 65.4052 63.9835 67.8279 58.0155 57.3612 56.8451 50.6963 49.786
threshold=0.037499999627470977 0 1 2 3 4 5 6 7 8 9 10 11 12 13 14 15 16 17 18 19 20 21 0.16491699218750003 22 23 24 25 26 27 28 29 0.31640625000000006 30 -0.014166666660457848 -1.0000000180025095e-35 0.012500000186264517 0.40234375000000006 0.23828125000000003 31 32 -0.07416666671633719 33 34 35 36 37 38 39 40 41 42 43 44 45 46 47 48 49 50 51 -0.007500000298023223
decision_type=2 9 9 9 9 9 9 9 9 9 9 9 9 9 9 9 9 9 9 9 9 9 9 2 9 9 9 9 1 9 9 1 2 9 2 2 2 2 2 9 9 2 9 9 9 9 9 9 9 9 9 9 9 9 9 9 9 9 9 9 9 2
left_child=1 4 15 5 -1 -4 28 -8 9 -5 17 -12 -13 -11 -15 30 -17 -10 -7 -19 -9 -18 -20 24 -2 -26 -27 -28 -6 -29 -3 -22 38 34 -34 61 37 -37 -25 40 -40 52 43 -43 -44 46 -35 48 -47 58 51 -49 -41 -52 -51 57 -57 -42 -48 -50 -54 -36
right_child=23 2 3 8 6 18 7 20 10 13 11 12 -14 14 -16 16 21 19 22 -21 31 -23 -24 32 25 26 27 29 -30 -31 -32 -33 33 45 35 36 -38 -39 39 41 55 42 44 -45 -46 47 49 50 59 54 53 -53 60 -55 -56 56 -58 -59 -60 -61 -62 -63
leaf_value=-0.00080431576867204268 -0.0028386789124337868 0.0020425095326585783 0.00070851769307514348 -0.00060739658533628114 0.00041997730547858138 -0.0026344513076138362 -0.00082874558146649375 1.8063058681957144e-05 -0.0027369738314168297 0.0021228225000706302 -0.00073689609782048144 0.0016933695608078907 0.00011526351264786113 -0.00023086383719495793 0.0011160514626131464 -0.0025354611013455059 -0.0017275963702256482 -0.0016697631039062901 0.00038396195204104658 0.00028946832814945544 0.0058533874039044965 3.750746703127128e-05 -0.0015728727655801528 -1.6965068093115209e-06 -0.0021443677411050154 0.0025185449845057609 -0.0022319796724791664 -0.0014961470748583966 0.005800024206028374 0.00132057325275411 -0.00020343908484043335 0.0024400810699895911 -0.00038757745660680738 -0.00024760402626065908 0.0021531282428772784 -0.0026227465091232575 0.0024253599991569739 0.0018463285231479422 0.00021443123047754564 -0.00017561513871077451 0.00039327402859765212 0.00030013148939167354 -4.5345303030714346e-05 -9.3049244323432535e-05 7.0738879298786289e-05 0.00027085111178619267 -9.1790618682344112e-05 0.0003445434436809584 -0.00051309760703737058 0.00014701457696055312 -0.00015893069683348777 7.6716979352450453e-06 5.8093989889748276e-05 -1.9100709459735002e-05 -2.3077446801950197e-05 -0.00024869635959675213 -0.0012306701505325583 -0.00064636588734055464 0.00042591783738525965 -0.00020108012386261148 0.000458869567207396 0.0095871302885680767
leaf_weight=531 436 223 541 553 205 428 646 449 426 654 691 984 6942 1056 2434 524 428 313 338 706 338 738 465 644679 727 532 426 323 738 519 425 585 863 2162 279 368 929 190 708 358 433 843 5849 5834 51278 548 549 900 1337 4338 9883 1761 545 20840 9625 982 2223 1091 1213 2729 1334 308
leaf_count=531 436 223 541 553 205 428 646 449 426 654 691 984 6942 1056 2434 524 428 313 338 706 338 738 465 644679 727 532 426 323 738 519 425 585 863 2162 279 368 929 190 708 358 433 843 5849 5834 51278 548 549 900 1337 4338 9883 1761 545 20840 9625 982 2223 1091 1213 2729 1334 308
internal_value=2.62399e-05 0.00399767 0.000921558 0.00377924 0.0205479 -0.0186995 0.0277295 0.0158423 0.00649109 0.0175069 0.00133412 0.00515934 0.00819349 0.0225794 0.0163107 -0.0192 -0.0303172 -0.0213315 -0.0338857 -0.00640149 0.03 -0.0146689 -0.0172269 -8.7924e-05 -0.0125059 -0.00467898 0.00701983 -0.00674995 0.0526492 0.00814981 0.00981809 0.0440213 -4.04138e-05 -0.00237046 0.0185147 0.0359537 0.0200671 -0.0295713 0.000150972 0.00374706 -0.0235419 0.005997 0.00521706 -0.00658393 0.00659654 -0.00347138 0.00258115 -0.00632044 -0.0205447 0.00566562 -0.00434782 0.0145903 0.0282447 -0.00599317 0.00273917 -0.0293356 -0.0389804 -0.00890621 0.0286809 -0.0264247 0.0371232 0.0759931
internal_weight=800303 22361 18869 16531 3492 1772 2961 2018 14759 4697 10062 8617 7926 4144 3490 2338 1690 1445 1231 1019 1372 1166 803 777942 2963 2527 1800 1268 943 842 648 923 774979 58822 2937 2074 1487 558 716157 71478 5437 66041 63804 6677 57127 55885 17887 37998 4614 15725 33384 2661 2237 30723 13963 4729 3205 1524 1762 4066 1879 587
internal_count=800303 22361 18869 16531 3492 1772 2961 2018 14759 4697 10062 8617 7926 4144 3490 2338 1690 1445 1231 1019 1372 1166 803 777942 2963 2527 1800 1268 943 842 648 923 774979 58822 2937 2074 1487 558 716157 71478 5437 66041 63804 6677 57127 55885 17887 37998 4614 15725 33384 2661 2237 30723 13963 4729 3205 1524 1762 4066 1879 587
cat_boundaries=0 5 13 21 29 33 36 40 44 52 60 67 75 82 86 90 94 97 100 103 107 111 115 123 127 131 134 136 139 147 149 154 159 167 174 182 190 194 202 210 218 226 233 237 242 246 250 254 258 261 265 269 272
cat_threshold=65536 134217728 16384 159383577 3489726465 1073774592 42336273 144736256 525376 16787490 1611661440 8388898 395776 278528 2418016264 1073741955 2785018369 2147483672 131616 143135780 4128 973150337 406847488 285868064 2048 306184840 2150631489 0 32768 3848438336 289752581 302580115 12 2149786656 240014656 2366806544 212090918 285290510 568399313 9 549718546 1078808849 290556956 11 622870528 67112960 335546368 117481472 147584 131072 386597376 21005316 2684420128 150996992 536889376 852100 268458020 4198474 65536 32832 0 61865984 13751296 136445992 537196562 64 278528 137494796 67109120 1880096768 335546369 282625 69206032 100799488 16644 536879648 562040960 606078016 32 25182400 1146098754 32768 2282728454 844382560 2685419527 4 562201004 1078801411 2164290115 2 207749120 1325460169 260571143 3 877725217 2315259394 2168030217 3224404386 205656601 959778576 1092093189 420520456 2149593346 4118827200 1636344329 2189445976 4 677433519 1795424773 50496897 1 311241096 3222798416 135315968 3 8390790 8458240 0 1312000 270024704 109579024 37752960 1048640 20841603 3959652384 470020386 2 741363849 34618312 806555728 1 879070290 1030292675 1613299712 2149582978 1812235425 536944652 50361878 1637352448 32768 8388624 8421376 1024 2 0 34 133120 558441536 4230349451 0 134217728 0 8388616 2147483648 65536 134217728 0 8388616 2415919104 2584758592 6402 84148224 537137152 52580352 2147483778 138412032 64 1 41943040 16778240 83888163 461676544 1611096064 81980 41947266 67127328 2973761540 2129920 603979968 1073743112 2684387328 33559072 278659584 16777281 1040 1611006208 67125760 1082130448 1090527744 44828672 2202981475 1150420001 2707423296 11 33718272 135269376 67915776 1376800 1073741866 1409286144 270336 2250768 278528 4194304 536871553 69223424 19204096 201592832 2200043850 2097416 17412 4263936 65552 524353 1411383328 2181201921 2296909824 1049088 2155876368 1073777281 64 293604352 49157 134217729 684032 8449 0 35127296 2146308 33558640 587409408 151388514 24800 3226867736 271504454 475041872 1 0 133184 4210704 16781329 1048577 134527810 79185960 2550207567 10 1209884690 555753988 1697794758 12 1108017712 966149714 746787840 3 537397917 827130512 1397309826 2 2419398385 1080038704 1074403584 2684616852 151790356 1214716753 12 1812881481 1143107088 376472080 4 18108432 1128403256 642978638
is_linear=0
shrinkage=0.12


Tree=52
num_leaves=63
num_cat=58
split_feature=5 38 35 41 35 21 22 23 23 35 22 22 22 21 21 21 6 4 19 41 35 41 22 41 35 41 23 22 23 22 23 22 4 19 22 39 41 35 35 23 23 18 23 23 35 39 21 21 23 41 21 35 19 23 41 22 35 41 22 22 21 41
split_gain=20.0625 89.3931 80.8312 74.9204 52.8829 49.9934 57.5523 52.9305 48.0898 47.9586 44.4825 43.323 38.846 28.7818 24.5402 22.477 21.8463 21.6003 180.196 88.2395 80.9988 77.3783 69.5287 81.6265 78.8277 77.259 67.8623 64.7554 62.0045 60.5419 64.6168 58.9032 57.5272 184.485 96.3165 93.2901 61.3093 61.2595 58.4274 55.3577 54.6414 54.5369 50.9763 50.9009 47.5027 47.4437 45.881 45.351 44.9844 38.4893 37.6164 34.8259 34.5635 59.652 82.7478 66.3988 63.8036 61.5127 71.9974 56.8417 56.3729 53.2832
threshold=0.025833333842456344 0 1 2 3 4 5 6 7 8 9 10 11 12 13 14 0.3801411241292954 0.029166666790843013 15 16 17 18 19 20 21 22 23 24 25 26 27 28 0.035833332687616355 29 30 31 32 33 34 35 36 37 38 39 40 41 42 43 44 45 46 47 48 49 50 51 52 53 54 55 56 57
decision_type=2 9 9 9 9 1 9 9 9 9 9 9 9 1 1 1 2 2 9 9 9 9 9 9 9 9 9 9 9 9 9 9 2 9 9 9 9 9 9 9 9 9 9 9 9 9 1 1 9 9 1 9 9 9 9 9 9 9 9 9 1 9
left_child=1 8 13 -4 14 6 -6 12 -1 -8 16 -9 -7 -3 -5 -12 -10 18 21 31 29 -2 23 -22 26 -26 -24 40 -25 -21 -31 -20 33 36 37 38 -19 -35 -36 47 -23 -39 -38 -37 -41 -33 -47 -29 -43 -32 -46 -44 53 54 55 -34 -56 58 60 -58 -55 -59
right_child=17 2 3 4 5 7 9 11 10 -11 15 -13 -14 -15 -16 -17 -18 32 19 20 22 27 24 28 25 -27 -28 39 -30 30 49 45 52 34 35 43 42 41 -40 44 -42 48 51 -45 50 46 -48 -49 -50 -51 -52 -53 -54 57 56 -57 59 61 -60 -61 -62 -63
leaf_value=0.0058658340728208981 0.0011470841405247674 -0.00022339788430835651 0.0028925708134566698 -7.1618382313662351e-06 0.0016454550765183408 -0.0015033838306597149 -0.0020546404945370423 5.963193308750773e-05 0.001691921117301873 0.00028071705213879886 0.0044929285091453615 -0.0022337161755674453 0.001414422430306149 -0.0030323182239096807 0.0018630783140738084 0.001394766062661553 -0.0020460695433680907 -0.00099016501033058436 0.0010095068352551722 0.00058309920399055059 -0.00082306548176311767 0.00041079752185060533 -4.1927575874111899e-05 0.00037571855048961563 0.00022854503537715959 -0.00028461454473449095 -0.00098278021369279387 0.00044009068012729825 -6.6473180001613629e-05 -0.00062700222063557663 -0.000253291570845063 -0.00030345361348888347 -0.0001099328806719139 -0.00082742706585095939 -5.9669588957645478e-05 -0.00019953514347292311 -0.00055519285302553902 -0.00053835733891615366 0.00099551725991662903 0.0010736308382282604 -0.00028113560626944335 0.0010815464365637355 0.00046883038888194406 0.00045492117405065855 -1.3005122272127094e-05 -0.00032983407423669474 0.00071307753858861457 -0.00031504581159297118 0.00012392173733907511 0.00043387106542012326 0.00066463493047892426 -0.00010987550107443778 2.610699832811176e-06 0.00011631219809167607 8.2043846955946688e-05 0.00020243909985240911 -0.00010209981699907085 -0.00011400726118388329 0.00015217714480704589 -3.0897807461219218e-05 -0.00020136978604359129 -7.3230781531295055e-07
leaf_weight=646 666 316 730 323 886 438 450 725 155 1465 431 1831 750 481 626 622 267 554 695 935 957 681 666 2225 1716 14541 1602 651 4585 713 601 776 807 404 327 647 830 623 2444 904 1667 534 542 1708 918 325 540 839 1046 1028 1442 1568 598151 785 2418 1977 12758 4322 4046 27101 1114 84782
leaf_count=646 666 316 730 323 886 438 450 725 155 1465 431 1831 750 481 626 622 267 554 695 935 957 681 666 2225 1716 14541 1602 651 4585 713 601 776 807 404 327 647 830 623 2444 904 1667 534 542 1708 918 325 540 839 1046 1028 1442 1568 598151 785 2418 1977 12758 4322 4046 27101 1114 84782
internal_value=2.65398e-05 0.00508255 -0.000146124 0.00340941 -0.000191839 -0.00404452 0.00806255 -0.013099 0.027173 -0.00367407 0.0149293 -0.0228037 0.00779995 -0.0363411 0.0260978 0.0280563 -0.0176957 -4.48576e-05 -0.00277353 -0.00676379 -0.00853926 0.0136041 -0.0107573 -0.00121866 -0.0147532 -0.011809 -0.0356842 0.00988473 0.00341248 0.00923075 -0.00112147 0.0156388 9.95876e-05 0.00862409 0.018949 0.0284936 -0.0142384 0.000137434 0.0434207 0.017927 -0.00640675 0.00807221 -0.00723575 0.0107985 0.0266666 0.00312156 0.0223032 -0.00127826 0.0198995 0.0120658 0.0175042 0.00271439 -3.00705e-05 -0.0017265 -0.00532203 0.0146781 -0.00664286 -2.14593e-05 0.0117844 -0.00779213 -0.0074725 -0.000810628
internal_weight=800303 11142 9021 8224 7494 6545 2801 3744 2121 1915 1475 2556 1188 797 949 1053 422 789161 39673 31905 29569 7768 26292 7767 18525 16257 2268 7102 6810 3277 2342 2336 749488 11227 7733 5126 3494 2607 2771 4754 2348 2203 2940 2355 3264 1641 865 1490 1580 1629 2360 2110 738261 140110 45061 2784 42277 95049 5945 39859 1899 89104
internal_count=800303 11142 9021 8224 7494 6545 2801 3744 2121 1915 1475 2556 1188 797 949 1053 422 789161 39673 31905 29569 7768 26292 7767 18525 16257 2268 7102 6810 3277 2342 2336 749488 11227 7733 5126 3494 2607 2771 4754 2348 2203 2940 2355 3264 1641 865 1490 1580 1629 2360 2110 738261 140110 45061 2784 42277 95049 5945 39859 1899 89104
cat_boundaries=0 8 16 24 32 34 38 42 45 53 57 60 64 66 68 70 77 85 93 101 105 113 121 129 132 136 140 144 148 152 159 163 169 177 185 193 197 201 208 211 214 222 228 230 232 235 243 245 253 260 263 271 274 282 290 294 298 300 308
cat_threshold=9649868 2099204 199744 33554688 2097160 0 2147762184 1088 537149440 2686861316 118790 2147483648 15384 196676 65540 5120 603980036 6325313 147521 133284 570458624 1073743936 278536 1052673 21004800 33562704 2214600704 2376746 327744 16385 268468224 19399048 2164867579 2098924993 1416217733 9012289 1897153568 2 86892745 2889090052 273979404 2 2149611542 34108673 3477309953 1073741826 219152514 63439232 134217728 134348800 0 2115025 2 1074339846 860135456 1351829956 1 2021720592 545461044 1298313984 46352401 2714416150 3680 2 87483264 3243861008 2869646082 808594496 634327429 672237082 0 20979977 68198434 67108881 50335776 33787912 81984 1611137024 3276928 67113090 16896 10684448 1621098756 838861825 3072 2312320 98306 262161 168820864 33557580 2148564992 33623041 33685504 2147502080 604012672 17041408 318767130 1073741824 134218880 2684879105 12713984 2229011941 4095557648 67437136 4 17826176 1074267137 33620232 557060 3221233680 524288 67649542 44302592 33554689 2148008220 2147622912 4100 67158016 75629089 2218786914 1114116 256 536870912 276832320 1125257221 2952822790 89194496 1077940224 50855936 136439336 721445926 1357398529 3894084742 17328157 3230836865 1 8534313 875586661 3827958976 4 331788 612696111 707773600 2 447770757 806356722 1371538433 1 1360396397 337806432 2184192593 1 0 44054031 167870464 167821384 67373076 8392768 264 272898823 1142227968 335806480 4 2424920 0 0 1342182405 3490447364 1 67113344 16814112 262312 100663328 537141258 0 2156921104 1 873201680 268436480 40116256 1350631424 1074003968 134235136 2147484192 67141633 9216 268445696 68190208 134217728 411373572 84426752 4096 2752514 269865121 1510579756 33784852 8 190925040 3490349072 210802307 2 262144 14 1074266368 0 0 1 4194306 1704485125 2169536805 2100689 1112556801 2215661655 189014174 1073742340 536887324 907026497 65696 33554432 18898963 545259520 72 1042 268566528 5242952 1207967769 273694722 1 3406903568 856233172 1482626642 644225349 575448150 3532998848 725632256 17039489 671099152 623104 2155874369 8448 2415919104 0 261 1950779038 543180989 128 520110218 70516744 3154944 20983808 16384 0 8 0 45089545 75563027 25625 285212834 16648 16736 414367987 59671088 149170432 2129921 2151940192 822083592 2155874344 16810497 9044000 1056776 2162720 2149310488 1079067936 2022452480 268436489 1073741920 66564 2147762176 1074003970 1078067712 1631592740 4609 5246976 67109120 17958928 2415923216 550506512 1376640 12582976 786568 2155872768 388601978 1724539905 6 1441301512 269486912 941289040 2 3788512192 564110721 9060352 8388676 679485448 33818880 1291845664 4198402 1058825 71303200
is_linear=0
shrinkage=0.12


Tree=53
num_leaves=63
num_cat=60
split_feature=0 34 24 22 5 40 24 21 22 24 21 21 35 22 34 41 41 34 24 34 34 24 24 41 24 34 34 24 24 21 22 21 21 22 21 21 24 21 24 22 34 41 35 41 34 35 35 34 41 41 24 24 34 41 35 35 24 24 24 21 21 35
split_gain=19.4063 61.9048 53.0728 53.6051 39.9683 57.6905 36.2691 26.4376 26.1566 23.6158 24.072 21.0331 18.9184 81.8341 99.3704 80.1926 78.2575 67.8055 64.064 57.2711 56.3034 63.7999 55.8825 52.6147 52.2533 81.9545 64.231 50.3364 49.6545 47.6343 42.5689 38.3825 35.2888 34.5235 34.3956 33.8257 33.5143 28.9882 26.2605 24.2775 77.5866 90.3555 73.3234 68.748 89.0868 70.1135 66.008 67.1934 66.7277 60.1941 56.1738 52.7466 44.1122 65.5928 62.2269 59.0554 64.6819 57.6989 57.009 46.4204 39.6633 39.1289
threshold=0.11267089843750001 0 1 2 0.014166666660457851 3 4 5 6 7 8 9 10 11 12 13 14 15 16 17 18 19 20 21 22 23 24 25 26 27 28 29 30 31 32 33 34 35 36 37 38 39 40 41 42 43 44 45 46 47 48 49 50 51 52 53 54 55 56 57 58 59
decision_type=2 9 9 9 2 9 9 1 9 9 1 1 9 9 9 9 9 9 9 9 9 9 9 9 9 9 9 9 9 1 9 1 1 9 1 1 9 1 9 9 9 9 9 9 9 9 9 9 9 9 9 9 9 9 9 9 9 9 9 1 1 9
left_child=1 -1 7 -4 5 -2 -7 -3 -8 10 -5 -11 13 14 28 18 27 22 33 32 21 -18 34 -22 25 -19 -26 -16 37 -24 -21 38 -20 -15 -17 -29 -33 -6 -30 40 41 51 50 44 -42 -46 48 -48 -45 -44 -43 -14 53 54 59 56 -55 -57 -56 -41 -53 -54
right_child=4 2 3 9 12 6 8 -9 -10 11 -12 -13 39 15 16 17 20 24 19 30 23 -23 29 -25 26 -27 -28 35 31 -31 -32 36 -34 -35 -36 -37 -38 -39 -40 52 43 42 49 46 45 -47 47 -49 -50 -51 -52 60 61 55 58 57 -58 -59 -60 -61 -62 -63
leaf_value=-0.005502639273827519 0.0049060989840355 -0.00018089383252084044 0.0012545747195452312 0.0020438102838113334 0.00022771869203490143 -0.0018693046423922997 -0.0017376211484567408 0.0022158166622167903 0.0024968424344513937 -0.00047841088639444582 -0.0031652527900108275 -0.0055510889466986908 -9.5711849545099666e-05 0.00036732559449219944 0.00013731715916442361 0.00034885619120403707 -2.3353385346933394e-05 -0.00017898065146671935 0.00045638349030812769 -0.00022481231577185443 0.00022869627680495344 0.00029270350699221818 0.00012213769771277614 2.855363238937422e-05 -0.00017878350303884478 1.496038295778625e-05 -5.2957600173677515e-05 -0.00037519688707639254 0.00010499342481635572 -0.0001236428205507623 3.2588592858878899e-05 -0.0001092138891744048 6.1240909339896829e-05 0.0001286782261723842 6.4085381213868409e-05 -8.8337692495093893e-05 -0.00039927744519602221 -5.3000438082416867e-05 -0.00014491673483181156 0.00033165921678486403 0.00029721245611779418 -0.00011902060687509736 -0.00023251388418772179 -0.0002101680421695749 -0.00016610421306832135 6.2037590845061762e-05 5.3575895672359727e-05 -5.0406503549911226e-06 -3.3490884424358266e-05 -6.593973987826775e-05 0.00017899796299686389 3.4878947528054642e-05 2.4420737554525788e-05 8.1437795196729116e-05 5.2212579353212412e-05 9.8801391040182065e-05 -0.00011781734496725126 2.6888502620691348e-05 -0.00020285923748864402 -3.3578253355679612e-05 0.00032118132884823123 -8.6944364775266504e-07
leaf_weight=422 690 318 564 217 322 316 203 500 579 219 444 560 767 555 570 755 899 1852 325 793 1845 1997 1570 17482 4565 13792 28481 593 315 1679 1383 447 427 720 666 795 606 501 588 443 1463 912 2702 1650 1614 12770 19751 139779 21782 20710 2107 666 46720 1707 1268 14442 3637 30958 3050 674 1062 380114
leaf_count=422 690 318 564 217 322 316 203 500 579 219 444 560 767 555 570 755 899 1852 325 793 1845 1997 1570 17482 4565 13792 28481 593 315 1679 1383 447 427 720 666 795 606 501 588 443 1463 912 2702 1650 1614 12770 19751 139779 21782 20710 2107 666 46720 1707 1268 14442 3637 30958 3050 674 1062 380114
internal_value=1.75432e-05 -0.00924213 -0.00270993 -0.0132143 5.52529e-05 0.0179664 0.000648595 0.0228433 0.0145087 -0.0254545 -0.0083803 -0.0395954 1.49382e-05 -0.00168214 0.0037728 -0.00423725 0.00624478 -0.00549501 0.0117011 0.00187753 0.00827344 0.0238514 0.00830413 0.00592585 -0.00682025 -0.00110373 -0.00952508 -0.0166903 -0.0176711 -0.000404765 -0.00800729 -0.0280488 0.030157 0.0340326 0.028053 -0.0289714 -0.0436056 0.00704184 -0.0095737 0.000216782 -0.000804577 -0.00660999 -0.00867224 4.04381e-05 0.00761964 0.00473464 -0.000616481 0.000257236 -0.00656202 -0.0109426 0.00890793 0.0151735 0.000698349 0.00385898 -0.00865797 0.00520135 -0.00672142 0.00660618 -0.0151871 0.0164747 0.0267586 0.000282256
internal_weight=800303 3244 2822 2004 797059 1788 1098 818 782 1440 661 779 795271 84523 26960 57563 24181 53360 4203 2928 22223 2896 4670 19327 48690 15644 33046 1958 2779 3249 2176 1956 752 1275 1421 1388 1053 823 903 710748 227735 28926 26431 198809 15847 14384 182962 159530 23432 23412 3019 2495 483013 56179 5435 50744 5344 45400 4318 1117 1728 426834
internal_count=800303 3244 2822 2004 797059 1788 1098 818 782 1440 661 779 795271 84523 26960 57563 24181 53360 4203 2928 22223 2896 4670 19327 48690 15644 33046 1958 2779 3249 2176 1956 752 1275 1421 1388 1053 823 903 710748 227735 28926 26431 198809 15847 14384 182962 159530 23432 23412 3019 2495 483013 56179 5435 50744 5344 45400 4318 1117 1728 426834
cat_boundaries=0 8 12 15 20 24 26 29 33 35 37 45 49 57 65 72 80 84 92 100 104 108 116 120 128 136 140 144 146 149 151 153 157 159 161 165 167 171 175 183 191 199 207 215 223 231 239 247 255 258 262 270 278 286 294 298 302 305 307 309 317
cat_threshold=570458112 132105 134217740 2147483713 536871122 1141375169 512 1179680 52464032 3494058594 2734710788 6 822215049 1099498757 710169680 33557765 269287424 150995072 268496928 14700557 12058688 3559096844 289416320 10 1075154968 284745293 169869312 2173715464 280073 147403284 186148125 268699528 8 1091064341 3642916864 134654411 2097192 2097408 4198610 536870915 134709248 19136512 138477580 589824 34349440 3951165440 139092598 4912176 10 2214596608 3229614080 77866291 10 537002001 263174 872415236 2097152 1114112 303120576 41943552 262144 268435969 1048604 1657811080 67108872 69210132 33570816 285212680 134517092 8388704 1075201160 1082138624 8 72351744 13961063 262144 1638416 1074004992 18440 132161 4028907780 3435544617 671690818 4 411172864 16947208 1 0 29888576 2240 469811328 8978432 134349152 406847488 524296 607232 34824 39321600 2167543296 262273 6464133 607160706 197138257 5 2828092780 1085423621 50501761 3 1281 3758358848 1703936 33562624 2154891272 142671940 2101248 393348 3796375108 605723682 2148204897 3 6291841 2550136833 33562752 2148564993 19161088 26625 656417 16384 1879050240 538976256 1073905664 1174405700 1073742084 562073666 1209270272 67108992 691897096 33603813 67657739 9 3524098 570955816 160487192 8 1283635104 2247518557 338694197 8422657 4111728706 2848055333 507911919 1698779487 1380253957 6900116 655655945 3053518850 1 2700989537 1238133624 3848304388 1161481344 394397820 2165710848 2250768547 6 1082706178 3037353122 1644177408 1208026773 302459012 2 1628589962 403537952 676038752 10 17827844 218104353 403178529 2151682048 4784668 512 134742016 8519688 524880 68747266 4800 262160 427851908 177209360 9 9438208 268583445 41943040 268443728 536873092 1108934948 806354944 4114 1 24 71303185 335554560 1073741954 41943041 83891200 8978945 45367298 2396193 2050 3254779904 1024 42209600 142606358 276824600 16789504 134252032 1572868 1073741824 67109398 3628105732 33821824 67145728 99330 4210692 11550720 20484 536873288 537461250 268435456 69472802 20971529 2281701379 8192 51380224 1605656 294912 135528448 610566420 85463040 134234112 9437184 1610613904 16388 134938624 46153890 1813254144 720896 19005704 641 268453888 536870912 1140850705 4276296 33581824 69210370 2147569793 2689937498 491948060 3367899716 83959816 910173040 12 34605056 16777345 405144608 75632640 768 536887296 134743041 79708186 71368704 5276675 25563392 8388608 2214598672 20 134758402 9440256 32832 2225342720 64 2451050512 4194816 3407872 6297604 2164768 6144 786432 10240 1589282 71830028 537264160 173047826 132608 75948068 654619024 859890184 3 121653377 3627980800 438862072 4 18140298 269492938 966001112 122042389 1699814720 1445039065 325401856 147855491 262400 55296 1073742082 268962306 537133056 1073745952 523
is_linear=0
shrinkage=0.12


Tree=54
num_leaves=63
num_cat=58
split_feature=8 34 24 35 23 24 41 40 22 19 35 23 23 24 23 23 22 23 23 23 21 24 23 23 21 21 24 21 3 8 41 40 41 34 35 34 34 22 41 35 35 41 35 35 34 35 24 22 23 34 19 34 34 34 24 23 24 41 3 34 19 41
split_gain=21.6595 73.5638 82.3132 75.1301 73.8166 70.046 65.8642 65.4489 78.514 77.3329 79.5577 67.7681 66.5448 65.0945 60.4117 59.9557 59.1651 56.3035 55.5125 50.1874 48.4205 48.3016 48.2284 46.3119 43.0866 36.8032 35.0369 34.1837 30.6003 140.683 98.2541 91.4761 82.7457 79.5314 77.0442 83.3929 76.311 71.761 86.1593 78.7784 76.545 70.042 70.0003 69.3294 80.1446 68.3639 67.772 67.6558 67.0735 71.2143 67.0629 73.3389 65.7403 65.6333 65.1488 64.7962 64.227 63.0325 59.2768 97.7294 87.5879 82.0522
threshold=1.6142578125000002 0 1 2 3 4 5 6 7 8 9 10 11 12 13 14 15 16 17 18 19 20 21 22 23 24 25 26 0.10916666686534883 1.0625000000000002 27 28 29 30 31 32 33 34 35 36 37 38 39 40 41 42 43 44 45 46 47 48 49 50 51 52 53 54 0.075833335518836989 55 56 57
decision_type=2 9 9 9 9 9 9 9 9 9 9 9 9 9 9 9 9 9 9 9 1 9 9 9 1 1 9 1 2 2 9 9 9 9 9 9 9 9 9 9 9 9 9 9 9 9 9 9 9 9 9 9 9 9 9 9 9 9 2 9 9 9
left_child=28 2 23 5 27 -3 14 8 19 15 12 -12 -11 22 -5 -9 -6 -15 -7 -8 -16 -17 -10 -2 -20 -18 -21 -4 29 58 -31 33 54 46 -32 42 45 38 -35 -39 -40 -41 -36 44 -38 -34 -30 -48 49 -37 51 -45 -42 -52 -33 -46 -43 -50 -1 61 -61 -60
right_child=1 3 4 6 16 18 7 9 13 10 11 -13 -14 17 20 21 25 -19 24 26 -22 -23 -24 -25 -26 -27 -28 -29 31 30 34 32 36 37 35 48 43 39 40 41 52 56 -44 50 55 -47 47 -49 57 -51 53 -53 -54 -55 -56 -57 -58 -59 59 60 -62 -63
leaf_value=-3.3716446654308456e-06 -5.3025129399155387e-05 4.6731254174183637e-05 -1.1565284031871394e-05 5.445716437176404e-05 -8.6864091821770768e-05 -0.00026287720706136481 -8.8627620733094757e-05 -0.00018765048598924804 0.00014251152993806387 0.00030611790753387694 -2.1592381046447375e-05 4.9417884864003946e-05 7.2219451602779634e-05 -1.1655229686593742e-05 3.3610665384847263e-06 -0.00014362924153456965 0.00019341248121643062 -0.0001874404055259115 4.9714681310436615e-05 0.00019387361652129753 -0.00020230753069759515 3.4360349909378487e-05 -4.5964774483822671e-05 -0.00027196658173134572 -0.00014155230107286957 5.532269375089937e-06 3.8818243503348839e-05 -0.00021807344314380518 -0.00023289458923426992 -0.00021778710532650362 -0.00016743525372485288 -9.382999119504545e-06 0.00013863529012722781 -0.00027433082445760384 -0.0001391390163205608 -0.00018514413294351258 0.00023743276638117441 0.00016018064654858897 -0.00021710599596412819 0.00012937693562685125 0.00013817912501127498 4.8341909007942638e-05 0.000154366619055303 0.00014018360113377408 -3.2751348447107185e-05 -5.2877174565397926e-05 -0.00023582067834065546 2.5439213483751017e-05 8.3161211878690644e-05 4.9200586058136208e-05 8.8496706147006077e-05 -5.7605155375985842e-05 -2.9267876740203952e-05 1.5591367964855529e-05 0.00020952843568909128 0.00011549498949080586 -3.4072332873821411e-05 -9.7432562565245607e-05 0.00019381495669778975 -1.8312363491041228e-05 4.3346594707413613e-05 -7.2969155832700597e-05
leaf_weight=490979 423 786 317 558 637 575 539 560 430 563 4401 9630 1235 864 444 437 645 1851 426 430 1022 962 915 759 857 724 785 575 1060 2401 3072 1388 1017 1145 573 723 1268 1575 1303 1950 1201 6891 2202 1089 2449 10016 795 1652 1243 5552 8568 7487 8183 51418 3034 5157 14373 12203 1392 20690 80352 13552
leaf_count=490979 423 786 317 558 637 575 539 560 430 563 4401 9630 1235 864 444 437 645 1851 426 430 1022 962 915 759 857 724 785 575 1060 2401 3072 1388 1017 1145 573 723 1268 1575 1303 1950 1201 6891 2202 1089 2449 10016 795 1652 1243 5552 8568 7487 8183 51418 3034 5157 14373 12203 1392 20690 80352 13552
internal_value=1.48443e-05 -0.0030267 -0.0180645 -0.000848594 -0.00709276 -0.0200602 0.00114205 0.00292707 -0.00811533 0.00653932 0.00932517 0.00626361 0.0330165 -0.0172691 -0.0195678 -0.0158904 0.00570859 -0.0279428 -0.0327272 0.0130464 -0.0323139 -0.00246629 0.00433304 -0.0446231 -0.0184401 0.0197248 0.0265036 -0.0355752 0.000142977 -0.000203737 -0.00852454 0.00179791 0.00386597 -0.00298954 -0.00633307 -0.00389195 0.00306371 -0.00133322 -0.00901722 0.002337 -0.00564164 0.000568326 0.0155436 0.00439417 0.0143687 -0.00626889 -0.0202216 -0.00912564 -0.00663457 0.00360743 0.00310088 -0.00681881 -0.00183907 0.00452015 0.0198647 0.00967182 -0.0014326 -0.0114133 0.000179713 0.00261958 0.00395907 -0.00643487
internal_weight=800303 32350 4080 28270 2898 2644 25626 23602 5814 17788 15829 14031 1798 4060 2024 1959 2006 2715 1858 1754 1466 1399 1345 1182 1283 1369 1215 892 767953 634934 27969 133019 92891 40128 25568 22496 88469 36621 11832 24789 10687 23214 2775 77436 8874 11033 3507 2447 19721 6275 68562 8576 9384 59986 4422 7606 21264 13446 606965 115986 101042 14944
internal_count=800303 32350 4080 28270 2898 2644 25626 23602 5814 17788 15829 14031 1798 4060 2024 1959 2006 2715 1858 1754 1466 1399 1345 1182 1283 1369 1215 892 767953 634934 27969 133019 92891 40128 25568 22496 88469 36621 11832 24789 10687 23214 2775 77436 8874 11033 3507 2447 19721 6275 68562 8576 9384 59986 4422 7606 21264 13446 606965 115986 101042 14944
cat_boundaries=0 8 11 19 22 26 34 39 43 50 58 62 66 70 73 77 81 84 88 91 93 97 101 104 106 108 112 114 122 127 135 143 151 159 167 171 179 187 195 203 211 219 227 235 239 243 246 254 261 269 277 285 289 293 296 304 312 319 327
cat_threshold=587204096 1076363328 1073873920 655936 17834502 541067264 16842882 68157696 137127488 1352974489 537096773 16777728 4231680 278528 268699648 2148007936 23069192 37756933 18425474 747148036 2147536004 806313345 1344545936 332804102 965083276 4 806428928 139460640 1140856320 528392 12 553652256 1852544 131072 2697986048 268638208 194183231 51472 8192 220463106 119746116 741871688 11 0 4194304 2202009617 293667928 574685297 8340 319616 542113792 393222 6160 33555072 1093675328 1074266273 17301696 4 2416787633 316211456 3457941836 10 1571430400 13781121 610289620 2 539626754 3366758657 637755412 13 805437452 808557556 545294913 137872400 2718093344 1971355786 2 2235573056 11600141 429961024 3 298468357 385900075 1052903424 545710238 264841 3926392926 3 1613106720 3221618709 2601073673 17895138 67177657 2182619400 3289407570 2241612038 12 96215184 5935652 67167387 1 1189089281 1177667998 541180684 1703156880 2190609925 2187289386 1430131478 2455775232 4103225348 305206378 3 1648197920 195952726 512 4718592 1073741856 2818572288 17695249 65812 268443690 38303744 462425092 268734464 261554347 45120 1 1049105 268566529 2147483778 167776256 17046017 2359336 269496320 35668096 590088 0 301998080 2281705576 2155889665 269221888 34406704 2098209 1573376 8421571 285212674 2147951106 2181070913 1140850696 557068 32 262144 142606880 571544576 266768 131084 42083840 2151678082 33587265 2359298 147466 65796 293732372 201392426 1074790400 171970816 1052672 884211713 4110551367 1129660552 8 2415927428 537919488 17301544 32833 16 1486946304 4784513 1185794 23068672 8396832 1073752128 2415984644 69731104 1342308352 201340928 2178 554242048 117441088 1073741888 66572 169869312 805306368 8458274 33882118 2228256 671088646 1677763072 4200609 4984832 16778242 134348940 2048 1073905666 140780552 4456512 403701780 2101248 9216 801 54525954 12845120 268730497 286724 34144259 138412035 268436096 27267072 65539 2281704448 38797824 1210059264 2149601282 1077412356 528516 65536 524288 2149580801 8492 67108928 185204736 553648128 565728 1073741824 4198420 4554867 704657413 26681572 12 2788884550 2684836865 273682182 2 1305478144 2178514444 806880533 4718736 114816 276824064 3254779904 25166352 2099216 67256864 131360 0 2147485440 152144897 318918752 604110848 16785520 65928 252199440 64 1073762336 16384 1074823168 281550980 196610 4194322 536876032 16910424 8388868 131072 270632 4096 9456200 8388610 536936977 2147483668 675283968 572522496 25792 134793232 1076887616 65792 1151337516 420090117 2540216618 2 3240282662 553743408 1212187091 2 958697988 2983056147 524677 1350828032 33816576 2174748288 1342177280 3762388996 134219264 3179008 1212416 2349859073 2281701672 269484160 33619968 526352 1077972993 2147549337 33816576 0 58736901 67129344 178348048 79691777 545292400 548928 12058724 4327424 2049 2097537 369098880 8650752 336085313 67272704
is_linear=0
shrinkage=0.12


Tree=55
num_leaves=63
num_cat=62
split_feature=25 38 34 41 22 34 41 41 35 34 19 34 35 34 34 35 34 24 19 35 21 24 34 35 24 41 22 34 22 24 41 35 24 35 34 22 24 24 34 24 22 41 21 21 24 22 21 38 41 24 22 22 34 24 41 22 34 24 34 41 24 24
split_gain=16.9272 83.5022 79.9711 77.9993 76.9963 87.9042 86.5489 81.5926 74.536 73.5694 72.2226 78.8597 73.8792 78.016 73.4031 68.1299 67.641 63.7118 63.159 62.9262 62.4967 61.353 61.2307 60.2298 59.7265 66.9972 61.5617 62.6664 59.6316 58.1492 57.9421 57.1965 56.8988 56.4436 55.8796 54.0818 50.5732 49.6296 49.0559 48.5501 55.3242 45.5691 42.8649 35.9219 35.4003 38.8697 35.1252 34.4163 85.5657 76.6996 86.4103 61.3215 59.4176 54.0188 53.1697 54.8865 73.2375 75.3084 68.0945 63.0034 60.077 58.23
threshold=0 1 2 3 4 5 6 7 8 9 10 11 12 13 14 15 16 17 18 19 20 21 22 23 24 25 26 27 28 29 30 31 32 33 34 35 36 37 38 39 40 41 42 43 44 45 46 47 48 49 50 51 52 53 54 55 56 57 58 59 60 61
decision_type=9 9 9 9 9 9 9 9 9 9 9 9 9 9 9 9 9 9 9 9 1 9 9 9 9 9 9 9 9 9 9 9 9 9 9 9 9 9 9 9 9 9 1 1 9 9 1 9 9 9 9 9 9 9 9 9 9 9 9 9 9 9
left_child=47 2 39 35 5 19 21 20 9 -8 11 -9 13 43 15 -14 31 -13 -18 -3 38 -7 -22 42 26 28 -25 -28 -26 -21 -16 -10 -15 -19 -27 -4 -24 -11 -6 -2 -41 -31 -5 -12 -40 -46 -37 48 49 51 -51 -1 -52 -54 -50 56 57 -56 -57 60 -58 -61
right_child=1 4 3 23 7 6 8 10 16 37 12 17 14 32 30 -17 18 33 -20 29 22 -23 36 24 25 34 27 -29 -30 41 -32 -33 -34 -35 -36 46 -38 -39 44 40 -42 -43 -44 -45 45 -47 -48 -49 54 50 52 -53 53 -55 55 58 59 -59 -60 61 -62 -63
leaf_value=0.00016076617180978321 0.00037143688778675508 -0.00033744457411837605 5.9556344148472385e-05 0.000332941847150242 2.264873213000282e-05 -5.6403811257028326e-05 0.00010981314327842165 -0.00025521221650464808 -0.00010592350560731849 -2.2088662912016963e-05 0.00031361869534718645 -0.00014960677404039275 -7.4172262622725007e-05 -0.00020564650998909702 8.6116770104558601e-05 0.00011769993036406805 9.2441588306657613e-05 0.00019710796420888455 -5.2883304508722648e-05 2.7019767903993821e-05 -0.00030577116039095343 0.00016678867233225458 -0.0001293443769486144 -0.00016221156229955528 3.2094213021135916e-05 -0.00010780870562775816 0.00025038829623137259 -2.0632072105794878e-05 0.00037526414894764441 4.3476290147423823e-05 1.8555229071292926e-06 0.00011235268985953213 -3.8787517547962745e-05 -2.3624051535246857e-05 9.1252520737770463e-05 -8.0978129524526598e-05 0.00015382975059030467 -0.00024676380233388617 -0.00041932938276234772 -0.00015785638618099105 0.00022435686689416926 -0.00024023924020222278 -0.00039313850353513217 3.6241044171826279e-05 -0.00030168240436447404 -3.8554795535443853e-05 -0.00044784043941728421 4.647661598540741e-06 -0.00012693435819041484 0.00035946434227177823 0.00021745118688110002 -0.00018250444796181212 -0.00020106261500367107 0.00015419045377112889 -0.00020486769859326439 0.00014467696133973345 -0.00016921785569351498 0.00026945145807575428 -9.8837252240299536e-06 -0.00020323231646341772 0.0001937723164460488 -5.2086440538532089e-05
leaf_weight=922 641 609 533 227 519 767 519 779 668 901 328 1628 946 2006 5149 5813 2021 525 20883 1152 560 1820 548 1517 431 1129 782 2557 755 451 47918 2894 4260 3156 7805 444 1296 2178 542 422 877 2095 563 488 562 622 553 561120 7740 2075 1126 2104 1537 1753 760 5191 904 1561 54793 7269 1942 15667
leaf_count=922 641 609 533 227 519 767 519 779 668 901 328 1628 946 2006 5149 5813 2021 525 20883 1152 560 1820 548 1517 431 1129 782 2557 755 451 47918 2894 4260 3156 7805 444 1296 2178 542 422 877 2095 563 488 562 622 553 561120 7740 2075 1126 2104 1537 1753 760 5191 904 1561 54793 7269 1942 15667
internal_value=2.74395e-05 -0.00120402 0.00610972 0.0035082 -0.00243214 -0.00693968 -0.00480911 -0.000285872 -0.00662322 -0.0228033 0.000696909 -0.0118033 0.00183622 -0.00974344 0.00320866 0.0149756 -0.00441423 -0.00651756 -0.00680747 -0.0230331 -0.015679 0.0162062 -0.00218541 0.00602357 0.00773418 0.0129806 -0.00320459 0.00590867 0.0396661 -0.0170135 0.00170689 0.0109457 -0.0142975 0.00224206 0.00938966 -0.0222568 0.00840514 -0.0298544 -0.0300398 0.0291393 0.0154691 -0.0271149 -0.0260348 0.0249275 -0.0397698 -0.0274916 -0.0386521 0.000274758 -0.00171533 0.00913002 0.0164785 -0.00663592 0.00693766 -0.0012356 -0.00279343 -0.00195462 -0.00632972 0.014042 9.60054e-05 -0.00816934 0.00864938 -0.0102597
internal_weight=800303 133839 19236 17296 114603 36958 32651 77645 30064 3598 72996 6088 66908 7082 59826 6759 26466 5309 22904 4307 4649 2587 2404 15766 14976 10120 4856 3339 1186 3698 53067 3562 6266 3681 8934 1530 1844 3079 2245 1940 1299 2546 790 816 1726 1184 997 666464 105344 9517 6491 3026 4416 3290 95827 88087 28103 2321 59984 25782 2846 22936
internal_count=800303 133839 19236 17296 114603 36958 32651 77645 30064 3598 72996 6088 66908 7082 59826 6759 26466 5309 22904 4307 4649 2587 2404 15766 14976 10120 4856 3339 1186 3698 53067 3562 6266 3681 8934 1530 1844 3079 2245 1940 1299 2546 790 816 1726 1184 997 666464 105344 9517 6491 3026 4416 3290 95827 88087 28103 2321 59984 25782 2846 22936
cat_boundaries=0 4 11 19 27 31 39 47 55 63 71 78 86 94 102 110 118 126 130 137 145 147 150 157 165 169 177 181 188 191 195 203 211 215 223 231 234 238 241 248 252 255 262 264 266 269 273 275 283 291 294 298 301 308 312 320 324 332 336 344 352 356 360
cat_threshold=1342243095 285278209 0 1090519040 1115916 268748560 0 33566720 402689024 1610612743 33570948 537002048 256 1411645696 3359737092 2148537601 9216 271581185 4 2149876264 17301505 131072 526342 536875080 671107172 16777280 14 1511264541 1476657473 3272171587 5 67108868 131073 35655680 2187919626 1610624002 274432 8913442 2048 303104 67109088 822085632 18432 67403776 539034642 1660960776 17318912 81920 537198592 1090519040 268439808 33818640 205791408 90702408 25165824 4 138465800 1073873922 273164288 0 1075839106 278724608 34343424 2157969408 2354577408 12582919 553787456 16777224 37749888 2252603392 512 0 2215657472 2281783296 67108968 637681757 41056 176 4194336 268468229 805309184 33785856 67764224 536871200 268697600 67126540 272642048 2269248 33 1073758338 2185307008 8650752 33554433 12587014 320339968 1073741856 71336402 16924672 65668 4194304 1183760 336256 2097228 4194304 2149588992 2986870788 2621450 1083195904 4227200 10503200 1073743888 1051648 2148032516 285737216 68157445 270684200 288 16794128 1094715459 1074792450 672139264 4129 2293760 8388608 67115016 10637312 60899936 536941894 2896438144 14 0 3321891072 24 8395811 406855748 662749202 262176 33554436 559940100 35718208 8450 18448 2181304324 134219776 16781314 801362627 2463895128 511973383 2150631688 161681487 3791650816 36873219 524324 67110928 1363673096 605159456 4096 67110915 25296904 16777248 33562624 1145077760 537788928 67737600 40960 713165248 1436893265 171989128 11 525504 37879882 1241514114 768 136315776 1075839488 136323080 2097152 5374593 3260366901 2453897554 3 1209008128 1883508744 50374726 512 83886080 269223944 16486 547409958 2520944649 1114530145 101515349 684755398 67447393 10 2097296 1048592 301989898 24704 2164277345 545262149 268435472 4260370 262688 33554464 2182121761 2244632 538443796 269500420 608 4194320 1650610209 817103105 2244392972 8 553714693 10 37879808 24576 201596929 8389706 8388680 8388868 268484608 7168 10256 8 541083780 276824068 38101280 33570850 271220827 1880981552 1108515462 3659874341 553911108 135407496 4 3509068617 2285961856 2435973594 337641472 3792928775 1111491104 0 58990592 2185777153 32 873071621 794585244 2147486769 2 815362864 5269541 810844715 26476804 536875282 12845088 2760900609 16386 0 2181300480 1610703224 2432838656 2206507179 1889577344 1690050716 11286633 8423698 2187968 543903800 343314480 10 2585944443 1177374780 1120640 268699408 1024 570962176 2550185984 6 2376064 8 2097154 2164260864 2147614816 3489801733 1073942528 268435728 822607872 34603144 2155875442 540084040 177501527 317820931 93328133 1392904778 8 204038232 3562836035 71827685 1913136128 270593 1074858120 0 2281777408 33559298 8200 102552329 1241925667 3024224928 8 545914880 67109152 1082196246 68681728 2281718145 299009 33025 16416 2434336010 1344036 3341559880 15 16795912 262144 69206034 63438850 320 603979781 139460864 67150656 2420922506 1161180432 2217804840 8 524304 65792 202272 134222848 1540 174063616 75497858 17387008 33620480 1644568 671105024 16777280 17072176 33557024 1086324808 2098176 390096048 40114178 407597706 4 19202604 164414608 600574305 1
is_linear=0
shrinkage=0.12


Tree=56
num_leaves=63
num_cat=58
split_feature=7 1 1 8 18 38 34 39 34 35 35 34 41 41 35 34 22 34 41 38 34 35 41 35 23 34 41 34 34 22 35 41 22 35 22 34 23 41 23 24 35 41 34 23 41 35 24 19 22 35 24 34 25 34 41 23 22 24 22 23 22 41
split_gain=18.144 82.4296 136.163 222.15 141.179 112.54 105.627 98.0955 89.3619 100.066 90.1036 89.0789 88.939 88.4464 88.4348 83.8636 83.8023 92.2242 88.3914 86.3228 85.6959 85.2142 85.0258 84.594 83.3209 83.1123 81.5282 81.7309 80.9893 79.1739 77.0099 76.2096 76.2001 73.4316 77.0194 84.8144 83.9533 72.9999 72.6374 72.3268 78.0205 71.9198 70.6986 70.6103 69.773 68.0408 67.9384 67.1731 67.1482 65.6841 65.6838 65.6167 62.8996 62.3132 61.1954 60.2978 60.0048 58.2687 57.3384 57.3324 55.0966 52.7643
threshold=0.066406250000000014 0.015833333600312475 0.045833334326744087 0.68066406250000011 0 1 2 3 4 5 6 7 8 9 10 11 12 13 14 15 16 17 18 19 20 21 22 23 24 25 26 27 28 29 30 31 32 33 34 35 36 37 38 39 40 41 42 43 44 45 46 47 48 49 50 51 52 53 54 55 56 57
decision_type=2 2 2 2 9 9 9 9 9 9 9 9 9 9 9 9 9 9 9 9 9 9 9 9 9 9 9 9 9 9 9 9 9 9 9 9 9 9 9 9 9 9 9 9 9 9 9 9 9 9 9 9 9 9 9 9 9 9 9 9 9 9
left_child=1 7 3 4 -3 11 59 13 9 -7 42 50 -8 48 -14 57 17 44 43 23 39 51 24 -18 -22 -25 27 -12 -5 30 -13 -27 -28 -17 35 -35 -36 -31 61 55 -41 -32 -10 -19 -9 -24 -44 -39 -1 -46 -4 -20 56 -23 -40 -21 -30 -15 -52 -6 -61 -11
right_child=-2 2 5 28 6 8 12 16 10 38 26 29 14 15 -16 33 19 18 21 20 22 53 45 25 -26 31 32 -29 52 37 41 -33 -34 34 36 -37 -38 47 54 40 -42 -43 46 -45 49 -47 -48 -49 -50 -51 58 -53 -54 -55 -56 -57 -58 -59 -60 60 -62 -63
leaf_value=-0.00014487984075038808 -2.5824309354257409e-06 0.006008384209188678 -0.00010687560090139137 8.7719733218467907e-05 -0.00053895383036309068 -0.00011210367495806408 0.00022925086364218364 -0.00023726528803971864 0.00010540610048662938 -0.0002285854276978917 -9.5298238875937824e-05 0.00025385622155084706 -0.00034805943970739366 -0.00049663190545947908 -2.5277538220588722e-05 0.00021075785159799636 -0.00016954647089878824 1.0227072108983461e-05 -0.00010041086333333051 -0.00015467794196937146 8.1514322877844191e-05 0.00016318569002071531 -7.0571770681472293e-05 -9.5558228468331827e-05 -0.00020599796112621637 -9.6035513946680269e-05 3.8222656673275091e-05 0.0001342505513965798 -0.0002827776650419125 -0.00032095753175662433 0.0001982416908203707 0.00015101133274477829 -1.0164756105022115e-05 0.00012674059765847452 -0.00012717826890354229 -0.00021633482475805858 4.4848458324288679e-05 -0.00027505129945015744 -3.1612022619552331e-05 0.00012700844017112144 -0.00018085565336737304 -5.1391872854768122e-05 -0.00021490435914155347 0.00031246781073605601 -0.00023203734102763825 2.7667767319399925e-05 -5.183562885496793e-05 -6.206486222615474e-05 0.00032468016187965198 4.3502270177618875e-05 -4.1275113714314332e-05 0.00027068123183767448 0.00022373257478763915 2.995006422693632e-05 0.00018784853178223945 0.00014058162351267931 -0.00071044969291473659 -0.00018508114030641666 0.00025666984899781037 -0.00051600792140021781 -6.6873517362048447e-06 5.1941796559642095e-05
leaf_weight=429 545152 552 678 445 693 1107 1516 826 803 438 680 710 1614 570 13769 880 947 837 531 754 979 3794 5564 1445 2409 1008 16733 4113 720 998 554 11733 35556 745 3583 4451 7783 963 705 733 4815 4305 1409 2087 578 48787 3173 10267 1104 3269 451 2758 229 23515 4945 1532 2169 1464 1080 577 1095 2194
leaf_count=429 545152 552 678 445 693 1107 1516 826 803 438 680 710 1614 570 13769 880 947 837 531 754 979 3794 5564 1445 2409 1008 16733 4113 720 998 554 11733 35556 745 3583 4451 7783 963 705 733 4815 4305 1409 2087 578 48787 3173 10267 1104 3269 451 2758 229 23515 4945 1532 2169 1464 1080 577 1095 2194
internal_value=3.25375e-05 0.000867714 -0.00150881 -0.00968478 -0.00472298 0.000572149 -0.00644947 0.0028252 0.00278844 0.0136964 0.00114662 -0.00738535 -0.00311513 -0.00473241 -0.00585384 -0.00692118 0.00416069 0.00879106 0.010993 0.00196833 8.2335e-05 0.00907938 0.00168101 0.010134 -0.0167294 0.0124581 0.00254738 0.0175068 -0.0372623 -0.0102083 0.00165561 0.015554 0.00117244 -0.00422138 -0.00602389 -0.0181106 -0.000485142 -0.0156078 0.01823 -0.0116849 -0.0190791 -0.00376923 -0.0136743 0.0308992 -0.00699252 0.00283207 -0.019434 -0.0128091 0.0229126 -0.000155465 0.0152904 0.0273008 -0.0440128 0.00687383 0.025899 0.00626629 -0.0488521 -0.029912 0.0290084 -0.0301388 -0.0178147 0.00172464
internal_weight=800303 255151 115241 23379 19816 91862 19264 139910 71856 9389 62467 20006 16899 21009 15383 19476 118901 38195 33522 80706 65573 30598 57739 15133 3388 14186 57082 4793 3563 17797 5569 12741 52289 17442 16562 5196 11366 12228 8282 7834 5548 4859 5385 2924 4673 54351 4582 11230 1533 3847 2209 3289 3118 27309 5650 2286 2889 2034 1531 2365 1672 2632
internal_count=800303 255151 115241 23379 19816 91862 19264 139910 71856 9389 62467 20006 16899 21009 15383 19476 118901 38195 33522 80706 65573 30598 57739 15133 3388 14186 57082 4793 3563 17797 5569 12741 52289 17442 16562 5196 11366 12228 8282 7834 5548 4859 5385 2924 4673 54351 4582 11230 1533 3847 2209 3289 3118 27309 5650 2286 2889 2034 1531 2365 1672 2632
cat_boundaries=0 2 9 17 22 30 38 46 54 61 69 77 85 89 97 105 113 121 129 137 145 148 156 164 172 180 183 191 199 203 211 215 223 226 234 238 242 250 258 266 269 277 285 289 296 300 308 311 319 321 329 337 341 345 349 353 357 361 369
cat_threshold=0 8 1187840 2288029188 196617 5014272 2162705 1610612736 35651856 1073764352 537397252 1073754626 282626 9617416 9216 2818572289 4458496 2151677984 1208133888 786448 8394762 2147483648 2887680 1051842 5275904 6422529 268566528 8229 201394176 33579012 134221960 134217728 35651970 8520724 2415935488 2281832640 7341057 88604672 8396800 2130056 2952806400 271589825 1073742337 138477572 2147620864 327808 268460164 100663314 33554440 2147516712 540017409 4196360 538050688 1312768 2147747840 536875009 3389132864 8 5246984 109060129 5771268 75497476 33557632 4218884 2686451716 8523776 2129928 973086721 17170432 67145730 2147483904 139404 22290 287376136 3145745 64 133120 362496 8256 9220 302649344 17309696 2147615776 103810560 67141696 1212219525 78896958 2583822336 10 285221264 2147484672 2181376512 671088657 16843264 209780736 2490624 71303168 2099456 196864 310640642 8192 276824192 8429632 2433753088 245802 1118976 2586103552 8200 37781760 2099216 1610612736 16404 8 1646272545 1612185600 1180739 16384 17318145 0 939524164 66720 2360368 537141248 268502020 134220160 33563392 537165985 37888 17039360 68 1720352 1073758208 524328 563095684 142770272 786688 4325380 2415927296 537530368 1073752064 553779488 2147489832 5406722 16404 19136576 2248928404 542299328 57600 537920800 268453888 256 403111944 1114624 1342310464 1638600 4210688 0 4259840 68158528 67379456 201345152 415500378 27263232 1049152 8421376 2164326432 537406976 17573120 224 268437504 1073745960 8392832 1059328 147986 2147488008 549470208 134217728 2156134400 8913673 1048577 287738374 3417374464 4325434 536904704 587214848 67108866 262176 0 2884618 2148538560 53252 2415929648 84992 1572866 66 134234144 16777216 1744836613 525056 715694473 2952790016 2290362285 15 8528132 1073774624 2148570112 277876739 201342978 3242196992 16781312 263168 724286291 1411399722 2684887040 3 1182924800 152076289 285212752 3238002692 151808 327696 2148024320 16392 1223164562 1076278313 3028485127 6291776 268566592 537198658 2147483668 65536 54593568 270533384 1085952 541150306 3431010304 2765174108 8 47227904 270731558 780173498 15 262400 2349219906 2147483656 2105345 512 345632 540689 79724800 0 0 1677770754 135267377 67108868 70254592 136560652 540716 17826048 4 3791650820 16 16811392 604080192 288653312 4228096 939524769 2687606020 2378899474 92537856 296960 135012930 268436033 2097160 196608 306184208 4195585 16778752 1064961 32769 134217734 48 541392900 674373633 18486336 134777000 3951034797 65013008 14 0 1109446656 2176880676 33757216 8421393 570433538 65684 156010163 2422220321 2134034 2 135266432 134217728 43271200 1342316561 1052676 33882112 2418016256 8388617 2147991625 3795984418 2685102530 4227072 278462756 0 8994824 805314568 33726720 67174914 2229280 1358954497 285212672 2056 1073809920 2 76660808 2113537 570459152 2433753096 16408 2421215232 4458752 8388608 8193 2363456 524416 1090881680 16426 59802129 701769249 1677874451 2 269513176 570456065 1436189712 1 2168481074 2821166112 2104608 2 2954437120 50857253 404292917 2 1082824273 136327169 82470529 8 2853202732 336730449 1207964435 4 16416 2818606080 268 2151678977 16908288 553779200 134217732 109068356
is_linear=0
shrinkage=0.12


Tree=57
num_leaves=63
num_cat=58
split_feature=3 34 41 24 23 22 21 3 34 41 19 41 23 22 24 24 21 8 23 34 41 34 41 34 24 22 22 19 34 24 24 22 21 23 1 34 19 19 34 40 34 41 23 24 23 22 23 41 34 34 34 24 41 24 34 41 24 22 41 24 24 24
split_gain=19.0531 84.533 75.1258 69.2587 44.0879 43.2419 28.2687 20.1657 86.1485 68.6945 61.4907 63.4936 58.827 54.573 37.1259 33.6558 32.8398 32.0839 79.9274 96.7885 78.3219 72.3141 78.3514 58.834 58.1518 57.9643 57.7385 57.2598 56.8706 54.8591 35.4117 33.9148 25.7413 24.6178 24.4788 63.3965 63.9292 61.1718 88.2513 65.1777 70.4647 66.6783 64.3797 57.2532 63.5226 58.0842 30.1125 75.6155 102.435 74.1822 64.2747 76.1692 63.4472 59.1987 52.2438 65.9167 65.4615 61.6716 41.6873 68.5686 40.8808 25.9672
threshold=0.18583333492279056 0 1 2 3 4 5 0.17583332955837253 6 7 8 9 10 11 12 13 14 1.6220703125000002 15 16 17 18 19 20 21 22 23 24 25 26 27 28 29 30 0.10916666686534883 31 32 33 34 35 36 37 38 39 40 41 42 43 44 45 46 47 48 49 50 51 52 53 54 55 56 57
decision_type=2 9 9 9 9 9 1 2 9 9 9 9 9 9 9 9 1 2 9 9 9 9 9 9 9 9 9 9 9 9 9 9 1 9 2 9 9 9 9 9 9 9 9 9 9 9 9 9 9 9 9 9 9 9 9 9 9 9 9 9 9 9
left_child=7 -2 -3 6 -5 -6 -4 17 15 -10 16 32 14 -14 -13 -9 -11 34 19 -19 -21 29 26 24 -24 30 -23 -25 -27 -20 -22 -31 -12 -33 46 36 -36 38 61 40 -39 -41 -40 45 -45 -38 47 48 53 -50 51 -49 -52 -1 55 57 -57 -48 59 -56 -60 -37
right_child=1 2 3 4 5 -7 -8 8 9 10 11 12 13 -15 -16 -17 -18 18 21 20 25 22 23 27 -26 28 -28 -29 -30 31 -32 33 -34 -35 35 37 43 39 42 41 -42 -43 -44 44 -46 -47 54 50 49 -51 52 -53 -54 -55 58 56 -58 -59 60 -61 -62 -63
leaf_value=-2.6324425015916965e-05 0.00011183756881496715 8.7038451790780571e-05 -0.0001017447337894457 -2.1958755962549367e-05 -0.00027973662331480661 -0.00011330778727944711 0.0001096702333645598 2.5690002505121009e-05 0.00019899887019093717 -3.5469372082708453e-06 -0.0002602766741849148 0.00030708720259887365 8.8952621806346591e-05 -6.2577911158099295e-05 6.1778844736273881e-05 0.00022009015607376832 -0.00020401315531045871 9.3867305978016295e-05 7.0241251489192082e-05 7.9004535947059239e-05 -3.8383085388376554e-05 -9.3120247869540173e-06 -4.6863194676545008e-05 0.00011191125706047393 0.00012266908499173414 5.9013426779935149e-05 0.00021928784423336326 -2.2221491209035788e-05 -0.00011428214945795419 -1.0379512639587723e-05 -0.00027972789611381267 -6.6183516210529237e-05 -3.2867842182623081e-05 -0.00031770128678739417 0.00013340817255680406 0.00037026838721640134 2.2892574996128636e-05 -0.00011459253847781117 4.2285621510956374e-05 0.00018050301602706267 9.2857216535715325e-06 3.3375757463046304e-05 -0.00010552175779875212 -0.00011514190329370141 3.0641472475923437e-05 -0.00020637640521479662 2.6996884102781572e-05 -4.0092887704841148e-05 0.00016908394578419558 -7.9052283637292338e-05 5.2073187158306764e-05 8.3893607192430522e-05 -1.6335712530362622e-05 -0.00046503193867955355 4.127769029154777e-05 3.5593627573512095e-05 -3.2054995712466676e-05 -0.00025482646703862266 2.3201466284985921e-05 -6.5945207857891645e-05 3.1515689973643382e-06 8.2031000209571185e-05
leaf_weight=537 559 554 331 648 658 818 470 319 688 334 325 417 1080 1989 811 697 494 771 420 608 331 423 523 786 1027 553 730 8866 2801 335 1098 332 419 547 595 217 649 2034 1673 2385 15433 33076 3896 1556 3204 1646 1288 8196 1356 14170 14296 17085 162684 1139 9660 18060 38027 2756 125387 20382 266446 708
leaf_count=537 559 554 331 648 658 818 470 319 688 334 325 417 1080 1989 811 697 494 771 420 608 331 423 523 786 1027 553 730 8866 2801 335 1098 332 419 547 595 217 649 2034 1673 2385 15433 33076 3896 1556 3204 1646 1288 8196 1356 14170 14296 17085 162684 1139 9660 18060 38027 2756 125387 20382 266446 708
internal_value=2.20415e-05 -0.008198 -0.015159 -0.0228396 -0.0341573 -0.0456451 0.0072324 6.37474e-05 0.00622573 0.00115085 -0.0030811 0.0019236 0.00754698 -0.00136317 0.0296129 0.0385213 -0.0331428 4.56443e-06 -0.00472187 -0.0160933 -0.0217879 0.000299974 0.00344465 0.000363826 0.0219718 -0.0269531 0.0330643 -0.00312913 -0.0181818 -0.0233292 -0.0472172 -0.0362153 -0.0301587 -0.0486195 0.000128503 0.00231863 -0.00795614 0.00364236 -0.00734091 0.00499131 -0.00100921 0.00794632 -0.0130514 -0.0111561 -0.00362111 -0.026684 -8.09156e-05 -0.00124606 -0.00888114 -0.00582314 -0.000596224 0.00506227 -0.00140481 -0.0369668 0.00044961 -0.00285918 -0.00179041 -0.0176331 0.000921289 -0.0033859 0.00125162 0.0267662
internal_weight=800303 4038 3479 2925 2124 1476 801 796265 7573 6557 5869 5041 4297 3069 1228 1016 828 788692 20151 6162 5391 13989 12355 11202 1550 4783 1153 9652 3354 1634 1429 1214 744 879 768541 67072 7650 59422 6494 52928 17467 35461 5569 7055 4760 2295 701469 219463 17202 15526 202261 25281 176980 1676 482006 60131 56087 4044 421875 30042 391833 925
internal_count=800303 4038 3479 2925 2124 1476 801 796265 7573 6557 5869 5041 4297 3069 1228 1016 828 788692 20151 6162 5391 13989 12355 11202 1550 4783 1153 9652 3354 1634 1429 1214 744 879 768541 67072 7650 59422 6494 52928 17467 35461 5569 7055 4760 2295 701469 219463 17202 15526 202261 25281 176980 1676 482006 60131 56087 4044 421875 30042 391833 925
cat_boundaries=0 8 16 19 23 26 28 36 44 51 59 62 66 70 74 76 80 88 96 104 112 120 123 127 131 138 146 150 154 158 160 164 172 179 186 194 199 207 215 218 222 225 229 232 240 248 256 264 268 276 280 288 296 300 304 312 316 319 323
cat_threshold=2103296 543170644 406323457 1028 2147517480 268439808 1108344864 65536 4194321 16978 9437217 273679168 8519808 268435456 4194562 29376576 751452709 135661697 352432392 1094780801 27295773 3024327427 12 1029701632 2297801323 10113064 420302954 2754119187 2101576 620888074 139493504 67108864 37753473 28688 33280 24577 526352 33554432 131592 8651905 537137154 2181040512 1073872900 2167328 131200 84968448 2150630416 268521482 134217776 1191182392 33296 201327616 18240640 3243264000 100663312 131072 32776 9453568 303105 2387890259 3852571179 40960 1545629720 1342372196 77598878 8 275909762 3812660676 3126329344 1 2686197918 136384520 2957138945 8 793592832 3237088 2149959603 2181039364 1485705356 6 534530 134230016 301991936 3221266433 2151743488 14974977 2214608912 131092 1242661380 67112960 16777472 537002048 1619132484 1075840128 1677754368 4 1660964352 1073741824 19955720 37782336 16777248 1610743808 545260032 8388756 75628580 1074004032 536871072 2181038080 68173888 360976 2269696 32801 2148532224 262145 8675360 1636893728 9216 67187232 8193 4198410 202799104 2552649892 171345411 3222413112 335831361 18933876 4 2835974212 2885697646 302525771 8 0 3223372288 10487313 12293 310386700 42598496 65540 131089 2483096592 4195136 4259866 134348864 17302024 671154696 64 805912592 53320728 201490952 3 1094746881 79968 270533920 6 1141772353 141072656 1351618564 1 2968518656 13021812 1769996288 77212216 537952849 8 1073758218 258 16777408 1209142292 2147581960 1082392576 256 83921552 0 2148018176 2148533760 8405074 671133744 293699728 32 2 3221225472 50398224 310382704 16787546 151007364 33168 565761 1342178432 134746120 21248 1142950980 38281344 66 33554432 956302341 360448 236322946 83929184 2248711 44598528 4128 0 2227707968 1098925057 35651712 16909313 8192 1350566913 132096 71831694 541090304 8404992 196618 0 10504196 2684365016 2230587701 3783266641 36528168 2302834697 2191680834 8 168600724 2173748232 869411476 2510603266 6587429 702673 4 2121283784 125842173 8389632 16384 1049948 2281832448 0 3221232129 1107296259 10650120 10502153 1073759296 1073741829 537133056 3221307416 2164523521 18907148 9699584 327744 575152128 16777216 168960 2371589 0 8392704 2684880448 1103370 8421632 67127568 272777248 1252112 2155872768 134217728 43008 33687680 2166096002 1230045387 438325557 11 1077936144 557184 620759184 0 16842772 17305696 18368673 33816832 2165703189 92279525 654477398 4 3145760 67111184 272640000 570626306 1073747968 138420256 1211105344 33587200 69280001 33752064 525448 2415927296 1224737812 8392704 545333312 16777344 1144340804 151005057 510399648 6 104860208 84148551 1694817637 2 3221226500 8388736 16777232 33554432 70320128 528000 1493707776 38342912 2691835909 659032724 540344504 5 321486986 1083746600 1019304032 269254721 277872641 2348876305 2
is_linear=0
shrinkage=0.12


Tree=58
num_leaves=63
num_cat=52
split_feature=8 3 19 35 25 38 7 1 1 23 35 35 41 38 35 24 3 19 41 41 35 24 41 41 41 19 22 35 35 41 40 39 18 41 41 35 2 41 38 24 38 41 22 22 7 1 39 41 35 24 22 41 39 1 22 23 24 23 22 35 35 23
split_gain=17.1626 85.7853 87.8588 77.708 71.7857 128.761 148.636 227.062 93.1225 116.671 92.0243 89.967 88.1748 86.8171 85.0434 80.2415 79.7995 157.814 90.8289 87.3609 87.775 84.52 78.5078 76.2354 75.9265 75.5708 74.5838 76.7286 75.5704 73.8599 70.3468 144.419 159.038 109.644 98.3892 91.6127 85.4083 134.705 90.2596 78.9844 71.9769 95.9585 73.0458 70.5829 68.6251 128.867 192.233 68.2138 78.7505 67.1918 66.9112 66.3683 64.8706 72.637 64.637 64.1643 63.1669 62.8963 62.8138 91.2428 67.5878 62.6731
threshold=0.52832031250000011 0.0224999999627471 0 1 2 3 0.23046875000000003 0.010833333246409895 0.0075000002980232247 4 5 6 7 8 9 10 0.042500000447034843 11 12 13 14 15 16 17 18 19 20 21 22 23 24 25 26 27 28 29 -0.2158333361148834 30 31 32 33 34 35 36 0.23046875000000003 0.0025000000605359678 37 38 39 40 41 42 43 0.0025000000605359678 44 45 46 47 48 49 50 51
decision_type=2 2 9 9 9 9 2 2 2 9 9 9 9 9 9 9 2 9 9 9 9 9 9 9 9 9 9 9 9 9 9 9 9 9 9 9 2 9 9 9 9 9 9 9 2 2 9 9 9 9 9 9 9 2 9 9 9 9 9 9 9 9
left_child=4 2 -2 -4 16 29 8 13 9 23 -11 -9 -10 15 -14 -8 30 18 -18 -19 54 55 -12 -7 -13 -16 27 -22 -28 -6 31 33 39 -1 43 -36 38 -38 -35 50 41 -32 61 -34 45 46 -31 48 -42 -26 -33 -44 53 -46 -21 -20 -50 -47 59 -49 -60 -43
right_child=1 -3 3 -5 5 6 7 11 12 10 22 24 14 -15 25 -17 17 19 21 20 26 -23 -24 -25 49 -27 28 -29 -30 44 40 32 34 36 35 -37 37 -39 -40 -41 47 42 51 -45 52 57 -48 58 56 -51 -52 -53 -54 -55 -56 -57 -58 -59 60 -61 -62 -63
leaf_value=-0.00026007628950424136 7.3698854736961694e-05 -1.4194519549506034e-06 0.00011534029863181478 -0.00044000492911023073 0.00082037794745130237 6.5241627596267037e-05 -0.00038918273482001545 0.0002919244759109581 -0.00027136307351032451 0.00021489955001361259 0.00025954850157996735 0.00013735966624561378 0.00027710165301082459 0.00037365290579404722 -0.0002652498372900079 0.00016676466043471307 -0.00033944868575901826 -0.00013850261641753963 0.00030547291871223247 0.00021145412323940021 -4.6520937504082092e-05 -7.4269570565511656e-05 -0.00019965237867399505 -0.00047229199144687345 -1.2144207674039406e-05 -3.5347685495509739e-06 0.00031374260377495884 0.00030789597068577268 7.7219765980693404e-05 0.0062541507201506119 0.0004602970209177618 0.00029475666627595668 0.00044487614720046349 -0.00015665036231365983 -0.00054777745310450199 -0.00013202576494598071 -0.00016850930259681055 0.0007142269722707744 0.00023579877513874118 0.00020917951320459851 -0.0005741293892639152 0.00049578285942550196 -0.00031146641376890335 -1.24007795490127e-05 -0.0028837454891241249 -0.00062500150811942775 0.00022176559401738063 0.00019789694962387794 0.00012040318641683338 -0.00041310878361643241 -0.0001771553999809041 3.7251563031643653e-05 0.00016367913084487884 5.0370066302799968e-05 -0.00015505267244828266 1.521918675461076e-05 -0.00017381106227813741 0.00016151262138571761 8.3935138838654564e-05 2.8496746794726119e-05 -1.2755884883807573e-05 9.3006957632223056e-05
leaf_weight=1349 1596 461975 614 3694 656 543 564 546 1567 895 663 692 1440 4654 1201 1347 913 2170 1175 1022 1196 8457 7165 3715 1275 8487 2198 8027 16321 636 2348 703 1062 1704 2353 34321 1191 4267 998 5100 983 2048 1491 2268 450 543 1130 5691 2280 2581 1733 12272 789 405 2256 2741 4809 1226 12575 44146 92786 4300
leaf_count=1349 1596 461975 614 3694 656 543 564 546 1567 895 663 692 1440 4654 1201 1347 913 2170 1175 1022 1196 8457 7165 3715 1275 8487 2198 8027 16321 636 2348 703 1062 1704 2353 34321 1191 4267 998 5100 983 2048 1491 2268 450 543 1130 5691 2280 2581 1733 12272 789 405 2256 2741 4809 1226 12575 44146 92786 4300
internal_value=4.75318e-05 -0.000420876 -0.0147917 -0.0236667 0.000706804 -0.00385716 -0.00644871 0.00478518 -0.0115523 -0.0186983 -0.0107018 -0.0142229 -0.00424352 0.019534 -0.000473962 -0.00205925 0.00138806 0.00594346 -0.00510753 0.0103656 0.0119954 -0.00239321 -0.0148775 -0.0349602 -0.0197368 -0.00452783 0.0141904 0.0230124 0.00978468 0.0127039 0.000516022 -0.00316924 -0.00586978 0.0103224 -0.00888245 -0.0106766 0.0155653 0.0242198 -0.00186388 0.0101113 0.0016481 0.00801566 0.00532525 0.0108438 0.00783663 0.0172689 0.040181 0.000771671 -0.00997525 -0.0263082 -0.00764703 0.000409433 -0.0123936 -0.0350172 -0.00656533 0.0121588 -0.00552597 -0.00562391 0.00133136 0.00484102 -0.000329116 0.0159623
internal_weight=800303 467879 5904 4308 332424 43170 37335 11659 25676 12981 8723 5094 12695 6565 11128 1911 289254 46476 13286 33190 31020 12373 7828 4258 4548 9688 27742 9223 18519 5835 242778 57049 47540 9509 40004 36674 8160 5458 2702 7536 185729 22459 20111 3330 5179 3535 1766 163270 8072 3856 2436 13763 1644 855 3278 3916 7089 1769 155198 49837 105361 6348
internal_count=800303 467879 5904 4308 332424 43170 37335 11659 25676 12981 8723 5094 12695 6565 11128 1911 289254 46476 13286 33190 31020 12373 7828 4258 4548 9688 27742 9223 18519 5835 242778 57049 47540 9509 40004 36674 8160 5458 2702 7536 185729 22459 20111 3330 5179 3535 1766 163270 8072 3856 2436 13763 1644 855 3278 3916 7089 1769 155198 49837 105361 6348
cat_boundaries=0 7 15 17 25 28 36 44 52 60 68 72 79 87 95 103 107 115 123 131 138 141 149 157 165 170 173 179 187 195 203 211 219 223 231 239 243 247 252 260 268 272 276 284 289 293 296 300 303 307 315 323 327
cat_threshold=3 1083179270 37756940 69287948 310419460 805339408 32776 2415951920 2432958472 520 1590272 2685403200 1090813952 591872 16392 65555 1090519040 1261252 268453888 0 528384 268437504 1 278556 1097 2404384768 3351183239 1081344 546316800 66048 268435456 4734985 16516 20971542 17310744 16779584 1073741953 67112962 1073790976 12661248 135398401 2164310020 8519680 25166336 33554528 67633152 23087616 5932042 4194306 67125376 268600320 4099 264 134218752 4296 604013312 2281799816 36 2468874240 8752 134610984 3221292289 133120 2181431296 2168460288 537920512 536871012 4194338 201983033 281280579 127480199 2 65536 3238023438 8398867 33751044 272638010 537657344 16640 268435464 170393600 624952320 1077936160 277118992 50331906 806354968 67109248 268435492 1179716 268572672 2147483720 4456449 698485760 16781393 33619968 268436484 536953856 838943744 142608513 1074922082 4194436 134217728 2162752 275531779 985673226 139988200 8 4718720 5244928 2099200 34242752 541065220 23072004 131080 33565184 537920000 33572482 2147495968 824705025 0 268533824 268435732 196864 38180944 1066080 528384 1615331328 0 134226049 4718592 42008680 0 2182088705 2181144576 33623137 25170086 172056 49664 3760333840 2453774695 537975522 1087373696 2147483649 1141112900 34078720 2147483672 34078721 3221241864 85073928 34111488 2148925445 67244034 33056 4194432 645955585 2148024836 32900 1077938176 329730 1610613008 2097702 72351748 2148573220 1077938193 8388608 1073743668 802816 2 1409289568 6377472 2237662272 2550302784 16408 0 805568512 1073742144 0 2148532736 1537 696418352 32 609222656 67108928 67182593 65584 268435744 4196873 2250286088 8396808 1073743872 134218112 4227588 872415234 336085056 8404992 0 180224 537053714 7361539 69206146 262152 2147663872 16842816 6553666 65601 1040 1627398144 2359296 1107480580 851968 17440 640 341836288 133313 1141113344 268617753 65 2181595136 17 1172636696 222937105 70325364 8 134358860 234915840 1089 536932864 131072 1073741824 33554696 17 1174405122 67110912 2684507136 71827466 1140883776 1242563584 138428416 266240 391579136 1413567568 324796430 2 205832412 2751861264 1217859634 4 65536 134217728 0 1 268435456 67108864 9437192 268568576 135528458 374374402 583170 1082130496 16908416 17039363 343932932 289423584 0 2150825984 640 67175432 4331520 1091373120 1082540823 520251208 4 3498071478 402658304 93362368 5 14894080 0 134219792 50463232 2162816 813711360 2751463600 76062720 4259840 134348800 8 16777225 268435457 3257401473 1890763080 3332403584 2 17846915 472936212 1627787781 2184971041 2164278234 170057900 1 304105032 16000201 794108416 1062295572 85000192 32857168 4 2336 2162696 289 80 2229248 1210122243 2189984393 17825794 4259874 16810496 18516 2160072256 2285899849 8650816 1048592 524288 25226796 1109411904 1613392542 1
is_linear=0
shrinkage=0.12


Tree=59
num_leaves=63
num_cat=62
split_feature=19 34 22 35 41 22 23 34 23 35 41 22 23 23 35 34 22 34 34 35 35 35 22 22 35 23 23 23 34 23 35 22 22 41 23 35 23 23 34 41 23 22 22 35 41 35 23 35 23 23 41 35 23 22 35 35 41 35 23 22 41 23
split_gain=18.3899 54.3747 61.0962 59.9416 57.0554 72.8539 54.6563 50.8374 48.3858 46.6056 46.4596 66.4478 51 48.821 70.2073 59.5401 58.996 77.3648 66.4227 64.4449 60.534 53.8471 53.1778 50.3536 48.0717 46.7207 45.7293 41.7537 40.4544 39.7509 34.8963 33.0331 32.5683 30.948 43.4386 30.6759 30.6148 28.9177 26.0218 67.0951 64.7814 62.6479 61.194 66.8859 63.866 63.2338 63.8608 74.7289 61.0653 59.6717 74.325 66.0586 58.1341 56.8235 52.7849 50.1134 52.1418 44.345 42.8595 39.9961 39.1416 39.1096
threshold=0 1 2 3 4 5 6 7 8 9 10 11 12 13 14 15 16 17 18 19 20 21 22 23 24 25 26 27 28 29 30 31 32 33 34 35 36 37 38 39 40 41 42 43 44 45 46 47 48 49 50 51 52 53 54 55 56 57 58 59 60 61
decision_type=9 9 9 9 9 9 9 9 9 9 9 9 9 9 9 9 9 9 9 9 9 9 9 9 9 9 9 9 9 9 9 9 9 9 9 9 9 9 9 9 9 9 9 9 9 9 9 9 9 9 9 9 9 9 9 9 9 9 9 9 9 9
left_child=1 2 6 31 5 37 -1 -7 30 26 11 25 -13 14 22 23 17 29 21 -19 -20 -18 -12 -16 -17 -6 -10 -9 -14 -15 -5 -4 -32 34 -11 -8 -35 -3 39 40 53 -42 44 48 58 52 47 -47 59 50 -45 -52 -46 -2 -48 -51 -57 -43 -41 -44 -50 -59
right_child=38 4 3 8 10 7 35 27 9 33 13 12 28 16 15 24 18 19 20 -21 -22 -23 -24 -25 -26 -27 -28 -29 -30 -31 32 -33 -34 36 -36 -37 -38 -39 -40 42 41 57 43 49 45 46 54 -49 60 55 51 -53 -54 -55 -56 56 -58 61 -60 -61 -62 -63
leaf_value=-1.9494967027191894e-05 -0.00057535917778519152 -0.00032361482733591962 6.6744640709916284e-05 0.00014595438548166669 -0.00029934477625207678 -2.612875543032444e-05 -9.0350968436441167e-07 -0.00068254576538635022 -0.00024412337610410699 0.00012818921068989426 7.3677673451420233e-05 -2.4519314296730457e-05 8.8746908895804198e-07 0.0001355316699273611 8.8535123327461218e-05 0.00017470981180040061 0.0002486966347282286 9.9126918325776939e-05 -0.00014771604823285485 -0.00010816081919548317 -1.4208843591434514e-05 2.8388425914277242e-05 -0.00023625934704184343 -0.00014655542062084337 2.2417635465160824e-05 3.0948532412580632e-05 0.0001032185598288602 -0.00029027576868928545 0.00027921604388023841 -3.0223575627129921e-05 1.2530049741396554e-05 -0.00033620698088711147 -0.00021778940617233787 0.00024222464657834588 -0.00013488515426802623 0.00024102028626162881 6.4209052596383921e-05 0.00018812394459303723 3.6551383850153039e-06 -9.9505165329466389e-05 -0.00023659645332857127 -0.00017236582722496868 -0.00024206264605277996 0.00027200013880320401 -0.00014250445025943098 8.9895645030758914e-05 0.00012780399885485233 -0.00022850124304950699 0.00041672708571165276 -0.0001181372212131274 -0.00023570976309446708 4.2685895334070469e-05 0.00022330912338423795 -0.00016560817406911449 -5.5741569003807674e-05 -0.0001209958898585274 4.8539043669387939e-06 0.00026397893818829252 0.00026577507989776315 0.00011515322504520804 0.00014219526714613184 1.267069140923279e-05
leaf_weight=1236 646 215 214 550 544 826 485 532 534 544 682 1054 561 1350 943 2132 1081 1109 2433 15538 33233 4713 1576 2236 21186 1082 560 1081 1811 1703 707 622 1239 1454 676 2311 1672 827 603620 554 1400 1091 663 1625 538 871 1926 5007 737 3652 1175 12928 1338 1551 13774 3147 26311 796 1154 819 2443 1285
leaf_count=1236 646 215 214 550 544 826 485 532 534 544 682 1054 561 1350 943 2132 1081 1109 2433 15538 33233 4713 1576 2236 21186 1082 560 1081 1811 1703 707 622 1239 1454 676 2311 1672 827 603620 554 1400 1091 663 1625 538 871 1926 5007 737 3652 1175 12928 1338 1551 13774 3147 26311 796 1154 819 2443 1285
internal_value=3.37371e-05 -0.00139776 0.00595505 0.000327862 -0.00235466 -0.0174177 0.0181602 -0.0287393 0.00356315 0.00990461 -0.0018004 0.00938387 0.0188482 -0.00242997 0.00164772 0.00338149 -0.00434709 -0.00975243 -0.00177662 -0.0129732 -0.00371321 0.0101274 -0.0186079 -0.0119962 0.00548307 -0.0105494 -0.0121518 -0.0411323 0.0285906 0.00779117 -0.0102392 -0.0299999 -0.0177732 0.015475 -0.000779172 0.0274359 0.0217973 0.0091081 0.000264881 -0.00169516 -0.0131485 -0.00497381 -0.00070773 0.00158768 -0.00558671 -0.00722066 -0.00905975 -0.0197216 0.0153017 0.000275127 0.00635832 0.00354516 0.0138559 -0.0300407 -0.005056 -0.00261578 -0.000969119 0.00437184 0.0167442 -0.00481924 0.0246616 0.0146201
internal_weight=800303 111252 12804 8772 98448 3481 4032 2439 7936 5440 94967 5052 3426 89915 28755 26497 61160 19700 41460 16647 35666 5794 2258 3179 23318 1626 1094 1613 2372 3053 2496 836 1946 4346 1220 2796 3126 1042 689051 85431 6769 4572 78662 53500 25162 23454 21578 5878 4662 48838 15728 14103 1876 2197 15700 33110 29458 3172 1708 1482 3180 2081
internal_count=800303 111252 12804 8772 98448 3481 4032 2439 7936 5440 94967 5052 3426 89915 28755 26497 61160 19700 41460 16647 35666 5794 2258 3179 23318 1626 1094 1613 2372 3053 2496 836 1946 4346 1220 2796 3126 1042 689051 85431 6769 4572 78662 53500 25162 23454 21578 5878 4662 48838 15728 14103 1876 2197 15700 33110 29458 3172 1708 1482 3180 2081
cat_boundaries=0 7 15 19 27 35 39 43 51 55 63 71 75 79 83 91 99 102 110 118 126 134 142 145 149 157 161 165 169 177 180 188 192 196 204 208 216 220 224 232 240 244 248 252 260 268 276 279 287 291 295 303 311 315 319 327 335 343 351 355 359 367 371
cat_threshold=0 73400840 92291075 153095260 268568770 16793858 320 101188098 1074790480 33622016 677380358 268765956 0 4472832 67111040 2844025105 545386513 159782340 1 2147557892 34603008 2097152 10272 16781344 515 39952652 33589248 545333256 2181038224 683679748 33816576 159383584 1048584 134285568 2196512 269092433 1864921353 1146093733 2 986719748 677978280 557893764 13 536938496 2626176 5505057 270336 1074791424 542375936 606076928 16387 2285548321 144933396 8541834 8 8 403178505 16810304 33555456 786752 138413328 1073758384 131109 271597569 262404 16910464 142614554 268439569 1103102144 100794368 8388608 2147888128 679936568 4191421872 1 2821588006 201332779 1092110483 3 4248076 3959619599 273007259 12 1348730952 4260608 805568557 2216702208 8389122 2101504 524288 1 1352863776 134226952 128 68943872 676335624 512 134259073 1048577 1886912585 2705390148 1208512257 1073741828 2353004544 536871109 32784 16809992 33816586 411043872 50987544 1098936321 264192 155209856 786441 8388608 603981892 134218112 16395 637534272 6308097 5 2147483660 537134080 2148859904 83910688 33653776 270016512 101221920 7 268566656 542114050 2416181384 1118208 34816 268536034 35651712 32768 268435488 1375740000 1108358144 2415919104 67108898 1074692172 59810329 137341730 2684629380 1342178333 60525660 2 17836032 1107312656 0 262656 268454148 939532354 3422593033 2097156 675823634 1997570257 990152400 8 109134036 1968181251 3256658001 1 2101348961 3735603712 4521996 3 2684354593 256 8405157 1573376 12288 604012804 533632 16394 2485718337 312500496 3934397700 9 1212153873 104857856 2097664 319552 142608784 1052704 8 1147274240 2153777162 2147492352 6 370147396 1242039392 373344297 10 1073762336 134226178 541218 2156396800 17433666 536870912 2151678096 4194624 394264660 3558347177 1299513345 2 67 16777218 1056896 12584966 2172651616 0 4591616 32841 12600452 3256119427 2517182549 7 776274944 302268424 67117059 2 67109382 75760192 6367232 541065473 67596 16777220 403783680 3584 273678336 268701704 268435456 3305112072 268437505 2164785154 822214688 18882698 3680897065 209994017 1342184070 10 403178848 3941158148 58228740 4 65181133 278410752 159523488 8 135266888 16941568 5 1074923584 1360003632 327696 65 2100225 671089152 2153775105 1241513992 4 69206560 1082146992 67666946 46403584 3145768 2147483648 81985 739248160 33554592 1074790530 4747276 131200 1631813730 1107362077 2147904518 805371908 536870933 8423940 4195458 134221824 415236868 83886080 4214792 611455118 2151834774 285301828 2 212371910 1111503296 552078680 2 3221291008 71303168 25165828 841254914 2684391432 536870928 9715968 4233216 12615696 16454 163842 2432700576 100663552 34619392 25956360 262272 33700000 4079485570 1625303312 8 1745881346 159573776 914490418 5 151134212 1073872904 1073754144 53235712 545522176 917504 805306384 33032 302129410 1610614913 540672 2285895682 2097158 271581312 4743168 1331200 1283457536 1077938176 12714250 545540100 71303168 549519536 1073743872 4 1208483876 168299776 2177895424 540720 268828676 2048 4198400 262192 575015201 202327264 77689608 4 2147762192 3412476015 373376336 3 262153 16384 8658944 672137345 17899520 75563017 0 34052 536970304 1615340042 2341749833 1
is_linear=0
shrinkage=0.12


Tree=60
num_leaves=63
num_cat=61
split_feature=19 6 34 22 34 34 35 34 22 35 22 24 24 23 35 34 35 24 22 23 24 23 35 23 35 35 35 35 22 24 24 34 34 35 22 22 22 22 22 34 24 35 23 23 24 24 23 23 21 24 24 35 21 24 22 21 22 21 21 21 21 21
split_gain=16.3197 65.3186 93.2779 87.0898 80.2131 72.0842 77.9236 68.5932 69.4245 68.1195 65.4944 68.7621 64.0062 63.6407 76.1968 71.0721 64.9123 62.2816 60.9116 59.701 59.4653 59.4226 59.3578 56.5543 74.7843 67.3795 55.2482 55.2467 67.4579 63.0179 57.2708 73.1456 66.1561 62.7228 61.6075 57.6158 56.7385 55.2159 55.1553 54.8518 54.6258 52.5613 63.2174 50.5993 49.0007 48.6839 48.5482 47.646 45.4334 44.7289 43.8563 43.5114 44.7624 42.3544 37.7589 35.0137 34.31 33.4895 33.4868 31.5819 31.4563 29.5855
threshold=0 0.33094803988933569 1 2 3 4 5 6 7 8 9 10 11 12 13 14 15 16 17 18 19 20 21 22 23 24 25 26 27 28 29 30 31 32 33 34 35 36 37 38 39 40 41 42 43 44 45 46 47 48 49 50 51 52 53 54 55 56 57 58 59 60
decision_type=9 2 9 9 9 9 9 9 9 9 9 9 9 9 9 9 9 9 9 9 9 9 9 9 9 9 9 9 9 9 9 9 9 9 9 9 9 9 9 9 9 9 9 9 9 9 9 9 1 9 9 9 1 9 9 1 9 1 1 1 1 1
left_child=1 7 10 4 40 12 53 8 22 -6 47 60 54 14 37 38 17 -17 -18 26 55 44 -1 24 -8 -25 -10 28 -15 57 31 35 34 -33 -32 -29 -34 -9 58 -23 -4 -14 -43 -13 -11 -24 -47 -3 -31 -40 -28 -22 -53 -7 -5 -21 -57 -30 -16 -49 -12 -39
right_child=-2 2 3 5 9 6 23 13 19 21 11 43 41 27 15 16 18 -19 -20 20 51 39 45 25 -26 -27 50 30 29 48 32 33 36 -35 -36 -37 -38 61 49 -41 -42 42 -44 -45 -46 46 -48 59 -50 -51 -52 52 -54 -55 -56 56 -58 -59 -60 -61 -62 -63
leaf_value=-0.00015994051365229839 -1.2066152975328008e-06 -0.00033147223791744706 6.389176056921098e-05 -8.8002158028312958e-05 -0.00022044987711773657 -5.7482415786043175e-06 -0.00026463580007690993 -4.9074258563830907e-05 1.9521705637419801e-05 -0.00027543674923573893 0.00028063646352626345 8.1255293765925303e-05 -0.00034489802681932622 0.00030484001785538353 0.00036753621830854215 -0.00033404073361850451 -7.4177062163103061e-06 1.4100713001949166e-06 9.3362215250947944e-05 -0.00033931052542151251 0.00017483290194134202 -0.00010358183798011749 -0.00010007653745062995 -0.00024249961405061455 0.00013399324889615282 -6.6604950114669521e-06 -7.3317559698061975e-05 0.00010029129930228 -0.0004555468710217644 -6.6277220405115941e-05 -0.00033077054598658931 0.00023265947416464233 -8.2177543536700006e-05 2.6860696831597778e-05 -8.0306739989273145e-05 -0.00023903769350133854 3.6636539636280152e-07 0.00010592077682504128 -0.00034712948871328344 0.00021870520610054483 0.00056539522835264669 -0.00026891635092034114 0.00020040277786491375 0.00051086486322635463 6.6264271350013424e-05 -4.2901068855862419e-05 0.0002907008537526026 -0.00010437256779384061 0.00020566114186462944 -0.00010159125320793003 -0.00039023262758656715 7.4439643497872335e-05 -0.00015052450533985926 0.00042917115237526659 -0.00049989424394312934 -0.00025284879635402305 4.8350639119541574e-05 -2.0874307387132516e-05 -5.0289740677040506e-05 0.00030438732768465733 -0.00010072500407659977 0.00039448411821521432
leaf_weight=772 660163 428 439 434 817 415 784 433 489 813 439 629 655 805 329 673 6224 1566 13386 690 673 835 827 1543 7113 15671 536 781 315 714 1347 1468 10025 12999 3144 1797 21505 437 657 5278 1023 666 1475 1610 2029 532 1300 430 960 1665 1307 1328 1507 823 745 315 574 477 618 500 624 747
leaf_count=772 660163 428 439 434 817 415 784 433 489 813 439 629 655 805 329 673 6224 1566 13386 690 673 835 827 1543 7113 15671 536 781 315 714 1347 1468 10025 12999 3144 1797 21505 437 657 5278 1023 666 1475 1610 2029 532 1300 430 960 1665 1307 1328 1507 823 745 315 574 477 618 500 624 747
internal_value=6.37256e-05 0.0012398 0.00493293 0.0031234 0.012143 -0.000221517 0.00205303 -0.000577488 -0.0095452 0.00819296 0.0210103 0.0301267 -0.0152596 0.00059506 0.00541518 0.00378193 0.00625223 -0.0130608 0.00846397 -0.0160678 -0.00873111 0.0112278 0.00456577 0.00059706 0.00899734 -0.00326018 -0.0319454 -0.00169302 0.0134145 0.00348666 -0.00262708 0.00310254 -0.00533844 0.00642309 -0.0189474 -0.0154749 -0.00339357 0.0305709 -0.0126912 0.0178873 0.0382632 -0.00529912 0.00384577 0.0420613 -0.0031114 0.0130737 0.0239479 -0.00122623 0.0166548 -0.0226221 -0.0414663 0 -0.00653317 0.031296 -0.0385894 -0.0279824 -0.0118534 -0.024179 0.0116371 0.0140127 0.00479994 0.0439464
internal_weight=800303 140140 46218 41558 11234 30324 26349 93922 10850 9772 4660 3302 3975 83072 26735 25118 21849 2239 19610 7419 5087 8955 3431 25111 7897 17214 2332 56337 3271 2466 53066 17045 36021 14467 4491 2578 31530 1617 3269 6113 1462 2796 2141 2239 2842 2659 1832 1358 1674 2322 1843 3508 2835 1238 1179 1579 889 792 947 930 1063 1184
internal_count=800303 140140 46218 41558 11234 30324 26349 93922 10850 9772 4660 3302 3975 83072 26735 25118 21849 2239 19610 7419 5087 8955 3431 25111 7897 17214 2332 56337 3271 2466 53066 17045 36021 14467 4491 2578 31530 1617 3269 6113 1462 2796 2141 2239 2842 2659 1832 1358 1674 2322 1843 3508 2835 1238 1179 1579 889 792 947 930 1063 1184
cat_boundaries=0 7 15 18 26 34 42 50 53 61 65 69 72 75 83 91 99 102 106 110 113 117 125 129 137 145 153 161 165 169 173 181 189 197 201 205 209 213 217 225 229 237 241 245 249 253 257 261 263 267 270 278 280 283 287 289 292 294 296 298 300 302
cat_threshold=40 2164271104 3158528 33591298 33566733 75960368 131216 1153958216 20 1073742336 67108864 1417664 134218496 538632 18874384 2183921672 16786495 1753024 475168 1082130432 134230016 16844800 58720769 2449997840 1140883488 33554752 554106881 4194305 22020160 51183616 34080769 16908368 33792 101203976 1358954496 65632 1073881096 138412066 40960 134482816 75499520 2539560 786496 1049348 1107298304 2281996289 8565186 34081280 202375168 1048576 1075643172 607252008 189023243 268435712 285288448 131072 1141899266 524290 17104968 1224890376 33555712 17681745 87695626 302120979 9 1344282425 339751320 50549377 5 613386310 155335298 709919240 2030568513 3375109545 1145644164 2097156 2228232 301991936 1077952776 2149056769 8272 16991746 2655232 2097160 4259840 134251008 1075838984 136316964 67239940 21570217 3584 99424 114944 4416 268730944 406852112 32928 2064 68239360 652673736 13968896 2353275905 93104595 542913601 2760507648 1 100958644 1082552417 370415424 7 3409202192 609813828 2156996994 1167262752 1074230305 1334061185 10 805323008 40897024 4197376 4210688 1042 35655936 2181039108 1139200 1108541536 815879700 558223897 9 2097152 16782338 537395200 3411992 67242115 204864 33563141 4194577 16916 8200 2147745793 3221241984 201459201 571473932 538969090 67110912 16384 10 4463776 134267392 262145 318767108 33817600 4260096 50332692 1091108876 0 2689864192 71434368 2048 289423520 1343488 73410307 947914752 2430610 3 4461077 268961068 2999751447 9 2216974600 2148538368 911455915 2 134217760 1140858882 262193 0 4259840 462848 8735078 8393106 1356859392 1041 16777224 33558544 1610613777 268697730 302047232 2367504 268484738 0 2208 8388660 37920 2916620 35127303 2228480 1279529281 2751520860 811114824 2 340866369 136656392 1112148018 9 65082922 1350435904 3779232128 2 1090519568 1074715138 3255207987 4 1079120929 552623110 1371615235 8 2097296 266784 536936488 1075847763 4096 16384 134480128 67075 2148870916 2324955153 705452056 2 20552 77201416 2147745795 50495488 537034784 268435456 2147484960 4160 155878686 346204321 134484620 2 1476499507 3370676368 155586576 4 2415985928 2963310596 863508502 2 2340459080 536677 538339435 1 638592248 2172916422 72386571 8 4761616 21397874 2332262621 2 3642145121 3394002964 2147508290 3775141204 33727390 8 3568898563 2685445908 275780864 270532736 42467329 8388608 134226050 830472448 20972544 58721364 1114113 817938866 2798069311 1251606726 1254413578 2164818088 747636560 2189183808 278531 8 1980712476 1525367045 50475139 9179136 882059280 42482010 2240288963 2248216677 4195353357 2815500833 354442583 1345293907 751456416 805568695 3193712168
is_linear=0
shrinkage=0.12


Tree=61
num_leaves=63
num_cat=59
split_feature=5 22 39 21 21 20 18 19 4 22 35 35 34 41 34 35 34 41 34 41 35 41 41 34 34 35 34 6 34 41 18 41 41 19 40 41 41 34 34 41 34 35 35 34 41 35 34 34 35 34 35 22 35 41 41 34 41 23 34 34 35 24
split_gain=19.3299 120.348 237.68 226.336 159.699 160.96 144.555 126.05 111.824 113.842 109.04 105.332 104.319 101.365 100.015 99.7499 99.7093 99.474 99.6255 97.425 96.6049 96.1681 96.0166 92.8784 91.6924 91.6276 91.5153 89.7264 89.6938 87.7698 86.6694 292.648 166.613 153.418 116.631 101.188 96.6218 93.5838 93.3165 85.6792 84.0066 104.068 86.8678 85.4564 82.969 82.8032 89.5394 86.1752 109 82.3858 81.8724 81.1355 80.0796 80.06 79.7386 84.5691 79.4299 78.4943 79.2517 76.8734 76.2891 76.2467
threshold=0.31083333492279058 0 1 2 3 4 5 6 0.315833330154419 7 8 9 10 11 12 13 14 15 16 17 18 19 20 21 22 23 24 0.10009451955556871 25 26 27 28 29 30 31 32 33 34 35 36 37 38 39 40 41 42 43 44 45 46 47 48 49 50 51 52 53 54 55 56 57 58
decision_type=2 9 9 1 1 9 9 9 2 9 9 9 9 9 9 9 9 9 9 9 9 9 9 9 9 9 9 2 9 9 9 9 9 9 9 9 9 9 9 9 9 9 9 9 9 9 9 9 9 9 9 9 9 9 9 9 9 9 9 9 9 9
left_child=1 2 3 6 12 7 26 19 16 11 -7 23 50 -9 -15 28 -2 18 -3 -6 -5 -11 -12 -10 -24 -18 -1 -21 -14 -22 31 37 -33 35 -35 -34 38 -19 -32 -17 41 -23 43 -42 -8 46 -38 48 -47 -31 -4 -49 -20 -51 60 -56 -28 58 -25 -46 -13 -41
right_child=8 17 4 20 5 10 44 13 9 21 22 54 15 14 -16 39 25 30 52 27 29 40 24 57 -26 -27 56 -29 -30 49 36 32 33 34 -36 -37 45 -39 -40 61 42 -43 -44 -45 59 47 -48 51 -50 53 -52 -53 -54 -55 55 -57 -58 -59 -60 -61 -62 -63
leaf_value=0.00064885512570766221 -0.00015581699491592368 0.00035475506330447576 0.00026389975125081346 0.00016965476800386443 -0.00025685252556112507 0.00022630724272902332 0.00046765564857278048 -0.00025183233182313799 -0.00013447839309973155 -3.3475885495544762e-05 0.0002974622907342261 -0.00012286178526703371 -0.00036053603987767034 0.00036182104734861224 0.00010198456689577492 -0.00032826392400956528 -0.00015637168056310965 0.00064662705157346478 -0.00029142537919464356 1.655106353309609e-05 -0.00063363479017528891 9.8287327505870584e-05 0.000189610764138047 -8.9073834974289545e-05 -3.6385007132043381e-05 0.00021425022387217758 0.00077255788502151148 0.00048409426836918941 0.00030711294844153978 0.00011232173039026166 0.00022068381478526132 -0.0004976409947302444 -0.00049080286615699133 -0.00022313139180550032 -9.3722404179384221e-06 -0.00011123317954534773 -0.00043563174147701528 0.00013867547537883368 -0.00015437596873891789 -8.6745552561255063e-05 0.00017680446419997975 -3.1132555931966009e-05 1.2443410122816595e-05 3.8044602829542351e-05 -0.00071790411007628034 -0.0004202313104112577 -5.2175523530208972e-05 5.3654720335956246e-05 -3.8288896563191069e-05 0.00011768804451358806 -0.00025450089421001024 -6.2089073204064922e-06 5.2611339476453379e-05 -0.00026420158168079802 2.4890328607174902e-05 -3.1701883598283781e-05 8.2745169384118976e-05 2.4058132257076739e-05 0.00021420039084652515 -0.00011080235974523145 6.6509094345960172e-05 5.0865425086444731e-05
leaf_weight=833 773 2704 658 1255 569 3458 569 1375 1032 17639 2425 932 536 2747 21312 1901 558 1101 1818 1489 2025 2561 3305 427 25186 4507 927 7798 3268 2124 1436 5583 4427 15578 37334 3509 1840 7991 18480 9634 2420 21904 165384 17797 683 2344 15773 56871 18167 1536 4220 97866 19026 15002 10685 79803 7500 6079 2279 5100 6035 20205
leaf_count=833 773 2704 658 1255 569 3458 569 1375 1032 17639 2425 932 536 2747 21312 1901 558 1101 1818 1489 2025 2561 3305 427 25186 4507 927 7798 3268 2124 1436 5583 4427 15578 37334 3509 1840 7991 18480 9634 2420 21904 165384 17797 683 2344 15773 56871 18167 1536 4220 97866 19026 15002 10685 79803 7500 6079 2279 5100 6035 20205
internal_value=3.10381e-05 -0.000476876 0.00234551 -0.00589682 0.00515759 0.00863884 0.00514593 0.0143312 0.000715809 0.000428803 0.00279183 -0.00279408 -0.000842854 0.00985616 0.0116705 0.00141748 0.0171781 -0.00181312 0.00568421 0.0258533 -0.0137524 0.00194715 0.000527675 0.00904669 -0.00142722 0.0232815 0.0147023 0.028816 0.0197484 -0.0157167 -0.00242571 -0.00591779 -0.00868173 -0.00685771 -0.0045212 -0.0224056 -0.00118596 0.0142619 -0.0091409 -0.00078609 0.00266187 -0.00394656 0.00353316 0.0109565 -0.00878692 -0.00036397 -0.00820425 0.000424512 -0.00688203 -0.013122 -0.0172761 0.00139348 0.00286536 -0.0159807 -0.00398781 -0.00494055 0.0109065 0.0130544 0.0300221 -0.0131078 0.00837368 0.000791931
internal_weight=800303 459488 147640 37554 110086 69664 15612 35290 340815 334977 34374 107272 40422 25434 24059 35544 5838 311848 23548 9856 21942 227705 30916 9817 28491 5065 9260 9287 3804 20687 288300 75523 66431 60848 52912 7936 212777 9092 19916 31740 210066 24465 185601 20217 6352 192861 17613 175248 20511 18662 4878 154737 20844 16538 97455 90488 8427 8785 2706 5783 6967 29839
internal_count=800303 459488 147640 37554 110086 69664 15612 35290 340815 334977 34374 107272 40422 25434 24059 35544 5838 311848 23548 9856 21942 227705 30916 9817 28491 5065 9260 9287 3804 20687 288300 75523 66431 60848 52912 7936 212777 9092 19916 31740 210066 24465 185601 20217 6352 192861 17613 175248 20511 18662 4878 154737 20844 16538 97455 90488 8427 8785 2706 5783 6967 29839
cat_boundaries=0 3 8 10 12 13 14 21 25 33 41 49 57 65 73 81 88 96 103 111 119 127 135 143 151 159 167 175 182 190 198 205 210 218 226 234 242 250 258 266 274 282 290 298 306 314 322 330 338 342 350 358 366 374 382 385 393 401 409 412
cat_threshold=3484418080 127 16318400 2216692339 268599552 24 1090524177 1900545 50200831 16711935 16711865 33489127 160 195 60 25690624 3146240 34824 150995041 34111496 1647560 4019323040 123 6881216 8 1314824 2148565568 2164299776 41943045 77595204 65536 33622082 33554432 583016448 264 536939008 1443366912 393217 268435472 1107951620 17314816 805961736 33562632 2317355008 33689602 4784140 1073742144 810319872 1048576 1610612736 8978436 419430432 84672544 201408512 149568 16811522 917504 269747200 1073741825 743449152 69785600 67633284 268961792 64 8389248 41984264 65536 327680 1078995336 3145872 671350854 138412032 34865152 411107396 100671489 1082374 79691840 270540800 77890 268435584 524352 603989508 13631648 1409296400 10518530 536875009 1342177576 536879616 16916480 1056768 1275209786 539099396 16384 2149580880 7170 196640 17536 2052 2320 100663296 3225682980 1107371136 10496000 3758096384 2560 319499 134479872 234946560 2151710784 110690320 640 805504016 7864453 2416453760 1075839106 1081376 2097152 1073750016 3200 32768 539033600 67698720 201326592 2416148544 2214658561 1140854841 1574912 1048576 2655232 6300800 1107337218 67241984 151355648 3221225472 32800 8651265 2147483648 16777284 2148610049 570556576 536871940 134807560 5527552 4 1114664 2132448 0 1024 16 526850 4252768 268435584 142835712 8192 402653192 2621442 25217185 268435490 1057796 2155872256 2113972 8225 1064 10240 318904353 8192 524420 524296 268435456 536936448 2147485201 12288 1091049740 2105371 100925600 32 805306383 268959808 0 2148532224 2561 2097152 2147483664 131075 2684896256 1934639125 65536 67112976 32768 18856 901120 2148028756 134217735 0 301990430 65536 2449473824 25165824 64 8389632 226494465 184803448 4327584 16801824 49152 197132340 268541440 135463139 67162112 2187264 4329601 2048 164352 64 256 16809985 17055744 32768 2097168 2555904 20480 4222992 2162688 100664336 76973120 2114082 656 268960256 0 17302547 67272961 16778247 2129936 25693208 1033 0 67129728 69206022 4374 0 3241186946 2103304 2097408 1073758272 0 671778 1081926 537397249 604047232 35913744 75508752 98304 671158928 3355447296 1107296384 2147516416 68157952 16791808 528451 1074921728 16420 536936448 2415986882 76546049 4280 524292 302031136 302024704 34816 545271812 2147484680 1073873008 553648144 2121 4345896 0 2221309984 2621440 270565377 137363459 1610612756 278528 537919496 1627456000 33587360 142606354 2181320728 20971536 4194304 8192 838889728 2149646976 269295744 4096 65552 12648464 402653184 36470784 1048576 1610941440 1140852740 5123 67109411 2162688 68403233 2064 2181071368 1 536881184 2151718913 50594817 134350336 8488960 579 65536 1107296256 33554432 1409297152 134375458 2751725568 92304640 1048576 335561224 213056 268435456 2684358656 16917648 2149613578 17440774 65664 945816576 8404992 537923840 852232 9216 2315300992 4162 33571072 273503199 16782080 1090781184 5 128 1075904528 135184 12845056 658435 402653312 694165760 540932 610537473 1083113984 5242884 128 537395330 537002016 268713984 131090 269090912 599172 671088640 20480 4259872 558366720 67109606 2359298 75571328 112 2306867200 515 139264 143261696 1310752 34472360 671449666 16793616 68452352 131456 34611200 8454212 134250530 101187584 2165671072 1096625682 67969234 2490914 8389378 1073889296 2415919632 1073840256 2101376 67584 33554512 33686544 1132724224 84426752 0 329728 1362100226 2147484736 13132800 17596416 554836992 32768 4588551 33554632 2228234 339738624 33296 1177610528 1193945222 17312201
is_linear=0
shrinkage=0.12


Tree=62
num_leaves=63
num_cat=62
split_feature=20 22 38 38 22 38 41 41 21 38 22 41 34 35 41 34 35 35 41 34 41 34 34 34 41 35 34 34 34 35 41 35 22 35 34 23 41 24 41 35 23 23 35 38 23 20 41 22 41 34 22 35 34 35 22 38 20 22 20 35 41 38
split_gain=17.7985 167.841 482.929 480.118 226.091 199.123 135.841 128.486 121.144 129.219 170.859 117.466 112.809 110.754 107.284 103.873 99.2298 98.9966 98.9661 98.5135 98.311 97.5766 97.3335 93.224 95.0858 91.1356 89.083 88.2915 86.7582 84.6962 81.3238 81.1448 75.7505 74.8787 74.221 73.712 71.9571 71.6295 71.6217 71.4295 70.6223 70.4112 70.0137 69.4751 106.367 114.509 127.872 115.79 108.898 106.095 96.9012 104.466 94.7536 96.6496 94.1804 363.04 210.835 183.794 135.254 142.248 126.487 124.913
threshold=0 1 2 3 4 5 6 7 8 9 10 11 12 13 14 15 16 17 18 19 20 21 22 23 24 25 26 27 28 29 30 31 32 33 34 35 36 37 38 39 40 41 42 43 44 45 46 47 48 49 50 51 52 53 54 55 56 57 58 59 60 61
decision_type=9 9 9 9 9 9 9 9 1 9 9 9 9 9 9 9 9 9 9 9 9 9 9 9 9 9 9 9 9 9 9 9 9 9 9 9 9 9 9 9 9 9 9 9 9 9 9 9 9 9 9 9 9 9 9 9 9 9 9 9 9 9
left_child=1 3 4 20 18 11 27 -6 16 10 14 -5 -9 -7 -10 42 26 -17 -3 41 -1 -13 -12 31 -25 -23 -8 -4 -22 -20 -21 -18 -29 -14 -32 -27 -35 -28 -30 -34 -41 -15 -11 44 -2 48 -47 -48 -46 -50 -51 -52 -49 -54 55 56 57 -45 59 -57 -61 -56
right_child=43 2 6 5 7 13 8 12 9 15 22 21 33 19 -16 17 23 -19 29 30 28 25 -24 24 -26 35 37 32 38 -31 34 -33 39 36 -36 -37 -38 -39 -40 40 -42 -43 -44 54 45 46 47 52 49 50 51 -53 53 -55 61 58 -58 -59 -60 60 -62 -63
leaf_value=-0.00062335457317220394 2.4712774213654226e-05 -0.00010046235396014197 0.00031558070556904794 0.00028721580508236818 0.00038876135659441594 0.00027795230024794905 -0.00046623138295816448 0.00039201066391847384 -0.00024414455136907942 -0.0003878182927246786 -0.00050910174906786446 -0.00020997640868751323 0.00017979480349926031 -0.00021791977825795896 0.00018161465019129596 2.7265044273829056e-05 0.00038895214950160372 -0.00018012883747359725 -2.235672491141573e-06 0.00037879662167699524 6.6846802282167245e-05 0.00024778899120644134 -7.4568556976283923e-05 9.1436744543845126e-05 -4.5045461369203495e-05 -0.00011655926506821084 -0.00026063374587638206 0.00013537189934449031 0.00010495786966390775 0.00041623480883762294 0.00024242896712191593 4.9975242077096109e-05 -0.0003522917182830934 0.00020740674253819037 7.7011975219181016e-05 1.7815232723702981e-05 -9.7448426529325198e-05 -2.2719563013950311e-05 -0.00024517376254773227 0.00019600612597201587 -9.501508288184933e-05 2.5011698388456405e-05 4.1145157868703251e-05 4.0782043027743095e-05 -0.00037727508604986395 -0.00026210136205599488 0.00013456349338754933 -0.00026674366652140014 -0.00029010003229460726 2.5522805671931904e-05 -0.00036662450172576512 -6.2470551825524704e-05 0.00025356085966788224 -1.1828015391381762e-05 -2.2333529881837441e-05 -0.00024123572841296676 2.8926063116774764e-05 0.00047242872731045746 -7.5627095336322806e-06 0.00013553356080775212 -7.2726516486377953e-05 2.1488082359028785e-05
leaf_weight=1135 39107 710 1141 1375 1397 4274 867 769 855 543 790 2212 1150 1159 4785 2714 863 29996 831 2002 1360 949 6839 5990 41979 4626 1746 3627 829 5734 3903 5520 686 914 23655 9735 6892 4024 6935 1177 2547 2600 4057 3102 3110 2268 8442 1635 5281 15408 2697 29202 1432 14284 55186 5448 14997 4606 84426 3058 35660 265062
leaf_count=1135 39107 710 1141 1375 1397 4274 867 769 855 543 790 2212 1150 1159 4785 2714 863 29996 831 2002 1360 949 6839 5990 41979 4626 1746 3627 829 5734 3903 5520 686 914 23655 9735 6892 4024 6935 1177 2547 2600 4057 3102 3110 2268 8442 1635 5281 15408 2697 29202 1432 14284 55186 5448 14997 4606 84426 3058 35660 265062
internal_value=3.25375e-05 -0.000928976 -0.00330193 0.00401731 0.0148036 0.0083551 -0.00606171 0.00403089 -0.00721635 -0.0115586 -0.00138242 -0.00169443 -0.000875007 0.0134057 0.0144374 -0.015176 -0.00361371 -0.0175515 0.0312392 0.0110636 -0.0198501 -0.00435268 -0.013082 -0.00192039 -0.00373398 -0.000939821 -0.0174522 0.00796517 -0.0156567 0.0358522 0.013391 0.0116904 0.00350353 -0.00468331 0.0116823 -0.00333124 -0.00890252 -0.0119958 -0.0205555 -0.00705562 -0.000449663 -0.00722353 0.00171725 0.000365598 -0.00217582 -0.00458822 0.00166281 0.00406898 -0.00773721 -0.00644258 -0.0046383 -0.00841214 -0.0015412 0.00132756 0.00102783 -0.00143944 0.0125457 0.0286632 -0.00390968 -0.00928969 -0.00672967 0.00219347
internal_weight=800303 205892 139143 66749 18397 56490 120746 11122 111568 50579 13269 18897 9725 37593 5640 37310 60989 32710 7275 33319 10259 17522 7629 54352 47969 15310 6637 9178 9124 6565 29560 6383 8037 8956 27558 14361 7806 5770 7764 4410 3724 3759 4600 594411 122866 83759 28061 25793 55698 52588 47307 31899 17351 15716 471545 151297 22705 7708 128592 44166 38718 320248
internal_count=800303 205892 139143 66749 18397 56490 120746 11122 111568 50579 13269 18897 9725 37593 5640 37310 60989 32710 7275 33319 10259 17522 7629 54352 47969 15310 6637 9178 9124 6565 29560 6383 8037 8956 27558 14361 7806 5770 7764 4410 3724 3759 4600 594411 122866 83759 28061 25793 55698 52588 47307 31899 17351 15716 471545 151297 22705 7708 128592 44166 38718 320248
cat_boundaries=0 1 4 12 20 24 31 39 47 49 56 60 68 76 84 92 100 108 116 124 132 139 147 155 163 171 179 186 194 201 209 217 225 228 236 244 248 256 260 268 276 280 284 292 300 304 305 313 317 325 333 337 345 353 361 364 372 373 376 377 385 393 401
cat_threshold=128 1072693504 4026531857 65279 131336 17152 0 0 1024 1610612736 2469937424 9849 8192 2412308 131073 0 2418149392 1073741892 17301760 8825 2082 257832 469696512 4 1073742084 2654994432 72 561408 152126464 536870915 2452914192 536870916 0 71306288 524320 1145578504 3792175114 108610 144 32 2048 8388616 708857862 1761903760 67109636 536871168 524544 3137404689 2450587448 142680260 375688192 1 33554688 153239568 582 294920 865023 182378504 0 2 2147483712 537001985 40968 2451571392 2147483904 16786448 404426752 16448 512 2248146944 200713 16448 268435456 402665480 279056496 2150404 612638766 805314592 4096 1448345664 132112 268435968 1572868 1056 2415919616 134218753 8388870 21006338 134283776 282689 256 262689 134219328 1346375681 2148007936 584 77611328 2086 1342440448 33984 2851072 5906948 32 672 68157456 4276480 33554432 9863696 16777216 114688 33570817 1617953282 0 56 538444324 8919660 1076105216 268444740 397444 4097 268468224 4301392 1048576 598400 16 131072 12595200 537395522 2149846018 196756 335676419 67403904 0 271073600 268446208 4195264 1439731712 1378560 5242880 576718912 32 524290 33833986 276959360 1107296385 1073777986 2098176 528384 536870912 67125248 2164261912 1075855360 1342181441 23070736 34152451 13641217 4358 2148075520 268439561 268960256 671613184 302022656 68222976 2097826 33570816 655617 16793600 34619488 411074561 603979776 929860 6313984 2149056512 1 2281766918 327688 1073758210 1812202500 86024192 164608 2151780481 4194305 2164261156 1024 1107297800 134807555 536936448 2829 142606344 2154577920 67180617 553650176 2147483776 66176 50339968 142868548 4361346 18876673 1130512 604766212 4194312 1124106240 2048 81936 583694 16896004 33644672 1073774720 65568 1611268374 402661376 0 8 1090520114 1052690 278528000 8460292 0 1342242816 2097280 2147484677 16814080 1352797760 2151686272 6375424 649983 214194756 1560281088 2147500032 142606336 67436544 344260620 16793601 218187780 268567360 67182592 2147484034 10485810 185597952 67405840 16777348 4718600 2147487752 25166113 2247680 187963445 3633333202 12 268437760 268435456 33873920 2157052032 269551873 212992 2149056512 4210868 86138897 3962568985 219985924 4 536871456 8390664 539000832 68296720 608584 167772230 16385 10486304 16781312 402723008 104857920 202653952 131585 2148532226 201326864 67126272 409292420 2484112736 589834816 2 100762148 144265537 316677314 10 0 39846913 2147533824 285233168 37748744 75009 3072 92307584 9641408 0 8192 536832 1024 536870912 2452373776 9816 720896 1337262592 3745608448 15 360 1812463653 2048 3 1111490688 2147483776 1092616224 23199746 76042368 1069201982 173126 2149580802 8 16941064 2147754082 134250496 67634176 1092617760 16781826 1140983296 33554688 137364485 134217728 2286946313 8260 12591104 807534592 67184640 50348096 35652664 3677655296 1157660991 11 163840 100794368 16908802 17829889 2415920128 671089670 1074825248 410132 33571346 131072 1888288768 164352 66121 1837056 1249280 4224 8192 341835776 4753411 3166208 1107296288 328769 17834054 17301520 800064238 4194304000 43647 0 2657403392 9 32768 0 64 128 1 32 708 1241513984 43588 32 1140850688 304 68322305 67186688 0 1880425984 1074266721 4719616 571539456 2113672 4196418 2304 2147581984 21254912 3329 393224 520 2657355264 9 32768 0 0 1081472 1
is_linear=0
shrinkage=0.12


Tree=63
num_leaves=63
num_cat=55
split_feature=29 41 38 34 34 41 34 35 35 34 35 22 34 24 19 34 24 41 22 41 24 19 35 24 22 21 22 24 22 21 24 22 21 21 24 3 38 20 18 39 1 21 38 18 25 20 41 41 35 34 35 34 1 32 24 32 24 24 32 24 24 7
split_gain=17.5834 83.478 84.2105 89.4933 77.0952 77.0246 72.5361 80.8602 77.7383 71.6239 67.4701 62.916 68.3998 62.0071 61.4366 60.6009 55.4484 53.6411 57.5167 52.7276 57.2856 57.1222 68.9112 58.1541 52.6348 53.0235 47.5968 45.9147 44.4315 44.0047 40.9059 39.2302 37.7773 36.7247 35.7487 31.9708 166.763 96.7276 181.992 105.058 342.747 155.978 169.298 127.416 93.4469 97.0544 108.557 97.0958 91.8722 90.5303 90.2617 98.7928 89.314 87.2305 77.6603 63.6329 61.869 58.6891 57.3151 55.5764 52.0017 50.8097
threshold=0 1 2 3 4 5 6 7 8 9 10 11 12 13 14 15 16 17 18 19 20 21 22 23 24 25 26 27 28 29 30 31 32 33 34 0.0058333333581686029 35 36 37 38 1.0000000180025095e-35 39 40 41 42 43 44 45 46 47 48 49 1.0000000180025095e-35 0.12500000000000003 50 0.56552419066429149 51 52 0.5473790466785432 53 54 0.23828125000000003
decision_type=9 9 9 9 9 9 9 9 9 9 9 9 9 9 9 9 9 9 9 9 9 9 9 9 9 1 9 9 9 1 9 9 1 1 9 2 9 9 9 9 2 1 9 9 9 9 9 9 9 9 9 9 2 2 9 2 9 9 2 9 9 2
left_child=1 4 3 34 32 -5 7 -4 9 -8 -6 15 -13 -14 -9 -7 28 -16 -19 20 29 22 -21 -23 25 -12 -22 33 -11 -10 -17 -18 -1 -26 -3 36 37 39 52 40 55 43 -43 -41 54 46 -46 56 59 -50 57 -52 -39 -42 -38 -2 -47 -48 -54 -49 -40 -56
right_child=35 2 6 5 10 11 8 14 19 16 24 12 13 -15 17 30 31 18 -20 21 26 23 -24 -25 27 -27 -28 -29 -30 -31 -32 -33 -34 -35 -36 -37 44 38 60 41 53 42 -44 -45 45 47 50 48 49 -51 51 -53 58 -55 61 -57 -58 -59 -60 -61 -62 -63
leaf_value=0.00054017873126210132 0.00074547519354452589 0.00010436130054943418 0.00033628719876379557 -0.00036425228295300843 0.00014782344299342151 -0.00011747743249898777 -0.00018379743573832395 -0.00018413602350223187 -0.00036818739681097998 0.00025169227285694887 0.00022165534544309513 -0.00026278637583896649 -0.00015826326184211333 0.00037552149339492845 -0.00015487029766319464 0.00017040665449443763 5.4266878656449064e-05 -3.4244771744230715e-05 0.00022611549310069801 -0.00020075894546774795 0.00049240846249900714 1.7413468197479478e-05 0.00014984640510062121 -6.7090194215656723e-05 -0.00037183968113941533 -0.00029781326407596955 0.00011500743864686337 -0.00044700422131423569 -0.00017077255969948307 0.00014445199120810421 0.0011221471661078447 0.00034456053262078753 6.0600152696245461e-08 9.9780861929915215e-05 0.0015043928805180318 4.763945800815997e-07 -0.00081334714328584821 -0.00020437063938535298 8.1458667168941463e-05 0.005962875393544626 0.00063897454442583162 0.00044656171345470373 -0.0011581251582504235 0.00015517966773169356 0.00028097248924549166 -9.8647120915750197e-05 0.00059379459711839696 -0.00022386098241064398 0.00022593099476506264 -0.00014751188500086387 -0.00079277355717982613 -0.0003339833958039932 0.0081419706854747222 -0.002846940732207366 -0.00024159694319269499 0.0085046876528183137 0.00062130180077800542 -8.0620670596277168e-05 2.3847547741258685e-05 0.00038679160410942919 -0.0007493733607453546 0.0018792141705945744
leaf_weight=319 380 317 1151 844 679 443 550 886 443 319 556 687 1094 2413 660 451 763 1177 2601 668 579 10951 3045 23034 310 560 1500 1843 826 484 1069 1900 507 472 737 695259 212 297 522 432 147 923 1128 778 941 554 422 419 1754 13339 1340 9464 324 453 146 854 1095 1164 110 1051 1365 592
leaf_count=319 380 317 1151 844 679 443 550 886 443 319 556 687 1094 2413 660 451 763 1177 2601 668 579 10951 3045 23034 310 560 1500 1843 826 484 1069 1900 507 472 737 695259 212 297 522 432 147 923 1128 778 941 554 422 419 1754 13339 1340 9464 324 453 146 854 1095 1164 110 1051 1365 592
internal_value=4.87313e-05 0.00194294 0.00322126 0.0146225 -0.0125523 0.00966775 0.0014363 0.0133004 -0.000271552 0.0149382 -0.0188448 0.0143362 0.00599143 0.0127877 0.00701648 0.0320202 0.0207958 0.012782 0.0183008 -0.00190392 0.0133598 -0.0031249 0.0109852 -0.00466982 -0.0251639 -0.00319144 0.0243902 -0.0344482 -0.00134826 -0.0113737 0.0433942 0.0302804 0.0209068 -0.00967247 0.0470544 -0.00011829 -0.00340828 0.0124427 -0.00629656 0.0220638 0.0449837 0.00905589 -0.01111 0.0430114 -0.00717305 -0.00829409 -0.0160713 -0.00259438 -0.0053647 -0.00815888 -0.0190614 -0.0229882 0.0440914 -0.0291029 0.0296881 0.0813592 0.0250692 0.00765954 0.0792659 0.0231579 -0.0259715 0.0479999
internal_weight=800303 64838 59592 8055 5246 7001 51537 6475 45062 4358 4420 6157 4194 3507 5324 1963 3808 4438 3778 40704 3006 37698 3713 33985 3741 1116 2079 2625 1145 927 1520 2663 826 782 1054 735465 40206 7713 2618 5095 1834 3261 2051 1210 32493 31543 13331 18212 16563 15093 12390 10804 731 600 950 1234 1649 1586 434 1470 1887 738
internal_count=800303 64838 59592 8055 5246 7001 51537 6475 45062 4358 4420 6157 4194 3507 5324 1963 3808 4438 3778 40704 3006 37698 3713 33985 3741 1116 2079 2625 1145 927 1520 2663 826 782 1054 735465 40206 7713 2618 5095 1834 3261 2051 1210 32493 31543 13331 18212 16563 15093 12390 10804 731 600 950 1234 1649 1586 434 1470 1887 738
cat_boundaries=0 1 9 17 25 32 40 48 56 64 72 80 84 91 95 102 109 112 120 124 132 135 142 150 154 158 160 164 168 172 174 178 182 184 186 190 197 198 204 209 211 218 225 227 228 236 244 252 260 268 276 280 284 288 292 296
cat_threshold=114689 1074505729 814743680 806888448 0 5242881 299528 2097154 264208 1130188 2218805008 0 8192 0 32 50364416 16 2147517440 8407296 2147483649 134743048 2164267104 176440368 4194304 16 1125122048 268535553 38891525 532520 640 2099456 16778368 514 32770 1141116944 2248155664 2097314 1589264 34209836 8388644 134357248 544 337130064 1074003972 541066256 8288 71692 4194305 2156134400 1142952964 5251136 23073088 468992 16777280 2147500080 32 16785920 599040 268535808 8390688 536871940 2147550337 4237378 67641345 16779908 805310464 16842753 35127329 1188352 34097152 545259522 50 33168 1053700 4203264 524546 51586 33555456 1136 33628176 135052337 1024986896 8130570 2 46727168 2393220 50536448 73760 1073741824 16809986 2147522696 1711345938 1680095304 169101488 9 33 3719168 135277074 27286529 0 687869956 65584 340787200 318767632 272635160 2048 167772160 2690646024 2302085 3028558344 2182219856 202046493 279048 16810240 4213249 16910868 2097248 16908320 4194433 131360 134583728 3504149034 34898562 8 16644 2147745796 167772304 132096 1375764512 1159725120 612368904 17465408 1630818340 2370158604 8679202 0 1074307072 21042194 52530241 17039361 805699632 1572992 266240 546326801 4718848 1342243330 16810016 576 117702656 23068676 912266320 3432431664 589695136 1 2466253936 3624081428 55084240 6 2601344357 346988643 143815521 2149868558 290053 4 865108016 3322833280 135840776 3 541066585 8918538 2185326608 5 1045145347 1185203865 2216168229 2169148488 546079872 4 2961448788 1149042784 20980264 5 4033217232 1085577219 2458976514 1000919586 1750360104 551608322 268436514 6 9519052 2115604 131073 33558528 17409 64 16656 304 262144 7 524288 536870912 512 2147483648 67110914 1208090624 278536 1166017560 3221749762 4227858176 536870912 0 2097156 131073 33554432 16384 64 256 2 536870913 0 256 0 512 4097 285282576 16842752 272 336896 1589313 1207961600 134234368 2147848256 34080768 604004416 16779520 2148728832 2662530 549453889 393216 536870945 1048586 151388161 69636 33554432 71700 268570624 114948 1074268162 271058944 3355443204 72949760 16896 2281701388 2155872384 22290513 137166848 16910336 270532640 16912512 553648128 268439616 16777536 2148008144 2155873796 2101252 69649 33965072 272646400 201588744 1074028608 2101252 1219035144 2105344 270860864 1024 0 1342177280 486761284 7 1166477083 9858 17744330 12 71611904 554829824 680340517 4 640262529 105189034 134222336 9 1145840302 5378080 287512092 4
is_linear=0
shrinkage=0.12


end of trees

feature_importances:
Column_34=736
Column_41=573
Column_35=540
Column_22=418
Column_23=303
Column_24=275
Column_38=145
Column_21=135
Column_19=115
Column_39=108
Column_3=96
Column_1=72
Column_8=70
Column_40=63
Column_7=54
Column_18=53
Column_25=36
Column_5=32
Column_0=24
Column_4=24
Column_20=24
Column_6=14
Column_2=13
Column_28=12
Column_29=11
Column_26=10
Column_32=5
Column_9=3
Column_30=2
Column_31=2

parameters:
[boosting: gbdt]
[objective: regression_l1]
[metric: l1]
[tree_learner: serial]
[device_type: cpu]
[data_sample_strategy: bagging]
[data: ]
[valid: ]
[num_iterations: 64]
[learning_rate: 0.12]
[num_leaves: 63]
[num_threads: 1]
[seed: 222279557]
[deterministic: 1]
[force_col_wise: 1]
[force_row_wise: 0]
[histogram_pool_size: -1]
[max_depth: 8]
[min_data_in_leaf: 60]
[min_sum_hessian_in_leaf: 0.001]
[bagging_fraction: 1]
[pos_bagging_fraction: 1]
[neg_bagging_fraction: 1]
[bagging_freq: 0]
[bagging_seed: 27615]
[bagging_by_query: 0]
[feature_fraction: 0.9]
[feature_fraction_bynode: 1]
[feature_fraction_seed: 17026]
[extra_trees: 0]
[extra_seed: 9756]
[early_stopping_round: 0]
[early_stopping_min_delta: 0]
[first_metric_only: 0]
[max_delta_step: 0]
[lambda_l1: 0.0005]
[lambda_l2: 2]
[linear_lambda: 0]
[min_gain_to_split: 0]
[drop_rate: 0.1]
[max_drop: 50]
[skip_drop: 0.5]
[xgboost_dart_mode: 0]
[uniform_drop: 0]
[drop_seed: 6576]
[top_rate: 0.2]
[other_rate: 0.1]
[min_data_per_group: 100]
[max_cat_threshold: 32]
[cat_l2: 10]
[cat_smooth: 10]
[max_cat_to_onehot: 4]
[top_k: 20]
[monotone_constraints: ]
[monotone_constraints_method: basic]
[monotone_penalty: 0]
[feature_contri: ]
[forcedsplits_filename: ]
[refit_decay_rate: 0.9]
[cegb_tradeoff: 1]
[cegb_penalty_split: 0]
[cegb_penalty_feature_lazy: ]
[cegb_penalty_feature_coupled: ]
[path_smooth: 0]
[interaction_constraints: ]
[verbosity: -1]
[saved_feature_importance_type: 0]
[use_quantized_grad: 0]
[num_grad_quant_bins: 4]
[quant_train_renew_leaf: 0]
[stochastic_rounding: 1]
[linear_tree: 0]
[max_bin: 255]
[max_bin_by_feature: ]
[min_data_in_bin: 3]
[bin_construct_sample_cnt: 200000]
[data_random_seed: 27573]
[is_enable_sparse: 1]
[enable_bundle: 1]
[use_missing: 1]
[zero_as_missing: 0]
[feature_pre_filter: 1]
[pre_partition: 0]
[two_round: 0]
[header: 0]
[label_column: ]
[weight_column: ]
[group_column: ]
[ignore_column: ]
[categorical_feature: 18,19,20,21,22,23,24,25,26,27,28,29,30,31,34,35,36,37,38,39,40,41]
[forcedbins_filename: ]
[precise_float_parser: 0]
[parser_config_file: ]
[objective_seed: 14758]
[num_class: 1]
[is_unbalance: 0]
[scale_pos_weight: 1]
[sigmoid: 1]
[boost_from_average: 1]
[reg_sqrt: 0]
[alpha: 0.9]
[fair_c: 1]
[poisson_max_delta_step: 0.7]
[tweedie_variance_power: 1.5]
[lambdarank_truncation_level: 30]
[lambdarank_norm: 1]
[label_gain: ]
[lambdarank_position_bias_regularization: 0]
[eval_at: ]
[multi_error_top_k: 1]
[auc_mu_weights: ]
[num_machines: 1]
[local_listen_port: 12400]
[time_out: 120]
[machine_list_filename: ]
[machines: ]
[gpu_platform_id: -1]
[gpu_device_id: -1]
[gpu_device_id_list: ]
[gpu_use_dp: 0]
[num_gpu: 1]

end of parameters

pandas_categorical:null
