tree
version=v4
num_class=1
num_tree_per_iteration=1
label_index=0
max_feature_idx=41
objective=regression_l1
feature_names=Column_0 Column_1 Column_2 Column_3 Column_4 Column_5 Column_6 Column_7 Column_8 Column_9 Column_10 Column_11 Column_12 Column_13 Column_14 Column_15 Column_16 Column_17 Column_18 Column_19 Column_20 Column_21 Column_22 Column_23 Column_24 Column_25 Column_26 Column_27 Column_28 Column_29 Column_30 Column_31 Column_32 Column_33 Column_34 Column_35 Column_36 Column_37 Column_38 Column_39 Column_40 Column_41
feature_infos=[0.014404296875:0.696533203125] [-0.11999999731779099:0.11999999731779099] [-0.11999999731779099:0.11999999731779099] [0:0.11999999731779099] [0:0.11999999731779099] [0:0.11999999731779099] [0:1] [0:0.4609375] [0:1.373046875] [0.014404296875:0.696533203125] none none [0.014404296875:0.696533203125] none none [0.014404296875:0.696533203125] none none -1:6:4:18:2:3:34:16:35:0:17:32:7:1:19:114:92:83:170:70:180:215:193:138:160:191:169:159:50:202:204:33:61:94:192:214:104:60:72:125:103:137:5:181:148:115:213:171:48 -1:34:33:35:32:4:2:3:5:18:6:1:17:0:7:16:19:111:122:55:45:154:63:144:89:87:153:99:100:133:65:73:129:53:64:109:198:75:188:76:196:69:176:131:179:47:56:119:130:167:110:120:195:79:68:132:143:41:67:185:86:58:206:212:91:199:121:168:44:140:200:40:98:189:42:201:124:207:152:107:162:163:177:184:46:88:96:164:80:174:123:183:190:84:135:175:197:43:51:108:128:156:208:77:95:112:118:166:74:113:145:178:102:117:161:210:101:142:54:106:205:57:78:52:134:165:209:187:141:155:146:62:85:97:172:139:173:186:194:151:90:66:157:150 -1:5:8:4:7:3:6:1:2 -1:40:56:24:0:9:48:1:26:32:22:62:8:16:46:20:4:7:58:59:35:47:29:34:31:27:19:61:60:51:14:38:37:55:3:28:10:50:49:2:17:13:15:23:36:21:33:6:12:54:42:25:18:44:11:43:5:57:45:30:41:53:63:39:52 -1:70:72:92:18:9:10:81:2:0:52:68:91:60:20:82:98:19:88:61:90:51:64:99:22:29:15:41:80:12:1:39:71:8:11:78:32:21:5:63:30:89:42:79:49:50:44:76:34:17:85:69:14:38:55:40:28:48:83:87:96:31:59:7:75:62:97:4:58:33:74:45:47:95:25:66:16:77:86:57:13:26:37:6:24:65:94:35:53:67:56:73:84:36:3:23:54:43:93:27 -1:10:4:39:52:58:55:34:43:54:24:41:40:51:31:17:23:19:59:32:20:47:3:14:49:50:28:0:46:6:9:21:16:25:30:42:8:11:33:44:35:7:26:27:45:53:37:57:18:5:92:56:36:48:38:29:76:22:2:13:1:84:63:93:12:15:74:83:87:79:89:90:61:80:69:88:78:60:67:86:66:71:65:97:68:77:81:96:75:91:94:98:95:85:70:82:62:72:73:99 -1:25:46:36:48:42:49:41:55:34:44:15:33:52:12:29:37:43:18:23:57:19:30:56:26:11:40:3:13:71:1:17:21:32:63:58:6:27:9:7:0:31:38:47:5:99:2:45:54:70:24:28:4:39:51:20:16:10:98:82:50:59:53:93:78:69:61:79:22:85:84:8:77:35:97:88:90:94:67:86:89:68:73:81:62:83:87:75:80:72:60:92:66:74:91:95:76:14:65:64 none none -1:0:1 -1:1:2:3:0:4:5:6:7:8:9 -1:1:0:2 -1:7:0:4:6:5:1:2:3 -1:7:4:5:1:3:2:0:6 [0:0.99798387289047241] [0:0.99193549156188965] -1:45:53:39:42:41:46:54:38:51:50:43:55:166:44:40:165:37:31:52:32:163:49:47:174:167:57:33:67:66:56:62:59:65:34:61:58:36:164:30:60:175:173:48:35:177:157:162:168:156:159:63:29:176:158:161:150:155:170:172:64:178:160:169:74:183:68:171:69:28:154:151:152:72:179:26:184:185:75:25:181:76:144:27:73:153:23:182:24:77:78:18:186:148:149:142:71:70:22:21:180:79:143:194:10:9:20:84:83:86:140:193:19:141:11:187:17:85:15:118:80:81:95:145:249:134:227:238:135:87:200:228:13:89:109:190:205:146:188:236:16:88:139:82:201:106:117:1:192:12:206:204:96:189:245:199:14:147:195:244:229:8:119:133:235:110:216:224:191:230:208:240:107:137:120:225:234:2:129:217:209:125:243:7:207:128:0:112:108:116:226:100:124:196:203:202:105:132:136:241:94:97:126:239:197:246:111:127:248:198:250:218:99:223:98:121:5:138:212:215:3:101:214:213:247:220:237:102:211:6:90:231:91:210:232:221:113:130:219:123:122:115:114:131:222:233:93:242:4:103:104 -1:87:86:58:56:57:59:88:85:32:84:172:33:171:89:31:200:199:55:30:141:201:54:4:143:2:71:173:228:5:202:117:142:174:118:115:3:227:140:116:229:70:60:0:28:83:230:72:1:42:61:27:26:29:185:112:43:90:111:197:110:16:100:198:184:101:73:144:186:169:6:34:170:7:41:53:69:145:99:139:66:156:82:113:52:44:213:17:134:146:249:15:212:14:67:250:133:157:214:40:102:35:68:183:155:151:150:225:109:124:187:196:65:152:226:135:132:167:39:18:123:163:162:122:195:219:81:25:168:218:161:180:181:125:190:38:12:80:158:224:153:121:130:179:106:51:95:220:13:49:9:77:78:192:149:208:191:114:11:96:105:126:98:189:240:94:45:10:24:120:188:239:119:203:223:164:204:108:93:131:248:104:19:211:178:207:237:64:247:136:37:127:205:238:50:176:129:193:182:79:8:103:148:128:236:221:74:209:62:154:177:234:206:138:233:36:217:215:147:107:241:46:160:63:159:246:235:21:75:222:76:245:242:175:232:22:97:20:165:23:194:231:216:47:48:243:137:210:166:244:92 -1:16:8:3:7:12:6:4:13:0:9:15:2:11 -1:16:7:8:12:9:3:2:13:6 -1:37:152:28:29:67:33:30:135:24:220:23:118:84:34:27:16:237:143:169:144:20:148:59:58:145:139:63:12:138:149:7:60:127:54:212:142:110:126:211:76:109:53:114:75:131:216:64:57:80:13:228:128:77:111:233:6:229:213:207:50:8:122:71:105:203:125:115:132:206:121:160:217:230:81:224:70:161:104:210:11:9:74:165:108:3:223:162:234:227:2:156:10:155:166:159:17:42:194:195:41:46:199:43:36:47:190:196:40:200:189 -1:160:150:4:148:70:83:124:62:0:22:100:49:147:128:63:24:84:104:142:157:10:18:106:120:110:130:78:129:146:38:109:1:11:43:68:122:126:98:6:156:3:21:82:26:158:16:108:86:67:123:96:99:159:59:119:144:60:85:31:9:5:105:79:136:47:40:45:97 -1:160:25:142:69:103:140:2:23:124:27:104:60:80:87:47:64:89:149:101:111:120:50:30:107:109:71:91:68:88:3:108:110:128:131:51:81:48:129:151:70:28:31:90:148:49:106:8:7:9:130:29:10:4:65:11:100:141:150:0:144:44:24:126:84:122:5:22:41:102:20:145:42:82:67:43:46:66 -1:136:79:116:56:118:45:47:1:44:25:24:7:41:82:230:237:232:106:100:229:250:12:59:188:138:233:122:135:131:3:103:80:226:196:217:15:61:194:160:63:115:134:214:119:129:18:141:142:33:145:73:72:36:69:149:224:70:147:40:239:23:223:200:37:113:6:191:246:65:96:83:26:77:125:27:104:127:85:102:124:235:238:57:64:84:67:105:46:87:5:4:236:227:231:86:126:66:120:60:117:234:43:107:98:0:76:121:20:247:58:78:175:173:210:42:240:97:22:123:249:193:212:245:50:38:137:174:197:166:167:206:241:170:195:62:172:13:19:248:95:176:17:242:185:111:157:177:10:30:215:101:99:209:14:163:222:88:151:207:81:178:93:186:109:139:9:49:154:165:203:228:219:158:243:51:155:8:146:184:204:75:53:91:143:28:180:144:2:130:187:21:183:29:199:221:31:140:159:208:220:89:16:94:179:11:128:192:168:190:132:213:216:244:164:211:189:205:148:198:169:201:152:162:114:153:54:68:171:39:52:225:90:34:71:110:35:133:150:32:156:182:218:74:108:181:55:202:161:48:92
tree_sizes=7021 6804 7191 6814 6917 7531 7241 7301 7302 7674 7605 7199 8302 7826 7827 7934 7700 7741 7815 7746 8273 8214 8651 8173 8390 8548 8203 8120 8596 8116 8411 8009 8469 8268 8297 8033 8486 8535 8571 7958 8065 7978 8057 8045 8354 8295 8220 8231 7973 8531 8007 8529 8327 8124 8230 8015 8396 8457 8108 8113 8121 8249 8264 8406

Tree=0
num_leaves=63
num_cat=43
split_feature=38 5 3 19 38 0 3 20 38 5 22 39 5 5 38 5 0 22 0 32 41 6 21 34 3 34 41 22 41 34 3 22 34 19 41 22 41 19 5 41 34 19 34 34 34 34 23 22 41 34 23 5 23 34 22 22 5 0 5 23 21 23
split_gain=1963.11 864.601 598.766 671.239 381.825 552.488 392.756 362.268 327.279 297.601 287.736 194.076 175.576 158.452 163.631 155.766 228.441 134.982 134.75 128.773 126.543 122.047 116.998 112.587 97.8452 94.3503 90.1265 84.3658 83.6834 82.6292 79.4755 78.1128 76.4328 73.391 72.9341 68.3561 66.7052 66.515 66.4466 66.0437 65.9387 64.2811 69.7305 65.7025 64.0923 63.1911 62.9848 62.4141 55.9221 55.5951 53.795 53.3338 53.036 52.3662 52.0757 52.0312 51.835 71.8428 43.7453 43.3062 42.6859 41.906
threshold=0 0.090833336114883437 0.0091666667722165602 1 2 0.20251464843750003 0.014166666660457851 3 4 0.094166666269302382 5 6 0.070833332836627974 0.094166666269302382 7 0.034166667610406883 0.16149902343750003 8 0.25988769531250006 0.3054435551166535 9 0.14784456789493564 10 11 0.077500000596046462 12 13 14 15 16 0.014166666660457851 17 18 19 20 21 22 23 0.094166666269302382 24 25 26 27 28 29 30 31 32 33 34 35 0.090833336114883437 36 37 38 39 0.052500000223517425 0.29357910156250006 0.094166666269302382 40 41 42
decision_type=9 2 2 9 9 2 2 9 9 2 9 9 2 2 9 2 2 9 2 2 9 2 1 9 2 9 9 9 9 9 2 9 9 9 9 9 9 9 2 9 9 9 9 9 9 9 9 9 9 9 9 2 9 9 9 9 2 2 2 9 1 9
left_child=1 4 3 35 5 6 15 11 25 20 13 -6 56 14 21 16 -1 -13 30 32 -5 -10 -23 -16 -20 38 51 49 -25 33 -14 36 -9 58 -31 -2 -28 -19 47 61 -29 42 -36 -43 -41 -38 -39 -4 -42 -22 -51 54 -35 -37 -27 -34 -7 -58 -12 -49 -61 -33
right_child=2 -3 8 9 7 12 -8 19 10 -11 29 17 18 -15 23 -17 -18 37 24 -21 27 22 -24 28 -26 26 31 40 -30 34 -32 39 55 52 41 53 45 46 -40 44 48 43 -44 -45 -46 -47 -48 59 -50 50 -52 -53 -54 -55 -56 -57 57 -59 -60 60 -62 -63
leaf_value=0.010495919734239578 0.001411764733493328 0 -0.0001777777774259448 0.00030537514016032219 -0.004152032285928726 -0.018201516866683958 -0.0090439671277999876 -0.0013186813518404959 -0.00027671023271977899 0 0.0011733333393931387 0.0011985093355178832 0.0088980433344840997 0 0.00096453063189983368 0.010628781169652938 -0.029999999999999999 -0.0017872340977191925 -0.011461616903543472 -0.00027681659907102585 0.0016000000387430191 0.0015286624431610108 0.00071005918085575103 -0.00084942083805799478 0 -0.0001291711488738656 0.00026815641671419145 -0.0060345114022493356 0.00024267270695418119 0 -0.0021354429423809051 0.00067415731027722361 -0.0022783119231462477 0 0.00087804878130555149 0.0014535666257143021 7.9085030592978e-05 -0.0013186813518404959 0 0 -0.0012934205867350102 0 0 0 0 0 0.00028516144026070835 -0.0021523760631680486 -0.0043211151659488679 0 -0.004344230443239212 0 0 0 -0.0018264839798212051 -0.0037010675668716431 -0.0040685051679611207 -0.013408672213554382 0 0 -0.0015552699007093905 0
leaf_weight=426 1441 6895 659 620 452 2249 980 441 1009 2878 1211 1188 139 6573 1082 504 228 725 1474 617 313 5234 4081 891 640 433 833 1162 6418 1599 198 429 970 1366 545 549 744 631 804 1274 720 5508 3271 34970 11487 5103 1422 534 6686 559 1364 656 3060 2656 1179 2511 938 1098 373 328 780 922
leaf_count=426 1441 6895 659 620 452 2249 980 441 1009 2878 1211 1188 139 6573 1082 504 228 725 1474 617 313 5234 4081 891 640 433 833 1162 6418 1599 198 429 970 1366 545 549 744 631 804 1274 720 5508 3271 34970 11487 5103 1422 534 6686 559 1364 656 3060 2656 1179 2511 938 1098 373 328 780 922
internal_value=-0.00823413 -0.0390638 -0.00199745 -0.0216063 -0.053032 -0.0706955 -0.0176074 -0.0354019 0.00159755 -0.0344642 0.0055288 -0.0108623 -0.0876402 0.0160221 0.0216573 0.0296896 -0.00896332 -0.00226243 -0.0619323 -0.0591958 -0.0431752 0.0317647 0.0360889 0.00916815 -0.0731569 -0.00999809 -0.00734396 -0.046176 0.00378636 0.000413752 0.0084954 -0.00485676 -0.0673394 0.01363 -0.00132012 0.0180077 0.00582785 -0.0167312 -0.0296054 -0.00991503 -0.0516503 -0.00223175 0.0126332 -0.00363645 -0.0125891 0.00126983 -0.00557866 -0.0400694 -0.0472688 -0.0250356 -0.0326821 -0.03 0.00565118 0.00816908 -0.0418587 -0.0732436 -0.102309 -0.0882041 0.0357142 -0.0524546 -0.0379285 0.0152311
internal_weight=147030 24726 122304 18948 17831 8874 2138 8957 103356 14302 77191 4418 6736 25288 18715 1158 654 3966 2451 4539 11424 10324 9315 8391 2114 26165 23060 10804 7309 51903 337 20792 3922 6010 45893 4646 6680 2778 3105 14112 8568 44294 3816 40478 12761 5847 2053 2301 7406 2236 1923 2268 4426 3205 1612 3481 4285 2036 1584 1642 1108 1351
internal_count=147030 24726 122304 18948 17831 8874 2138 8957 103356 14302 77191 4418 6736 25288 18715 1158 654 3966 2451 4539 11424 10324 9315 8391 2114 26165 23060 10804 7309 51903 337 20792 3922 6010 45893 4646 6680 2778 3105 14112 8568 44294 3816 40478 12761 5847 2053 2301 7406 2236 1923 2268 4426 3205 1612 3481 4285 2036 1584 1642 1108 1351
cat_boundaries=0 8 10 12 13 21 24 25 32 36 44 46 54 62 70 73 81 89 92 100 107 114 117 125 132 140 148 155 163 171 179 187 191 195 203 211 215 218 226 230 233 236 238 242
cat_threshold=1261516 315136 0 0 0 0 2415951880 9841 0 15 1261516 1024 146 0 2589982736 1260617 256 2064 64 54282384 8 4214226944 536871167 5177280 2048 822083584 34 128 3288653824 1146880 39 260 268577499 67175168 4277075968 6 541139520 671746 205529360 264192 1073795104 788550 536871424 4096 4011978724 1644228512 2147488266 65600 537395220 3355447296 524560 698351640 2684354560 532744 76087296 2147483796 10240 35659776 16777220 68292720 2158493794 67108996 2147483776 1073742336 4196354 576513 67129344 32898 626688 40110380 1160250303 192 14942465 536872192 2415919136 13697032 524289 8929281 335544360 1073774596 75563680 36704260 0 4231186 811925648 131672 134742016 538443777 10256 1072169506 4026662979 1126039591 42053632 1375731744 0 67436560 329792 285212672 143958024 2130432 68 9 136316968 67158048 570662976 50692352 139408 536871936 1614872581 83886096 75530248 1074200576 2013266212 1610686472 528516096 2957021293 4019255 218335232 16777474 805307776 8389568 536871936 536870912 2432958465 8454146 589868 101720064 9437185 33570856 436338692 1082425348 8448 469763072 12582922 1138688 2164260996 2415919136 201853704 50331904 1060864 538968064 553648146 151027828 4718592 2282750081 67125504 296128 1048836 0 1074267392 6322706 4207629 8 268902408 1442560 134217728 543164544 8389120 1074802752 641769600 458816 1073743872 2097664 1082474624 2097232 2776630400 2231375936 537233408 264708 0 128 258 8192 266240 17242389 8389424 0 135538693 8651072 167772354 16777248 2147615490 1074135168 32 4719105 138412564 36897 2249015434 3379167280 809571080 7 2775613840 152634432 64110776 8 77594884 262144 2684354626 1646265252 2147483648 285212672 134480024 1081488 1073745920 3225436548 0 2129921 2151713794 276865280 0 100663808 34607285 1916394496 1283721248 12 1142990848 818972274 2722153406 2 545293581 16777228 1612713984 1231093824 96 1 8320 377487888 671096960 160166197 9 31457744 3756926720 536870941 4499140 138866700 2795768204 336102070 2554732708 1778671809 2200142500 2299199576 8
is_linear=0
shrinkage=0.12


Tree=1
num_leaves=63
num_cat=39
split_feature=39 5 3 38 38 0 1 3 38 5 22 4 4 32 4 0 5 38 4 0 22 34 34 21 34 3 19 38 3 34 22 22 19 23 19 5 0 19 34 21 34 23 22 5 34 40 0 24 34 24 21 34 23 23 3 24 1 23 40 5 34 24
split_gain=1605.07 675.837 540.817 361.194 323.162 391.929 374.074 323.597 315.166 258.738 257.081 203.46 191.379 156.265 153.467 231.11 129.869 142.516 147.87 125.682 109.87 104.123 102.383 101.296 89.4506 88.5165 86.4292 86.3996 85.9876 80.7868 78.172 77.421 73.3672 73.2136 72.3881 70.2874 75.4619 68.0122 62.258 60.6272 81.4892 60.1992 59.3548 62.8275 89.6334 67.7002 59.0271 57.6178 55.5047 54.7962 54.098 53.1096 50.8981 50.0345 49.7635 49.5574 49.4196 48.6775 48.0915 55.6635 47.7402 48.7873
threshold=0 0.094166666269302382 0.0091666667722165602 1 2 0.20495605468750003 0.012500000186264517 0.014166666660457851 3 0.070833332836627974 4 0.094166666269302382 0.094166666269302382 0.3054435551166535 0.049166666343808181 0.16149902343750003 0.094166666269302382 5 0.0075000002980232247 0.25866699218750006 6 7 8 9 10 0.034166667610406883 11 12 0.014166666660457851 13 14 15 16 17 18 0.052500000223517425 0.31433105468750006 19 20 21 22 23 24 0.089166667312383666 25 26 0.34973144531250006 27 28 29 30 31 32 33 0.0075000002980232247 34 1.0000000180025095e-35 35 36 0.094166666269302382 37 38
decision_type=9 2 2 9 9 2 2 2 9 2 9 2 2 2 2 2 2 9 2 2 9 9 9 1 9 2 9 9 2 9 9 9 9 9 9 2 2 9 9 1 9 9 9 2 9 9 2 9 9 9 1 9 9 9 2 9 2 9 9 2 9 9
left_child=1 4 3 11 5 7 27 14 29 35 16 31 22 20 15 54 17 18 -10 28 -8 -19 33 -20 32 -21 47 -6 -11 55 -29 -2 -12 -5 -23 -7 -37 51 -39 40 -28 -40 52 44 -44 -46 -27 -24 -33 -22 -51 -26 -31 -53 -1 -4 -32 -41 -34 -60 -54 -62
right_child=2 -3 8 12 6 9 13 -9 10 19 24 -13 -14 -15 -16 -17 -18 21 23 25 49 34 26 -25 37 46 39 30 -30 42 56 48 58 -35 -36 36 -38 38 41 57 -42 -43 43 -45 45 -47 -48 -49 -50 50 -52 53 60 -55 -56 -57 -58 -59 59 -61 61 -63
leaf_value=0.013345915514230727 -2.6826521940529347e-05 0 0.00042440319433808323 -0.0038984101921319962 -0.00078655600938946013 -0.015993913793563845 -0.00082408877089619633 -0.0078395473480224603 -0.00089416065998375413 0.0080550231099128719 0 0 0 -0.0026653271108865737 0.011974935060739517 -0.0264 0 0.0008332249495200813 0.00058150417283177368 -0.016586116987466811 0.0012978749424219132 0.0010871583407744763 -0.0031656767338514328 0.0013174539282917975 0 -0.00042432814836502076 0.00089890905171632765 -0.0016336960497312248 -0.0018261763751506804 0 -0.0033640430286526681 0 0 0.00051853381991386407 0 -0.0037280811935663221 -0.012053880822658538 0 0 -0.0034906786758452653 -0.0037164756238460541 0 -0.001872909665107727 0 -0.00011428571306169032 -0.00089546338822692629 -0.0019117648154497145 0.00015521047040820122 0.0032385187871754166 -0.00031790116047486662 0.0010772077068686486 0 0 0 6.6456533968448642e-05 0 -0.0028573666289448737 -0.0047853337883949276 0.00072672444395720953 0 0 0
leaf_weight=294 993 6021 545 416 945 2179 1021 1030 1010 160 950 810 3017 421 363 306 7034 1208 3654 641 751 681 533 5725 550 593 447 1478 207 1958 2726 429 845 1067 7570 1152 857 6218 12450 1778 2935 25926 1031 3987 2281 5673 1235 1021 1642 740 743 1066 654 2762 225 1377 534 3861 3680 1159 1061 2404
leaf_count=294 993 6021 545 416 945 2179 1021 1030 1010 160 950 810 3017 421 363 306 7034 1208 3654 641 751 681 533 5725 550 593 447 1478 207 1958 2726 429 845 1067 7570 1152 857 6218 12450 1778 2935 25926 1031 3987 2281 5673 1235 1021 1642 740 743 1066 654 2762 225 1377 534 3861 3680 1159 1061 2404
internal_value=-0.00839736 -0.0363449 -0.0027721 -0.0214089 -0.0476697 -0.0636049 -0.0318216 -0.0196756 0.000641401 -0.0775576 0.00398109 0.0112712 -0.0297952 -0.00202282 0.0229915 -0.00565894 0.0136134 0.0185834 0.028278 -0.0495137 0.00688976 0.00789356 -0.0365771 0.0330029 -0.000677477 -0.0592472 -0.0407027 -0.0511451 0.0159348 -0.0124901 -0.0577263 0.0254403 0.0123864 -0.0068227 0.00304973 -0.0965155 -0.0801392 -0.00244978 -0.00104649 -0.0452341 -0.0321744 0.000759611 -0.0148576 -0.0194455 -0.0250228 -0.0206076 -0.0457049 -0.0142528 0.0385405 0.0217453 0.00818725 -0.0167016 -0.00504515 -0.0217187 0.0430709 0.0109203 -0.0682885 -0.0529818 0.0175491 0.0221645 -0.0126071 -0.0182226
internal_weight=147030 24622 122408 18949 18601 9242 9359 2218 103459 7024 82488 3874 15075 3676 1188 825 26882 19848 10389 2836 3255 9459 12058 9379 55606 2469 10575 5683 367 20971 4738 3064 6634 1483 8251 4188 2009 48972 44594 9021 3382 38376 19049 12972 8985 7954 1828 1554 2071 2234 1483 4378 6077 3828 519 1922 3260 5639 5684 4839 4119 3465
internal_count=147030 24622 122408 18949 18601 9242 9359 2218 103459 7024 82488 3874 15075 3676 1188 825 26882 19848 10389 2836 3255 9459 12058 9379 55606 2469 10575 5683 367 20971 4738 3064 6634 1483 8251 4188 2009 48972 44594 9021 3382 38376 19049 12972 8985 7954 1828 1554 2071 2234 1483 4378 6077 3828 519 1922 3260 5639 5684 4839 4119 3465
cat_boundaries=0 5 12 14 21 24 31 34 42 50 52 60 67 74 82 85 89 96 100 107 114 122 124 132 136 139 147 152 156 163 166 168 176 179 182 186 190 195 203 207
cat_threshold=2164736 134217984 16 25169929 2416967681 142606336 270532612 132161 570962176 2283815952 1610612804 16644 1261516 1024 0 2590263824 141385 256 2064 64 321701912 4197449728 1279 6225856 822083584 34 69632 3288653824 269582336 1073741831 256 25204740 1912866004 2164318079 4618 65600 671612944 3355447300 541456 52428800 2685476864 532737 1140863042 2215641128 139392 536905760 1124151296 536870915 536870912 50397185 283054095 2564755551 3149828 0 4231186 809836564 131152 532488 2685931521 10256 0 1157627914 2147581988 174063629 67113161 131216 229696 0 312112 0 0 0 0 16793600 16908610 4202496 1073741824 67174419 3230204448 0 134494213 2523136 31461777 4025428992 268730377 2147644351 180225600 805339136 9 8 2235040256 74753 134217737 276824228 1082138736 114688 2705517683 10490373 1836546 2 0 3293577216 8392740 6150 25309216 67190944 1048816 0 2147484160 43057185 429949040 281383041 541058 16384 8470720 2621520 8388736 2231500864 570787840 67373060 268435572 128 152510719 3493661762 8406040 1074315394 1048576 68231169 536871424 271646848 268451840 2097154 1831282016 117485011 10747908 8 1073234122 1912668736 1126367270 2214593696 7 675284992 1342185476 67239944 67240041 2097218 50348032 2337276032 297984 93585408 1358969200 6356995 646991952 1243091857 2148076789 2 1409286144 604180528 1329728 3221225472 2684354560 67116106 524288 1217791592 127452993 285360545 1329322865 4182780936 1614810880 1065472 2099200 134217792 16779904 1073741824 2424912 4097 2420598784 3498050347 1020135184 76124226 2433763888 1633572928 75497536 1537537421 423628802 2 11028257 1644699666 2790724256 6 2148534272 268553728 218103944 1409294384 8388618 4988960 67720 2701726224 0 64 3224403968 6422528 540672 19529984 1093878358 3809127500 4
is_linear=0
shrinkage=0.12


Tree=2
num_leaves=63
num_cat=40
split_feature=38 5 38 0 3 19 38 3 22 4 4 41 19 5 4 35 5 35 34 35 5 0 22 34 41 22 41 34 35 34 23 22 34 35 34 35 41 34 35 34 23 4 35 22 34 4 0 3 22 0 34 23 0 32 23 0 8 23 5 23 22 5
split_gain=1173.71 569.052 369.355 414.203 365.182 286.949 249.651 246.663 199.595 196.095 173.087 110.029 103.273 141.465 172.333 125.929 97.4346 93.2602 93.2525 90.0703 88.0535 98.5575 83.5531 81.8642 83.4827 83.7941 78.9126 87.4818 84.5486 78.3882 73.5975 71.6766 68.6504 67.9033 80.375 66.5582 69.3261 63.9597 62.8609 61.7692 60.0772 59.9767 59.7333 56.9581 62.8646 56.8517 103.592 56.7043 56.4957 54.5064 52.6366 52.6036 52.2584 61.2771 50.2802 49.8573 94.6041 49.8176 49.7346 48.0904 46.155 55.6379
threshold=0 0.072499997913837447 1 0.18200683593750003 0.0091666667722165602 2 3 0.010833333246409895 4 0.094166666269302382 0.092500001192092909 5 6 0.094166666269302382 0.0075000002980232247 7 0.090833336114883437 8 9 10 0.052500000223517425 0.24011230468750003 11 12 13 14 15 16 17 18 19 20 21 22 23 24 25 26 27 28 29 0.0091666667722165602 30 31 32 0.030833332799375061 0.14294433593750003 0.075833335518836989 33 0.39318847656250006 34 35 0.42687988281250006 0.41229838132858282 36 0.34826660156250006 0.41796875000000006 37 0.092500001192092909 38 39 0.087499998509883894
decision_type=9 2 9 2 2 9 9 2 9 2 2 9 9 2 2 9 2 9 9 9 2 2 9 9 9 9 9 9 9 9 9 9 9 9 9 9 9 9 9 9 9 2 9 9 9 2 2 2 9 2 9 9 2 2 9 2 2 9 2 9 9 2
left_child=1 2 3 7 5 9 29 45 12 22 11 -7 39 14 40 -16 18 -4 -3 -13 -5 -22 57 -19 -25 59 -10 28 -28 60 48 32 -21 34 -29 -31 58 -27 -24 -8 -14 -35 -30 50 -45 46 -1 49 -20 -32 -38 -33 -49 -54 -40 56 -23 -2 -37 -26 -6 -62
right_child=4 16 17 20 6 10 8 -9 26 -11 -12 19 13 -15 15 -17 -18 23 30 31 21 55 38 24 25 37 27 33 42 35 47 51 -34 41 -36 36 43 -39 54 -41 -42 -43 -44 44 -46 -47 -48 52 -50 -51 -52 -53 53 -55 -56 -57 -58 -59 -60 -61 61 -63
leaf_value=0.011084925271511078 -0.0026116625329256058 0.00022941177785396573 0.00046009112942218785 -0.014051004936218262 0 0.00054134525882452728 0.00010933692192099988 -0.0078726759967803952 0 0 0 -5.5043690554797652e-05 -0.0021553778836503625 0 -0.00014033007184043527 0.00097686724718660102 0 0.00013555839860625565 0.00022941177785396573 0.00090109717829525465 -0.0012988333956599233 -0.017388423029243944 0.0030658678260147569 7.8274463117122657e-05 -0.0018423299588263035 6.4758749306201944e-05 0 0 -0.00067605631425976748 0 -0.0018636719646155833 -0.0032394681006968021 -0.003070119641304016 0 0 0.00074865010185912249 -0.00049067706529051065 -0.0019308156616687777 -0.00068124123772233722 0 3.3205227926373479e-05 0 0 0 0 0.010963316169261933 -0.023231999999999999 -0.00077601281028985981 -0.0008535648854300379 -0.0094098330348730084 0 -0.0044346304491832845 -0.0012158054485917091 0.00022941177785396573 0.0017765834380388261 -0.01048479257440567 -0.0016039358607530594 0.00054059676706418383 0 -0.0033364580460749564 -0.0020030971066877248 0
leaf_weight=225 429 556 575 2322 787 641 858 705 2855 1046 2825 903 440 4931 1462 10971 7542 710 425 411 389 488 822 647 575 665 811 758 841 983 1868 2023 2136 3803 4786 1102 966 4053 568 5852 969 34162 4351 1877 10761 257 114 769 1055 294 4871 4322 83 141 1415 537 659 942 409 1654 1085 548
leaf_count=225 429 556 575 2322 787 641 858 705 2855 1046 2825 903 440 4931 1462 10971 7542 710 425 411 389 488 822 647 575 665 811 758 841 983 1868 2023 2136 3803 4786 1102 966 4053 568 5852 969 34162 4351 1877 10761 257 114 769 1055 294 4871 4322 83 141 1415 537 659 942 409 1654 1085 548
internal_value=-0.0074645 -0.0299078 -0.0461082 -0.069965 -0.00234219 -0.0178523 0.000489524 -0.0105909 0.00375588 0.00598394 -0.0272222 -0.0343744 0.0124636 0.0170306 0.0232563 0.0277636 -0.0113828 -0.0306782 -0.0240323 -0.0375038 -0.087687 -0.0695711 0.0176352 -0.033925 -0.0375808 -0.041437 -0.000483399 0.000637266 -0.0129277 -0.010379 -0.0295674 -0.041186 -0.0238687 0.00251189 0.0149028 -0.00800724 -0.00951095 -0.0321691 0.0294355 -0.000321324 -0.0164989 0.000698316 -0.0185626 -0.0115346 -0.0069913 0.0461537 0.0137242 -0.0399368 -0.00731899 -0.0509612 -0.021337 -0.0480793 -0.0162813 0.034513 0.017624 -0.0821352 -0.0677806 -0.00668108 0.015128 -0.0607764 -0.0307894 -0.04231
internal_weight=147030 27308 14575 5696 119722 18483 101239 1301 77850 5222 13261 10436 25483 18773 13842 12433 12733 8879 5191 9795 4395 2073 4176 8304 7594 6947 52367 49512 6003 23389 4635 8892 2547 43509 5544 20969 19986 4718 2805 6710 1409 37965 5192 18475 12638 596 339 3155 1480 2162 5837 6345 993 224 1983 1684 1147 1371 1511 2229 2420 1633
internal_count=147030 27308 14575 5696 119722 18483 101239 1301 77850 5222 13261 10436 25483 18773 13842 12433 12733 8879 5191 9795 4395 2073 4176 8304 7594 6947 52367 49512 6003 23389 4635 8892 2547 43509 5544 20969 19986 4718 2805 6710 1409 37965 5192 18475 12638 596 339 3155 1480 2162 5837 6345 993 224 1983 1684 1147 1371 1511 2229 2420 1633
cat_boundaries=0 8 9 16 24 27 35 41 49 57 65 73 77 85 92 96 104 112 120 128 131 134 142 150 158 166 174 182 190 198 202 210 214 222 226 233 237 240 244 248 252
cat_threshold=1261516 33869328 8 0 0 0 2181070856 8817 1129356 0 3238035471 98304 33570828 128 16908288 131392 0 2556428544 1258561 256 2064 64 289163664 1032 4160768000 536871167 1109917632 541139008 671746 2348818448 2099456 3221229608 852038 536871424 4096 65536 8394247 2215707672 218104945 302055442 25165888 4206592 805306368 1635844096 2684424224 67110658 106560 369099816 16384 73453568 5120 4194304 52428804 2147485760 1310976 268572940 655488 33619981 67112960 131137 538968065 174587920 16843776 805310728 16640 33628160 1073745920 1 3222930432 4196482 41 546308172 4309280 1731247 1119094272 876644616 3 134218262 805453824 8384 10493952 8716448 0 264208 430091 1576960 6577154 1073875845 807929984 33572864 20971521 8192 311408 688306230 24538 9 559104 9569352 768 8192 211820608 3276816 68157792 3670018 1216561280 2097168 8388736 2231501888 538216448 6660 4194336 42205312 2148014084 2157223936 1075855364 268566528 268959808 540676 67848 67182625 335872008 2214592528 606078977 2148533248 67115009 201392129 604504096 67109890 2727612565 1076707501 156765476 3317187391 2164265029 23109889 3498315776 4851972 4 590944 541065216 805462528 536870944 50332176 167772168 1026 542113828 67109122 1073742080 35657858 411303938 787268 68166656 50348288 2149056864 8976 9352 201342984 16920 16384 8192 16 196864 2281735552 1078085636 713031680 34081057 117473280 336199680 262184 1187840 3221356928 2415951880 151652616 285212672 41984 1077936488 10 2155872256 1107298304 118509824 270336 2426417152 67125280 33570880 402786304 2097250 5276436 8390656 2109442 608207104 80 2149585410 65540 100933636 2300604419 524304 1 705691648 4096 1745029760 62931470 1111622270 2 302023688 306184704 8388609 17877392 142606592 8651280 67109520 262144 3221661701 346824908 4097837635 2 41943104 167772296 1079058440 6832192 23331208 33685536 69632 2113536 2255753216 1220543016 2212530434 14 549376 1610712196 134234916 139777 33570816 2415923264 8409664 1210057413 178159634 2764472496 14 1115948258 615106112 2031354256 106955081 978927650 34147664 14 160499200 899197248 142787586 3 523256652 5474369 2476146688 12
is_linear=0
shrinkage=0.12


Tree=3
num_leaves=63
num_cat=44
split_feature=39 29 0 0 39 32 3 0 6 22 29 19 38 19 41 32 3 0 2 38 8 41 35 41 35 35 22 41 22 0 41 0 41 29 23 41 19 35 23 22 22 22 3 6 35 24 24 35 24 35 21 40 24 24 23 23 0 35 6 24 23 0
split_gain=958.535 374.337 363.268 275.59 268.973 223.912 184.758 182.124 166.637 166.786 157.004 150.476 133.385 114.239 98.9389 96.8353 114.677 92.268 91.907 88.2255 85.8531 84.26 82.3236 77.534 75.9896 73.3506 69.8212 69.1659 68.5453 90.2232 68.4504 67.4866 66.8832 64.866 63.0039 61.2586 60.6146 60.6015 59.9407 59.753 56.5926 55.7513 55.1296 61.4208 54.4569 50.8713 48.9762 48.7718 48.5018 47.3702 46.9108 46.7497 46.7492 45.2363 45.1795 44.3473 42.6605 39.7801 39.3172 38.0783 37.3298 36.9776
threshold=0 1 0.12512207031250003 0.18200683593750003 2 0.41229838132858282 0.077500000596046462 0.21984863281250003 0.12588027864694598 3 4 5 6 7 8 0.41229838132858282 0.014166666660457851 0.33825683593750006 -0.094166666269302354 9 0.21679687500000003 10 11 12 13 14 15 16 17 0.22717285156250003 18 0.37292480468750006 19 20 21 22 23 24 25 26 27 28 0.094166666269302382 0.36435787379741674 29 30 31 32 33 34 35 36 37 38 39 40 0.43859863281250006 41 0.66141441464424144 42 43 0.22106933593750003
decision_type=9 1 2 2 9 2 2 2 2 9 1 9 9 9 9 2 2 2 2 9 2 9 9 9 9 9 9 9 9 2 9 2 9 1 9 9 9 9 9 9 9 9 2 2 9 9 9 9 9 9 1 9 9 9 9 9 2 9 2 9 9 2
left_child=1 3 22 19 21 52 7 15 11 13 12 33 17 30 54 -3 -17 20 -19 -1 -9 51 -2 48 -25 -15 34 39 49 37 -10 -8 -27 -6 -24 -35 57 -30 -21 -23 -14 -37 43 -33 55 -40 -28 -32 -16 -13 -46 -4 -5 -42 -11 -38 -45 -29 -58 -41 -48 -59
right_child=2 6 4 5 8 -7 31 10 9 14 -12 28 40 25 23 16 -18 18 -20 38 -22 27 26 24 -26 32 46 36 29 -31 47 42 -34 35 -36 41 44 -39 45 59 53 -43 -44 56 50 -47 60 -49 -50 -51 -52 -53 -54 -55 -56 -57 58 61 -60 -61 -62 -63
leaf_value=0.0044852110875248903 0.0012389374688136579 -0.0020163643687713144 0 -0.0026733802484408763 0 -0.012443314817676543 -0.00035452809438943865 -0.011744804986596106 0 0 0 -0.00012539184652268887 -0.0010157772309780122 0.00065098045931383968 0 0.0095289988319474453 -0.0014494744505631927 0 -0.008887114177207946 7.9565860015154159e-06 -0.00046903443091616029 0 -0.0054933208780512206 0 0 0.00043501058737188583 -0.0043424803018569944 0 -0.0046215555469129978 0 0 0.00022941177785396573 0 0.001001870938644111 -0.00015410291897445936 -1.3120430630519985e-05 0 -0.0019348622505569457 -0.0015822349734592438 0 0 0 0 -0.00023767350675344469 0 -0.0073939404137420657 -0.010397641300404221 0 0.00018548040721379219 0 0 7.7344106738939868e-05 -0.0007696481759548187 0 -5.0928383320569985e-05 0 0.00020188236451148983 -0.0029379487634003166 0 -0.00080278460028022523 -0.0072413791716098783 0
leaf_weight=349 574 439 889 410 1047 2622 532 1001 1047 808 1679 443 911 1660 791 434 283 198 1499 566 1464 804 547 4528 38892 1768 722 665 544 3782 935 218 12800 1128 1099 950 409 2765 426 546 689 2271 1259 309 6965 979 692 4683 1580 2878 19148 1072 797 1586 1895 1046 102 646 403 1399 1819 1638
leaf_count=349 574 439 889 410 1047 2622 532 1001 1047 808 1679 443 911 1660 791 434 283 198 1499 566 1464 804 547 4528 38892 1768 722 665 544 3782 935 218 12800 1128 1099 950 409 2765 426 546 689 2271 1259 309 6965 979 692 4683 1580 2878 19148 1072 797 1586 1895 1046 102 646 403 1399 1819 1638
internal_value=-0.0066916 -0.031717 -0.00293978 -0.0561274 -0.00158988 -0.0758966 -0.0201937 -0.0277231 0.00198562 0.00445447 -0.0334655 -0.00916129 -0.0410286 0.0128933 0.00046757 0.0170984 0.044228 -0.0551701 -0.0768452 -0.0234625 -0.0404215 -0.0104373 -0.0332392 0.00178678 0.000629949 0.0183251 -0.0382498 -0.0118637 -0.0175787 -0.0242433 -0.000341462 0.00696635 0.015572 0.00710058 -0.0178045 0.0135693 -0.0102119 -0.0387436 -0.0332224 -0.030076 -0.0222889 0.00504792 0.0159093 0.0364409 -0.00845395 -0.0464925 -0.0485547 -0.00560567 0.0228619 -0.00331231 -0.00971483 0.0136847 -0.0330521 -0.0120157 -0.02179 0.0140695 0.0211764 -0.0265451 0.0426034 -0.0414512 -0.0565993 -0.0340766
internal_weight=147030 19155 127875 6149 122422 3829 13006 10183 87195 71387 9027 15808 7348 22893 48494 1156 717 4162 1697 2320 2465 35227 5453 45791 43420 16228 4879 33266 10412 7091 6665 2823 14568 5396 1646 4349 30517 3309 1971 2749 3186 3221 2291 1032 27568 1405 3233 5618 2371 3321 26113 1961 1207 2275 2703 1455 814 2949 505 1945 2511 2284
internal_count=147030 19155 127875 6149 122422 3829 13006 10183 87195 71387 9027 15808 7348 22893 48494 1156 717 4162 1697 2320 2465 35227 5453 45791 43420 16228 4879 33266 10412 7091 6665 2823 14568 5396 1646 4349 30517 3309 1971 2749 3186 3221 2291 1032 27568 1405 3233 5618 2371 3321 26113 1961 1207 2275 2703 1455 814 2949 505 1945 2511 2284
cat_boundaries=0 5 6 11 15 16 23 31 38 46 54 62 70 78 86 94 98 106 109 117 125 126 130 138 145 153 157 161 164 168 176 180 183 191 195 203 205 210 213 216 220 224 232 235 238
cat_threshold=2164736 134217984 16 8388617 2415919105 1 2218786883 268435520 4243464 1090524180 1612447744 4145037312 70911 4783040 4 2 1 2235579407 8506384 33734658 8 196864 320 1129868 0 0 0 0 0 33554432 9 65536 1053710 75564040 203424881 272695314 545276160 776 559104 8388680 33554432 24576 211820608 3475472 68190576 6815744 140876 0 0 0 0 0 16793600 8 67371008 16875520 131072 1075838976 37748756 187770944 2973764944 8192 64 1073742347 2151841904 1590400 83886080 524800 8389136 67125504 536887296 4194308 1090519040 646086666 1073938944 1744830756 537464833 336 264192 134217737 2418024960 1073813616 68421120 131392 543178756 16777224 66048 13440 274727424 1140851264 8912896 538984578 134250560 173380 4059037885 1073874305 1091904864 2 2164260871 335545344 117442562 167804928 202637440 136 53256 52428812 98583455 285217126 7483138 100665920 2097156 1076136960 2282749956 360514 131200 273285152 657408 16440 1342472192 545366080 3178554 4616 33556480 16777216 196 4 1883717922 811090510 304091248 7 637846248 12290 2151677952 2147485312 131200 67239948 262400 84992 0 2666496 75531283 285233200 4198416 17727506 262408 1343225856 2149056512 2367488 2283888640 1006657552 1075844096 1073741824 2048 612369605 1092361489 3355969106 5 2256798354 34706432 3271723203 14 3357605905 805569311 408971463 1174465213 350295368 8388676 3 9728 4352 268607488 33560576 137252 2151677953 2181470240 565376 538085696 2456159745 2618337850 2 1346535680 116400144 27541912 201327616 92160 17039368 33555456 2048 1153957916 881442834 4 537029958 35996807 3163299976 2 263584 1075061508 34603284 16777344 67108864 536879616 2097184 29360128 16580736 9703653 1077937928 269324288 168034384 67137536 5308417 1075978624 2183262505 1160647600 76992644 1101645859 3257174530 2181857795 2159194161 1922334730 4 2822242394 3489792000 1116359948 14 2 2106368 1026 276840607 46153985 393218 67111946 64 1074021444 3546322344 136087074 2923696146 1215471687 2156266002
is_linear=0
shrinkage=0.12


Tree=4
num_leaves=63
num_cat=38
split_feature=38 4 3 38 0 4 0 3 0 3 41 19 6 39 3 0 4 22 4 6 19 8 19 34 34 22 35 38 29 41 34 41 35 34 22 19 35 0 34 23 23 4 0 8 34 35 35 41 0 38 34 40 18 23 24 23 24 4 8 0 4 22
split_gain=627.191 479.895 359.566 378.743 307.43 244.583 234.333 187.813 172.443 150.696 146.917 119.451 119.144 119.029 104.513 155.246 132.47 101.778 116.643 127.806 226.327 119.359 133.354 106.067 93.2523 93.4765 89.8448 83.547 159.269 78.114 74.9688 79.0504 74.909 80.4186 74.7639 73.9865 70.4728 68.6369 60.6907 59.5034 56.531 56.1627 117.722 54.8214 53.8283 56.9821 55.8684 48.6698 48.3237 56.5356 47.5667 46.0441 45.9737 45.8017 44.6427 43.6397 43.4502 42.6051 42.2011 52.7879 53.5856 41.9078
threshold=0 0.094166666269302382 0.077500000596046462 1 0.22473144531250003 0.050833333283662803 0.11315917968750001 0.012500000186264517 0.15466308593750003 0.010833333246409895 2 3 0.16784037649631503 4 0.034166667610406883 0.35119628906250006 0.049166666343808181 5 0.094166666269302382 0.14784456789493564 6 0.34082031250000006 7 8 9 10 11 12 13 14 15 16 17 18 19 20 21 0.25524902343750006 22 23 24 0.072499997913837447 0.27917480468750006 0.20507812500000003 25 26 27 28 0.33557128906250006 29 30 31 32 33 34 35 36 0.087499998509883894 0.94335937500000011 0.42248535156250006 0.024166666902601722 37
decision_type=9 2 2 9 2 2 2 2 2 2 9 9 2 9 2 2 2 9 2 2 9 2 9 9 9 9 9 9 1 9 9 9 9 9 9 9 9 2 9 9 9 2 2 2 9 9 9 9 2 9 9 9 9 9 9 9 9 2 2 2 2 9
left_child=1 2 3 4 5 8 34 11 9 -1 -9 37 -7 30 41 16 -16 32 19 20 39 23 -23 -21 40 -26 -22 28 -3 61 51 55 50 54 52 -33 -37 -5 -38 -19 -12 -6 -43 -10 45 -35 -46 -31 -4 58 -15 -8 -2 -13 -34 -32 -36 -57 59 60 -50 -20
right_child=6 27 48 7 14 12 13 10 43 -11 24 53 -14 17 15 -17 -18 18 29 21 26 22 -24 -25 25 -27 -28 -29 -30 47 31 35 33 44 56 36 38 -39 -40 -41 -42 42 -44 -45 46 -47 -48 -49 49 -51 -52 -53 -54 -55 -56 57 -58 -59 -60 -61 -62 -63
leaf_value=0.009835360084723091 0.0038173543998660919 5.6284131709939232e-05 -0.0012912399416117369 9.6441631592810164e-05 -0.01496206246601944 0.0092106268147975449 0 -0.0026353390477007565 -0.017962937690706251 -0.0086374957658637997 -0.00010557446249753239 -0.0030472762908728421 -0.00080902274349095864 -2.2257648865655061e-05 -0.0045153987672692476 -0.0082533680896568293 0.00023288539781511408 0 -1.3120430630519985e-05 -0.00033149172551929948 0.00012274839057192205 0 0 0.00086477141039818523 -0.0009042831391096115 5.5139510270208115e-05 -0.00055063114065617323 0 0 0 0 -2.9120724834501741e-05 0 0.00038583422996208067 -0.0038154007302475695 0 0 -0.017338524217844008 0 0.00095788257000803964 -0.0019149925463980433 1.5065517203512666e-05 -0.013912141008663323 -0.0032902305083729265 0 0 0 0 0.00017435295116901395 0 0 -0.00021563342772424221 -0.0058160601570510862 -0.0052240003610936163 -0.0003301154921887815 -0.0017297370058304072 -0.009025654031005902 0 0 0.00017765648077011105 -0.0001617664022342205 0
leaf_weight=348 385 887 287 836 1204 322 1122 961 739 349 410 687 340 440 1071 969 593 890 566 1859 860 6107 15964 14433 2769 6181 5501 3701 1160 648 671 963 791 662 537 1098 3535 115 15524 1977 956 226 404 515 2132 2247 16283 9004 109 2466 2982 1791 561 1860 1968 1148 1437 358 734 296 215 876
leaf_count=348 385 887 287 836 1204 322 1122 961 739 349 410 687 340 440 1071 969 593 890 566 1859 860 6107 15964 14433 2769 6181 5501 3701 1160 648 671 963 791 662 537 1098 3535 115 15524 1977 956 226 404 515 2132 2247 16283 9004 109 2466 2982 1791 561 1860 1968 1148 1437 358 734 296 215 876
internal_value=-0.00571549 -0.0206582 -0.0276105 -0.033732 -0.0565482 -0.0239082 -0.00160441 -0.0227389 -0.0452841 0.00257502 -0.0152141 -0.04704 0.0390361 -0.000732371 -0.0757485 -0.0603415 -0.0380312 0.00142131 0.00424417 0.00682789 -0.00585048 0.00987775 0.00412631 0.0176678 -0.0109799 -0.00649408 -0.0184528 0.0107061 0.0300728 -0.00683489 -0.00781176 -0.00553434 -0.00460079 -0.00696244 -0.035154 -0.00328222 -0.00171947 -0.010218 -0.00342929 0.022091 -0.040058 -0.0977777 -0.0683543 -0.0718471 -0.00446006 0.0106813 -0.00685733 -0.00291804 0.0049647 0.00854002 0.011986 -0.0259282 -0.00701455 -0.0604924 -0.0261999 -0.0272453 -0.0483383 -0.038577 0.0281112 0.0513182 0.0176685 -0.0327647
internal_weight=147030 31710 25962 21855 7080 2613 115320 14775 1951 697 11277 3498 662 112400 4467 2633 1664 86190 58685 47591 9228 38363 22071 16292 10316 8950 6361 5748 2047 11094 26210 23297 27505 24083 2920 21120 20157 951 19059 2867 1366 1834 630 1254 21324 2909 18415 9652 4107 3820 3422 2913 946 2547 2759 2177 1974 1506 1354 620 324 1442
internal_count=147030 31710 25962 21855 7080 2613 115320 14775 1951 697 11277 3498 662 112400 4467 2633 1664 86190 58685 47591 9228 38363 22071 16292 10316 8950 6361 5748 2047 11094 26210 23297 27505 24083 2920 21120 20157 951 19059 2867 1366 1834 630 1254 21324 2909 18415 9652 4107 3820 3422 2913 946 2547 2759 2177 1974 1506 1354 620 324 1442
cat_boundaries=0 8 9 17 24 29 33 40 46 54 62 66 74 82 83 91 99 107 115 123 126 133 141 149 153 157 165 173 181 189 197 205 210 216 220 223 226 230 234
cat_threshold=1261516 2315570960 8 0 0 0 268484608 8241 1122188 4194304 1074790784 38830080 2147529351 688391168 131072 32768 10495116 0 41231 2169507848 1034 621035544 67109040 16384 2220884035 2416058688 4210712 1090524164 1612447745 958841 2667317248 3087007759 2 0 2169517327 32784 51218 4194312 67178496 1114184 65536 7694 209780736 77628528 281083955 537411584 1208107008 8392704 66952 67110784 24578 2048 18874384 6455746 537134208 17089028 539034624 134144 0 4358432 8585824 41944064 2148653072 400431 2148851536 3 2457664 16851976 34078722 67666176 1115949120 128 18350144 67174404 1130380 512 0 0 0 0 0 1 2 536887304 294912 106496 103972882 135168 1073742112 553652224 18756 67567620 33554440 67119104 2222981120 470024452 135273472 906498048 160 33554448 2147484736 25166852 100927488 33636356 16777376 134742176 50332276 537464833 134230034 16777476 805437570 2097152 268503042 8650754 99652 537198592 528 17039424 117492482 526337 196608 71319760 33555080 1898971957 3238494465 29967456 0 1536 25231367 528633944 4261888 16834562 262152 2952798208 526340 805306368 2181050496 8196 541343744 1112539392 4239361 2155872256 1208745988 704659576 64 1613279232 2097286 128 528642 378808634 260072622 8640 10 2689884288 20546638 77730304 14 3240624148 5242880 134225920 538976384 4194632 150994949 1745359872 48 2149720116 132672 262184 2214625280 2193625088 17825796 268448897 33554432 131072 67764736 1409556480 2147516436 3221234176 1074037000 2153803776 17833984 32768 33554496 33554432 8192 77602832 3407888 76579184 6815744 1130376 16896 0 0 0 0 0 32 2048 4194656 16384 0 135266304 55576839 538116 131104 184551553 268961792 8585344 352343520 2240517 262152 262150 320 262144 0 1049089 3232784576 75720721 2822780966 1 101929828 89130313 573215232 3221232012 45292048 338141650 29606144 2221154440 1671710856 4 4077930496 66811 4780800 4
is_linear=0
shrinkage=0.12


Tree=5
num_leaves=63
num_cat=49
split_feature=38 5 38 9 9 19 3 41 38 22 34 41 35 5 41 19 5 34 34 41 34 5 9 3 19 35 9 35 3 19 9 41 21 22 34 23 24 41 34 35 35 34 41 34 34 34 24 5 41 24 35 23 24 34 23 23 24 22 23 22 22 41
split_gain=689.116 492.96 334.099 258.529 245.452 189.851 127.471 114.179 97.4555 94.8889 91.5554 88.2429 86.2905 91.3902 103.997 92.9427 85.9933 100.023 80.2508 79.992 79.8607 77.418 139.683 77.1339 92.3136 78.975 75.4306 75.1642 74.3283 72.1614 69.9195 68.4664 66.8481 66.0031 65.1715 65.0157 64.7468 64.1255 65.5883 72.2188 63.4842 80.3876 64.3983 57.7439 56.2828 56.1928 57.0681 55.865 55.7032 55.6159 53.6412 53.262 49.8458 49.6909 48.2369 47.784 50.4822 47.6968 46.4473 46.4447 46.2744 46.2472
threshold=0 0.070833332836627974 1 0.17736816406250003 0.14880371093750003 2 0.010833333246409895 3 4 5 6 7 8 0.079166665673255934 9 10 0.090833336114883437 11 12 13 14 0.042500000447034843 0.28283691406250006 0.014166666660457851 15 16 0.23425292968750003 17 0.019166666083037857 18 0.21496582031250003 19 20 21 22 23 24 25 26 27 28 29 30 31 32 33 34 0.090833336114883437 35 36 37 38 39 40 41 42 43 44 45 46 47 48
decision_type=9 2 9 2 2 9 2 9 9 9 9 9 9 2 9 9 2 9 9 9 9 2 2 2 9 9 2 9 2 9 2 9 1 9 9 9 9 9 9 9 9 9 9 9 9 9 9 2 9 9 9 9 9 9 9 9 9 9 9 9 9 9
left_child=1 2 3 6 5 34 -1 -4 31 12 -9 -7 20 14 -14 -16 17 -3 -13 -19 -10 -5 28 24 26 -25 -12 -20 30 -21 -23 59 -27 49 -2 -36 -35 52 39 -39 41 -40 -42 -33 -15 -31 -47 -41 51 -29 -46 -45 -11 58 -55 -22 -57 -26 -50 -6 -37 -18
right_child=4 16 7 21 8 11 -8 10 9 37 23 18 13 44 15 -17 61 19 27 29 55 22 -24 25 57 32 -28 33 -30 45 -32 43 -34 36 35 60 -38 38 40 47 42 -43 -44 48 50 46 -48 -49 53 -51 -52 -53 -54 54 -56 56 -58 -59 -60 -61 -62 -63
leaf_value=0.0059849467212102587 0.0053240306603014468 -0.0016782022220397748 -0.0047937725254640759 -0.012417825670368577 0 0.0021329604408647598 -0.0064190029980793302 0.00050040727162621915 4.7209344618022441e-05 0 0.00040420642341881986 0.00052071787866711614 -0.00053404034204408517 0 0.0012388633451912553 0.00049626662872485818 0 0.00028729596581317484 0.00045678221455644686 -0.0015639699691467294 -0.00011494590840096475 -0.0012633220573609854 -0.0074803855027051397 0.00087501591835185879 -0.0025723158323396511 -0.0013868412622408657 -0.01852067186956622 0.0010730836056859776 -0.00078138875034735374 0.00023725405787676575 -0.017949487882998699 0 -0.00042615664111420509 -0.0031226269841194152 -0.0044071713166487217 -0.0010367666754734516 -0.0055856502060163691 0 0 -0.0007515657506883144 0 0 0 0.00014379821856088935 0 0.00015303417347660062 -0.0010830923468512007 0 -0.00099916823059008559 -0.0036530494605647801 0 0 5.4835338874161302e-05 0 0 0 0 -0.0056139576352045835 0 -0.00017442799508571625 0.0034796660253095624 0
leaf_weight=501 311 808 727 1317 566 593 559 1015 543 686 717 777 955 1349 3824 8736 1463 1076 668 762 924 129 1223 573 540 2932 90 569 838 532 249 1744 3513 1361 549 417 2899 851 795 4055 4818 4439 38723 658 1419 1054 2272 1870 550 1479 7924 1249 1690 3702 8090 635 1382 1246 1427 1543 848 7276
leaf_count=501 311 808 727 1317 566 593 559 1015 543 686 717 777 955 1349 3824 8736 1463 1076 668 762 924 129 1223 573 540 2932 90 569 838 532 249 1744 3513 1361 549 417 2899 851 795 4055 4818 4439 38723 658 1419 1054 2272 1870 550 1479 7924 1249 1690 3702 8090 635 1382 1246 1427 1543 848 7276
internal_value=-0.00421459 -0.019972 -0.034573 -0.0610439 6.84938e-05 -0.0174506 -0.0088135 -0.0232609 0.00181343 0.0035581 -0.0200564 -0.0255851 0.00933473 0.0118766 0.018439 0.0213331 -0.00449458 -0.01494 -0.0290071 -0.00925016 -0.00830662 -0.075934 -0.0631708 -0.0236808 -0.0413873 -0.0171624 -0.00717941 -0.033091 -0.0342857 -0.016114 -0.0783156 -0.00583388 -0.0209447 -0.0371582 0.0145437 0.00565166 -0.0457303 0.000795318 -3.23946e-05 -0.0110843 0.00150532 0.0139764 2.75389e-06 -0.00335245 0.00359079 -0.00936433 -0.0151707 -0.0157857 -0.00566037 -0.019165 0.00690112 0.013507 0.0200502 -0.0083245 -0.0053575 -0.0161327 -0.00567764 -0.0564627 -0.0258823 -0.0261952 0.0205794 0.00328108
internal_weight=147030 31412 16169 4816 115618 10471 1060 11353 105147 85618 10626 8346 27691 24207 13515 12560 15243 6504 7753 5696 3484 3756 2439 9611 2593 7018 807 6976 1216 4620 378 19529 6445 6308 2125 1814 4260 57927 55551 6776 48775 5234 43541 17420 10692 3858 3326 5925 15676 2048 9343 1907 2376 13769 11792 2941 2017 1786 1977 2109 1265 8739
internal_count=147030 31412 16169 4816 115618 10471 1060 11353 105147 85618 10626 8346 27691 24207 13515 12560 15243 6504 7753 5696 3484 3756 2439 9611 2593 7018 807 6976 1216 4620 378 19529 6445 6308 2125 1814 4260 57927 55551 6776 48775 5234 43541 17420 10692 3858 3326 5925 15676 2048 9343 1907 2376 13769 11792 2941 2017 1786 1977 2109 1265 8739
cat_boundaries=0 8 9 16 24 32 35 43 51 59 67 74 82 90 98 106 113 121 129 136 144 146 149 156 160 164 171 179 187 195 203 211 218 226 234 238 246 250 258 262 265 272 276 280 284 288 291 295 299 307
cat_threshold=1261516 2181351168 8 0 0 0 302039040 9329 1121156 65536 16779535 8390713 14696452 262144 134418562 120 1077936160 1081472 1081344 2147514113 153616384 1074921992 4194304 1036 0 471861264 205889 528640 2147502096 64 2167144860 520 3625979010 536871167 22216640 134218306 131072 8208 44048913 269058592 1056768 167776272 430120 65632 525313 550502400 2181072960 33574912 268501057 2149400578 4224 16448 32 269025314 536893451 75629314 3 2163712 82098 106496 12715008 2685419776 268451840 136331264 81039488 2097152 344065 60 42500096 33559041 2050 8196 503320618 1384688 20608 2286059784 16809988 268288 70784 514 2157969570 1024 536592 34816 1077944320 270782592 4096 139460611 541065216 73400320 65536 2166358018 537399616 12716032 1343576128 538443792 81952 524288 2167304 67128384 6815744 1073823748 16785408 1073741924 301991936 5316736 393216 45063 16781320 16 536870928 131120 65668 14680064 4214784 1114112 33686592 1179648 173016064 537008896 397696 512 8261 2147484160 805962882 18875394 805306880 67112976 71829761 65568 4096 2357203473 285376592 4194440 67145780 393240 134217856 2424307712 10488064 33852608 50331776 2348 2147522688 67108865 3207608061 1107684368 3576694045 2684423561 1137252384 2147484164 600073 652 1744830464 16875520 229632 335544320 878118308 2466381970 419514720 8 549865760 549871748 598240792 4 4 1074331652 67110912 10486016 1610874936 1355022380 805349377 2290122752 3670026 1075904512 2147487744 3224666112 335551236 40992 384 580386817 532514 33554436 302139394 786560 2097280 620888066 74753 524288 3221243906 286310417 1140982146 41947136 8388624 1216352290 768 74240 4591680 1048576 25182212 805307392 185877536 1073807364 67158082 34496 32 1476396034 1430290440 133120 553648129 1115684864 221200 19923200 1073741825 544 329777 78185984 3760209920 7208 570949760 672205824 52691080 3146050 1078460417 1 134283268 2105345 268566593 4096 132672 1 180379712 285739008 822087680 50344194 1153434722 444703876 590943844 4 268435458 3162176 83890688 3221225472 2149662721 1704448 1143473436 3072 411732296 2160800896 638582976 8 594432 2214645896 33280 201328192 134480040 134234256 65 2098240 2957088961 14680225 1922093170 12 1210377100 805319746 613581396 536903680 2248474624 204734529 4195328 290816 125874196 1048708 2961344512 1209141026 483931918 2 402841828 336194369 19989766 2 948362552 2238728196 203424920 8 136921425 63768072 1110182149 2 1722023960 3608252450 674258960 104924420 1615930635 3289531433 4 19082757 315164321 592269 10 4096 553779498 2415936000 614993929 1060904 67182592 33751040 16777216
is_linear=0
shrinkage=0.12


Tree=6
num_leaves=63
num_cat=42
split_feature=38 5 38 0 0 8 0 19 3 22 5 41 35 41 34 34 4 0 5 38 34 35 0 3 19 22 35 41 34 35 22 41 41 19 35 34 19 41 34 34 2 5 38 35 24 0 24 23 34 41 41 3 0 38 2 19 6 4 21 24 23 23
split_gain=567.972 410.293 259.319 285.75 223.841 139.062 204.701 112.675 108.758 93.6504 94.1085 113.576 106.403 102.778 109.517 97.0493 89.4541 122.345 88.6798 87.342 86.2835 83.5907 82.9274 80.8187 96.8821 80.783 80.4735 74.6757 73.0771 84.4459 72.678 70.7265 69.1738 67.1689 66.2543 63.8886 63.3292 72.8358 66.8186 62.5918 62.4783 62.3958 113.467 61.942 61.0539 57.8183 56.5502 55.8489 55.6563 57.9084 55.4826 54.9197 107.097 117.307 104.917 57.9689 57.1466 57.0142 53.373 52.8618 52.2077 52.1555
threshold=0 0.074166666716337218 1 0.19348144531250003 0.13684082031250003 0.26464843750000006 0.31188964843750006 2 0.014166666660457851 3 0.094166666269302382 4 5 6 7 8 0.029166666790843013 0.16149902343750003 0.044166667386889465 9 10 11 0.23913574218750003 0.014166666660457851 12 13 14 15 16 17 18 19 20 21 22 23 24 25 26 27 0.094166666269302382 0.10583333298563959 28 29 30 0.23913574218750003 31 32 33 34 35 0.077500000596046462 0.33825683593750006 36 -0.10583333298563956 37 0.56118956208229076 0.092500001192092909 38 39 40 41
decision_type=9 2 9 2 2 2 2 9 2 9 2 9 9 9 9 9 2 2 2 9 9 9 2 2 9 9 9 9 9 9 9 9 9 9 9 9 9 9 9 9 2 2 9 9 9 2 9 9 9 9 9 2 2 9 2 9 2 2 1 9 9 9
left_child=1 2 3 8 7 -5 18 -2 16 10 12 -12 32 47 43 -13 17 -1 22 27 -9 -16 -7 33 46 -26 -22 -11 29 -21 -28 -17 -6 45 48 -32 38 -38 -36 -29 51 42 -42 -15 -27 -4 -25 -14 -30 -50 -31 52 55 54 -54 -3 -56 59 -37 -57 -48 -34
right_child=4 40 23 5 9 6 -8 20 -10 19 11 15 13 14 21 31 -18 -19 -20 28 26 -23 -24 24 25 44 30 39 34 50 35 -33 61 -35 36 58 37 -39 -40 -41 41 -43 -44 -45 -46 -47 60 -49 49 -51 -52 -53 53 -55 56 57 -58 -59 -60 -61 -62 -63
leaf_value=0.0058154019766660887 0.0013813229852663144 0 0.00035908535315679697 -0.01355918992277971 -0.0007009345851838589 -0.0012613060846206618 -0.0067583936836409413 -0.006817025669606229 -0.0047454232497395861 -5.0928383320569985e-05 0 0 2.0678090127781036e-05 0.00022456434677816032 -0.00085510781301185491 0 0.0065609703017296076 -0.016406990026203643 -0.0004595866439759824 0 0.0015868681222454533 -1.7255786227306723e-05 -0.0087650513124880765 -0.0027555853780724462 -0.0011922006159939228 -0.00069301251561326032 -0.0056523839179883541 -1.7255786227306723e-05 0.00020756844069964885 0.00030799800662097089 0.0016916750499832202 0 0.0011846728679792582 -0.0047161193500073542 0.00059414124394208199 -0.00054004506145384316 0 0 0 0 0.0010596996054597608 0 0 -0.0013346869032032668 0.0007446536043785875 -0.016149321761950941 0.00044328434484011871 -0.0013321495123207569 0 0 0 0 0 0 -0.0073410722711075042 0.00031638810589802236 -0.00093109350682112567 0 -0.0041990571937335361 -0.002010937541620253 -0.0016007645381588282 0.00030477827983857838
leaf_weight=333 1254 1070 556 1399 535 283 1236 778 728 1444 582 969 446 437 2638 962 404 146 1160 794 547 17171 350 555 1201 808 1559 1351 1057 1277 563 6908 716 1474 534 1268 3383 40659 3691 12452 365 1278 559 1897 1774 67 420 1667 730 4522 5782 3428 336 921 521 414 451 810 1900 1009 873 1628
leaf_count=333 1254 1070 556 1399 535 283 1236 778 728 1444 582 969 446 437 2638 962 404 146 1160 794 547 17171 350 555 1201 808 1559 1351 1057 1277 563 6908 716 1474 534 1268 3383 40659 3691 12452 365 1278 559 1897 1774 67 420 1667 730 4522 5782 3428 336 921 521 414 451 810 1900 1009 873 1628
internal_value=-0.00366288 -0.0201644 -0.034033 -0.0526524 -0.00029186 -0.0684785 -0.0539624 -0.0198653 -0.0094482 0.00105678 -0.00395099 0.00638013 -0.00753952 -0.0101269 -0.0077021 0.00977516 0.0188474 -0.0162161 -0.0280111 0.00341365 -0.0260932 -0.00479491 -0.0640629 -0.0193798 -0.0119084 -0.000853739 -0.0209882 -0.00472639 0.00540222 0.0162187 -0.02553 0.00532859 0.0142373 -0.0395045 0.0038426 -0.0163184 0.00232896 0.000980613 0.0163417 -0.00199782 -0.00307416 0.0150272 0.0387472 -0.032225 0.0111025 -0.00585817 -0.0343225 -0.0353506 0.0153963 0.0102811 0.0203988 -0.0075251 -0.0149187 -0.0352308 -0.0580909 -0.00119817 -0.0784804 -0.0121871 -0.0229434 -0.0266947 -0.0201379 0.0231239
internal_weight=147030 24929 13767 6039 122101 4428 3029 7869 1611 114232 36556 9421 27135 24256 22143 8839 883 479 1793 77676 6615 19809 633 7728 5631 3783 5837 15247 62429 7853 5290 7870 2879 2097 54576 3731 48267 44042 4225 13803 11162 2202 924 2334 2582 623 1848 2113 6309 5252 7059 8960 5532 2229 1308 3303 972 2233 3168 1423 1293 2344
internal_count=147030 24929 13767 6039 122101 4428 3029 7869 1611 114232 36556 9421 27135 24256 22143 8839 883 479 1793 77676 6615 19809 633 7728 5631 3783 5837 15247 62429 7853 5290 7870 2879 2097 54576 3731 48267 44042 4225 13803 11162 2202 924 2334 2582 623 1848 2113 6309 5252 7059 8960 5532 2229 1308 3303 972 2233 3168 1423 1293 2344
cat_boundaries=0 8 9 16 20 28 36 44 52 60 68 76 84 91 95 103 111 119 127 131 139 147 154 162 170 177 185 193 201 202 209 213 217 221 229 237 245 253 260 262 265 269 273
cat_threshold=1261516 313088 8 0 0 0 33603584 8241 1260428 0 2164263695 2072 71319556 805314577 1812009098 48 438393 3472654592 3087007749 14 805322752 65540 0 547520768 536871424 1879048300 268482561 64 3146240 25602 16676 537006210 33558532 268437522 135004162 4752448 2048 1090 616 8405056 8396800 2452127744 134251640 18874881 8847488 0 536871040 2248167682 38913 67244544 262368 100728968 537329664 16 16793664 117492226 537395201 133120 71319760 33555080 0 2585790480 143424 570953984 18448 64 2418278804 1608 537067524 822607888 134823936 2156398594 6324241 2147483648 270532608 925956 348127264 34078848 3234605056 12 0 1073742144 2701150225 19009536 327714 16819207 8388608 404891680 264272 12290 41128 1071120 15403 2335596354 3 285229056 8259 2751471616 525568 19922944 66561 1050648 75497728 2147583008 131073 163842 4200448 67117058 403706880 637604480 37773312 70385668 2147483904 4733505 2281766912 590352 541229080 537001985 2048 541081616 536870976 556270602 2148534825 1049090 1073742849 4194304 589824 168226946 2194154198 203694754 8 3221782529 880805888 33312 524384 236986432 69206016 120 2621441 4194433 536911890 8916994 1076365504 548864 1 2155872256 20748 3 1581063 4096 138414116 553648128 96 65664 973111298 8519684 2148352 2214756352 524288 535424 25168384 12548 272644640 1073743616 512 1075875884 134348864 275776000 34603008 512 0 1174929664 18899490 4200452 16908352 67174448 1155320 335544320 1098907656 574619776 548864 201853056 537059332 270573570 514 786432 536871040 2149581982 538444800 151011328 66176 35651652 593920 537198592 16400 543162624 2148675136 1064961 2068 537534528 525570 1128844 2248179715 2156134592 37749248 16928 268470400 536887296 36898817 2505048211 541434116 428802170 8 574654947 269484048 1286882395 4 73400840 2550292481 1480593930 2 8392720 31473793 33554480 100663818 67150084 16448 138416128 16777409 5537936 679609616 16644 620758272 1024 92536832 2 4327428 42074184 608 282626 4195456 128 301989888 2294284288 75504512 1130444 0 0 0 0 0 16384 32 589953 119537935 35651584 10560520 16818208 1459618048 256 1102088143 2332246914 2226132130 1484992832 103326016 3362955273 1153442832 169030214 4 3322941509 611095297 202023496 2
is_linear=0
shrinkage=0.12


Tree=7
num_leaves=63
num_cat=44
split_feature=38 5 38 0 3 8 0 38 5 41 5 3 35 34 41 0 40 41 8 5 34 19 5 22 35 5 39 34 34 3 22 23 34 35 34 3 34 22 41 5 19 41 41 34 35 35 23 35 35 23 5 19 19 22 38 3 24 41 19 24 24 24
split_gain=425.629 473.428 229.729 243.909 188.879 177.685 194.975 167.695 143.603 130.685 109.902 101.759 90.242 87.9715 89.5838 86.0978 85.2289 86.859 89.471 83.1975 83.0423 82.5621 81.3636 78.1306 92.397 82.2269 123.531 100.042 99.5995 76.8006 76.759 76.5508 76.1862 76.8758 84.0708 73.8639 73.0187 70.853 69.2684 80.2743 66.5486 65.8109 65.0749 62.8525 62.7701 61.1955 62.4589 61.1575 59.9565 59.1804 59.0832 58.9206 58.3266 58.0858 58.3737 98.6974 54.948 54.6222 57.8625 53.5604 52.2935 51.8833
threshold=0 0.074166666716337218 1 0.21496582031250003 0.0091666667722165602 0.46484375000000006 0.34240722656250006 2 0.094166666269302382 3 0.044166667386889465 0.014166666660457851 4 5 6 0.13903808593750003 7 8 0.36035156250000006 0.090833336114883437 9 10 0.095833331346511855 11 12 0.079166665673255934 13 14 15 0.0091666667722165602 16 17 18 19 20 0.0075000002980232247 21 22 23 0.10583333298563959 24 25 26 27 28 29 30 31 32 33 0.079166665673255934 34 35 36 37 0.077500000596046462 38 39 40 41 42 43
decision_type=9 2 9 2 2 2 2 9 2 9 2 2 9 9 9 2 9 9 2 2 9 9 2 9 9 2 9 9 9 2 9 9 9 9 9 2 9 9 9 2 9 9 9 9 9 9 9 9 9 9 2 9 9 9 9 2 9 9 9 9 9 9
left_child=1 2 3 10 7 -5 -7 22 9 -9 15 -4 -11 -14 -15 35 17 50 20 31 -19 -13 37 24 59 26 27 -26 -28 -12 -23 -3 44 34 -34 -1 -20 -2 -21 53 -17 -35 -22 -33 -25 -38 -47 -44 -27 -32 -6 -10 -43 -40 55 -55 -39 -46 -59 -18 -45 -51
right_child=4 19 11 5 16 6 -8 8 51 12 29 21 13 14 -16 40 23 18 36 38 42 30 -24 32 25 48 28 -29 -30 -31 49 43 33 41 -36 -37 45 56 39 -41 -42 52 47 60 57 46 -48 -49 -50 61 -52 -53 -54 54 -56 -57 -58 58 -60 -61 -62 -63
leaf_value=0.012058891532725005 -0.00024450502386162454 0.00015209309987386464 -0.004064028426685273 -0.0099607819747348399 -0.0018401371036912502 -0.0007894782971911837 -0.0054645750814176159 0.0011616223562880093 -3.6959760794516507e-05 -0.0041811063443412512 0.0093922136806389601 -0.0017592684288341338 -0.0039116292453068024 -0.004293678681728268 -0.001074881814840138 0.0045429568410010075 0 -0.0001404958808788138 -2.2257648865655061e-05 0 -9.2812928086727836e-06 -0.0011336306031914591 0 -0.00043620480985935529 0.0016783993522232741 0 -0.0015042469572183518 0.00075579844154830271 0.00027113711804456866 -0.00032457111127245057 -0.00052295539683740373 -0.002027060453382194 3.0827024220094082e-06 0 0 -0.0054564980667553328 0 -4.7657531544193563e-05 0 0 -0.0090887941420196173 0 0.00031381063421947488 0.00017512617952338168 -0.00041614208588004113 0 0 0 0 -0.00027252119396428248 0 0 0 0.00093253565280458932 0 0 0.0022649807194467931 -0.00010656578743457792 0 -4.6814893025743793e-07 -0.00097863479863881104 0.00095843740128551916
leaf_weight=190 1172 1273 2093 1776 961 1247 686 830 237 1516 189 1449 1174 933 7113 119 948 1020 1926 1794 983 1350 891 753 1111 1106 555 7837 2892 451 898 526 806 1871 4147 308 1119 648 672 2342 906 4071 1926 775 649 4193 9097 7807 7499 536 710 2644 32805 659 940 351 1745 821 3904 2082 1637 1361
leaf_count=190 1172 1273 2093 1776 961 1247 686 830 237 1516 189 1449 1174 933 7113 119 948 1020 1926 1794 983 1350 891 753 1111 1106 555 7837 2892 451 898 526 806 1871 4147 308 1119 648 672 2342 906 4071 1926 775 649 4193 9097 7807 7499 536 710 2644 32805 659 940 351 1745 821 3904 2082 1637 1361
internal_value=-0.00280265 -0.0172274 -0.0322277 -0.0500884 8.71732e-05 -0.068844 -0.0435969 -0.0109431 -0.0172128 -0.023195 -0.0181247 -0.0184855 -0.0267287 -0.022201 -0.0176619 -0.0356459 0.00209998 -0.00332325 -0.00173486 0.00130161 0.0062566 -0.0100572 0.00940017 0.0042838 0.00990267 0.0127299 0.0189917 0.0264107 -0.000346904 0.0235513 -0.0013856 -0.0119345 0.00157226 0.00332998 -0.0107311 0.00527988 -0.0074775 0.0175273 0.00955029 0.0168328 -0.0555014 0.00513016 0.0093736 -0.0225356 -0.0109464 -0.00452673 -0.00680198 0.0123509 0.00372254 0.00996079 -0.0298039 0.00674296 0.00624593 0.0312805 0.0416513 0.0617612 0.029289 -0.00634978 -0.00182393 -0.00966467 -0.0141584 0.0219382
internal_weight=147030 24528 13559 5872 122502 3709 1933 18903 14447 11566 2163 7687 10736 9220 8046 1523 103599 29742 28071 10969 11736 5594 4456 73857 24030 21000 12395 8948 3447 640 4145 4211 49827 43700 4953 498 16335 3565 6758 4964 1025 38747 10716 2938 6127 14409 13290 9733 8605 2795 1671 2881 36876 2622 1950 1010 2393 5374 4725 3030 2412 1897
internal_count=147030 24528 13559 5872 122502 3709 1933 18903 14447 11566 2163 7687 10736 9220 8046 1523 103599 29742 28071 10969 11736 5594 4456 73857 24030 21000 12395 8948 3447 640 4145 4211 49827 43700 4953 498 16335 3565 6758 4964 1025 38747 10716 2938 6127 14409 13290 9733 8605 2795 1671 2881 36876 2622 1950 1010 2393 5374 4725 3030 2412 1897
cat_boundaries=0 8 9 17 25 33 41 49 54 62 70 77 80 88 94 102 109 113 116 124 132 140 148 151 159 161 169 177 184 192 200 204 212 220 224 226 233 237 239 243 251 258 262 265 269
cat_threshold=1261516 296448 8 0 0 0 1081344 8241 1129356 8388608 270549012 1183809 570962176 2283947024 1610612800 2147500292 1024 612442180 1589251 218112144 4096 32768 852034 512 2176 1310720 2486173696 33555586 41945136 268443648 1241583616 1074405664 4232 65664 10485776 622848 12599362 70255032 1074266112 9408 270596 134234112 201332736 537083936 67117058 656384 302141440 16778240 10928130 268437761 269342720 226492598 37312 9437199 128 1073741889 2181038240 16932865 21237992 514 69509120 33555072 8450048 2147483648 2694848641 721920 1089536 2483030016 395266 32786 262176 25207815 75497473 408954913 68 12290 57480 3382706177 534255 36954048 1074008064 536870912 545784352 536901640 1166018568 9217 196608 4407440 262144 1342308352 3948616 469787908 1610629126 1 68169728 2197831680 1122305 135331840 524544 5014674 578816000 8391168 604241920 3489661952 2227192328 10502144 201355264 150997088 524416 42260496 5179 2300747590 11 43325588 1091326760 1222116132 142819520 134742164 1049728 2148533248 671130626 131200 33554464 33720320 229392 201523200 1073811456 2455764997 68157952 1073872960 2281881668 67108864 539493376 536870912 2152202304 814399620 1073807360 402672640 265 23085056 34080896 4196384 11043072 17367488 1090523136 134283776 6307840 12582981 609444799 150217520 335544384 0 538968108 2147500044 615645184 1060936 1090592868 537067522 65536 0 14 1342439440 2098184 1 8388608 135266340 144670720 202933120 3145730 526336 135398016 1074268162 2048 524804 141 541065409 263461 352448 952279362 0 0 2415920256 139462432 2155872260 134243584 1140850905 32784 134283904 2688549376 2105344 35652864 4194368 268829960 608305168 67125252 276824065 1342702592 25165841 557056 8388869 271729954 542639147 236468912 6 2147680264 438305826 604045568 33088 2064 2367488 8520128 67108880 2686517760 5760 2147549188 67142721 2097152 671105154 2147483712 527424 143918666 717883396 2313167242 5 0 9 0 2150121472 201394208 27459632 281284629 1619148802 49152 251773040 2155872284 3758464773 5 1129868 1024 3256879716 537075715 196086337 14 1048593 537002624 145666 570433664 0 33605633 16384 264256 65544 2097668 176160800 85983288 138575880 151847044 36 549728952 537928326 342702976 8 277872746 3634516748 2197340738 3022004608 2487288540 42140818 2
is_linear=0
shrinkage=0.12


Tree=8
num_leaves=63
num_cat=48
split_feature=38 5 0 0 3 0 41 0 19 41 35 34 34 38 41 5 41 34 41 22 35 22 32 22 41 0 23 34 39 34 41 34 23 34 22 22 19 34 5 41 19 24 5 8 35 22 24 23 24 0 22 23 22 21 24 21 23 22 24 41 21 32
split_gain=452.805 395.643 218.109 185.51 202.243 189.192 112.144 99.0161 195.06 125.204 122.111 119.247 109.803 108.428 99.3842 98.4863 89.8573 82.2107 79.6667 86.2044 74.1275 73.9131 73.0704 69.5582 67.2084 65.9564 64.7578 64.0105 62.1548 61.8621 60.7881 62.568 60.1657 59.9115 59.3379 58.871 76.2354 72.7418 64.0134 121.727 94.2687 63.1077 58.5845 57.4972 57.4092 56.091 56.03 55.6178 55.5347 54.3191 50.1863 48.3256 48.1917 44.9919 44.3746 42.5585 41.9644 41.7546 42.0398 41.0219 39.143 38.5338
threshold=0 0.074166666716337218 0.11950683593750001 0.22473144531250003 0.037499999627470977 0.34240722656250006 1 0.19055175781250003 2 3 4 5 6 7 8 0.034166667610406883 9 10 11 12 13 14 0.41229838132858282 15 16 0.16662597656250003 17 18 19 20 21 22 23 24 25 26 27 28 0.092500001192092909 29 30 31 0.055833334103226669 0.26464843750000006 32 33 34 35 36 0.26916503906250006 37 38 39 40 41 42 43 44 45 46 47 0.30745968222618109
decision_type=9 2 2 2 2 2 9 2 9 9 9 9 9 9 9 2 9 9 9 9 9 9 2 9 9 2 9 9 9 9 9 9 9 9 9 9 9 9 2 9 9 9 2 2 9 9 9 9 9 2 9 9 9 1 9 1 9 9 9 9 1 2
left_child=1 3 17 6 22 23 -1 8 11 32 56 -4 26 16 -14 25 48 -2 -13 54 -19 -17 -5 -6 33 53 -12 -21 -22 -3 47 50 -10 -15 -33 36 41 -38 40 -40 -37 -26 49 -27 -30 -46 -47 -18 -9 -25 -32 -23 -49 -8 -20 -53 -11 -35 -59 -31 -50 -7
right_child=2 29 7 4 5 61 15 13 9 10 12 18 14 24 -16 21 30 20 19 27 28 51 -24 42 35 43 -28 -29 44 59 31 34 -34 57 -36 38 37 -39 39 -41 -42 -43 -44 -45 45 46 -48 52 60 -51 -52 55 -54 -55 -56 -57 -58 58 -60 -61 -62 -63
leaf_value=0.0040474770165076484 -0.0082030891619050954 0 -0.0021678767077624797 -0.0012203551931499149 0.00082440723228023442 -0.00024207537714157179 0.0016758065154602545 0 -0.00029585103686769962 -0.0036199765362540338 -0.0007127784119172906 0.0034802718438803966 0.0012291118425690676 0 -0.00094316497670306643 -0.003829783206189426 0.00010302726851284503 0.001592901478246369 0.00027223497114226811 0.0029933004154041412 -0.006568773881140689 -0.0020834348801427455 -0.00951590073387522 -0.00058850076106814052 0 -0.013347495926016851 0.0023274876872950816 -0.0004028969660478941 -0.0062908311777458729 0 0 0 -0.0039041856839062755 0 0 -0.00042793551663031617 0 0 0 0 5.2344577183122632e-05 0 -0.00019889954330442689 -0.0022003223513531868 0.0023710334142937346 -0.0079552841516400512 -0.0001051312151129398 -3.7657276106336981e-05 0 -0.0053149301109713309 6.1114059984683978e-06 -0.00077370731773415593 0 -0.0059929555396888599 0.0030316562866239947 0.0023319787546636733 -0.0021389620246158973 0 -2.2257648865655061e-05 0 -0.00074111639155497008 -0.0052983277591247052
leaf_weight=432 549 943 643 271 531 109 316 433 425 429 525 782 975 670 10869 430 655 538 412 453 960 321 1586 280 1862 469 1108 2522 531 573 646 6252 1171 1134 13474 4040 2302 16335 1568 15378 29821 3910 731 250 575 410 873 439 319 338 1357 320 992 668 1074 586 1067 769 1827 5227 831 744
leaf_count=432 549 943 643 271 531 109 316 433 425 429 525 782 975 670 10869 430 655 538 412 453 960 321 1586 280 1862 469 1108 2522 531 573 646 6252 1171 1134 13474 4040 2302 16335 1568 15378 29821 3910 731 250 575 410 873 439 319 338 1357 320 992 668 1074 586 1067 769 1827 5227 831 744
internal_value=-0.00168371 -0.0213411 0.000572178 -0.0387595 -0.0549826 -0.0341791 -0.0191038 0.00148269 -0.00574965 -0.0124118 -0.00898498 0.013001 -0.00535547 0.00302925 -0.00938259 -0.0264769 -0.00379693 -0.0255791 0.018999 0.0127163 -0.0192357 -0.00571425 -0.0855298 -0.0128799 0.00520671 -0.0468035 0.0237082 0.00088381 -0.0258851 0.000284646 -0.00194905 -0.00383055 -0.0442537 -0.0091931 -0.00588509 0.00605041 0.0108939 0.014626 0.00372144 0.00974274 0.000708736 -0.00116182 -0.0272446 -0.0743966 -0.0153436 -0.005262 -0.0191814 0.0175596 -0.031373 -0.0545805 0.0163176 0.00939462 0.00415796 -0.0265314 0.0362082 0.0235293 -0.0413793 -0.0151363 -0.0235122 0.00493461 -0.045129 -0.0809824
internal_weight=147030 15125 131905 8382 4590 2733 3792 127469 22455 16569 14973 5886 13477 105014 11844 3360 25398 4436 5243 4461 3887 1657 1857 1880 79616 1703 1633 2975 3349 6743 23815 21729 1596 4400 19726 75216 24409 18637 50807 16946 33861 5772 1349 719 2389 1858 1283 2086 1583 618 2003 1227 1431 984 1486 906 1496 3730 2596 5800 1150 853
internal_count=147030 15125 131905 8382 4590 2733 3792 127469 22455 16569 14973 5886 13477 105014 11844 3360 25398 4436 5243 4461 3887 1657 1857 1880 79616 1703 1633 2975 3349 6743 23815 21729 1596 4400 19726 75216 24409 18637 50807 16946 33861 5772 1349 719 2389 1858 1283 2086 1583 618 2003 1227 1431 984 1486 906 1496 3730 2596 5800 1150 853
cat_boundaries=0 8 16 23 31 39 47 55 63 71 79 87 95 99 107 110 114 122 126 134 139 147 155 163 167 175 179 182 188 196 204 211 215 223 227 231 235 239 243 247 251 253 256 258 262 266 270 278 280
cat_threshold=1253324 34304 0 0 0 0 33587200 49 0 33554976 2214725698 78913542 2324 33024 1141055490 52 128 1073774863 73732 18435 16777224 134225956 1212608 2048 1048608 1792 24576 141296640 276906016 67109218 27658242 26216480 536870920 65696 69632 79699992 1076002816 34414597 16779392 1074380800 16 205540352 16811016 264192 8395780 2138224 33024 4760408 9728 134234112 134217729 98306 1077937159 536887304 540673 8192 304365828 139273 34349056 2283947009 536870976 2148548864 9224 9280 524288 205520905 2204371232 33619969 1627390980 42533376 8192 3932168 960 50397984 10273 25231488 540672 101744640 33555584 588349440 33554513 134823968 2147483649 4194450 1107820544 384 401408 100663328 2885636 294912 1108082964 3623878656 128 1074266116 10029188 2141193360 75634698 116944916 4 1024 4205056 8389440 2705327104 612368384 328192 1063440 75515904 100764639 2441117730 8651269 1082854658 2755513 247595264 12 1409294592 0 33572889 278528 3221356548 154273796 688128 1638416 562692688 474673330 711005312 8 100663815 67110912 16843344 69633 18939968 2147565568 17825796 8200 90179601 1073741824 524304 1426088976 868353 17105280 2420277250 20 1073741832 268435712 135300128 2189460480 524313 67115072 2684626944 805312512 1073742854 260 151009280 196608 67207188 2 2147483648 8388608 1094737927 1048842 671164432 1510473734 141824 4442929 1343229187 142608546 1 33636368 2147551232 74052 56 136626176 2684354944 8392736 2097172 303270390 2169157632 1342586886 3 3355577862 805314814 34660336 0 5135 213975100 264249410 339738642 1216348160 18 9234 50593920 1077411842 1077940224 25690112 539001232 4767746 2148040704 67241088 512 0 236987392 33558928 8405752 23330817 65536 2157969408 109117441 27271281 281020435 20742 49160 1085343888 627202085 65144385 6 805331203 19006592 81920 35651648 671780 3397387264 33 2101248 1345455157 1015808 1125205340 1 3325571665 402656518 2281866337 8 816470272 2014973512 336610210 4 2913751169 9437448 1182833669 12 9079220 671515177 2183952432 3 1158892032 3523231746 2357988352 2 411690504 2153154050 2760511508 8 432292864 2561821443 1746690066 2686657224 102869012 1290158146 1283480000 286470219 839943687 268507136 9 810869250 10105026 1560625316 1 2719102544 504479874 19794944 10 0 294914 4204544 8966144 33898500 9437234 136331296 8405008 1678315553 279904323
is_linear=0
shrinkage=0.12


Tree=9
num_leaves=63
num_cat=55
split_feature=38 29 0 0 34 38 35 0 38 22 35 34 35 34 41 40 6 34 41 41 22 21 41 35 22 35 41 22 34 34 35 35 35 23 22 34 34 41 23 4 34 22 34 41 21 23 35 41 23 35 23 4 34 23 23 8 22 22 21 22 23 21
split_gain=426.991 233.987 192.493 167.063 114.544 93.3732 92.906 88.5492 144.06 117.188 103.402 98.6716 97.2389 96.8235 87.1527 83.9715 90.2018 81.8483 79.945 77.6848 74.637 71.7137 70.8654 69.1515 67.8454 66.5174 64.9295 64.9152 70.3118 66.1204 67.9628 65.8929 64.4793 63.6403 66.3305 62.3186 60.3061 58.3684 57.0655 56.4987 56.1522 55.6745 55.091 55.0274 53.6937 49.0747 49.0416 47.875 47.6905 47.2716 46.589 46.1413 45.7998 46.0163 45.523 44.2862 37.6525 37.0086 36.9519 36.44 34.5147 34.381
threshold=0 1 0.25524902343750006 0.10949707031250001 2 3 4 0.19055175781250003 5 6 7 8 9 10 11 12 0.61602565646171581 13 14 15 16 17 18 19 20 21 22 23 24 25 26 27 28 29 30 31 32 33 34 0.094166666269302382 35 36 37 38 39 40 41 42 43 44 45 0.094166666269302382 46 47 48 0.67382812500000011 49 50 51 52 53 54
decision_type=9 1 2 2 9 9 9 2 9 9 9 9 9 9 9 9 2 9 9 9 9 1 9 9 9 9 9 9 9 9 9 9 9 9 9 9 9 9 9 2 9 9 9 9 1 9 9 9 9 9 9 2 9 9 9 2 9 9 1 9 9 1
left_child=1 2 4 24 -1 -4 56 8 14 12 50 44 -10 -14 -5 16 17 59 41 -13 -16 -15 60 61 -2 57 -18 28 46 31 36 -29 48 -20 -35 -28 -31 -34 -33 -37 -27 -8 54 -32 -12 -26 -17 -44 -30 -49 -11 -51 -22 -54 -25 -7 -6 -19 -47 -9 -3 -24
right_child=3 22 5 7 6 55 18 15 9 10 11 19 13 21 20 27 26 25 33 -21 52 -23 23 42 45 40 35 29 32 30 43 38 37 34 -36 39 -38 -39 -40 -41 -42 -43 47 -45 -46 58 -48 49 -50 51 -52 -53 53 -55 -56 -57 -58 -59 -60 -61 -62 -63
leaf_value=0.0007921658158624471 2.0003265717637649e-05 0 -0.0003479088873498664 -0.0018074002042628265 -0.0028109884448922146 -0.0065825521084868568 -0.00063149726167212262 -0.00017442799508571625 0.0025899316062651299 0.0028309564281115305 0.0023794104499295951 -0.0034101209148575799 -0.002666746794081 0.0014673018855686343 -0.00037606692677736073 0 3.1846139721276662e-05 0 -0.0027890817667174015 -0.0014264487991646126 0.0041764864958339278 -0.00035470039718471779 0 0 -0.001872553333465973 0 2.6709178638786072e-06 0 0 0.00013890536529300701 1.0042396969199519e-07 0 0 0.0015038827773310598 -0.0010916660412692448 -0.0004311540380026807 0 0 2.6709178638786072e-06 0 0 -0.0053712281685301356 0 0 -0.00042984572642668458 -0.010245953478217077 1.3793509008115769e-05 0 3.3652772375791243e-05 -2.1318777692413324e-05 -1.641138725645861e-05 0 -0.00019187210764530792 0.002555341461789898 1.929577066200971e-05 -0.0003490565910608727 -0.0063048874135127834 5.1831723444306813e-05 -0.0060062071512162335 0 -0.00030927936700226173 -5.5673485156148668e-05
leaf_weight=820 797 419 366 541 311 1008 431 433 688 435 438 1381 674 1781 966 528 528 310 897 8495 566 2644 327 534 537 1823 685 578 849 772 1821 1793 1220 680 1622 4801 4192 16907 3844 775 12871 1057 966 36283 954 554 2361 969 1850 7962 840 2862 550 1391 1155 88 815 979 622 995 857 832
leaf_count=820 797 419 366 541 311 1008 431 433 688 435 438 1381 674 1781 966 528 528 310 897 8495 566 2644 327 534 537 1823 685 578 849 772 1821 1793 1220 680 1622 4801 4192 16907 3844 775 12871 1057 966 36283 954 554 2361 969 1850 7962 840 2862 550 1391 1155 88 815 979 622 995 857 832
internal_value=-0.0013442 -0.0156351 -0.032412 0.00158179 -0.0237106 -0.0718032 -0.0296034 0.00222546 -0.00458605 -0.00909388 -0.0156081 -0.0192766 0.00502844 -0.00072783 0.0159761 0.00379136 -0.00233438 0.0022397 -0.0220387 -0.0234951 0.022967 0.00576064 -0.00759727 -0.00535501 -0.0290446 0.00470397 -0.0140657 0.00582167 0.0109799 0.00333746 0.00166574 0.0148964 0.00853441 -0.0112488 -0.000622273 -0.0174653 0.0148553 0.0059474 0.0188635 -0.0216678 0.00239902 -0.04496 -0.00307883 -5.66675e-05 0.0105982 -0.0423652 0.0285005 -0.00577871 0.025806 -0.00788818 0.0166899 -0.0101661 0.0338706 0.0247619 0.0172134 -0.0890252 -0.0605272 0.0307148 -0.0561616 -0.0251666 -0.0346583 -0.0334073
internal_weight=147030 24978 8095 122052 6633 1462 5813 119542 22344 18330 12543 11268 5787 5099 4014 97198 24200 17411 4687 9876 3473 4425 16883 15607 2510 15983 6789 72998 23715 49283 43068 6215 20826 3199 2302 6261 4964 18127 5637 5576 14694 1488 14448 38104 1392 1713 2889 12759 2699 11793 1275 10824 2507 1941 1689 1096 1126 1289 1176 1428 1276 1159
internal_count=147030 24978 8095 122052 6633 1462 5813 119542 22344 18330 12543 11268 5787 5099 4014 97198 24200 17411 4687 9876 3473 4425 16883 15607 2510 15983 6789 72998 23715 49283 43068 6215 20826 3199 2302 6261 4964 18127 5637 5576 14694 1488 14448 38104 1392 1713 2889 12759 2699 11793 1275 10824 2507 1941 1689 1096 1126 1289 1176 1428 1276 1159
cat_boundaries=0 8 9 17 25 33 40 44 52 59 67 75 83 88 96 104 112 116 118 126 134 137 145 153 156 164 172 180 188 196 200 204 212 220 228 232 240 244 252 260 262 266 274 282 286 294 297 305 309 313 316 319 321 325 329 331
cat_threshold=1261516 263680 8 0 0 0 34635776 8241 1 709890304 133120 3145728 2098178 1077940393 8397056 1073873424 4864 0 262144 8 0 0 0 1081344 8209 1979973892 516 520 1074331648 167837712 805343232 3221225504 2359366 142606336 2130180 132161 571256832 2419064849 1073741893 2149597444 3622830528 656267 1137377600 4 6291464 5140 1048577 9314308 33554432 268452873 536875008 38633824 338723593 4195332 1048577 940638209 537067520 542114307 1107300352 136617984 264256 2147485952 132352 1081600 2377729 1050712 67649560 545325058 303108112 2107588 0 1075322880 33626112 272700416 17039360 285220866 1073741824 134217728 402800640 524288 17465376 270794850 14680268 822085888 269342720 218366173 53312 9437187 289406984 1024 3761504272 1128280064 16384 1074790432 20990096 16897 128 32 50331656 2436890928 1208291968 0 33832978 4235841 573440 2684485632 99584 8388608 153642112 64 67108897 25608705 232235 1750729408 567521 8 422359798 2845360130 8388608 8389248 2150761732 1610614536 4718625 16934912 537138176 16842752 0 1073741828 268582912 69207104 808452298 2281963552 402718809 8391424 808977181 3238472960 554395744 3936258 639828992 67108864 8650752 2164864 2359312 402653194 141312 2048 18350120 0 3146752 2415919376 637927444 1644322816 75497473 3357673475 13548 36888568 68288513 0 143665184 1107296256 263936 4310016 2181701666 33686032 555745286 1207959568 2097362 2164597136 67174420 8519680 16385 34832 159395843 3221233728 131076 1048576 25184768 84938754 17039488 524692 2099712 6291604 559618 1048576 17367360 128 319029272 67371024 8945664 12877825 299008 134217860 4726820 838862080 2156921089 8198 404097034 235537440 2328117290 15 1718297600 1483212160 1368457251 6 168837644 134217728 535041 1073741826 132352 16777216 1661469184 4204746 1073743888 2451570692 33562624 4722688 16785920 4456549 17858568 4133 6357248 1078986752 50462722 8192 1073758872 2701393920 271224832 65552 1633864801 1073787905 60837764 3 860177 2148007936 37536 8389632 1049730 2248343552 100663809 8650756 2018510848 4128637440 3261645392 4 142803464 1074790400 4194304 6815746 139208737 2147485696 268713986 16777572 675315717 2425093 1342194688 268435488 1107658752 67633408 536887360 8388624 28377247 1084855056 2264932993 2013861170 3423683148 4 2148601877 2256536704 1073742464 2282752004 1049600 53248 2214658112 1024 167936 2198077442 805306368 4997121 360448 42471440 2130080 16416 579700269 139534989 143588 8 17842178 41096 1077940322 304 2320 6307905 33554434 17317889 1900316930 1317143173 276566608 33554944 1363746 4382 0 67174400 53215232 2049 4096 1183615876 139533344 369361312 4 3231838 3706724352 1082459704 7 537924096 2282946672 1308721609 10881546 1610907715 67780904 2888090936 791566464 371204897 113127504 792772 2 244650128 314474512 570607712 9 547384276 37232645
is_linear=0
shrinkage=0.12


Tree=10
num_leaves=63
num_cat=47
split_feature=3 38 4 0 32 19 5 0 1 39 38 41 3 38 4 34 41 3 38 6 41 34 41 4 34 41 22 34 41 34 34 22 41 4 41 34 22 34 41 34 41 41 23 34 22 34 23 22 41 38 23 34 34 41 22 34 22 22 4 1 23 41
split_gain=224.541 269.785 311.526 293.679 130.359 129 124.153 144.966 123.61 182.687 154.062 123.352 110.286 114.194 104.277 102.645 97.1542 96.8978 287.479 113.142 101.482 93.2404 97.9175 90.6027 90.597 86.4456 85.6281 83.5701 82.853 83.762 82.1303 80.788 77.1186 75.9431 72.1284 75.0285 71.2074 71.0006 70.5403 69.6897 68.4706 68.209 68.1083 68.104 67.2852 66.9753 66.5376 63.6164 71.8443 61.5651 61.1715 60.946 60.6493 60.1929 58.8454 58.657 56.7471 56.139 54.6614 53.8613 52.4485 52.1293
threshold=0.042500000447034843 0 0.092500001192092909 0.25402832031250006 0.30745968222618109 1 0.032500000670552261 0.17443847656250003 -0.0091666667722165567 2 3 4 0.049166666343808181 5 0.094166666269302382 6 7 0.092500001192092909 8 0.14784456789493564 9 10 11 0.094166666269302382 12 13 14 15 16 17 18 19 20 0.094166666269302382 21 22 23 24 25 26 27 28 29 30 31 32 33 34 35 36 37 38 39 40 41 42 43 44 0.094166666269302382 0.029166666790843013 45 46
decision_type=2 9 2 2 2 9 2 2 2 9 9 9 2 9 2 9 9 2 9 2 9 9 9 2 9 9 9 9 9 9 9 9 9 2 9 9 9 9 9 9 9 9 9 9 9 9 9 9 9 9 9 9 9 9 9 9 9 9 2 2 9 9
left_child=1 2 3 6 59 25 7 54 9 14 11 58 13 23 36 53 -17 20 33 49 56 40 57 51 -8 -2 27 -22 -13 -30 -21 -31 -29 -19 -28 -36 -3 -27 -32 50 -12 -41 43 -24 -26 -44 -46 -39 -49 -20 -18 -7 -50 -11 -1 -15 -14 -23 -10 -5 -57 -53
right_child=5 8 -4 4 -6 12 24 -9 10 15 21 28 17 55 -16 16 39 18 19 30 26 22 42 -25 44 37 34 32 29 31 38 -33 -34 -35 35 -37 -38 47 -40 41 -42 -43 45 -45 46 -47 -48 48 52 -51 -52 61 -54 -55 -56 60 -58 -59 -60 -61 -62 -63
leaf_value=0.001880229389168995 2.5582533230895986e-06 -0.00029759731719230229 0 -0.0019271148800133117 -0.0081977984572157939 2.246091106890199e-05 0.0015991238824972841 -0.009002598366670134 -0.0030657442381033864 4.0546474143753046e-06 -4.0383326850949488e-06 5.1461738510980716e-05 0 0.00074566920229093196 0 0.00053915302465502456 0 2.5582533230895986e-06 0 0 0.00048291316196697614 0.0016698564373969517 -0.0008094256733611481 0 -0.0027974849745712512 -1.7255786227306723e-05 -5.0626818808963896e-05 -3.2404363090041225e-05 -0.00064778815533780517 -7.1296949273049831e-05 0 0 2.9013276618941726e-07 0 0.00013875414420912136 0 -0.002878256913544746 0 0 -4.0383326850949488e-06 0.00011622538572981917 0 -5.0570640937333005e-05 0 0.0014220149707876353 0 -0.0013741293208713592 -6.9271533232083486e-06 0 1.5226512934640052e-05 0.00039538714103400704 0.0006242649716490155 0 -2.2257648865655061e-05 -0.004368858905270878 5.3397288251206891e-05 -0.00034100060283774939 0 0 0.00072882252795736203 -6.5802406648993561e-06 0.0017245530946188069
leaf_weight=420 1414 547 1991 374 1563 432 566 836 1296 586 684 885 526 432 497 1775 907 1430 323 670 1058 434 925 708 824 1541 2384 990 2184 4904 696 11227 6760 175 1926 14845 1323 4195 4249 1818 2909 16097 1853 6228 642 13272 1317 1224 943 1310 2033 593 6405 2457 998 751 1446 1097 302 139 1532 2162
leaf_count=420 1414 547 1991 374 1563 432 566 836 1296 586 684 885 526 432 497 1775 907 1430 323 670 1058 434 925 708 824 1541 2384 990 2184 4904 696 11227 6760 175 1926 14845 1323 4195 4249 1818 2909 16097 1853 6228 642 13272 1317 1224 943 1310 2033 593 6405 2457 998 751 1446 1097 302 139 1532 2162
internal_value=-0.00191387 -0.00586926 -0.0247387 -0.0357297 -0.0742637 0.00364582 -0.0214309 -0.0431915 -0.00347165 0.00286285 -0.00715738 -0.0149409 0.00688923 0.021216 -0.0289533 0.00580728 0.00859111 0.00444857 0.015476 0.00523966 0.00118649 -0.00124316 -0.00396457 0.0343384 -0.00676811 -0.00572009 0.00304557 0.0128299 -0.0122548 -0.0139925 -0.00284136 -0.0109868 0.00847204 0.0612245 -0.00145875 0.00132276 -0.0420512 -0.00852234 0.00254185 0.00628552 0.0167434 0.00346739 -0.00598654 -0.015626 -0.0156708 -0.00141904 -0.00347029 -0.00556851 0.00036346 0.0330275 0.023374 0.043048 0.00485869 -0.0148478 -0.0197746 0.0022442 -0.0250403 0.0252754 -0.046882 -0.0216698 -0.00549017 0.0495265
internal_weight=147030 85910 9670 7679 2076 61120 5603 2254 76240 28040 48200 20798 45398 6610 2367 25673 22630 38788 8853 7248 29935 27402 23809 3895 3349 15722 27963 8808 19200 18315 5615 16131 7750 1605 19155 16771 1870 14308 4945 20855 3593 17915 22278 7153 2783 15125 1959 12767 8572 1633 2940 3187 7348 3043 1418 2715 1972 1531 1598 513 2283 2755
internal_count=147030 85910 9670 7679 2076 61120 5603 2254 76240 28040 48200 20798 45398 6610 2367 25673 22630 38788 8853 7248 29935 27402 23809 3895 3349 15722 27963 8808 19200 18315 5615 16131 7750 1605 19155 16771 1870 14308 4945 20855 3593 17915 22278 7153 2783 15125 1959 12767 8572 1633 2940 3187 7348 3043 1418 2715 1972 1531 1598 513 2283 2755
cat_boundaries=0 8 15 20 27 35 42 50 58 66 74 82 90 98 106 109 117 125 133 141 145 153 161 169 172 180 188 196 204 212 216 224 228 236 240 244 252 260 263 271 279 287 290 297 301 305 308 316
cat_threshold=1253256 19968 0 0 0 0 557056 8240 0 2627598 142672913 2162737 272695345 67129362 268 2162723 0 16 16781329 269484033 285212740 2657386800 8328 2214597120 1081481 6 2056 151011872 1073872928 1610645504 1073766409 8978436 3145736 1108394032 16385 2030043144 2353004578 69632 2219048960 285411457 1 2656384 8462337 97 0 103415896 290521092 8667200 4227072 279808 1024 6356993 69206020 201328712 1073786880 2030108704 26214416 1073153 1129928 263680 8 0 0 6 1081352 8721 1073742852 1573952 33571968 33570816 268443648 1157802176 264200 3735552 167781120 2148794625 540928 29397024 276889952 1040 536870917 65537 7340072 2097152 805308544 16809996 1075904524 1375732928 276987904 33800 2897235968 2129924 136314947 4196352 1088428032 268435585 0 33603584 67239936 4195392 2048 196 149058 667700 1107853320 18939936 3792831616 1881088250 536928752 2621474 25198596 138412044 168296456 67715090 262208 537141888 2097152 1677723652 12845059 134349248 35652096 0 138946816 2147549184 65664 34668546 33816720 1207959552 2155872512 271056932 134218804 1075052912 8388609 2097174 8405248 69214738 1241583616 71303680 281034752 2684354569 16 2282479680 37859213 3361775632 3 1048832 16779264 65540 2768766564 6307873 263429 528400 1 2227585160 1075847424 0 262144 117442560 4718592 16859138 33611841 2147615746 268435460 2128 2354315264 143360 128 1744836616 8439072 4552 3647153152 825721443 1073742592 4 82 51445768 270607424 68191488 539557904 2359316 270796872 294914 1114112 1118830864 2147487778 0 18882560 8390848 141557760 33689600 336145 8454149 9044032 1141376000 1835009 532488 557088 33554432 2099204 16778246 486675584 32 33685504 41972168 1098000 553779330 2147486720 4096 68159626 2752528 69771264 4194320 546702274 121701043 271331604 9 287429648 12587008 201330704 67585 134218760 1073743872 1049088 67244160 50434775 3539996960 109314087 1 524288 671088640 2150707360 33571599 67239936 4448 49280 2228768 33555792 1236056652 3306264624 2 604014609 2819166610 2730724833 4 1358959616 1610645536 1024 25198593 1486880769 2114048 10240 8692230 134217728 33554432 68608 536870912 147584 0 268699648 8 284964366 269505106 1665532352 146 3 181405696 134267200 2049 1476395016 335544322 83953728 545292360 131586 16826368 1073872976 2281852930 268705792 142618633 589824 151929248 172290 1074274313 335676416 131072 65536 12582912 67113024 107283456 1112937747 1311572256 1107332096 621806434 6288 0 318775296 1149247744 64 1948256388 771786310 1078122497 3 1108675713 329748 1404836097 4 34129184 2249692484 353036834 88117313 2164280832 4198404 1073741825 2630784 33280 4194304 392
is_linear=0
shrinkage=0.12


Tree=11
num_leaves=63
num_cat=44
split_feature=38 3 4 0 28 0 4 4 0 22 0 8 8 34 0 4 22 6 38 34 35 34 4 3 35 34 35 8 38 3 35 34 34 24 35 22 35 34 34 35 34 35 40 34 35 34 24 24 23 22 24 24 23 21 23 24 3 21 23 21 21 23
split_gain=165.784 336.366 383.595 251.16 191.923 221.02 171.084 168.19 133.813 83.9002 78.7381 97.9513 76.6663 76.4335 64.6726 65.5943 61.2453 57.1137 92.3039 100.205 84.7467 81.1019 77.0989 102.59 80.7242 62.4628 61.8068 60.8565 121.408 100.124 97.2282 93.4615 87.7505 81.3461 77.6951 76.0263 90.3454 77.0593 68.6299 68.4276 64.2601 62.6414 62.6379 76.6913 67.5174 60.1355 58.7036 54.6614 51.8796 50.8035 48.7647 48.6317 48.3339 46.6145 46.3847 45.7126 43.7013 39.2038 38.5113 38.3474 38.2774 37.9945
threshold=0 0.077500000596046462 0.094166666269302382 0.24133300781250003 1 0.36340332031250006 0.029166666790843013 0.030833332799375061 0.11315917968750001 2 0.15466308593750003 0.31250000000000006 0.56250000000000011 3 0.35559082031250006 0.089166667312383666 4 0.13819628953933719 5 6 7 8 0.094166666269302382 0.094166666269302382 9 10 11 0.34082031250000006 12 0.042500000447034843 13 14 15 16 17 18 19 20 21 22 23 24 25 26 27 28 29 30 31 32 33 34 35 36 37 38 0.014166666660457851 39 40 41 42 43
decision_type=9 2 2 2 1 2 2 2 2 9 2 2 2 9 2 2 9 2 9 9 9 9 2 2 9 9 9 2 9 2 9 9 9 9 9 9 9 9 9 9 9 9 9 9 9 9 9 9 9 9 9 9 9 1 9 9 2 1 9 1 1 9
left_child=1 2 3 6 -5 7 10 -6 13 -8 56 -12 -9 -2 -3 -16 59 18 19 60 55 54 23 24 -21 46 -27 28 31 30 50 -19 52 48 45 36 -36 -37 41 -34 -35 -31 43 -40 -44 -30 -23 -47 -33 -43 -29 -18 -32 -11 -22 -20 -1 -56 -52 -15 -10 -24
right_child=8 14 -4 4 5 -7 9 12 17 53 11 -13 -14 16 15 -17 51 27 20 22 21 25 61 -25 -26 26 -28 29 34 38 32 33 39 40 35 37 -38 -39 42 -41 -42 49 44 -45 -46 47 -48 -49 -50 -51 58 -53 -54 -55 57 -57 -58 -59 -60 -61 -62 -63
leaf_value=0.0054864318825027262 0.0020849324513367721 -0.0010233990067011346 0 -0.0090080288393425637 -0.0035390129553872062 -0.0056596347299141415 -0.0026876202185989054 -0.00057811451411963978 7.7734578640536621e-05 -0.00078266278073530816 -0.010020937230670794 -0.00088896128132126084 0.001779420282520946 -0.0052216976234737943 2.251262924318847e-06 0 -0.002003939045067904 -0.0011411994695915307 0 -0.0030487574084308755 0 8.4108295584619045e-07 0 2.251262924318847e-06 -0.0012349799240830748 8.5556339127659787e-06 0 0 -3.4986358242458376e-05 2.6145855934841031e-06 0.0003244284206403699 0 8.5556339127659787e-06 0.00024224146961283812 -0.00043492701178421259 0.00038354472289136725 0 1.1467563157026486e-07 2.0706943472768068e-06 -3.2051014366543283e-07 0 0 0 0 0 0.00087230197042709341 -0.00010935299708313185 4.9638304162314877e-05 -0.00060832198944390993 -3.4815931942730068e-08 -8.2055645797510313e-06 -0.0074608108106035149 0 0.0032967680719322421 0 -0.00012386167914398379 -0.0065016909570374676 0.00028514783671922128 -0.00084672126731244349 0.0011132172848643679 0 0
leaf_weight=330 415 199 1605 1305 713 858 427 700 428 323 613 434 425 365 1077 211 552 776 431 1034 450 553 556 649 4543 1455 10819 662 449 718 525 663 1300 813 1204 2600 8949 18760 1258 12898 4778 1562 3079 8618 25758 1237 1152 2681 1649 3438 423 1500 1118 878 442 931 247 757 1010 544 668 1515
leaf_count=330 415 199 1605 1305 713 858 427 700 428 323 613 434 425 365 1077 211 552 776 431 1034 450 553 556 649 4543 1455 10819 662 449 718 525 663 1300 813 1204 2600 8949 18760 1258 12898 4778 1562 3079 8618 25758 1237 1152 2681 1649 3438 423 1500 1118 878 442 931 247 757 1010 544 668 1515
internal_value=-0.00153681 -0.0161746 -0.0250564 -0.0368022 -0.0569273 -0.0381093 -0.0120221 -0.0147391 -0.000427514 0.0154601 -0.0395572 -0.059142 0.0141614 -0.0240142 0.0365883 0.0464186 -0.0307164 0.000170128 -0.00483001 -0.0143668 0.000451708 0.00296163 -0.0188759 -0.0255684 -0.0308227 -1.71496e-05 0.002979 0.00140393 0.00479073 -0.00101589 -0.00858289 -0.00793924 -0.00535166 -0.00400252 0.00787028 0.00578588 -0.00276241 0.0098484 0.00203902 -0.00839408 0.00383365 -0.0102199 0.00385177 -0.0043932 0.00667614 0.0228545 -0.021456 0.0276336 -0.0228743 -0.014988 -0.0328049 -0.0422093 0.0208096 0.0315581 0.0280313 -0.0281222 -0.00393772 0.0403303 -0.0452595 -0.0045602 0.0196028 0.00115771
internal_weight=147030 10345 8858 7253 4001 2696 3252 1838 136685 1628 1624 1047 1125 3376 1487 1288 2961 133309 26383 9393 16990 15628 8297 6226 5577 13979 12274 106926 44559 62367 17936 8679 15841 7903 35880 31513 10153 21360 44431 14198 5591 5718 38713 9876 28837 4367 1705 3918 2312 5000 2095 2052 1643 1201 1649 1362 577 1199 1433 909 1096 2071
internal_count=147030 10345 8858 7253 4001 2696 3252 1838 136685 1628 1624 1047 1125 3376 1487 1288 2961 133309 26383 9393 16990 15628 8297 6226 5577 13979 12274 106926 44559 62367 17936 8679 15841 7903 35880 31513 10153 21360 44431 14198 5591 5718 38713 9876 28837 4367 1705 3918 2312 5000 2095 2052 1643 1201 1649 1362 577 1199 1433 909 1096 2071
cat_boundaries=0 2 3 6 13 16 24 32 40 48 56 64 72 80 88 96 104 107 115 119 127 135 143 151 159 167 172 180 188 196 200 204 208 212 216 220 224 226 229 233 235 239 241 243 247
cat_threshold=1253256 1280 7 302104543 1342177536 3498049541 2118696 100608 8421904 2129924 2189475840 19137536 8194 875168053 1610943760 1090720880 0 2219065346 8 2252620032 16877568 544 320372744 8752 1101892 17055744 135270408 34081024 262658 671158528 268960016 67109376 142614530 557056 37888 25191489 1677729796 1073758304 1082392593 1049600 1074855952 67109376 42008576 285409793 1704960 655360 148256 43384832 134217844 1526735360 8388744 512 810582050 1207960832 32 1048710 4194688 268435592 8280 1107558528 536871728 17408 2203776 67112705 4767776 134220832 1 537395200 269522944 45089152 369623040 34340928 8260 436521472 1126464 512 2147483648 0 2417002644 8793 262144 2359720 8388610 372742 2097456 1081352 2283799073 131088 145489984 4100 637534216 68191232 2306 67420224 67108960 4195328 135300 536870944 536870922 537952768 1573893 8192 2223022081 69731329 6914336 813969708 2230650082 139469185 1024 68453408 262148 131072 786440 134222355 34119696 331901 434582016 2955419685 12 537005072 539099144 16385 585146432 2147487744 4391168 2684362752 133122 134360608 131144 1076396545 2154037541 33554432 33 4259848 67117056 134217750 3088056322 0 69633 689184 9191432 10486147 67182592 648577024 3221260304 268437504 1073873024 2147483776 16777856 1082130434 28377218 536908546 4720642 17830160 1107361825 6619136 1073744896 131072 33344 629149705 1310720 2684354573 67372032 301991944 134218240 921864 2228240 2030043913 269111808 193003538 28992 13639681 270713344 1073774592 562036736 537937920 2281701376 134218498 21200896 14684192 69207304 132096 5120 1078461445 164360 272629824 16851010 23593024 8194 2148532224 2149580928 83886656 537919584 4129 314573312 458883 674810896 3032580131 13470768 2 2757849966 285220612 1361055872 8 3303567910 538105352 3330048 1 616630560 1015287068 289751188 12 8474832 1646403780 2151393638 10 262560 107915400 3791872080 12 2255381668 2167243280 302012528 2 2243301448 574619824 3524428392 2178427522 2282775552 3120843008 1342474296 1478698704 2 2295400737 2375356758 67569920 46146826 1728933922 14 67993652 71455766 1090796980 1189495174 8704464 2466871297 554180610 9
is_linear=0
shrinkage=0.12


Tree=12
num_leaves=63
num_cat=51
split_feature=5 38 0 38 5 41 22 41 8 34 22 0 41 34 34 4 8 6 3 38 41 39 34 35 41 19 35 34 34 35 34 41 41 41 35 35 34 35 41 41 35 35 3 0 24 34 35 34 35 34 35 23 22 34 23 24 41 23 24 41 34 34
split_gain=151.667 458.916 207.076 202.642 294.592 136.348 126.927 121.968 121.47 121.433 117.19 111.655 108.982 108.413 107.752 107.942 172.216 239.351 153.323 121.394 115.138 111.532 107.291 105.214 104.896 103.213 109.396 103.701 103.343 92.8661 92.2407 90.8087 90.1721 89.0399 88.0396 82.6674 78.7748 77.6928 76.8515 75.5561 75.2836 74.6594 73.0849 172.901 74.8248 72.8504 70.5159 70.076 69.7323 69.5661 67.092 65.578 63.1622 63.086 62.4386 61.2351 60.5563 60.2016 60.0872 59.7828 59.0308 57.239
threshold=0.069166667759418501 0 0.25646972656250006 1 0.094166666269302382 2 3 4 0.56250000000000011 5 6 0.33947753906250006 7 8 9 0.094166666269302382 0.34082031250000006 0.13819628953933719 0.042500000447034843 10 11 12 13 14 15 16 17 18 19 20 21 22 23 24 25 26 27 28 29 30 31 32 0.0224999999627471 0.19201660156250003 33 34 35 36 37 38 39 40 41 42 43 44 45 46 47 48 49 50
decision_type=2 9 2 9 2 9 9 9 2 9 9 2 9 9 9 2 2 2 2 9 9 9 9 9 9 9 9 9 9 9 9 9 9 9 9 9 9 9 9 9 9 9 2 2 9 9 9 9 9 9 9 9 9 9 9 9 9 9 9 9 9 9
left_child=1 2 7 4 31 30 13 -1 -4 -6 12 -10 -5 56 48 34 17 19 61 -17 -20 -19 -9 54 -11 27 49 -8 46 -14 -3 -2 -25 -30 51 -34 -31 -33 -36 -38 -26 -29 43 44 -24 -39 -28 -40 -12 -27 -32 -16 -47 -41 -15 -54 -7 -50 -59 -51 -42 -18
right_child=3 5 8 10 9 6 25 22 11 24 14 -13 29 23 15 16 18 21 20 -21 -22 -23 42 32 40 26 28 41 33 36 50 37 35 -35 38 -37 39 45 47 53 60 -43 -44 -45 -46 52 -48 -49 57 59 -52 -53 55 -55 -56 -57 -58 58 -60 -61 -62 -63
leaf_value=0.0023863440813775521 0.00031785888040065761 0.00069143631783966585 -0.0046740161272040733 -4.0383326850949488e-06 0 -0.0022107194706711053 0.0013114110897924651 0.0011028460022693876 0.00023441779369873003 0 1.312235964997582e-05 -0.0024640304978306932 6.0752182570756675e-06 0.00015532327810771092 -3.2051014366543283e-07 0 -2.8204892642558094e-07 -1.3761075788431782e-08 0 0 0 -1.2050876363039423e-08 0.0014966562849068165 0.00099775452380581123 0 -0.00065683935717336986 -0.002288719937951419 0.00061294018584755205 0.001021868922572496 -1.3761075788431782e-08 0.00023281673529678651 0.00028053750132650432 0.00071400169488917693 0.00013607611165631983 -9.4560705256933314e-05 -0.00033680581586964552 3.8885235708049471e-06 -0.0012176868880091549 -1.6827139971705711e-05 2.6709178638786072e-06 2.6709178638786072e-06 -0.0011007048623932235 -0.00059707225402298703 -0.0086746512803029443 -0.0038432637111548667 -0.00058477825438413365 -0.0002991438120818592 0 1.5606905998739663e-06 4.8367937163920943e-05 -0.0016463516473056452 0.00013673071022044113 -0.00039555904750543109 0 -0.002114533232119489 0.00015921906164717385 -0.00064034928771645853 3.846121723985194e-08 0 0.0015536015045883986 3.846121723985194e-08 3.846121723985194e-08
leaf_weight=567 735 744 1890 1213 773 889 436 723 668 523 814 530 1909 546 723 1910 314 2602 601 1428 3553 938 528 1422 529 424 698 520 3096 1762 759 687 1443 26062 1556 12148 1490 756 2379 1581 1006 2765 1630 902 1050 1843 3126 15670 1231 660 3474 1616 1331 10848 1234 2853 1349 805 1986 2124 4974 1684
leaf_count=567 735 744 1890 1213 773 889 436 723 668 523 814 530 1909 546 723 1910 314 2602 601 1428 3553 938 528 1422 529 424 698 520 3096 1762 759 687 1443 26062 1556 12148 1490 756 2379 1581 1006 2765 1630 902 1050 1843 3126 15670 1231 660 3474 1616 1331 10848 1234 2853 1349 805 1986 2124 4974 1684
internal_value=-0.0012332 -0.00514577 -0.0313412 0.00256322 0.0145225 -0.00166117 -4.88506e-05 -0.0171936 -0.0561553 0.0312181 -0.000706182 -0.0261999 0.00709859 -0.00811006 -0.00439355 -0.00671583 -0.0153683 -0.0284128 -0.000779971 -0.00535328 -0.0139172 -0.0501411 -0.023356 -0.00479143 0.0361499 0.00379631 0.00575438 -0.0152049 0.00369158 0.00950346 -0.0207095 -0.00134519 -0.00150948 0.00612547 -0.00158024 -0.00452547 0.00644618 -0.00532477 -0.00420859 0.00947527 0.040319 -0.0225296 -0.0308588 -0.0439001 -0.0198987 -0.00923619 -0.0148279 -0.00199324 0.0123762 0.0268695 -0.0275618 0.0203658 -0.00478886 0.00639498 -0.0322768 0.00337463 -0.0328533 0.00583043 -0.00393862 0.0337768 0.0441789 0.02652
internal_weight=147030 72407 8488 74623 16010 63919 58942 5400 3088 7805 58613 1198 18803 19031 39810 34974 13030 6878 6152 3338 4154 3540 4833 16793 7032 39911 36190 3721 32982 17590 4977 8205 15013 29158 21944 13591 15681 7470 19605 13919 6509 3285 4110 2480 1578 6783 3824 18049 4836 3208 4233 2339 6027 12429 1780 4184 2238 4022 2791 2784 5980 1998
internal_count=147030 72407 8488 74623 16010 63919 58942 5400 3088 7805 58613 1198 18803 19031 39810 34974 13030 6878 6152 3338 4154 3540 4833 16793 7032 39911 36190 3721 32982 17590 4977 8205 15013 29158 21944 13591 15681 7470 19605 13919 6509 3285 4110 2480 1578 6783 3824 18049 4836 3208 4233 2339 6027 12429 1780 4184 2238 4022 2791 2784 5980 1998
cat_boundaries=0 8 16 24 28 36 44 48 56 64 72 80 88 94 101 109 117 124 132 140 148 156 164 172 180 188 196 204 212 220 228 236 244 252 255 263 271 279 287 295 303 307 310 318 322 326 334 337 341 349 357 365
cat_threshold=1261516 33792 0 0 0 0 2148272128 536 78276 136577040 1126400 512 268435456 1073741824 2419361920 8793 2151710720 2148533384 134217728 24576 210247680 2159191040 67141728 40108032 454697 182755328 3088067607 11 0 8913929 3154119040 3145734 2147486466 32784 67141640 65584 42075912 3221225472 16 4784546 12648485 8388608 411336708 4128 235319309 289484964 2551725074 8 805309472 4194340 323092480 1076101120 268500992 1346375748 537006352 8388609 4327616 1073741828 3288862720 2152218882 17827841 335548928 1120 525344 1327168 34082816 2302803968 17433600 536904708 613433344 1048752 50331680 823134216 2516582432 133129 1073741824 17860745 1 50855936 32 83886208 9472 8404997 2181566016 8192 335593537 67108898 6291456 16778264 3221227584 1835072 469786640 1077952514 1 106955648 1075973249 64 6292480 4523008 1560291328 128 805830720 1075609737 3221291072 1075843088 83886088 134218112 537397248 4098 270536704 17563658 1342182400 524288 3221488128 135266816 539033728 8388992 0 17825792 210764808 419487860 406913031 1082138884 16392 201330688 128 33024 1073873024 2623744 153092328 26220544 68694273 1077940736 1048834 33554688 1207972356 34079248 536969216 33816576 33554441 1082228864 80 136380416 656449 2684747776 109053960 14975104 262400 1296 1612709916 270336 3191104 1082720257 131072 540553232 65536 1220546568 622597 3221225480 1 3229638656 6299648 67110987 64 2654224 134807560 270016640 524289 1076101120 9437208 65536 409860 536891408 268443653 268959888 572784640 1375731712 1207959684 1879066624 536578 67110976 262148 1074003968 8421484 1073807364 1778385216 2147549696 48257 644352001 8593432 18453 536871426 4194304 50467072 1073741824 8449 2129920 268452096 4116 9062016 2147549200 537919488 436469763 549376 1108350980 0 21037072 1073759362 4751424 541066240 394433 17305601 16646 2 12330 1207959841 71313440 12592644 8 67141633 2236416 537395209 8 532480 2239758376 19648 1118336 42508544 34079232 301998208 68680 16779264 33554432 69305346 134513225 1048608 271392 536879106 1073747968 1388314757 1050640 8388611 524355 67108912 2147483648 4458500 541184 138412304 1073741824 37752833 538052752 24684 2182647360 115015746 3280377377 84230400 33554432 67387648 1536 553665544 135266818 2148008072 2099280 393216 4718697 566362176 4216848 16842768 67108880 128 16842760 436740224 2048 2098176 3321922176 2147745794 1245711168 4194816 4259842 1073741952 83893312 2148007936 642531360 608178176 8390656 2147484680 49162 16843011 2147483649 545259520 1627390464 1073760256 4096 268437584 75669508 2155937856 545792001 1073823760 2181170225 134373378 16793728 128 4259872 126095378 2818850016 3759704122 8 3632602193 302125351 343950099 6316161 131072 5633 2164391936 17835012 134283268 1074266416 196992 1405634177 3355447600 227172684 4 187326795 537400336 2988712141 6 327809 33563408 5019937 8388800 16778 268435457 256 67108996 3825632282 547652139 297929036 2819130386 1142525344 1111769480 12 126091362 419455488 1638468 67110080 132224 0 260 532492 786496 134222988 2146306 32768 1778409728 335806528 33554432 67239936 153223170 537002050 270872 2097153 268435520 16 8421632 73729
is_linear=0
shrinkage=0.12


Tree=13
num_leaves=63
num_cat=49
split_feature=38 5 4 22 41 3 19 0 4 38 41 38 41 35 35 41 35 4 3 0 41 3 38 41 22 35 35 35 41 41 19 35 0 19 35 22 24 19 41 22 35 41 41 41 22 22 41 22 24 22 21 35 23 8 23 23 24 24 24 23 0 3
split_gain=170.072 225.383 146.995 218.985 175.299 171.117 266.761 139.157 133.225 131.268 127.026 120.525 116.68 105.608 100.958 99.5854 100.645 97.852 109.043 213.112 92.57 91.8845 87.5063 118.571 115.742 98.2806 86.0554 81.7108 78.5198 77.5681 87.5651 81.9676 74.8033 72.3452 70.8989 79.7965 70.2618 69.4454 68.7367 67.5259 79.2859 76.3955 70.7534 66.8007 69.6492 65.2007 63.7526 63.2995 62.6765 61.5748 61.3266 61.2839 60.6664 59.9169 58.7379 57.2609 53.5391 52.177 50.9141 50.2368 49.9739 68.898
threshold=0 0.077500000596046462 0.095833331346511855 1 2 0.0091666667722165602 3 0.37756347656250006 0.077500000596046462 4 5 6 7 8 9 10 11 0.029166666790843013 0.035833332687616355 0.22961425781250003 12 0.024166666902601722 13 14 15 16 17 18 19 20 21 22 0.35266113281250006 23 24 25 26 27 28 29 30 31 32 33 34 35 36 37 38 39 40 41 42 0.35253906250000006 43 44 45 46 47 48 0.16662597656250003 0.020833333022892479
decision_type=9 2 2 9 9 2 9 2 2 9 9 9 9 9 9 9 9 2 2 2 9 2 9 9 9 9 9 9 9 9 9 9 2 9 9 9 9 9 9 9 9 9 9 9 9 9 9 9 9 9 1 9 9 2 9 9 9 9 9 9 2 2
left_child=1 7 5 11 -5 6 26 12 20 14 -11 -4 -1 -12 -6 -8 -17 51 19 47 -3 -21 24 49 25 48 -2 -13 -27 57 36 -32 -22 -16 -18 -36 -31 -30 -15 41 -41 -25 -42 -10 -45 58 -29 -19 -7 -24 -20 -14 -43 -35 -50 -47 -57 -26 -28 -48 -53 -62
right_child=2 8 3 4 9 22 15 -9 43 10 13 27 17 38 33 16 34 18 50 21 32 -23 23 39 29 28 45 46 37 30 31 -33 -34 53 35 -37 -38 -39 -40 40 42 52 -44 44 -46 55 59 -49 54 -51 -52 60 -54 -55 -56 56 -58 -59 -60 -61 61 -63
leaf_value=-0.0043897383412125736 -0.0014259072621934054 -4.6153460687822324e-09 -4.6153460687822324e-09 7.8962887978792272e-07 0 -0.0011293967780485901 -0.0038601246630720057 -0.0045108153714308249 -4.6153460687822324e-09 -3.3369826779165337e-08 -3.2051014366543283e-07 -4.6153460687822324e-09 -6.9943554324021497e-06 1.1137551370407341e-06 0 0.00071942994128196584 -0.0031107509029086144 -0.001378064507781221 -0.0002245969951583604 -0.0074510906080293244 -0.0010240036603151061 -0.0010030146313183795 -0.0010998553141212699 0.00012255977272029661 0.00034346741617669149 0.0006145765911421189 0.00028398787266735643 8.2664305271621956e-07 0.00012789920663759736 -0.00051824892647531586 -4.6244491666346603e-07 6.9044156902394247e-05 2.2834864261025549e-06 -1.3761075788431782e-08 4.3176849950915525e-06 -0.0020298370007645712 1.9764960273318033e-06 -1.3761075788431782e-08 0 0.00039850169302987497 0.00010823245928859114 -0.00024301061227226324 0 1.8677923148845377e-06 -4.6153460687822324e-09 -0.00066392341211859193 3.3845871171069705e-08 0.0015839902945373847 0.00023274642724873087 -2.3232369718759609e-05 0.0011441058559179364 -0.0016529177842955578 -2.7015155091826162e-07 -4.6153460687822324e-09 -0.00034978420289932794 0.0023978422952148962 0.00030209631850464341 -0.00070132860687550165 0.0029322092324488343 0 -0.0094976767562992802 -0.0020542118098444495
leaf_weight=1152 841 486 1677 963 791 667 1399 526 834 1257 663 574 643 640 683 1182 1265 515 664 607 188 480 1120 1271 417 832 427 804 1396 1103 3023 27693 1071 3403 2543 5064 2303 12541 4517 1650 2255 3298 21662 1120 2561 974 1077 1016 426 2328 760 728 7145 2929 913 569 1410 875 897 2483 378 1351
leaf_count=1152 841 486 1677 963 791 667 1399 526 834 1257 663 574 643 640 683 1182 1265 515 664 607 188 480 1120 1271 417 832 427 804 1396 1103 3023 27693 1071 3403 2543 5064 2303 12541 4517 1650 2255 3298 21662 1120 2561 974 1077 1016 426 2328 760 728 7145 2929 913 569 1410 875 897 2483 378 1351
internal_value=-0.00263453 -0.0147018 -0.001254 -0.0100966 -0.017745 0.000560045 -0.0106728 -0.0270687 0.002702 -0.0209627 -0.00909013 0.00823901 -0.0232594 -0.00158435 -0.0316961 -0.0208391 -0.0166183 -0.0174448 -0.00516319 -0.0196946 0.0308414 -0.0602754 0.00256349 -0.00160526 0.00581598 -0.00239471 0.0120936 0.0176727 0.000998575 0.00970473 0.0107998 0.0128248 0.0477734 -0.0362886 -0.021004 -0.0165691 -0.00744293 -0.00115277 0.00424839 0.000366823 0.00382345 -0.0071738 0.00206109 -0.00818241 -0.00116976 0.0189974 0.0232815 0.00915847 -0.0272349 -0.0228555 0.0215427 -0.0335009 -0.0105595 -0.0403089 -0.0119911 0.0089848 0.020673 -0.019049 0.0410479 0.0162598 -0.0420413 -0.0533102
internal_weight=147030 15080 131950 22461 15846 109489 16571 8820 6260 14883 7077 6615 8294 5820 7806 11453 10054 7142 4042 2618 1745 1087 92918 40729 52189 16775 5118 4938 14769 35414 34122 30716 1259 7015 8872 7607 3406 13937 5157 37281 25567 11714 23917 4515 3681 4277 4364 1531 2006 3448 1424 3100 10443 6332 1339 2953 1979 1292 1324 3560 2457 1729
internal_count=147030 15080 131950 22461 15846 109489 16571 8820 6260 14883 7077 6615 8294 5820 7806 11453 10054 7142 4042 2618 1745 1087 92918 40729 52189 16775 5118 4938 14769 35414 34122 30716 1259 7015 8872 7607 3406 13937 5157 37281 25567 11714 23917 4515 3681 4277 4364 1531 2006 3448 1424 3100 10443 6332 1339 2953 1979 1292 1324 3560 2457 1729
cat_boundaries=0 8 12 20 27 35 43 51 59 67 75 83 91 98 106 114 118 126 134 142 150 158 165 172 179 187 191 195 202 210 214 222 230 238 246 249 253 261 264 268 271 273 280 283 286 290 293 297 301 305
cat_threshold=1129920 1024 0 0 0 0 268435456 80 340089 468036356 3087007745 11 1024 9437184 318769408 33554528 241173536 405712 67142664 557057 0 35599 3145736 33591301 17055944 134365184 82176 1744830464 38 2048 2789482496 2300822544 97 35684352 8192 2112 2153922576 536870912 2224029848 2952790020 2148597760 20185104 133248 1073741824 262148 78976 3859595776 136383489 97 2181054464 8193 0 0 1050124 570426216 171966496 1073751560 39079938 8192 205578240 1121280 65536 301990656 9240576 2621576 4290 69214212 270592 2149581056 524305 16385 67239936 4259925 538705928 52445320 167788544 134220576 0 268435456 18351112 405931040 272 2506752 50864128 1073743938 98 537530368 2048 13633800 676331592 4308992 0 0 33554720 2097280 8831488 1 32 2030043136 67371558 8 1073799168 403800201 1073741859 33587200 8193 2149187585 1073745920 2187853826 4609 75497536 33792 332360 36176960 422781 341084160 3100639240 15 286912 138084872 1375740416 33024 16777226 1359216896 2181038080 16777232 537092 67125250 2684354568 9225 37762064 721731584 2228288 8 8385 1074003974 603980832 604639233 2228228 134744580 335552512 69206272 1114144 0 8389128 268468224 553750544 1207993480 1375748681 33579008 285245568 6291456 839910400 18432 205259780 133138 69238848 163842 0 2239779840 43025408 136381552 440418321 536887428 32776 2100224 536870960 589952 542119937 2248152578 4137 3774889988 0 3191808 135266305 343942145 402857984 293867524 33096 1074790400 839909392 0 302063736 1049088 3255373842 163873 128 98567167 696650762 12591873 2 3026452517 304787992 1097335472 12 0 38801408 32258 33558544 201416770 168132648 401920 2164260868 268959872 2149580802 21495812 8194 113248512 4194496 69206080 3221397664 3132916480 2837448757 10 8921088 268509184 268468224 805309824 302514182 1610875008 1073748096 67145985 270536776 71573888 1358955536 32768 536904204 4416 553795585 8194 603980864 35717240 537076736 268435522 2147483652 1233649776 0 79691776 0 0 41943040 2550136864 696256386 1006645312 176357382 8389120 3364749825 288763432 98833544 3699442704 2621442148 53564439 12 79691914 671093570 13123584 33554497 2098184 67239936 8 8651008 308074191 2147748096 1342377222 3615502378 146977536 143245596 8 203492373 17575777 1951928474 1100350462 3813480784 0 1012926464 33612176 67111000 537936000 34079776 64 1820280337 2189463764 2166751268 2187117356 3223912578 56188952 518791499 302074032 138488208 8 4252461 1077184545 315110670 1436287376 269082674 2351208840 4 3338667792 2697003653 313791756 6 1813058360 597128 197137540 10
is_linear=0
shrinkage=0.12


Tree=14
num_leaves=63
num_cat=51
split_feature=38 5 0 19 41 34 34 1 39 39 1 5 1 4 4 34 19 0 19 18 24 5 22 41 34 6 38 19 41 22 41 34 34 41 34 34 34 41 41 23 19 19 34 41 23 34 24 24 24 41 24 23 34 24 24 22 24 24 23 23 22 22
split_gain=141.425 135.773 125.852 129.627 80.0147 72.9267 72.0312 71.9132 187.589 149.617 210.359 266.979 169.167 195.159 90.8131 79.7552 67.9116 66.2511 65.6467 62.4649 59.6187 58.5341 259.249 180.316 169.741 135.837 257.328 215.153 134.397 113.354 110.759 104.784 99.0712 98.7797 95.8129 90.318 85.6446 85.1872 83.1108 79.1776 77.9274 75.1666 77.8319 67.3288 65.5382 64.7199 64.1199 63.4429 61.76 67.6867 61.6051 59.2714 56.8023 56.3621 54.7031 52.1136 52.6001 52.0401 50.9965 49.782 48.8311 46.9176
threshold=0 0.032500000670552261 0.20251464843750003 1 2 3 4 0.025833333842456344 5 6 1.0000000180025095e-35 0.090833336114883437 -1.0000000180025095e-35 0.094166666269302382 0.095833331346511855 7 8 0.10559082031250001 9 10 11 0.094166666269302382 12 13 14 0.14389234036207202 15 16 17 18 19 20 21 22 23 24 25 26 27 28 29 30 31 32 33 34 35 36 37 38 39 40 41 42 43 44 45 46 47 48 49 50
decision_type=9 2 2 9 9 9 9 2 9 9 2 2 2 2 2 9 9 2 9 9 9 2 9 9 9 2 9 9 9 9 9 9 9 9 9 9 9 9 9 9 9 9 9 9 9 9 9 9 9 9 9 9 9 9 9 9 9 9 9 9 9 9
left_child=1 2 3 -1 58 20 -5 9 16 10 11 -7 14 -14 -11 -10 -9 19 -17 -2 -6 29 25 57 47 27 34 -23 -26 30 50 -30 37 36 -27 46 -34 -31 44 -28 -40 42 -35 -36 -37 -43 -32 -25 -39 -50 -19 -48 -18 -38 -12 -8 -57 -24 -3 -29 -21 -22
right_child=17 4 -4 6 5 7 55 8 15 12 54 -13 13 -15 -16 18 52 21 -20 60 61 22 23 24 28 26 39 59 31 32 35 -33 33 41 43 38 53 48 40 -41 -42 45 -44 -45 -46 -47 51 -49 49 -51 -52 -53 -54 -55 -56 56 -58 -59 -60 -61 -62 -63
leaf_value=0.0012681479158136502 0.00196958439541763 5.5384152825386786e-10 -0.0057098477600593094 0.0010874088265776394 1.4461051635647307e-09 -0.0022129100415944737 -0.0049272993166684671 -2.2413507778614452e-07 3.711407788179966e-05 0.00024357813241871414 0.00045999010547650044 5.5384152825386786e-10 -0.0032633633158323889 2.6021348475463709e-06 -4.0615045405283646e-09 1.7070930022682788e-06 -3.6846684212994254e-08 0.00034281767377318035 -1.3834625938077827e-05 -0.00018525793358586639 -4.0615045405283646e-09 -2.8147612164731981e-05 0 5.5384152825386786e-10 1.0139503917669156e-06 5.5384152825386786e-10 7.6691436189462807e-07 0 -9.9197166325946343e-08 0.0007013215789588394 0.0013898622749696843 0 0.00041553293614380048 0.0010201249327186932 -1.2109746693819969e-08 0.0016904582067078886 -0.0018156959025413897 -0.0011762809505630539 0.00078445963934332377 -4.6153460687822324e-09 7.2761626970393656e-05 0.00038326288701878659 -0.00068302709809585133 -1.6894831713883683e-06 0.00049206191647186792 3.6535297336455196e-05 -0.00047123283924949719 2.5212557202018897e-06 -0.0014005194535479295 -5.4471854064372407e-05 -0.00089406302996417812 0.00091924498893016123 6.4228945530840468e-05 -0.00054718518059584302 5.5384152825386786e-10 -0.0050861475294002442 -0.0010993588285966517 -3.1759122483859056e-06 -7.2383165483978803e-05 2.3889744905121824e-07 -0.008081694576175167 -7.7656250958904702e-05
leaf_weight=892 405 533 856 420 783 4437 885 559 537 4852 659 2255 1379 527 1089 544 584 562 2657 444 529 681 431 689 1335 455 675 546 1692 795 896 12122 684 445 554 684 893 1807 1530 1526 17927 6087 2805 3385 1675 37294 557 1390 802 2886 1264 1295 3640 2036 1557 546 1260 994 1325 1237 974 1266
leaf_count=892 405 533 856 420 783 4437 885 559 537 4852 659 2255 1379 527 1089 544 584 562 2657 444 529 681 431 689 1335 455 675 546 1692 795 896 12122 684 445 554 684 893 1807 1530 1526 17927 6087 2805 3385 1675 37294 557 1390 802 2886 1264 1295 3640 2036 1557 546 1260 994 1325 1237 974 1266
internal_value=-0.00207139 -0.00878235 -0.0273771 -0.018427 -0.00574275 -0.00412546 -0.0299327 -0.00215912 0.00681449 -0.00672435 -0.0173543 -0.0279833 0.00535945 -0.0257232 0.0153458 -0.013312 0.0225234 -7.46806e-06 -0.0205042 -0.0226849 -0.023305 0.0003666 -0.00440788 0.0036839 0.00708584 -0.0210473 -0.03005 0.00296835 0.00265945 0.00196223 0.0084539 -0.000867926 -0.00106957 0.000709168 -0.0467635 0.0105762 -0.0183724 -0.0152523 0.00798241 0.0035246 0.00539319 0.00219197 -0.0153771 -0.052817 0.0292028 0.00351209 0.0310435 0.0391391 -0.0205702 -0.0115784 -0.0199782 0.0180257 0.0277337 -0.0272968 0.0146618 -0.0371587 -0.0250825 -0.0371607 -0.0297754 0.024869 -0.0344056 -0.0353292
internal_weight=147030 34571 4859 4003 29712 27854 3111 25276 8521 16755 8908 6692 7847 1906 5941 3738 4783 112459 3201 1823 2578 110636 27712 18653 17228 9059 6595 2464 15149 82924 26390 13814 56534 50244 4394 24564 3613 6290 21816 2201 19457 46631 3250 3939 2359 43381 2748 2079 5495 3688 1826 1852 4224 2929 2216 2691 1806 1425 1858 1783 1418 1795
internal_count=147030 34571 4859 4003 29712 27854 3111 25276 8521 16755 8908 6692 7847 1906 5941 3738 4783 112459 3201 1823 2578 110636 27712 18653 17228 9059 6595 2464 15149 82924 26390 13814 56534 50244 4394 24564 3613 6290 21816 2201 19457 46631 3250 3939 2359 43381 2748 2079 5495 3688 1826 1852 4224 2929 2216 2691 1806 1425 1858 1783 1418 1795
cat_boundaries=0 8 15 23 31 39 44 49 57 64 71 78 82 85 93 101 108 110 118 121 129 137 145 153 161 168 176 184 192 196 203 209 217 225 229 237 240 243 247 255 259 263 271 274 278 282 286 290 293 297 300 304
cat_threshold=1261004 262912 8 16384 128 0 2417541144 8305 3 2147484431 2197827590 218267648 268576833 134217892 16384 512 5374224 168034372 536870912 673721604 19005440 81268736 2176 8388768 2416050178 2231769636 1208485384 256 4325376 8454176 8388672 1184256 4327552 524288 1024 1110507618 277086977 270338 4096 2162691 0 2097232 285233169 273678597 18939907 0 6291472 16781329 269484033 169910532 67633152 557056 2150629376 8388642 1074268160 1076103424 5373985 0 512 76548096 270712904 612507748 134742086 1073676 64 67112448 134217773 134285378 537004228 562069636 1048712 0 6 320 256 512 1048576 8388608 1644436633 825230458 1613496400 2 4287628418 1073742079 36461376 570425856 4456448 536871040 892469256 3758522372 683671556 536879104 67584 813777024 152 77594784 19008 671352833 2234368 67108896 33685508 2030043136 1062 131072 3762561536 286361609 1073742373 33556480 0 15 3229614081 36160 2181054472 16416 102776928 3072 67142336 2621440 4288676864 536875263 2938816 4194560 128 33685506 16416 1140875265 268557697 2114880 33685512 7342119 4227072 1 1879113728 16 537395217 1610744329 16850976 8732864 16 1073741952 83918914 571770881 2147500544 4194480 67502084 2149582848 1608 2056 18432 212860960 2113536 76550688 24412672 41961480 8192 1073790976 67108928 134250496 134220417 34304 262758 2150629889 1 129 2298810370 33555473 2690654212 713163808 201852944 4227072 4264464 1050624 134349824 4327616 33543 3145728 135477256 4194305 2290090504 1142947972 536870913 536871040 8389120 75522176 136446016 2621440 335552544 116391936 537137158 1242038274 1132462080 34816 268648734 1602279520 1778516038 6 0 117441280 2149581345 131072 290924 335872002 1122544 0 2150646272 109117441 151191592 843075617 1619550210 2622976 262148 6292009 262144 1140916752 8201 2097160 4354 26349585 268453376 1064960 318768896 9280 33920 2147483648 33554432 570429601 3511882789 2013274884 5 18911238 68288516 2 537141296 25297472 419430401 1208483841 6160 142973076 676364581 1008932050 2724350498 122683660 74095769 2181185686 1210312720 3253731808 14 2147484178 285256208 1164255297 269484624 0 16781320 1 256 17055928 1173618710 359812352 4 2283471767 17966217 1166116864 6 1344274754 588284420 1025 131072 69664 589826 1052672 2097154 2289085442 1405477888 84169120 2821473282 59826198 875176475 4 25305222 2686980196 739301255 5 481309698 68438125 273417409 14 1060877 1644746371 781715458 2 537403846 1075602061 1075058346 335815313 65781762 8782618 10 880279823 1346447377 17502272 3222407234 555129928 954423298 1
is_linear=0
shrinkage=0.12


Tree=15
num_leaves=63
num_cat=50
split_feature=38 5 0 1 0 1 18 18 34 8 41 0 39 35 22 34 23 34 22 6 19 34 22 35 34 41 22 34 38 41 34 35 41 34 22 35 41 35 41 23 35 34 23 41 23 22 23 24 22 35 24 0 23 4 35 34 24 24 23 22 0 4
split_gain=176.241 112.83 146.259 118.593 143.408 169.295 135.503 90.6631 83.2542 79.9456 76.1169 71.9301 73.6464 68.6382 66.3449 64.1197 63.5463 64.9856 62.8482 62.5676 154.943 106.581 99.1558 98.5052 95.0227 87.1162 86.3144 79.971 78.7402 108.391 86.5912 91.958 86.078 83.1544 74.4246 74.3193 73.259 72.6501 70.2509 68.82 67.6337 76.7092 65.6289 62.6645 62.5581 62.5199 74.954 62.2557 61.6059 59.6053 59.0013 58.6571 57.7441 56.3235 55.479 56.1401 54.9252 53.0183 53.004 51.7491 49.5016 69.3735
threshold=0 0.069166667759418501 0.30212402343750006 0.019166666083037857 0.18762207031250003 -0.024166666902601715 1 2 3 0.59863281250000011 4 0.10119628906250001 5 6 7 8 9 10 11 0.61152571439743053 12 13 14 15 16 17 18 19 20 21 22 23 24 25 26 27 28 29 30 31 32 33 34 35 36 37 38 39 40 41 42 0.34826660156250006 43 0.014166666660457851 44 45 46 47 48 49 0.21496582031250003 0.044166667386889465
decision_type=9 2 2 2 2 2 9 9 9 2 9 2 9 9 9 9 9 9 9 2 9 9 9 9 9 9 9 9 9 9 9 9 9 9 9 9 9 9 9 9 9 9 9 9 9 9 9 9 9 9 9 2 9 2 9 9 9 9 9 9 2 2
left_child=1 2 3 4 15 7 -5 -6 -3 -4 -10 12 53 -12 -8 -1 59 -18 -19 28 26 48 24 56 -23 -25 36 -28 29 52 31 -30 34 44 -31 -26 -21 -35 45 -38 41 -40 47 -42 -34 -32 -47 -33 -22 -44 -41 -11 -13 -2 -29 -56 -24 -17 -50 -15 61 -7
right_child=11 8 9 6 5 60 14 -9 10 51 13 19 -14 16 -16 57 17 18 -20 20 21 22 23 25 35 -27 27 54 30 32 38 42 33 37 -36 -37 39 -39 40 50 43 -43 49 -45 -46 46 -48 -49 58 -51 -52 -53 -54 -55 55 -57 -58 -59 -60 -61 -62 -63
leaf_value=0.0035019176634249242 0.029100576807505822 7.0035345563915261e-06 -0.0054326440096326648 -0.002968975582684275 0.00053291247444691434 -0.0073085860144925744 0.0024290163169455835 -0.0023495560605383981 1.3909959556027155e-05 3.7729226721499306e-05 6.0818652147306044e-06 5.5384152825386786e-10 -0.0069050566813334772 -2.1314356090307766e-05 0.00040950527622915294 0.0011271352738568517 -6.0690933797198237e-06 6.1319664896350992e-06 -1.2381431608257516e-08 -5.4461050145853154e-05 1.6513290946118138e-09 -9.4948854782095318e-06 6.5820608126232477e-07 0.0002163911356327666 0.00094927463605595016 5.5384152825386786e-10 5.1344428325887996e-06 -0.00036931508380316102 -8.1227741431919278e-05 -6.6462735390661897e-06 9.3812062106179305e-05 -0.00013840188283458326 2.4369027243170185e-10 2.0491584157815232e-06 0.00011187559167255451 6.6850323561460663e-05 -4.3512311142731122e-06 -4.664352202273372e-08 1.2691982965921347e-05 -6.9647827539854739e-08 -3.5353339603844846e-06 -6.1983146192136058e-06 7.7414068496871181e-05 3.3026581892236276e-09 -2.4503046047348659e-05 -1.2606785644824629e-05 2.06805137215196e-05 -3.0255068642422673e-07 1.906625138495599e-05 -3.3772565184702315e-08 0.00025423713129897238 -0.0026024952317420177 -0.00010450549234999479 -0.0090156007823411558 -0.0003501826317260283 -3.4093355639537994e-06 -0.00015479224681435444 -0.0028663795996471766 0.00076701181542118983 -3.2002276312056947e-07 -0.008759469838611934 0.00019870073140638452
leaf_weight=435 148 858 649 392 650 274 436 622 649 373 539 467 1357 553 1071 527 664 1119 2428 843 807 893 430 1087 754 11375 1011 1138 938 548 1015 540 1250 2484 1221 5037 916 25033 696 662 2477 3890 729 41179 2908 673 1460 1291 637 3124 1558 373 1319 87 799 5692 1112 1104 1372 1332 793 232
leaf_count=435 148 858 649 392 650 274 436 622 649 373 539 467 1357 553 1071 527 664 1119 2428 843 807 893 430 1087 754 11375 1011 1138 938 548 1015 540 1250 2484 1221 5037 916 25033 696 662 2477 3890 729 41179 2908 673 1460 1291 637 3124 1558 373 1319 87 799 5692 1112 1104 1372 1332 793 232
internal_value=-0.00171636 -0.0135704 -0.023764 -0.0162251 -0.0265661 -0.0454722 0.0090268 -0.0143171 -0.00365422 -0.0590121 -0.00782894 -0.000260214 -0.0255959 -0.0116804 0.0253587 -0.00301738 -0.0153242 -0.00707552 -0.000573178 5.19448e-05 0.00429176 0.0100476 0.00705507 0.00130993 0.0190681 0.0048581 -0.00643179 -0.0131623 -0.00159066 -0.00606435 0.00112712 -0.0117757 -0.00451937 -0.0059608 0.0211566 0.0246907 0.00817839 -0.00356569 0.00279211 0.0166201 0.00165623 -0.0121879 -0.00598314 0.00311349 -0.0217554 0.0201266 0.00833564 -0.024612 0.0319095 0.00291848 0.0280107 -0.0320855 -0.0347719 0.0354653 -0.0173694 -0.0130278 -0.0271814 -0.0139501 0.0431667 -0.0335898 -0.0759108 -0.0462991
internal_weight=147030 16073 7931 6536 4637 2571 1899 1272 8142 1395 7284 130957 1592 6635 1507 2066 6096 4211 3547 129365 36123 23504 20688 14004 6684 12462 12619 8640 93242 35230 58012 6622 33444 31675 1769 5791 3979 27517 51390 3136 48242 4586 5684 43656 4158 3148 2133 1831 2816 3853 2220 746 1786 235 7629 6491 1542 1631 2009 1885 1299 506
internal_count=147030 16073 7931 6536 4637 2571 1899 1272 8142 1395 7284 130957 1592 6635 1507 2066 6096 4211 3547 129365 36123 23504 20688 14004 6684 12462 12619 8640 93242 35230 58012 6622 33444 31675 1769 5791 3979 27517 51390 3136 48242 4586 5684 43656 4158 3148 2133 1831 2816 3853 2220 746 1786 235 7629 6491 1542 1631 2009 1885 1299 506
cat_boundaries=0 8 10 12 20 28 33 41 45 53 57 65 69 76 84 87 95 103 111 114 122 130 138 146 154 162 170 174 182 190 198 206 210 218 226 230 238 242 246 250 254 258 266 269 273 281 289 292 295 299 302
cat_threshold=1260744 262656 0 0 0 0 524288 8288 524288 8 524288 8 8781824 671088704 54919169 524544 67113488 2152005632 285409536 46139392 8192 524288 2283282624 4194320 2319525889 9568272 6574080 16392 262144 2112 16384 8196 1610612736 516 1056768 299106 33554692 134217824 2151689317 306184512 67108864 1879572482 1512178307 2885896196 14 2154942464 19057088 1024 18877440 1074792448 16777347 2 16384 3609460894 2451711008 2694062288 6 627048448 270548992 1048722 4160 536870944 1073744944 2281735168 69378049 2965544968 163381418 705732993 1 524288 5244943 75612192 360849464 268767249 4224 16384 4214792 16801792 4097 16777628 4204224 4227073 606339072 22560 3794503808 2684354761 584178152 279688 272696329 268439553 1073811465 8 2097162 537018436 92340224 545521664 8388640 327808 533056 1083723781 536956928 528768 100664320 1056 36438016 152174592 553648392 8396800 16843016 51019792 92475392 535839145 1092631552 1142979590 68289024 1075052544 33 272171058 67109136 64 419569667 4194332 268435716 2348811264 136 2252357632 151045257 545 2417000448 17 142606336 3758099465 16781844 268439560 2149580800 3420936 139280 2 675299328 16777232 16 2215117184 8394753 67373056 86278288 4391180 268515328 4352 132102 19488 9445442 687865860 134283394 4202628 269090820 589840 2147747841 539262976 369362961 2064 805309448 37888 1075840000 1073820673 2097280 16850950 33280 41157189 1078132736 33554432 3330355201 538518050 90705977 15 338182144 137218 2257024 537133152 704643104 16898 4194432 589826 2114048 570425376 140509800 8929280 2687232 33554497 1073741824 8658948 2162946 2097317 1073778705 16777344 8454144 157548544 671252488 67633312 0 1342701569 16842752 16777418 572621824 1252007938 142843906 2 541065558 1092780648 1663068518 12 2121728 303038464 536973824 318902272 613418512 3221487616 1073750080 5242881 109052952 2106376 100663425 1073872924 268500992 2162954 536872960 33554435 713349858 256950547 336016 1 270139648 12582976 256 134627328 143667377 1152 2147746432 5373953 2503089441 22918144 16789920 8 2157074455 2159129100 21259288 4 109227032 475248 3234476404 2 851577604 3529851168 1142955012 4 17080593 233051144 537665038 3 16777328 1091305472 553648128 35323905 2102272 2101634 301989888 83520 1263565890 2416255248 2831388737 402801796 1216883728 1142958690 14 8388624 100664832 33554466 538641424 1082417152 4718608 175128576 67125248 16859152 545275904 1073775872 1090553984 1090048 67125264 1073743016 149760 5964352 2520826176 2186185802 1644993024 1109525349 3406079008 1300240450 41706614 273355780 8 304960466 536936753 43028813
is_linear=0
shrinkage=0.12


Tree=16
num_leaves=63
num_cat=50
split_feature=38 5 0 28 0 5 0 19 41 22 34 41 6 22 23 8 23 34 22 35 41 22 34 35 19 34 35 41 34 22 41 34 24 22 35 34 24 22 24 19 21 24 24 40 34 34 23 22 0 0 24 22 41 6 35 24 35 0 24 24 5 24
split_gain=160.481 163.397 171.529 175.214 201.481 79.9984 79.9884 97.5332 85.2034 79.3574 74.739 72.3032 64.7357 62.6529 68.6138 60.7656 60.3101 87.0026 76.7908 73.5931 75.0354 72.6763 67.3519 75.7383 66.7893 65.1054 83.6589 64.8234 62.3042 62.7335 61.3311 78.0523 71.5666 63.5778 62.2391 97.9485 63.7218 60.1066 59.3387 58.5088 58.4827 58.3087 56.6385 56.2453 94.8154 59.9531 54.8631 54.1148 53.7288 52.0724 51.2682 51.4517 49.3888 49.1359 49.1071 48.9197 48.1566 46.1711 45.1065 43.5086 42.8315 42.5273
threshold=0 0.077500000596046462 0.19201660156250003 1 0.33410644531250006 0.044166667386889465 0.13684082031250003 2 3 4 5 6 0.41004623472690588 7 8 0.70214843750000011 9 10 11 12 13 14 15 16 17 18 19 20 21 22 23 24 25 26 27 28 29 30 31 32 33 34 35 36 37 38 39 40 0.25769042968750006 0.40075683593750006 41 42 43 0.63060203194618236 44 45 46 0.25769042968750006 47 48 0.025833333842456344 49
decision_type=9 2 2 1 2 2 2 9 9 9 9 9 2 9 9 2 9 9 9 9 9 9 9 9 9 9 9 9 9 9 9 9 9 9 9 9 9 9 9 9 1 9 9 9 9 9 9 9 2 2 9 9 9 2 9 9 9 2 9 9 2 9
left_child=1 2 9 -4 5 48 7 37 -9 -1 -10 -3 57 55 -15 -6 17 18 42 28 21 -21 23 -22 -24 26 -18 -28 -19 -30 31 -27 56 -34 35 -32 -37 -2 47 -40 -16 -23 -8 44 -36 -45 58 -29 60 53 -48 -52 -20 -17 -54 -12 -33 -7 -13 -56 -5 -31
right_child=6 11 3 4 15 12 16 8 10 -11 13 46 -14 14 40 49 25 19 52 20 22 41 24 -25 -26 30 27 38 29 61 34 32 33 -35 43 36 -38 -39 39 -41 -42 -43 -44 45 -46 -47 50 -49 -50 -51 51 -53 54 -55 59 -57 -58 -59 -60 -61 -62 -63
leaf_value=-0.0047120339998159913 0.0049187642428207253 1.1962901764821157e-05 -0.0079636025374976351 -0.0058457857578614082 -0.0046916880742104644 0.00062348826719868945 -7.6895391096619935e-05 -0.005042397923069682 0.0015251835888345153 0.0023344431427502524 -0.0010154913497622171 2.2801987469744293e-06 0.00096262564574562271 0.0011777432052474696 -0.0041001274055949642 -0.0011803303303739626 -1.3188042215124332e-05 1.6885586446334164e-05 -4.1944265073092935e-09 5.9752630802331561e-06 -9.3688713713893597e-05 3.5773210744838338e-07 4.1915217762409621e-05 -4.8611949564801079e-09 3.230209243318555e-07 -0.00015977789207616765 -1.0604739638444415e-05 2.3817359375512936e-05 -0.00028951094025945801 -3.6339576924058926e-05 -3.8886865797275101e-05 9.2880933178679056e-05 4.4347068386606411e-07 -2.653275861669901e-05 -1.3119175620408081e-05 -8.6836303165034558e-09 1.4769759841948959e-05 -0.00016259903718708916 -1.2935060041647415e-06 1.994740649036193e-05 -0.00012510592634647753 -7.231962109826239e-05 2.6867521671759026e-06 -6.2297359493117163e-06 3.8126699235185571e-07 -1.9203300815454791e-08 -1.0461415120137652e-06 -9.6465797969569461e-07 -0.003947642632441759 -0.0040379601774468135 1.5617507150742594e-05 3.3691871453579887e-08 4.9197948040551896e-09 0.0038120282323266695 1.1381340787399143e-05 -0.0048319445051948507 4.7675704364187114e-09 -0.0025982628333145012 -2.1754456119183742e-06 0.00031542587441407661 0.00039214266964126773 1.4692571188092174e-09
leaf_weight=429 543 664 1085 102 775 339 440 881 766 1105 532 205 970 1154 1224 62 913 533 547 892 578 629 1819 3229 23849 934 872 668 794 528 884 439 1228 3018 1903 2024 4192 988 608 4818 1469 1375 957 6157 14666 41203 772 1790 356 133 569 1266 443 84 555 1156 1466 361 899 1500 351 1339
leaf_count=429 543 664 1085 102 775 339 440 881 766 1105 532 205 970 1154 1224 62 913 533 547 892 578 629 1819 3229 23849 934 872 668 794 528 884 439 1228 3018 1903 2024 4192 988 608 4818 1469 1375 957 6157 14666 41203 772 1790 356 133 569 1266 443 84 555 1156 1466 361 899 1500 351 1339
internal_value=-0.000842265 -0.0151096 -0.0277283 -0.0392727 -0.026031 -0.00740022 0.000259312 -0.010864 -0.0167139 0.00703121 -0.0117662 0.00260451 0.00760762 -0.016636 -0.00811608 -0.0699999 0.0010179 0.00487868 0.0206915 0.00289738 0.00461353 -0.0137826 0.00642588 -0.00845246 0.00863551 -0.000742183 0.00854043 0.0121533 -0.0144479 -0.0219528 -0.00189233 -0.0125292 -0.00757422 -0.016233 -0.000829379 0.00982001 0.0151445 0.0165651 0.0155927 0.0225965 -0.0185878 -0.0264285 -0.00264013 -0.00201373 0.00400217 -0.00411889 -0.00396453 9.71417e-05 -0.038323 -0.0217791 0.00554408 0.0164374 0.0313641 0.0275672 0.0385338 -0.0358588 0.0117058 -0.0201709 -0.0262365 0.046386 -0.0108131 -0.00977112
internal_weight=147030 10527 6152 4618 3533 2479 136503 8713 7182 1534 6301 4375 1670 5535 3847 1054 127790 40007 4442 35565 32371 2896 29475 3807 25668 87783 9669 8756 3194 2661 78114 7085 6151 4246 71029 7100 6216 1531 7884 5426 2693 2004 1397 63929 16569 47360 3711 2458 809 279 2607 1835 3045 146 2498 1688 1905 700 1104 2055 453 1867
internal_count=147030 10527 6152 4618 3533 2479 136503 8713 7182 1534 6301 4375 1670 5535 3847 1054 127790 40007 4442 35565 32371 2896 29475 3807 25668 87783 9669 8756 3194 2661 78114 7085 6151 4246 71029 7100 6216 1531 7884 5426 2693 2004 1397 63929 16569 47360 3711 2458 809 279 2607 1835 3045 146 2498 1688 1905 700 1104 2055 453 1867
cat_boundaries=0 2 3 10 18 22 30 38 42 45 49 57 61 69 77 81 88 96 103 111 119 127 135 139 147 155 158 161 169 177 181 185 189 196 198 202 206 211 219 227 231 235 239 243 251 259 262 270 273 277 281
cat_threshold=1260744 512 3 64 2164261135 2164752 6291461 276824144 1208025242 262176 136581120 2281701408 65540 268443650 25166024 169248 8388864 411654 42476543 71337248 3222470656 14 68728856 2147549952 536870928 2097184 1207959552 17830440 537002016 1048576 0 0 160432128 4195360 708944933 8537216 138737664 16 168292360 333525568 539263160 13 1453328964 1235490320 156402314 2148007968 1343427848 2044337778 6 133 16777232 2215671808 2415927424 131140 128 1142177824 34220288 738865923 22252064 554143785 10 34865152 1073742592 512 981469195 16384 2147614772 1342374912 25432192 1073742100 8421504 1073807426 262217 1081345 307644416 40992 1081344 2365638923 174661702 3238921736 5 29657120 1024 46269448 1174605828 12584968 264192 67152 16916481 270008396 2147524744 1079017472 809500673 33554432 524800 100671488 0 1175453952 2182123520 104939528 184557576 269025312 393280 18874402 0 1207959553 1611087872 2624024 2820677648 69633 8409096 1145049104 2147516416 570450434 134218752 17891352 193 2098 9568288 34914432 2151677960 8 34892 553648201 1114112 65552 6586496 4251648 1082131488 21496320 570425348 680001576 212992 805306884 1 56297505 1192435712 1108649228 5 0 3221227584 4325380 512 1754800768 144711688 2300708368 6291456 395272 5407810 69468424 0 278532 5325056 819206 69206016 2240425130 1888004352 99614780 319948164 3379565317 88087107 277151746 256 4 8422474 8407040 60 2477785096 311424 268437700 8272 84951168 37758208 1052672 32 610272276 688130 2154832128 1732340284 2442276900 2 2585789557 3489667432 1105608992 4 252328244 268472835 239929449 2 64 2189443072 2155872288 136362056 104882182 1610612740 32772 2526891024 1752166441 1397228592 2207613703 2687637632 8 1814042661 1664174129 1621114905 8 2723152952 131584 17039360 1157643584 6516737 134238224 262433 104865792 2149613576 138412352 524288 121798660 65798 33304 2172649480 2147551296 336070944 163840 1073741952 941621248 4816961 379650711 130127360 71317584 3 2417099267 881072693 542248963 11 840501062 165675520 419664165 2 139471884 2148565030 53453451 7 369365120 65536 536871008 595592328 2097162 2415919105 268435456 2097632 16392 155195521 0 32 3276806 74762 2097792 274496 145429248 1620705424 1661342814 1346469952 403179522 11534880 224 74752 4096 2684354688 2 613483520 444637185 539099136 305414182 4008745 174064643 8 70783756 1145702410 4186177668 4
is_linear=0
shrinkage=0.12


Tree=17
num_leaves=63
num_cat=45
split_feature=39 5 0 34 1 32 32 1 22 3 38 4 41 22 38 41 22 4 19 22 38 4 38 22 34 4 19 35 19 4 22 34 41 34 22 34 34 22 35 35 41 22 2 18 23 35 34 5 23 22 34 34 23 3 38 34 34 0 23 35 23 4
split_gain=142.638 113.414 175.858 96.8585 81.3542 116.346 100.562 115.111 80.0949 74.6549 330.213 167.216 156.679 152.057 119.598 105.926 85.3967 82.5698 382.593 116.36 128.789 100.412 196.944 194.529 96.7706 81.2947 122.428 106.729 104.693 143.038 162.508 102.244 97.4574 89.7268 87.9768 79.9168 78.6794 77.2091 76.6043 71.3034 68.4129 67.2003 67.1731 116.454 66.4333 66.3518 64.0155 63.5713 63.0935 59.5138 59.0875 58.8146 61.5617 56.7778 55.3037 54.0697 52.1902 50.4195 50.1062 49.4329 51.6976 49.2613
threshold=0 0.077500000596046462 0.30212402343750006 1 0.044166667386889465 0.56552419066429149 0.56552419066429149 0.0041666666511446246 2 0.094166666269302382 3 0.015833333600312475 4 5 6 7 8 0.0091666667722165602 9 10 11 0.015833333600312475 12 13 14 0.029166666790843013 15 16 17 0.037499999627470977 18 19 20 21 22 23 24 25 26 27 28 29 1.0000000180025095e-35 30 31 32 33 0.042500000447034843 34 35 36 37 38 0.010833333246409895 39 40 41 0.18640136718750003 42 43 44 0.027500000782310966
decision_type=9 2 2 9 2 2 2 2 9 2 9 2 9 9 9 9 9 2 9 9 9 2 9 9 9 2 9 9 9 2 9 9 9 9 9 9 9 9 9 9 9 9 2 9 9 9 9 2 9 9 9 9 9 2 9 9 9 2 9 9 9 2
left_child=1 2 3 -1 6 -6 -4 -8 61 17 11 14 -12 -13 -11 -14 -17 18 24 50 42 22 23 58 -2 26 31 -28 33 30 -30 -23 -29 41 -31 -22 -24 -26 -35 -15 -38 -27 43 -21 -42 -37 -39 57 -33 -3 -20 -18 -53 -25 -48 -51 -41 -10 -19 -52 -61 -5
right_child=9 49 4 8 5 -7 7 -9 47 10 12 13 15 39 -16 16 51 21 19 20 35 25 36 53 37 28 27 32 29 34 -32 48 -34 38 -36 45 40 46 -40 56 44 -43 -44 -45 -46 -47 54 -49 -50 55 59 52 -54 -55 -56 -57 -58 -59 -60 60 -62 -63
leaf_value=0.0019147245917003853 -0.0011599651469382799 5.1303517847842048e-06 -0.0058625008310264721 -0.0022072510634318092 0.0020282042752990431 -0.0023850534341719226 0.0021944757061625312 -0.0041977940402255802 -0.0033996969770844297 3.4587774746883692e-05 -4.5807179447854561e-06 -4.1404704650750582e-08 1.2709786999667676e-05 -1.1490476277808581e-06 -7.1943840466664007e-06 -1.7938125324429333e-07 9.7805528957957052e-06 -0.0012676821690953733 -0.002886199452046787 0.025144704379755668 0.00023953496060598998 0.00071992399330583561 0.0011041636679099496 0.00071079123586938739 3.1413769811814878e-05 -2.4719887115457933e-06 0.0010168806930861297 0.00074978921910116359 4.5642467145533689e-05 1.3847047810397239e-06 0.0012511062776342039 -0.00044524543235388559 -0.00035208233779567732 -4.7759664127652017e-05 -8.2333497259127965e-09 -0.00065476449921002939 -0.0012512687496474837 0.0039496498636491812 -2.7015608453113689e-07 -2.6241889363818195e-06 -0.0010623030148888691 1.9450823873251212e-05 -0.0022450134487467855 -0.0014634165453344962 0.0003208684853046479 -0.0028176828764269793 0.0026768757597453409 -0.00081728981727642504 -0.0020412533176918835 -6.9007394028384968e-06 0.0014321903329635084 -1.0473722235342302e-07 1.0745398389609364e-06 0.002158904351512711 0.00023726538092757731 -1.6861481241419622e-08 -8.1303272669560769e-06 -0.0058081424174305082 0.0004885823865078691 -0.0014794949587712903 0.0002945120230598241 0.0014453050216751283
leaf_weight=584 553 1043 726 392 158 240 105 181 476 747 571 1337 472 409 527 1053 412 436 323 182 441 549 540 427 1149 830 1162 1133 3285 18480 3520 962 10391 1613 38936 548 802 426 22464 313 943 2180 323 196 2183 3666 1146 1083 2114 440 434 638 1533 1982 918 2099 2164 639 1174 530 1220 527
leaf_count=584 553 1043 726 392 158 240 105 181 476 747 571 1337 472 409 527 1053 412 436 323 182 441 549 540 427 1149 830 1162 1133 3285 18480 3520 962 10391 1613 38936 548 802 426 22464 313 943 2180 323 196 2183 3666 1146 1083 2114 440 434 638 1533 1982 918 2099 2164 639 1174 530 1220 527
internal_value=-0.00165678 -0.016556 -0.0280461 -0.0142911 -0.0640793 -0.0179998 -0.0821301 -0.0216665 -0.0226654 -0.000719051 -0.0106111 -0.0305173 0.012816 -0.0420639 0.00752346 0.0210291 0.0139474 6.64774e-05 -0.00938541 -0.0249752 -0.0349627 0.00104799 0.0136129 0.0328355 0.0198668 5.68657e-05 -0.00774597 -0.00217357 0.00145088 0.00408949 0.0205377 -0.0271542 -0.00567961 -0.0048046 0.00214009 -0.0421941 -0.00374999 0.0269844 -0.00724812 -0.0574741 -0.00968526 0.0146922 0.0129592 0.0473683 -0.0016061 -0.0473071 0.0388489 -0.0350769 -0.0356736 -0.000200876 -0.00357282 0.0256647 0.0175355 0.0543742 0.029711 -0.0101137 -0.065231 -0.0553267 0.000443859 0.00360653 -0.00544832 0.00708909
internal_weight=147030 8693 5111 3701 1410 398 1012 286 3117 138337 10176 5497 4679 4223 1274 4108 3636 128161 12055 7863 5356 116106 8487 4019 4192 107619 16311 12686 91308 64221 6805 3625 11524 27087 57416 4655 4468 3639 24077 2886 3928 3010 701 378 3126 4214 2490 2198 3076 3582 2507 2583 2171 2409 2064 2539 2477 1115 1610 2184 1750 919
internal_count=147030 8693 5111 3701 1410 398 1012 286 3117 138337 10176 5497 4679 4223 1274 4108 3636 128161 12055 7863 5356 116106 8487 4019 4192 107619 16311 12686 91308 64221 6805 3625 11524 27087 57416 4655 4468 3639 24077 2886 3928 3010 701 378 3126 4214 2490 2198 3076 3582 2507 2583 2171 2409 2064 2539 2477 1115 1610 2184 1750 919
cat_boundaries=0 5 13 16 24 32 36 41 49 52 59 62 70 78 82 90 97 105 111 115 123 131 139 143 151 159 162 170 178 186 190 192 196 204 212 216 220 228 236 240 248 256 264 268 276 280
cat_threshold=66048 134258688 32768 1 2415919104 107249664 134217731 536870976 2048 1073814528 1367343361 1610612870 50334208 3761408000 402790091 202281668 2030117184 806 8 1073791488 1163401 1073741825 16779264 8256 805313632 50331696 1 285212928 2147652612 1207959557 805306368 1048576 398141 375131392 3104833545 15 822083584 34 0 1073758208 1146888 2147483649 1073746496 2149580806 524305 201326592 34882560 262664 50856096 787480645 3225492571 4884489 589825 67110927 33800 67175424 8396816 1610944512 32 1100236029 268699934 487660608 264 4194816 1120384 1073783296 268435456 0 2052 17 2030043264 16418 1259648 3288375296 16392 1 1050628 8713 353336286 20975616 1884291077 3 4245632 1074267201 8388608 4096 545526016 335677572 67110912 4277760 44 2097152 114379777 134218752 142712857 1611161616 262144 153686278 10496 2684354560 1073872902 18940034 4719616 8388626 524290 65600 11 92275734 151014452 281020545 1074561216 273423111 1142424576 486801424 12 2099202 100860256 2148534352 517 2147483840 173028608 8519680 32768 2048 1078071298 8405056 201335304 2052 680001556 1646002177 3104 525057 0 67372160 112 542123272 134742016 1228473856 6293504 2332582406 65020044 2155398313 2 269485160 2048 536938496 2109704 576 202113032 2113552 1048576 2222983680 1074274306 1073750016 1113605120 538968065 269484034 1344274496 16793601 1208413189 283117893 2232498624 67118080 1073742852 268959762 35693057 268440098 1073774848 306323474 65536 12288 0 721024 67840 21506 69210120 635981824 16844960 2166390784 2231375634 1179657 134742272 25104 8 32768 156064 2204177040 840957964 1795163096 3 0 4 2872316504 235223177 72368132 8 594944 2722103427 101188114 6291584 41943040 67108864 16777984 41959429 67108868 713408546 131328 2098208 1074954752 2637824 16777216 67108872 538487916 78288326 615252000 1 3420491784 141699106 18102412 8 50332928 268447745 2048 62922760 1627390080 135744 2147500032 8 3221749760 176226328 148897960 1024 405798912 1074135040 65538 1048576 1929413088 1342244867 989349760 1 1216348160 272629796 1057856 536875008 18022409 4 2375680 72 2739474432 1359020038 525656 262144 8454656 671089696 0 1 8389120 133280 67108864 2684365824 6146 1279266816 4096 67239968 2156008760 2489321735 545334450 8 98379 15209473 2165309504 268437504 233472 33555712 1048784 4 811671557 2181191827 86207502 2
is_linear=0
shrinkage=0.12


Tree=18
num_leaves=63
num_cat=51
split_feature=38 5 1 39 18 1 3 38 19 6 22 41 34 33 35 22 3 38 41 41 34 38 41 34 41 4 38 4 22 38 22 34 22 35 24 34 35 41 35 24 24 34 24 34 5 21 35 35 24 24 24 24 24 24 24 21 1 24 21 41 22 24
split_gain=117.125 100.31 204.579 361.56 260.098 206.947 60.7688 217.49 155.706 145.182 126.581 119.023 104.955 94.8101 76.6113 70.9436 69.3566 131.114 96.0842 84.1061 78.091 68.5182 102.014 78.2181 86.3599 70.4033 217.34 136.011 136.72 133.253 104.516 81.8146 73.0986 68.2109 69.4581 67.0561 65.738 65.1646 83.3226 67.8782 63.2312 61.948 60.2736 60.126 58.5689 56.8115 53.9468 53.1294 52.3036 51.2477 51.1796 50.7321 50.6599 49.9946 48.5558 47.0175 46.0485 42.3533 41.1321 40.9339 38.1523 37.9346
threshold=0 0.085833333432674422 1.0000000180025095e-35 1 2 -0.077500000596046434 0.094166666269302382 3 4 0.14784456789493564 5 6 7 0.30342742800712591 8 9 0.012500000186264517 10 11 12 13 14 15 16 17 0.0091666667722165602 18 0.015833333600312475 19 20 21 22 23 24 25 26 27 28 29 30 31 32 33 34 0.10750000178813936 35 36 37 38 39 40 41 42 43 44 45 0.0091666667722165602 46 47 48 49 50
decision_type=9 2 2 9 9 2 2 9 9 2 9 9 9 2 9 9 2 9 9 9 9 9 9 9 9 2 9 2 9 9 9 9 9 9 9 9 9 9 9 9 9 9 9 9 2 1 9 9 9 9 9 9 9 9 9 1 2 9 1 9 9 9
left_child=1 2 3 5 45 -1 16 8 -8 13 61 -9 -13 -10 -12 57 17 18 -2 50 -20 22 54 49 52 26 30 28 41 -30 48 -32 -28 34 -21 51 -22 38 -29 -39 -26 -27 -34 -38 53 -4 -37 -17 -23 -24 -19 -35 -25 -3 -18 -56 -47 -14 -51 -16 -36 -11
right_child=6 44 4 -5 -6 -7 7 11 9 10 14 12 15 -15 59 47 21 19 20 33 36 25 23 24 40 27 32 37 29 -31 31 -33 42 35 60 46 43 39 -40 -41 -42 -43 -44 -45 -46 56 -48 -49 -50 58 -52 -53 -54 -55 55 -57 -58 -59 -60 -61 -62 -63
leaf_value=0.00055233600319565441 -0.0029372931719685294 -3.649942855629147e-06 0.0024370482008559944 0.00087034549904626624 -0.0040163996595181687 -0.0065391152192646367 9.4755483324153599e-07 1.5926951457605922e-05 3.5244073793914694e-05 4.2903879544593204e-07 -1.9505097781957109e-07 3.1754547715845907e-06 4.4807254229258589e-06 -5.9741551155730892e-06 -7.5510314170695543e-06 4.8333196214389173e-07 -5.6208971791577792e-06 -1.0451902805319822e-05 8.6427515390645415e-06 -2.0318111739053463e-05 -0.0016001385872003759 -0.0012029555595569792 -1.5801947193069689e-05 -4.2365976657753525e-06 4.9888508053525313e-07 0.0012820223477444379 0.0027586371036226998 2.5746154542998767e-05 0.0021715799259786769 0.00038417695972261541 0.00033788676832226266 -0.001816490158422694 0.0016624919797384621 -0.001740153269734079 -2.0532340362729635e-07 -0.00011714858064201788 -0.0013348082164474074 -5.9963227702472953e-08 -1.4686687642963063e-05 7.3605025020798871e-07 -1.3962578581926809e-05 -0.00036853128268042097 -0.00028608329168264415 -2.3517962133225787e-06 -5.4500289400774854e-07 0.011561375510525764 -1.1654254582710896e-09 -1.1397775185058001e-06 0.00035605574762133244 -2.0126069393730966e-07 0.00038702156399145394 -1.876818354839686e-05 -0.00081454478156624255 5.2856984263492944e-05 0.00072577926298773995 1.4720447242169012e-05 -9.9070007708535184e-05 2.6270448799626845e-09 0.00041124620578845321 -6.9523731045672109e-06 0.00045586762405513389 -7.10326766622668e-07
leaf_weight=66 773 416 544 704 673 1383 615 539 512 426 341 694 422 616 1196 566 649 450 858 675 664 460 427 427 3838 428 806 849 1508 1932 454 3443 532 547 331 1707 670 20787 4128 44231 8338 1916 1208 4756 777 129 13855 1823 1372 342 1230 1366 991 974 675 786 801 706 718 1113 1128 739
leaf_count=66 773 416 544 704 673 1383 615 539 512 426 341 694 422 616 1196 566 649 450 858 675 664 460 427 427 3838 428 806 849 1508 1932 454 3443 532 547 331 1707 670 20787 4128 44231 8338 1916 1208 4756 777 129 13855 1823 1372 342 1230 1366 991 974 675 786 801 706 718 1113 1128 739
internal_value=-0.00154252 -0.0173175 -0.0279498 -0.0540696 -0.00173101 -0.0879671 -0.000815223 -0.0096838 -0.0257666 -0.0328638 -0.0441079 0.0091726 0.00230167 0.0048849 -0.0585124 -0.0061547 -0.000113314 -0.00528609 -0.018668 -0.000422513 -0.0141379 0.00136893 -0.00553159 -0.00899224 -0.0118536 0.00278067 -0.00772743 0.00392869 0.0216108 0.0367787 -0.0206723 -0.0317728 0.0213917 -0.00263595 0.0175582 -0.00511237 -0.0189184 0.00246696 -0.0107516 0.00348024 -0.0085658 -0.000814915 0.00739723 -0.0144759 0.00370675 0.0264872 -0.00249646 -0.0178425 0.00299346 0.0170513 0.0252482 -0.0262441 -0.0397762 0.0184482 0.019114 0.0312016 0.0081528 0.0185263 0.0311193 -0.0664369 0.0322229 -0.0107051
internal_weight=147030 6467 4300 2153 2147 1449 140563 10308 5558 4943 3815 4750 4211 1128 2650 3517 130255 29010 7721 21289 6948 101245 17191 15081 13594 84054 8275 75779 5784 3440 5729 3897 2546 19609 2134 17475 6090 69995 4977 65018 12176 2344 1740 5426 2167 1474 15562 2389 1832 1487 1680 1913 1418 1390 2110 1461 930 1128 1060 2309 1459 1165
internal_count=147030 6467 4300 2153 2147 1449 140563 10308 5558 4943 3815 4750 4211 1128 2650 3517 130255 29010 7721 21289 6948 101245 17191 15081 13594 84054 8275 75779 5784 3440 5729 3897 2546 19609 2134 17475 6090 69995 4977 65018 12176 2344 1740 5426 2167 1474 15562 2389 1832 1487 1680 1913 1418 1390 2110 1461 930 1128 1060 2309 1459 1165
cat_boundaries=0 2 7 9 17 24 28 36 44 52 56 64 72 80 88 96 104 112 120 128 132 139 142 149 152 160 164 172 180 188 196 200 204 212 216 224 226 234 242 246 250 254 258 262 266 269 271 274 276 284 287 291
cat_threshold=1195136 512 65536 0 0 1 268435456 0 1 2030108736 262434 8 1174462976 1163393 1073741825 2048 8288 524288 2231374848 9536513 69272680 268566544 536891524 32928 144221 1142590464 3113222152 15 2181046789 3489662528 2149580814 100663297 167772352 1024 67142144 1072 84410880 2315780240 35653024 1024 428867584 1478660 268517376 64 3080 50331649 34144384 4261888 33685504 201330696 67633152 16779304 3222728994 513015844 3089367108 10 65540 2252623104 131200 2147483648 151011457 0 272140288 8825 134218240 2416050184 1101004800 2165318912 16777296 134222888 4112 25184264 2155872776 271450120 335544384 16777220 2260992 1673527371 540928 2048 2193621014 2684879234 2097154 136609792 268435456 1196033 10518528 4326402 8389192 35651584 9281 101458176 2149583896 536870980 2181316864 1040 1149304896 184551456 1073873537 470286658 0 1224747008 268435464 8454144 526400 0 570556448 1094190592 33591331 12599297 939524178 262208 50331904 1140858888 17039360 1075996672 52469924 16 1140850848 33556480 822149376 2348811298 8 2151694848 16875648 545 286818304 8192 26174428 54563856 1757413381 3 822083584 4194338 1247360 3221225472 0 1 269486084 1099967609 808196382 1141968448 2150630464 671088640 65537 2171776 37376 539639816 2244640 545719237 671252894 457482266 21496064 1073753088 21234473 1280 2214592512 4210688 2688565256 409608 2417527808 954025204 476217345 4 539558016 0 1073782790 33555202 8684592 0 134267026 526868 320 1214521856 65536 12288 71305248 268468352 2684362760 9380 1140858880 539101184 66120 264256 2281701377 1081615440 147458 1114128 1073808972 671088704 1048744 2684355712 3221250052 2098704 2151694368 8192 1126197684 2319912984 2416452365 2 967704602 3400138753 258093058 2 2684359176 50347270 8 2113536 272630336 75759664 268437508 16400 3239055401 351242854 5778432 2 8192 4097 38535176 8519680 2717909526 1073742084 2953052160 2367776 2885715153 3090299467 67110912 2701131776 1342262272 41945089 136057348 3229614256 655360 525312 1073742048 559942661 1143210208 7897088 142610432 100663296 0 67108864 168043685 206571588 806450689 4 2433747584 3233843234 94799570 2 1125126216 1749559296 1093083344 2 48497356 134824986 148922672 10 1141407905 210334228 1317032328 2 810584140 212141068 151851397 8 2862219432 1229457704 1144069522 2631163571 3293119610 2871063592 88803194 1221 1612929030 50502536 33554442 251703824 294912 1693581312 328 0 0 67109728 1352761344 2360082434 344064400 744497996 2172715181 1687826432 10
is_linear=0
shrinkage=0.12


Tree=19
num_leaves=63
num_cat=55
split_feature=38 34 23 3 38 35 6 22 41 34 19 35 24 22 22 22 22 34 0 0 23 35 41 34 22 23 41 19 34 35 34 22 22 23 34 35 41 41 35 24 35 24 24 24 23 24 23 22 24 22 18 23 18 22 3 39 22 18 2 22 5 18
split_gain=124.222 86.2185 71.979 63.74 188.978 126.851 105.641 106.984 105.427 86.6425 80.6312 67.624 71.3346 65.956 58.9274 58.9137 58.4181 56.7293 58.0078 56.4306 68.2486 54.8446 102.931 80.836 66.4657 66.0503 63.3351 96.6687 94.5091 79.499 63.1495 60.6983 54.1714 54.1298 51.6536 87.1032 82.4587 53.7647 69.5085 50.8931 50.8583 45.8796 45.4191 44.546 45.3708 43.7199 39.0813 37.6724 35.6698 34.7188 34.2321 34.0934 32.6856 30.3227 27.7755 23.9846 22.3832 21.0816 19.645 19.0296 18.9045 18.5466
threshold=0 1 2 0.094166666269302382 3 4 0.14784456789493564 5 6 7 8 9 10 11 12 13 14 15 0.51501464843750011 0.10949707031250001 16 17 18 19 20 21 22 23 24 25 26 27 28 29 30 31 32 33 34 35 36 37 38 39 40 41 42 43 44 45 46 47 48 49 0.042500000447034843 50 51 52 -0.014166666660457848 53 0.062500000000000014 54
decision_type=9 9 9 2 9 9 2 9 9 9 9 9 9 9 9 9 9 9 2 2 9 9 9 9 9 9 9 9 9 9 9 9 9 9 9 9 9 9 9 9 9 9 9 9 9 9 9 9 9 9 9 9 9 9 2 9 9 9 2 9 2 9
left_child=1 -1 14 19 5 -5 10 33 -6 55 -7 -11 49 -12 -3 45 -14 -9 -19 20 50 22 46 31 30 -26 27 59 48 -30 -25 -24 -22 61 35 41 -37 38 -36 -34 -39 -28 -16 -17 47 -4 -21 -45 -29 -13 58 -47 -41 -46 -48 -10 -44 -15 -2 -23 -49 -8
right_child=3 2 15 4 8 6 7 17 9 11 13 12 16 57 42 43 -18 18 -20 21 32 26 23 24 25 -27 34 28 29 -31 -32 -33 39 -35 37 36 -38 40 -40 52 -42 -43 56 44 53 51 54 60 -50 -51 -52 -53 -54 -55 -56 -57 -58 -59 -60 -61 -62 -63
leaf_value=-0.0018362590939104153 -0.012590967262891141 -1.3775257635288309e-05 -2.1944037819659153e-05 -6.5344371508985266e-06 -5.3997804935255931e-06 -5.9652759689860455e-05 -1.0051149182439755e-05 4.4943118015450945e-08 -3.5803949940009578e-08 2.2308432178116819e-06 4.7223765699832883e-05 -4.6602155993410722e-07 5.3904032450537342e-07 3.4174149003244037e-05 -7.5329133080738273e-06 -0.0010532687771774138 -1.1918620555303577e-06 -6.4016277090890844e-06 -1.4815445880549124e-06 -0.00094979512019346469 0.001502698116982221 7.5940237705871286e-07 1.7503242183289863e-06 9.5631393658065976e-05 0.00013789116707148933 1.972467068902108e-06 7.8232143642895903e-07 -1.8288167697524709e-06 0.00017906520922054134 -1.3846411418375626e-06 -8.0681238615505578e-06 0.00068212747651417679 0.0015899530224890192 5.3541056962668262e-07 -2.2353365092345063e-05 8.9093883988322493e-05 -3.6675119265412488e-10 -1.9699679950964273e-06 1.2810028699204459e-05 -0.0013152688784201854 -2.2912138252251056e-09 0.00072283081266311642 1.0227081257480234e-07 -0.00049241083424918122 -0.0020146927284315805 -1.921384983469332e-05 -0.00010525903000180321 -0.00057897659058914468 -0.00094334823769784415 1.6401740846489185e-06 -0.0071007481591728767 0.00031673968924787537 -0.0075681339140925338 -2.727811534756845e-05 4.18359824246697e-05 9.0039085116309163e-06 0.00064147612533598517 -2.6274055448433888e-06 0.00096575423929520007 -0.0012459818088049856 3.685103617039039e-05 -2.0443875834771136e-07
leaf_weight=686 61 565 426 776 436 216 106 417 107 733 313 211 555 208 419 802 1235 1670 521 419 631 109 425 553 2193 4922 431 319 1042 8674 2661 932 435 815 1489 1612 9337 10378 6121 431 72507 1005 221 337 440 219 483 237 789 683 566 562 546 556 257 579 649 413 199 728 348 314
leaf_count=686 61 565 426 776 436 216 106 417 107 733 313 211 555 208 419 802 1235 1670 521 419 631 109 425 553 2193 4922 431 319 1042 8674 2661 932 435 815 1489 1612 9337 10378 6121 431 72507 1005 221 337 440 219 483 237 789 683 566 562 546 556 257 579 649 413 199 728 348 314
internal_value=-0.00125687 -0.0175027 -0.0126566 -0.000507913 -0.00959068 -0.0239751 -0.0168551 -0.0264343 0.00872774 0.0147266 0.0149999 0.00682413 -0.00204746 0.0301902 0.00681669 -0.0218431 -0.015849 -0.0401221 -0.0478801 0.000210967 -0.0164263 0.000585926 0.00801742 0.0114071 0.00776327 0.0142276 -0.000248269 -0.00862503 -0.00555924 -0.00175164 -0.00654679 0.0388312 -0.00449632 0.00279065 0.000702095 0.00796644 0.00430252 -0.000293015 0.00935187 -0.017528 -0.00117978 0.0356353 0.0209377 -0.0316252 -0.0213886 0.000295275 -0.0259265 -0.00205561 -0.0385714 0.0254304 -0.0452505 0.0170995 -0.032639 -0.0390476 -0.00893609 0.053295 0.0364625 0.00701412 -0.00794096 -0.0476324 0.0162813 -0.0316665
internal_weight=147030 6467 5781 140563 10308 5769 4993 3843 4539 4103 1150 3417 2684 934 1854 3927 1790 2608 2191 130255 2869 127386 12845 11686 10329 7115 114541 11661 10824 9716 3214 1357 2043 1235 102880 12385 10949 90495 7610 1412 82885 1436 1289 2720 1918 1207 1159 922 1108 894 826 781 977 996 740 686 870 621 260 837 585 420
internal_count=147030 6467 5781 140563 10308 5769 4993 3843 4539 4103 1150 3417 2684 934 1854 3927 1790 2608 2191 130255 2869 127386 12845 11686 10329 7115 114541 11661 10824 9716 3214 1357 2043 1235 102880 12385 10949 90495 7610 1412 82885 1436 1289 2720 1918 1207 1159 922 1108 894 826 781 977 996 740 686 870 621 260 837 585 420
cat_boundaries=0 2 10 14 22 30 34 41 48 50 57 61 65 69 73 77 85 88 96 104 112 116 120 128 134 142 150 158 162 166 170 178 186 194 202 210 214 222 226 230 234 238 242 246 250 254 258 265 269 276 280 284 287 294 297 304
cat_threshold=1195136 512 2148016128 3565158408 1141637632 0 18890880 33952 2157972480 67145729 679528452 140806745 1923301668 6 2030108736 294 8 1610932736 3260553 1073741825 2048 8256 2299101185 2156006464 16777228 201457664 1627390145 1077937168 64 1024 401789 374835456 3163553793 11 805324352 59768864 0 286261248 2693300230 1208025088 805306368 3221749760 839385088 143132292 4202560 1510998272 2148929540 268501120 0 11 65778 4196617 69206112 3145745 8783873 16384 66080 2861228058 1145242138 2418037061 4 731907077 104 96144672 8 285247129 2429552964 2487405587 4 1074940928 2978088115 2282088070 8 1140862755 68550950 724570274 9 2189426688 17315900 2 2684880896 33619968 604012544 67424256 393248 806755624 4235780 849750322 25165824 2157183040 34822 426176 1075843076 34603024 268697608 639044 2416459793 16811028 2097154 262816 150995456 335691776 182272 2230528 3389063170 343934976 256 33817600 6555140 544768 810549249 262145 1493357460 1619959042 100762128 2 873476480 68486410 3974634018 3 1090519072 131104 8519685 552960 2155880448 3188872 135970 49153 0 2147496448 243270657 520142952 142606385 8397090 1107312640 1224884480 135004161 135172 1050632 272927360 6300176 1 766018 524312 536879360 8912898 8209 1076102912 2181054464 4098 345244416 2168520712 32769 67108874 553658368 303071296 67682816 1024 1207969873 1578244160 1145131581 4 1948516417 1090725656 106632032 2 2454992908 1487057478 3801104 9 1056780 3225419776 303104 134955280 67633536 270631040 1073872897 524305 1611137024 1074276364 272 100663810 67142912 4194308 2181046528 54534186 67241985 1067264 1211109376 1077018640 196612 3 304349184 75502848 940639744 65537 67109008 44040356 268436004 1812201472 65673 8192 2147483712 150995456 2684633120 589872 8396960 11264 2220893184 100663841 4247840 150612185 547619863 4 11776 589824 2164855296 20980744 2353004570 262660 4210688 18874370 72695848 371598432 2752055873 4 406869075 44417049 411140870 10 127144464 87197896 13664933 8 2253600019 2459567140 2299037698 8 352618680 6050085 3221316653 6 2725547272 613572681 1101793800 2 335876837 1208494080 1646264336 4 285213122 293212177 1075845709 4 45107716 64 13795456 4 65536 262156 524608 536870912 2147483648 2148533249 4194304 90382400 537477124 2147487744 9 262288 268435462 1342701632 128 512 1 8392705 552088057 2392840 1080037480 1 2065 0 524352 20736 100990980 100728960 1644232748 262144 268697600 1342177536 384 1536 1048576 8389633 2415920132 512 75498498 262212 8 0 0 2147483648 0 2
is_linear=0
shrinkage=0.12


Tree=20
num_leaves=63
num_cat=57
split_feature=0 38 19 4 3 41 41 35 35 41 41 22 35 38 5 38 22 41 35 5 22 22 41 41 41 35 22 22 23 41 22 41 35 35 24 35 41 19 41 24 24 35 24 35 23 35 23 35 35 24 24 38 24 22 24 41 24 22 22 35 24 24
split_gain=58.1703 128.333 105.389 129.459 199.071 151.809 127.874 119.462 104.331 102.229 102.21 100.671 98.0348 95.8146 84.255 80.7953 85.4708 79.8259 79.65 86.6491 80.1366 79.482 78.7797 77.8873 74.5705 77.1289 74.0385 72.4177 71.537 70.806 70.4211 87.1339 86.2231 68.7322 66.8871 78.6033 78.3201 77.2218 68.4482 66.7054 66.4157 66.0064 65.7621 64.641 64.1716 74.3453 63.5052 63.3716 62.6072 61.2389 61.2096 60.5456 60.5316 57.5914 57.5389 57.0539 56.6901 56.6715 55.9949 62.7323 57.4029 54.7181
threshold=0.28161621093750006 0 1 0.094166666269302382 0.025833333842456344 2 3 4 5 6 7 8 9 10 0.054166667163372047 11 12 13 14 0.094166666269302382 15 16 17 18 19 20 21 22 23 24 25 26 27 28 29 30 31 32 33 34 35 36 37 38 39 40 41 42 43 44 45 46 47 48 49 50 51 52 53 54 55 56
decision_type=2 9 9 2 2 9 9 9 9 9 9 9 9 9 2 9 9 9 9 2 9 9 9 9 9 9 9 9 9 9 9 9 9 9 9 9 9 9 9 9 9 9 9 9 9 9 9 9 9 9 9 9 9 9 9 9 9 9 9 9 9 9
left_child=2 14 9 4 6 -5 46 55 -7 -1 53 13 29 54 51 16 -14 -13 19 26 -21 -10 -17 -11 49 56 -12 43 -28 -8 31 -20 -33 -19 36 -36 -32 -38 -37 -31 41 -29 -34 -27 52 -46 -4 -42 -23 -16 -15 -2 -25 -3 -9 -6 -26 -54 59 -47 -60 -55
right_child=1 10 3 5 7 8 12 11 21 23 18 17 15 50 24 22 -18 33 30 20 -22 48 -24 44 25 27 28 40 -30 39 34 32 42 -35 35 38 37 -39 -40 -41 47 -43 -44 -45 45 58 -48 -49 -50 -51 -52 -53 57 61 -56 -57 -58 -59 60 -61 -62 -63
leaf_value=-0.0016051731053665971 -0.0029760349329859609 -4.3856009781984654e-07 -0.00062026611115868356 -1.8495445586713989e-06 -0.00018379433149813874 9.4118382158136332e-06 -0.0016640154446836465 0.00014843439511375958 -8.9791389311757605e-08 0.0015399301954743191 -0.00064422372101768498 0.00085376676355571068 -0.00023709556095832335 0.00076208859736253971 3.8023474330389553e-05 -0.0025142725802975731 -0.0029082359948854777 -0.0010906152511393171 -1.0883112130331008e-05 4.6402005922129544e-08 -3.9896979629677734e-06 -1.0524960172393286e-07 -0.00043729575778752851 1.8482096389604766e-07 3.7672631408128698e-05 1.8308013701455499e-06 0.0007413783890967546 1.1981752837466528e-05 -5.794025299022159e-05 0.0016599586582709523 1.0706437140027622e-05 -6.0561720411420426e-06 -1.4588327501901618e-06 -8.8252546554169417e-05 1.1422875486237861e-05 -3.835465592694299e-06 4.8392332187966398e-06 -1.2936791170322869e-06 6.5880813248875665e-07 0.00014338289298376964 -2.2849063514855225e-05 -8.7579608333556428e-08 5.4683709931797967e-07 -8.4225160053197107e-06 -0.00074985734764212563 -0.00093434908008930987 0.0017327159829294057 -1.4004743450517617e-06 2.5917782764096081e-06 -5.6207804378082685e-08 -0.00035669901842202311 -0.0004152664365304887 5.5320951010857228e-05 1.8484985149900822e-08 0.0014893859771566089 0.0013432105067294738 2.3271581733296571e-09 0.0010763505805481976 0.0009049470314957238 1.4733204258705732e-05 5.2950192952818294e-05 3.871535426570117e-05
leaf_weight=755 595 806 677 680 426 681 654 921 1152 1252 798 1036 1370 944 535 1218 2933 1307 1309 546 1470 531 21624 1648 409 593 554 657 1275 928 1073 1471 3265 10146 1800 1684 746 6998 14889 2006 990 3190 6723 5049 1176 826 1457 7411 2103 1061 2045 745 1060 538 2110 1946 1025 2621 2118 2255 4777 1442
leaf_count=755 595 806 677 680 426 681 654 921 1152 1252 798 1036 1370 944 535 1218 2933 1307 1309 546 1470 531 21624 1648 409 593 554 657 1275 928 1073 1471 3265 10146 1800 1684 746 6998 14889 2006 990 3190 6723 5049 1176 826 1457 7411 2103 1061 2045 745 1060 538 2110 1946 1025 2621 2118 2255 4777 1442
internal_value=-0.000876543 -0.00339244 0.00138787 -0.00109393 -0.00283535 0.0170829 -0.00865618 0.00632667 0.0251038 0.00928865 0.000139242 0.00306463 -0.0106281 0.0157957 -0.0109052 -0.0130928 -0.0281715 -0.00308135 -0.00125613 -0.0161117 -0.0348464 0.017188 -0.0102389 0.0111378 -0.00903929 -0.0110964 -0.00178012 -0.0132454 0.0115372 0.00799998 0.000474354 -0.00687323 -0.00350448 -0.00597644 0.00392618 0.00804786 -0.0046619 -0.00888086 0.00544829 0.0159674 -0.00804567 0.00500646 0.000503994 -0.0244924 0.00892742 0.00374059 0.0196831 -0.0140212 0.0286621 0.0158209 0.000519807 -0.0400596 0.0197491 0.0223874 0.0307985 0.0316107 0.0156016 0.0283022 0.00711253 -0.00632394 0.0131171 0.0333735
internal_weight=147030 69647 77383 58895 53748 5147 32867 20881 4467 18488 47387 18509 30733 6020 22260 27145 4303 12489 44601 4643 2016 3786 22842 17733 20920 19324 2627 17890 1829 3588 39958 12768 11459 11453 27190 18373 8817 7744 16573 2934 12248 3847 9988 5642 16481 11152 2134 8401 2634 1596 2989 1340 5329 2786 3031 2372 1434 3681 9976 3081 6895 1980
internal_count=147030 69647 77383 58895 53748 5147 32867 20881 4467 18488 47387 18509 30733 6020 22260 27145 4303 12489 44601 4643 2016 3786 22842 17733 20920 19324 2627 17890 1829 3588 39958 12768 11459 11453 27190 18373 8817 7744 16573 2934 12248 3847 9988 5642 16481 11152 2134 8401 2634 1596 2989 1340 5329 2786 3031 2372 1434 3681 9976 3081 6895 1980
cat_boundaries=0 7 14 22 30 38 46 54 62 66 74 81 89 92 100 108 112 115 123 131 139 147 150 153 156 164 168 176 184 192 196 204 211 218 226 230 234 242 246 254 258 266 270 278 286 289 293 299 303 307 311 319 322 326 330 337 341 345
cat_threshold=1620258380 2097156 8 34398464 2162833 64 33571072 0 1073774606 4200960 12648462 17051760 235208728 393280 75666760 268697602 4194304 3229648012 2097156 134221832 33832992 1048704 603980800 15466497 738197504 18907140 805339140 1141375050 1073816064 4224 135170 2148020230 2052 276955584 2637840 546308096 8388867 533506 6224 469762048 92798978 142616608 139482120 192 2147549186 16777344 541589769 148616 134217732 33 117440544 2097162 134218432 33824896 2147483648 1160 3229614082 268455936 34668584 76973072 2130120 16908304 3759148034 792270 168284112 4 65536 1073785922 2147491857 262 2261056 4212736 143687696 67141953 1896878528 546 2176 3288645632 269680649 545 524424 1063040 2349090560 8192 0 1 0 3670028 569 572814344 2110469136 1615921194 671302664 8389124 276824064 3525443584 1074003968 1111490564 167845888 1052672 32768 139264 37888 2483175810 35946496 539033600 134217922 34121024 1074074353 1946720512 369229844 11 1724910371 17306741 3350754 2149597328 0 303039616 28672 148112384 1089536 2103360 3295234 67108928 4194308 268584064 1074562048 3489923072 671117312 268830728 2621442 655368 302514432 167772736 2048 2359680 2098178 1075871840 2818181 25165824 827326464 8454148 541067264 100729088 270598146 1073750048 17320260 952631832 2828830336 2347507752 3992029312 33567809 1146292835 2957082720 2499940694 546899672 2470969344 33591328 98308 524288 656512 4456448 268697858 4259877 2738374992 2249197658 50843136 4 75629568 314572800 8192 1142982660 2156150784 134218304 17893376 8468480 524416 33876 1122312 16779776 92472320 276955264 1073760792 512 890243872 16408 2147516416 516 1280 2147909888 1074304512 21233664 1413956736 540676293 201640089 10 2049 1343520 24577 1090519057 69633 76677286 1107492880 12582916 134218000 2415951904 290460160 134751233 136316496 33624192 1581056 0 2150683904 2291139618 83887136 570556448 134512680 16648 1212486664 32800 269619200 64 2952790144 1124077762 336072704 128 1074924034 2158239008 1986298108 4 156893730 1217432616 10900715 2 1140850705 33555720 34865160 16811008 8390786 2755657736 541131280 67109376 298861378 1753769283 26284357 4 4096 8397440 16793618 17441 2148010057 41944064 557056 4203520 3359641636 1209158401 1100144354 2 2049 2147492360 2248474800 34079296 570818576 1074003968 2048 33557538 204741640 3894454352 2184250534 2 1074344449 33562632 655376 1073745936 270532612 262528 2304 35794946 65537 1075 4198408 524352 98368 93342720 2099080 33558564 73148426 1094216075 2786149472 1820558600 1074495584 537556803 4 9580100 0 0 532736 16 64 574251171 822157858 814252944 10 87035336 83897600 573465139 1 2298482688 2424596865 3339932423 2 50626560 570458114 614500 131072 2621568 1 2148532304 67257088 134746881 2736812662 2150268939 2684504206 36050098 1342310809 8 3221237293 541852026 2752776769 6 268451872 33556481 1103626306 5505048 29395072 34607104 545521664 547886105 4043716628 3093434416 8 145844320 679477250 3519317084 12
is_linear=0
shrinkage=0.12


Tree=21
num_leaves=63
num_cat=57
split_feature=3 35 0 38 5 38 4 19 34 35 34 34 22 34 22 19 24 34 5 22 35 22 34 19 35 34 34 35 22 34 35 23 34 24 23 22 23 24 22 35 23 22 22 23 24 34 22 22 35 34 19 34 35 24 34 34 23 23 23 23 24 22
split_gain=46.2581 73.5772 68.8747 94.6764 96.01 93.8164 108.702 175.519 88.4267 87.4893 88.7295 83.7644 79.2085 78.8828 78.5885 99.5568 77.0805 75.3904 81.5625 89.3237 85.3666 74.8904 73.5763 69.6678 65.9047 73.7729 65.6261 65.0154 67.2464 64.441 73.0651 70.5407 63.16 62.5626 62.3014 61.7168 61.6595 69.9537 60.5784 60.5312 59.9846 59.7357 59.6747 58.7932 84.6849 83.1985 60.6701 59.2361 86.7223 79.1385 68.4027 68.1924 62.6233 58.6864 87.2102 67.8425 63.3836 57.8312 56.882 56.87 55.3308 54.4803
threshold=0.0091666667722165602 0 0.26403808593750006 1 0.049166666343808181 2 0.0091666667722165602 3 4 5 6 7 8 9 10 11 12 13 0.094166666269302382 14 15 16 17 18 19 20 21 22 23 24 25 26 27 28 29 30 31 32 33 34 35 36 37 38 39 40 41 42 43 44 45 46 47 48 49 50 51 52 53 54 55 56
decision_type=2 9 2 9 2 9 2 9 9 9 9 9 9 9 9 9 9 9 2 9 9 9 9 9 9 9 9 9 9 9 9 9 9 9 9 9 9 9 9 9 9 9 9 9 9 9 9 9 9 9 9 9 9 9 9 9 9 9 9 9 9 9
left_child=1 42 5 4 -4 8 7 41 -2 16 27 -9 34 -6 15 -12 -8 18 20 -20 -5 -13 -14 -16 25 -19 -18 -11 -29 30 -26 -32 38 57 -10 -22 -27 -38 -3 -23 -28 -7 -1 44 46 -46 -34 48 -45 -50 -49 -52 -53 54 -15 -55 -57 -24 -40 -56 -51 -31
right_child=2 32 3 17 13 6 9 11 12 10 14 21 22 53 23 -17 26 24 19 -21 35 39 33 -25 29 36 40 28 -30 61 31 -33 43 -35 -36 -37 37 -39 58 -41 -42 -43 -44 47 45 -47 -48 50 49 60 51 52 -54 55 59 56 -58 -59 -60 -61 -62 -63
leaf_value=6.3224261852821279e-07 -0.0017789252207178611 -3.2289088674999488e-05 -0.0014593974445099719 0.0010949229293851512 1.9178394900316502e-06 -0.00040380636363834815 -0.0010727653679443634 0.00091323068819526576 0.00038600271652106262 0.00091954538203705923 0.0014442284330943808 -4.671940847821097e-05 0.0013737176432606557 1.17195569914664e-05 -0.00021837125280487716 0.00046980213372246882 -0.0016318410736314462 -1.4727308234455812e-05 1.4893470028402886e-07 -2.9350995802625478e-06 -0.00054828170106874566 0.00032736596106997364 -0.00051341268880023536 0.00032363584622578922 -2.7042093583541489e-06 -5.7794152916554059e-06 -0.00056728890320911231 0.00036938853979127673 -0.00075023956803513053 -3.1419305474414571e-07 2.1599850288158009e-05 1.7576970885693609e-06 3.5059948364821919e-05 -0.00025777444220909888 -0.0013765777945751155 6.4454683000638593e-05 1.2545034082187692e-05 -4.4964472592004421e-07 -2.9482337621552123e-06 -0.0027238790880605378 0.00093861379452222832 0.0019171146674397388 -0.0012537087499566557 0.00037874623002461243 -0.00028251520617475571 7.8333103799515746e-05 -0.00021123807230267853 -0.0014602355457906443 -0.0011795284939873911 0.00020231528576877936 3.8101582693859702e-05 4.0996433745593538e-05 -8.3176365328335933e-05 -2.6312321138075623e-05 2.5982810019713513e-06 2.4711321321265901e-07 -5.4351190631045426e-06 0.0012170024202660184 0.00032321709599279443 -3.8729616878581033e-06 -1.3160667889942161e-05 3.5118997883363419e-07
leaf_weight=657 1154 802 1185 424 1951 564 1049 556 643 738 2218 1195 748 925 2479 5998 422 920 829 1864 1070 426 423 14807 868 1532 438 780 2072 12077 1715 3627 555 3163 1628 2438 962 2303 570 2319 1220 1317 1495 690 537 3361 1253 992 540 781 992 832 5575 1450 1454 3161 7396 1010 1199 3401 1935 25345
leaf_count=657 1154 802 1185 424 1951 564 1049 556 643 738 2218 1195 748 925 2479 5998 422 920 829 1864 1070 426 423 14807 868 1532 438 780 2072 12077 1715 3627 555 3163 1628 2438 962 2303 570 2319 1220 1317 1495 690 537 3361 1253 992 540 781 992 832 5575 1450 1454 3161 7396 1010 1199 3401 1935 25345
internal_value=-0.000814516 -0.00578707 9.65666e-05 -0.0021207 -0.00900501 0.00369609 0.00624087 -0.00807022 -0.00750256 0.0090755 0.0111242 -0.0209228 -0.00278484 -0.00701519 0.0136113 0.0232766 -0.00997133 0.000454398 -0.0115534 -0.0276512 -0.000549044 -0.027085 0.0051979 0.00900451 0.00206884 -0.0100332 0.00344165 -0.00652969 -0.0147486 0.00365686 0.0149662 0.0202166 -0.00357219 -0.00052082 -0.021498 -0.00674998 -0.00401745 0.00530972 0.0139837 -0.0379978 0.0142275 0.0226307 -0.0268392 -0.00608141 0.0039874 0.0139335 -0.0174066 -0.0107377 0.00139463 -0.00682985 -0.016437 -0.0124194 -0.0169559 -0.00952637 0.000414354 -0.0143073 -0.0109339 0.0201799 0.0263447 -0.00604067 0.00158356 0.00177592
internal_weight=147030 22766 124264 76897 20923 47367 38598 6377 8769 32221 29092 4496 7615 19738 25502 8216 3129 55974 6625 2693 3932 3940 5344 17286 49349 5717 2080 3590 2852 43632 6210 5342 20614 4596 2271 3508 4797 3265 2571 2745 1658 1881 2152 18043 5706 3898 1808 12337 3946 3256 8391 7399 6407 17787 5780 12007 10557 1433 1769 4855 2716 37422
internal_count=147030 22766 124264 76897 20923 47367 38598 6377 8769 32221 29092 4496 7615 19738 25502 8216 3129 55974 6625 2693 3932 3940 5344 17286 49349 5717 2080 3590 2852 43632 6210 5342 20614 4596 2271 3508 4797 3265 2571 2745 1658 1881 2152 18043 5706 3898 1808 12337 3946 3256 8391 7399 6407 17787 5780 12007 10557 1433 1769 4855 2716 37422
cat_boundaries=0 8 15 23 30 38 45 53 61 65 73 76 83 87 95 99 107 111 119 126 134 141 149 157 161 169 177 181 189 193 197 201 205 209 213 221 224 228 232 236 240 248 252 256 264 271 278 286 294 298 306 314 318 321 325 329 333 336
cat_threshold=1843200 2151170560 6144 1073741937 2416975880 1208287248 131072 263808 1083386956 2097156 8 34353408 3342352 536870980 2181054720 1054848 2650849280 1256512 536870912 2147483648 512 2166409232 1072 589888 10251 167791617 109061122 12591108 65636 48 8388609 109183064 33570816 2121792 335806529 1605808 69206048 4096 536872000 536871176 3498115106 2148086304 37749760 1073905920 2181562372 1350647808 311298 197760 67633944 134242310 75497472 35717120 131200 136315968 151194122 134287360 262656 33554944 201859072 135201 68157440 224404 2262868052 1882213249 2 262144 67112968 184582216 268699141 1069057 268441600 537174016 41976064 4196926720 201331163 55034336 58 1073775104 4264449 4198400 553662497 369115136 82516 2956012769 29704224 295698958 14 138444857 128 2151682048 1048608 2153906256 1076379776 10304 1585153 3221303648 378250500 1544750116 5 1081600 16783360 18688 67411968 134780997 536870912 2048 29622273 1439720649 34079002 1276714048 1 8192 541097984 4112 594353 1610694672 1077937152 16786948 50495488 131073 3162368 9503776 2097152 557924373 1098932416 114724 135307264 132100 1082368 8396800 2392320 8406032 164162 40411200 524672 2974811144 8397441 805306369 526464 335650816 1610612740 11538880 17 1107296256 33947776 4980736 12400 67375104 6292486 2147614770 8194 587202564 294912 12546 87168 1216414024 71368704 287574272 1621067904 2460107968 12 1082146944 2147492372 1073741952 276832576 469805696 2148671488 33554464 262272 4849808 67108864 33555264 280585 16842816 262218 2738880512 16 2476923136 3423731722 311993476 9 5275664 2717958144 2097160 69378080 8594432 134356994 167772450 32768 2820284712 1174669479 990119489 6 1147060564 2181573675 9447472 8 87764192 1214289937 1233470464 1 1700796448 3300442273 70145060 1 135561936 431751170 773465364 4 547456008 151197322 2218093089 9 1073741860 2252341255 9437194 169873428 12587008 134234112 8388632 8389632 329570760 622911504 3239313412 1679867488 452985017 1074804088 4 224404500 234922628 18501420 1 1241519008 1133381777 3779494244 2 2787923856 679481364 134890793 12 67698820 67117056 67841 16512 118489088 67633216 17565320 10530 283640473 295929044 88384512 1 2149779615 2768672845 69500977 2 5776 138412432 17301504 35742208 264260 8929280 6291968 102760464 17563648 272638016 2155921984 1108086784 1881163904 294956 8193 4 52954112 2 276831232 67149830 1116143692 131096 17170444 16842752 4276352 33570816 1459881984 12582976 30408708 12320 64 268472320 1073750033 545259520 1090554368 19925002 470909952 8521730 204754986 3702226989 134358025 8 2415920304 2148279809 2098176 538052608 8388870 35651584 1073744384 67264512 134217888 1056768 2621458 36905216 67117648 1074790401 136192 278544 3554754593 1343324241 2081957904 2 1074235791 42057926 67136016 622350663 604294192 127943440 9 2952857088 3829896 3535865306 9 4245708816 17508544 806356058 6 2003306440 2248149466 348717312
is_linear=0
shrinkage=0.12


Tree=22
num_leaves=63
num_cat=56
split_feature=4 22 39 39 22 4 38 41 34 34 34 34 41 6 34 41 21 35 41 34 34 41 41 19 22 35 35 34 35 21 41 34 35 34 35 34 35 4 38 41 34 41 41 5 35 34 41 41 22 22 35 34 41 35 34 35 22 3 21 22 35 22
split_gain=59.032 137.493 134.248 118.208 113.593 114.262 146.864 109.875 111.721 103.793 103.138 101.211 100.774 96.9393 103.926 96.3303 95.6568 94.9333 91.6449 89.4877 88.4302 89.5824 84.4859 83.9929 83.1481 82.0543 80.1109 93.9707 77.6424 77.3218 76.821 75.2413 84.5335 74.1535 78.1338 73.3775 73.2136 71.5037 101.71 95.446 69.7591 69.4386 68.4955 64.9327 63.8508 87.6614 70.9135 63.744 63.4635 61.6721 54.4836 54.4812 62.8505 54.4644 52.4974 50.9642 50.7918 49.543 48.9052 48.8545 47.1057 47.0897
threshold=0.069166667759418501 0 1 2 3 0.060833333060145385 4 5 6 7 8 9 10 0.36882591247558599 11 12 13 14 15 16 17 18 19 20 21 22 23 24 25 26 27 28 29 30 31 32 33 0.094166666269302382 34 35 36 37 38 0.077500000596046462 39 40 41 42 43 44 45 46 47 48 49 50 51 0.094166666269302382 52 53 54 55
decision_type=2 9 9 9 9 2 9 9 9 9 9 9 9 2 9 9 1 9 9 9 9 9 9 9 9 9 9 9 9 1 9 9 9 9 9 9 9 2 9 9 9 9 9 2 9 9 9 9 9 9 9 9 9 9 9 9 9 2 1 9 9 9
left_child=3 11 10 12 5 6 13 -4 -9 -8 55 -2 61 14 -5 -13 49 -11 53 -7 24 54 59 -19 -14 -10 27 -20 56 -16 -17 48 -33 34 -28 60 -32 39 -39 -27 -38 -21 -36 -37 45 -35 -46 -34 -23 -15 -42 -29 -53 -6 -22 -3 -24 -18 -55 -12 -30 -1
right_child=1 2 7 4 18 19 9 8 25 17 22 15 20 16 29 30 57 23 26 41 21 31 28 -25 -26 37 33 51 35 -31 36 32 47 44 42 43 40 38 -40 -41 50 -43 -44 -45 46 -47 -48 -49 -50 -51 -52 52 -54 58 -56 -57 -58 -59 -60 -61 -62 -63
leaf_value=-4.3624237313137687e-06 -1.6037472903286113e-06 1.3469615860216808e-07 -7.3692133267430698e-06 -0.00042939102942966064 0.0011388327274120776 0.00054564975078973013 0.00072080774363575872 -7.6631777828456275e-06 1.2055698720786125e-05 -0.00063060706514274389 -9.1037217800304167e-08 1.2005696157316371e-05 -0.00032091232146514424 0.001493861242794722 0.00046327783832351694 -6.1091394975982485e-06 0.0017258836305888484 0.00060200301142858468 -0.00088231324626959957 -0.00070654294345093239 -1.1884183142645492e-05 -6.2039310333873399e-06 -1.624007607027243e-05 -5.798510680704032e-06 0.00052910829519047149 0.0007462643550904339 0.0010014025373142822 0.0011862858282644768 -3.634969409760286e-06 2.0080092586204561e-08 -1.3971821460272575e-06 0.00017726321147412788 -0.00096520151668367984 -0.0017927504262541302 -0.00055117340798995884 0.00038499600903795585 -4.3654338189518465e-07 5.7906159357760456e-06 3.4888581539325761e-07 -2.0998560074860301e-05 2.5786379932748738e-05 -2.735582472446118e-05 3.9410469971168336e-05 -1.1368036706815554e-06 -0.00050782197844413148 -9.0474445630144183e-05 -5.2396086960911356e-06 -1.721536719711915e-05 -0.0010549173025294182 0.00012810274772749567 2.950380836459499e-06 -0.00033391299114816713 0.00024270158810533728 0.00056207524747681615 0.00067343117523890948 -1.2245652209054602e-05 -1.2861176610197188e-06 -4.8077001035021379e-06 -6.0935159140734992e-05 8.9507473824999797e-06 4.0400905250158055e-06 -0.001898796090460617
leaf_weight=419 2071 438 1769 537 793 417 1086 1331 1374 911 538 1973 656 708 1709 1086 2166 962 546 991 604 905 773 6851 1492 736 657 661 445 2020 1083 1283 2867 690 782 1662 1502 2373 3890 5250 1315 1795 3625 10670 2723 3702 26836 12682 1994 1896 8015 829 3050 788 1025 1971 889 85 790 623 1488 1232
leaf_count=419 2071 438 1769 537 793 417 1086 1331 1374 911 538 1973 656 708 1709 1086 2166 962 546 991 604 905 773 6851 1492 736 657 661 445 2020 1083 1283 2867 690 782 1662 1502 2373 3890 5250 1315 1795 3625 10670 2723 3702 26836 12682 1994 1896 8015 829 3050 788 1025 1971 889 85 790 623 1488 1232
internal_value=-0.000331356 0.0028588 -0.00132479 -0.00214361 0.000437202 0.00751016 0.0110601 0.0065611 0.00991046 0.000855217 -0.00808857 0.0117418 -0.00917723 0.0220081 0.00882848 0.0151822 0.0336257 -0.00351648 -0.00293262 -0.0134415 -0.00715306 -0.00948905 -0.0048 0.000782101 0.016 0.0131573 -0.0041702 0.00998037 -0.00708451 0.0159422 0.011407 -0.0117247 -0.00863453 -0.00601737 0.00751772 -0.00421096 0.0141964 0.0100122 0.0189816 0.000641273 0.0171745 -0.0211865 0.00171078 -0.00762151 -0.00803816 -0.0215259 -0.00602617 -0.0110815 -0.0295568 0.0177064 0.0210405 0.015659 0.0101465 0.0199916 0.0174771 -0.0312763 -0.0315412 0.0517013 0.00694336 0.0262915 0.0174601 -0.037739
internal_weight=147030 53265 36220 93765 68606 22134 18931 16723 14954 9810 19497 17045 25159 9121 4266 14974 4855 8724 46472 3203 23508 21360 17088 7813 2148 13623 44101 5086 15927 3729 13001 19731 16832 39015 5064 14265 11915 12249 6263 5986 10832 2786 4407 12332 33951 4392 29559 15549 2899 2604 9330 4540 3879 2371 1629 2409 1662 2251 1578 1161 1933 1651
internal_count=147030 53265 36220 93765 68606 22134 18931 16723 14954 9810 19497 17045 25159 9121 4266 14974 4855 8724 46472 3203 23508 21360 17088 7813 2148 13623 44101 5086 15927 3729 13001 19731 16832 39015 5064 14265 11915 12249 6263 5986 10832 2786 4407 12332 33951 4392 29559 15549 2899 2604 9330 4540 3879 2371 1629 2409 1662 2251 1578 1161 1933 1651
cat_boundaries=0 4 10 15 19 27 35 43 51 59 67 75 83 91 93 101 109 117 125 132 140 147 151 159 167 175 183 185 193 200 208 216 224 232 240 248 256 264 272 280 288 296 304 312 316 319 327 335 343 351 358 366 370 372 375 383 386
cat_threshold=100807181 167551020 2550406162 2 2164523016 1073872896 1835024 469787152 16386 1 73465936 2550136896 4227152 1098911753 2416181249 4042260480 537069251 55829472 4 822083584 402669602 72896 1074020352 2148632584 1073741858 1065228 1024 1350567936 2147614856 17 1828716544 2156003328 2298478656 2701267203 4112 4210700 32 264192 2148532272 1115152 1 168853836 3408160 2148007936 0 537399808 135529216 21168180 4194321 541401604 4097 134225942 536873986 4329473 1143210016 270624 40963 1610743808 81928 1074805776 1073742854 2182103040 1207959568 537036888 128 402653184 528389 16 8192 276824068 1056 443023488 1359086088 35393536 103024640 58721664 4194306 536887348 4227072 402915330 2558656529 65536 21495809 2164265600 302129408 82432 4210688 34611264 277643266 541130832 32768 1484560924 754782413 266272 285212676 268435712 2658944 20 2214789160 823140352 6291456 0 2097156 1409287184 100700206 536871936 1228931172 34147336 16 131072 113247584 2156396800 2 1174929472 309248 1048832 524292 134217730 134217728 536870976 524304 8457360 813694976 1611686672 284428 75591748 29426195 603998593 262272 16777216 256 964689920 25694340 1078984768 271581186 268566528 263168 1319040 134251106 524288 262152 2160116736 33624576 1028 16918656 302842016 1056912 1212272665 2688614447 2197885796 8 140032 1073160 2149581361 53268 134218240 4194392 2097154 280580 4263936 77824 17826048 5636610 2147483648 1053696 714153986 532742 2048 360576 1073763488 4096 33554433 31721472 528 21168418 419500032 1073741840 34734608 1342441541 134217728 1032 2224037896 567296 2271415189 2869135107 1677739008 12648484 1073873025 2097152 4196480 1614807108 25167365 17301504 529408 316670208 1078263936 84942920 73424964 1048628 4096 2157982720 2097152 1089540 1024 68157505 155264000 2165325844 4718721 6303750 268451842 38830625 69206052 16452 16908298 402657281 16777216 2147483776 2147617280 524304 402702336 167840770 169869440 67373056 262144 8388608 8192 8388624 17433744 806355977 402915588 11546698 4325888 3179264 98560 1073741824 67109890 1073745984 8914948 1073874960 18621448 1128388 476315664 77824 0 2177 0 32784 1657 1310784 135301890 1342767108 277479424 33556480 24 402661376 66560 64 167772288 608206856 537133090 1073741952 1611858944 1082204230 19006464 8388608 587227904 2691330 1077936129 2621824 268435456 0 8396908 109716547 537395984 33028 1 128 2097153 1081872 10616832 100794368 12058880 2416476288 36864 51380736 1212219648 2885700 33558528 262144 4719136 1082138624 671623169 1141387312 49408 33554482 262147 539502848 3256320000 1048576 16384 69222400 276837888 201326660 4211200 1209270400 1024 33554976 2852126726 1048578 581792 161 12607498 546866528 3364500613 2248959112 2 1610612736 537002112 98400 76 134218240 4460568 328233 276832386 303186 1081344 33554434 1049097 5244928 67174400 134743056 216 1073807360 578816072 67895809 393352 2432701202 13156930 2149056512 2099216 2214592512 2147483648 67109128 537067525 99614734 37748804 131072 1074139136 16796160 1048592 33554464 2156417024 538523844 8390794 0 0 67109313 73 303040512 3146001 131144 138477568 1344282624 134217992 675414034 8388632 2296974432 1879249475 555286981 4 2516235136 2976272136 2168719696 3825212483 1156145805 2214593542 448069632 98312 8320 553648148 806371332 268436480 4194336 710939282 9109512 170069076
is_linear=0
shrinkage=0.12


Tree=23
num_leaves=63
num_cat=60
split_feature=5 38 41 41 22 35 35 41 24 23 41 22 19 23 0 38 38 35 41 41 35 41 24 35 41 23 23 19 41 22 35 35 24 41 22 35 23 41 23 24 24 35 41 23 22 23 24 22 23 22 23 23 23 24 23 24 24 24 23 24 22 35
split_gain=45.8451 121.492 105.619 96.0185 94.5546 108.229 84.9083 76.9819 75.1025 75.7878 73.1582 65.9596 61.7376 67.5139 59.7416 157.417 93.1199 92.579 90.5843 87.5544 85.4424 80.4029 79.252 78.9798 77.4397 76.8465 75.0479 72.8332 75.6504 73.7825 86.0611 75.131 70.2929 69.7569 69.3459 83.5604 68.9375 68.1884 68.3539 65.2454 62.4968 62.2565 61.0025 60.588 59.1386 65.632 62.4057 58.769 57.8187 57.7721 57.4017 55.4892 55.438 60.6225 54.7885 54.2027 53.0301 52.8942 52.1126 51.176 51.1282 50.9503
threshold=0.042500000447034843 0 1 2 3 4 5 6 7 8 9 10 11 12 0.26403808593750006 13 14 15 16 17 18 19 20 21 22 23 24 25 26 27 28 29 30 31 32 33 34 35 36 37 38 39 40 41 42 43 44 45 46 47 48 49 50 51 52 53 54 55 56 57 58 59
decision_type=2 9 9 9 9 9 9 9 9 9 9 9 9 9 2 9 9 9 9 9 9 9 9 9 9 9 9 9 9 9 9 9 9 9 9 9 9 9 9 9 9 9 9 9 9 9 9 9 9 9 9 9 9 9 9 9 9 9 9 9 9 9
left_child=1 2 -1 59 5 -5 -6 48 54 -10 -11 -4 -9 -14 15 17 19 -2 51 -16 32 36 24 50 -22 -26 40 44 39 31 -31 -30 -20 -25 42 -36 -18 -37 -39 47 -19 -28 -21 -34 52 56 -47 -29 -8 -41 -24 -17 -23 -54 -7 -13 -46 -38 -57 -3 -42 -44
right_child=14 3 11 4 6 8 7 12 9 10 -12 55 13 -15 16 18 21 26 20 34 22 27 23 33 25 -27 41 28 29 30 -32 -33 43 -35 35 37 57 38 -40 49 60 -43 61 -45 45 46 -48 -49 -50 -51 -52 -53 53 -55 -56 58 -58 -59 -60 -61 -62 -63
leaf_value=0.0014408834712888745 0.0017572486726685069 0.0025873704225824338 -0.00033823975143466801 0.0023400664272535164 -0.0017721153902601999 0.0009347268064813964 8.5034564108442886e-05 -0.0015360691523681671 0.0013607767173918063 -0.0017284849791937061 0.00042805556903285593 -0.0010612037614994795 -0.00066732463476802044 0.00024234829924330275 3.4055279434666173e-05 -2.0251944253278113e-05 6.3638705307170081e-07 0.00069856363322167326 1.917095430438043e-05 1.3509197301788974e-05 -0.0013578358915806415 7.2674620804993027e-05 -1.1676487152860435e-05 -0.00038393772144575106 -0.00030784636501730124 1.4955938515523946e-05 -0.00011646746344011176 5.7770936232791647e-06 -1.875530811056186e-05 3.4670842339743866e-06 -5.543267297921376e-07 -1.8406564398150853e-06 -8.0676403919843778e-06 2.4741303990975498e-05 -1.0403955033370297e-05 -7.3207670186858331e-06 -1.7944826125426317e-06 2.1027219739342088e-07 9.4418876719771999e-06 -5.6566041130915411e-07 -0.0012866376792230955 0.00079405912743790599 -1.4620463033975961e-05 -0.0010371489906359599 1.3037218607869493e-06 -1.6741835404523478e-06 3.6769238075410524e-06 -1.1456793378777629e-05 -0.0026481865883064173 8.9056444018095928e-06 0.00071990558305355949 0.00093454697863362712 5.8911990856665894e-05 -1.7890539647501852e-07 -0.0013914550429694316 -0.0020574721029001748 -1.1440936279874681e-05 -3.6058440233448728e-05 -0.004234999129919194 0.00056157345971798763 -4.0760275138791202e-05 -6.8100727551074662e-07
leaf_weight=582 1464 524 1268 874 1841 683 438 1371 1586 670 3030 915 4386 9306 1192 530 1110 534 1006 803 673 806 539 1213 2139 4628 601 561 1710 3060 28258 12973 662 12797 721 906 753 2670 5498 1088 442 3436 1048 1438 546 1150 2459 1120 969 2581 1360 1170 438 1179 1791 552 1193 1577 1417 1122 859 2814
leaf_count=582 1464 524 1268 874 1841 683 438 1371 1586 670 3030 915 4386 9306 1192 530 1110 534 1006 803 673 806 539 1213 2139 4628 601 561 1710 3060 28258 12973 662 12797 721 906 753 2670 5498 1088 442 3436 1048 1438 546 1150 2459 1120 969 2581 1360 1170 438 1179 1791 552 1193 1577 1417 1122 859 2814
internal_value=0 -0.00391394 -0.021694 -0.000960736 -0.00268427 0.00766134 -0.00756426 -0.0048198 0.00311888 0.0111891 0.00174567 -0.028415 -0.00230049 0.000140101 0.00114716 0.00523033 -0.000705737 0.020871 0.00114602 0.00756894 -0.000584877 -0.00277687 0.00190574 0.00668551 -0.00830917 -0.00440772 0.014072 -0.00173707 -0.00337597 -0.0049473 -0.00165464 -0.0119632 -0.0192431 0.00356012 0.00497512 0.0107066 -0.0205794 0.0138411 0.0173105 0.0101156 -0.0060422 0.0232057 -0.00705579 -0.0317045 0.00908132 0.00201491 0.0112344 -0.00942702 -0.0315433 0.0190709 0.0295761 0.0278972 0.0245914 0.0115653 -0.0140949 -0.038453 -0.0170645 -0.0322801 -0.0497324 0.0270687 -0.020198 -0.0133196
internal_weight=147030 33325 4734 28591 26945 8634 18311 16470 7760 5286 3700 4152 15063 13692 113705 35491 78214 7336 28155 15652 26455 62562 23349 15909 7440 6767 5872 59122 51351 46001 31318 14683 3106 14010 14460 9795 3440 9074 8168 5350 1835 4037 4665 2100 7771 5348 3609 1681 1407 3669 1899 1700 2423 1617 2474 2884 1739 2330 1969 1646 1301 3862
internal_count=147030 33325 4734 28591 26945 8634 18311 16470 7760 5286 3700 4152 15063 13692 113705 35491 78214 7336 28155 15652 26455 62562 23349 15909 7440 6767 5872 59122 51351 46001 31318 14683 3106 14010 14460 9795 3440 9074 8168 5350 1835 4037 4665 2100 7771 5348 3609 1681 1407 3669 1899 1700 2423 1617 2474 2884 1739 2330 1969 1646 1301 3862
cat_boundaries=0 8 16 24 28 36 44 52 56 60 68 71 78 82 90 98 106 114 122 130 138 142 150 158 162 166 173 181 184 192 200 204 212 216 224 228 236 240 243 247 254 262 266 269 272 275 279 283 287 291 294 298 302 305 308 312 315 319 323 326 334
cat_threshold=1261508 2147536384 0 2147483648 0 2 2149091352 1025 536936448 524864 133376 67895496 1342177570 1052690 939532424 16842768 268435552 6291461 67108992 168067084 302252032 1833172996 537002496 524416 2003828768 134875009 1206337601 4 36180032 329760 65553 134218752 67668224 135544832 2684356672 565508 17047552 2704293896 65536 33622017 24 134611216 2150105092 13952 2150154752 16777216 131072 24577 2097696 2181173768 218103968 54935568 91260068 78706892 1082231368 4 1107304481 1210366980 1284410258 3 2164260866 3758105122 1572866 270008338 1026 172032 0 13128 2687762432 2366768401 122669953 0 6345216 544 142657656 268454016 25207120 32772 48137375 33996888 2185560068 14 1083389764 270794772 0 2185502976 136445968 1610612800 33554432 1024 4224 201330192 1128448 512 2147516416 536870912 272140440 8824 65536 257950721 4097 805470224 68182016 4784346 201326592 67108864 134419464 524291 671088640 2101506 16779284 1091043488 2108416 4263936 786449 67108928 1077938176 268588032 100663824 101842944 1075839584 17039364 1610680320 33554688 2151743616 23090176 219676672 1073741856 1375732752 3407872 1073741856 543948865 1024 36864 3221327888 587204961 553649152 1052688 1209541168 38119433 581661709 2 8413184 2149597258 536870924 67109504 2147516440 403832832 16809986 67249728 2147485716 1442840576 2147485736 537142272 512 295433 553680900 3801088 177391642 1288732967 545817612 10 1135748523 88643588 2156200216 2 4 2215641600 66089 276848640 204820 1099014146 1164032 35072 2449540096 303828992 524288 17408 3234107394 138444832 35913728 1978663360 2251556066 2739339328 545522850 264 1075838976 32832 1086849537 1611005952 51546116 4 16 4200704 1190980 2147516544 75661319 2 403046416 34817 572790730 75925632 674438529 8 285212673 2147486720 131091 1207975936 100664328 263428 67145752 19923457 564450329 68159581 8163072 5 134275584 0 299008 4278280 2199552 3273850880 16793602 4263936 2420262440 294327464 1009254478 3 134350858 25262080 134217744 553648128 268436484 1073741826 134219778 67157120 358667297 285402690 1275156592 2 1343588968 144054308 134440141 329581058 3590986824 569486 4 335556610 8388608 3221882900 33558539 65696 269517824 4194417 4194308 553910272 2285109316 536871042 2056 564166656 537155600 67174465 121654236 100925728 580784660 10 3297026185 3490820482 976266376 302009092 136241559 280265516 3762382918 2267552032 2418311767 1352549136 605628960 2969841944 1 2293646345 1954546184 2158524472 8 1284541103 8390736 342100805 2 2901302273 553668680 1410400292 12 2166627439 75538608 3920101468 402890496 2147645872 3853599232 8 8561364 3498051348 4026603522 12 15238690 2719125004 2385561088 8819008 461544000 1796270157 202986245 3222811754 1694761666 4 151535693 1463817492 715787184 674272580 1221591553 1545106048 4 482443425 1116618852 560202011 2 3021079953 2172715923 1879077201 554107066 37748736 2175812112 2181038080 0 33570816 2098816 67
is_linear=0
shrinkage=0.12


Tree=24
num_leaves=63
num_cat=62
split_feature=23 34 35 35 34 41 24 19 34 41 34 22 34 35 41 35 24 41 34 41 35 24 22 35 41 35 22 35 34 24 34 41 24 22 34 22 34 19 35 19 35 34 41 24 41 24 35 24 23 24 22 22 24 21 22 22 23 21 24 24 21 41
split_gain=41.1132 88.9884 78.4742 77.0294 73.8099 70.7719 71.0391 67.9153 72.6543 71.0949 77.0979 63.6473 63.0916 71.4058 65.9106 70.6777 61.043 59.6319 57.6876 84.7161 80.3644 64.598 71.9173 73.524 62.1347 77.9552 69.8873 68.7266 75.8551 69.533 62.0468 58.3734 56.3356 60.6195 56.2815 55.246 54.8098 67.439 70.6191 60.6765 83.3284 60.1558 59.3502 59.1856 56.4775 68.5505 57.2712 54.642 53.7314 53.38 53.3514 53.3456 52.6387 51.9977 51.8524 50.0478 49.0594 48.6415 47.3632 46.2592 46.1402 45.8291
threshold=0 1 2 3 4 5 6 7 8 9 10 11 12 13 14 15 16 17 18 19 20 21 22 23 24 25 26 27 28 29 30 31 32 33 34 35 36 37 38 39 40 41 42 43 44 45 46 47 48 49 50 51 52 53 54 55 56 57 58 59 60 61
decision_type=9 9 9 9 9 9 9 9 9 9 9 9 9 9 9 9 9 9 9 9 9 9 9 9 9 9 9 9 9 9 9 9 9 9 9 9 9 9 9 9 9 9 9 9 9 9 9 9 9 9 9 9 9 1 9 9 9 1 9 9 1 9
left_child=1 3 4 -1 -3 -5 -7 8 -4 10 -9 -12 13 -11 52 -16 -10 -6 19 55 56 50 -23 -24 25 -20 34 28 48 61 -28 -31 53 -34 -27 -33 37 43 57 40 -38 -42 -40 -29 45 -41 -46 -15 -26 -32 -22 -18 -14 -19 -8 -2 -21 -39 -13 -36 -25 -30
right_child=18 2 7 5 17 6 54 9 16 12 11 58 14 47 15 -17 51 32 24 20 21 22 23 60 27 26 30 36 29 31 49 35 33 -35 59 -37 39 38 42 44 41 -43 -44 -45 46 -47 -48 -49 -50 -51 -52 -53 -54 -55 -56 -57 -58 -59 -60 -61 -62 -63
leaf_value=-0.00024269984143545709 1.2378300127240237e-05 -7.8654404936628892e-06 8.6332712466617386e-05 0.00014945233267373649 -7.2641855772903971e-06 -5.3674957779820408e-05 2.6889825918529226e-05 -5.7861682665973535e-05 -0.00039073657449116474 0.00042768370959454062 0.00031373553066504732 -8.6335959669727189e-06 3.9851948524961266e-06 9.7005000132227993e-05 -1.1855828101664273e-05 1.5962582473320569e-06 2.3689296526878816e-05 -2.0184606643874954e-05 5.7947195525774424e-05 -0.00055800250837439189 -5.202701701813557e-07 -9.2343078318999411e-06 -2.1369328593878539e-05 0.00011973961313886665 2.4050791873039206e-06 3.3528316048660079e-06 -0.0001740315605711301 0.00015260669215616304 0.00011427424257465536 0.0002060430881672587 2.8226886561590844e-05 -1.1847764083462413e-06 0.00060937418714202809 6.2409134899760448e-05 -5.2946026874596968e-06 3.8429269573185728e-05 2.5160764077962332e-05 0.00016370697914116274 3.4320077988363714e-06 -8.8953197200869028e-06 3.813314301026981e-06 -2.3548014344421263e-05 -3.0463372702986054e-05 -1.0204739558498454e-06 -8.6742882903632803e-06 4.4743869750995666e-05 4.886224462645618e-08 -1.4300338328789354e-07 -0.00010434043972118765 -1.0020870663251262e-05 8.6102371912378332e-05 -3.8766282708089382e-05 -8.8017436193348566e-05 8.8416874598413266e-05 -7.1660985032800554e-06 -9.659467326297459e-05 -2.0160908293378206e-06 -3.7496626559068195e-06 5.8624233633949921e-05 -0.00046115677078670665 5.5127540176105146e-06 -6.2037921669021515e-06
leaf_weight=533 415 663 428 679 558 1445 944 623 662 649 895 680 644 963 2972 20122 533 528 824 313 698 2059 635 1665 638 427 842 431 416 873 1357 1665 740 1593 557 3631 1174 440 998 1499 1046 5491 5909 889 6344 3504 42258 2371 725 2943 2233 976 1554 629 2349 964 577 774 1509 1390 2206 1978
leaf_count=533 415 663 428 679 558 1445 944 623 662 649 895 680 644 963 2972 20122 533 528 824 313 698 2059 635 1665 638 427 842 431 416 873 1357 1665 740 1593 557 3631 1174 440 998 1499 1046 5491 5909 889 6344 3504 42258 2371 725 2943 2233 976 1554 629 2349 964 577 774 1509 1390 2206 1978
internal_value=-0.000186082 0.00277597 0.00479952 -0.0109091 0.0193352 -0.00656473 -0.0117726 0.0028691 -0.0157641 0.00434261 0.0199731 0.0277519 0.00235599 0.0163704 0.000142268 0.00203583 -0.0246816 0.0254187 -0.00154524 0.00634796 0.0100635 0.0133025 0.00665956 0.0151394 -0.00258909 -0.0124425 -0.0162912 -0.00156887 0.00777621 0.011965 -0.00838183 0.018696 0.0312507 0.0420128 -0.0332942 0.0138809 -0.00288092 -0.0113869 -0.0154777 -0.00156927 -0.0115137 -0.0168026 -0.0201705 0.0136936 -0.000136523 0.011988 -0.00138725 0.00918109 -0.0184145 -0.00250462 0.0280938 -0.0111242 -0.0196561 0.00934127 -0.00199696 -0.0214809 -0.0242128 0.0111582 0.0165197 -0.0419602 0.0213546 -0.00538651
internal_weight=147030 46242 40292 5950 4711 5417 4738 35581 2599 32982 3707 3084 29275 3983 25292 23094 2171 4048 100788 11765 10386 9496 6565 4506 89023 8340 7516 80683 9926 8563 5142 6169 3490 2333 2374 5296 70757 9441 8121 61316 7711 6537 6907 1320 53605 5003 48602 3334 1363 4300 2931 1509 2198 1157 3293 1379 890 1214 2189 1947 3871 2394
internal_count=147030 46242 40292 5950 4711 5417 4738 35581 2599 32982 3707 3084 29275 3983 25292 23094 2171 4048 100788 11765 10386 9496 6565 4506 89023 8340 7516 80683 9926 8563 5142 6169 3490 2333 2374 5296 70757 9441 8121 61316 7711 6537 6907 1320 53605 5003 48602 3334 1363 4300 2931 1509 2198 1157 3293 1379 890 1214 2189 1947 3871 2394
cat_boundaries=0 4 12 20 28 36 44 48 55 63 71 79 83 91 99 107 115 119 127 135 143 151 155 159 167 175 183 187 195 203 206 214 222 226 230 237 240 248 255 263 270 277 285 293 297 305 309 317 320 324 328 331 335 339 341 345 349 353 355 359 363 365 373
cat_threshold=276840736 1075119712 2035989112 4 2080 605111296 840 100663300 4473410 524296 269058064 5264 536 4816913 1140884771 32770 262152 67108864 92309505 17843200 532544 1 570425347 371195920 673382504 1048576 2156920834 1168 32769 38 174096384 8388944 8422416 281035168 6291592 32800 679478272 134217744 65568 94371904 3074 805429248 33832984 8388688 830475820 537608757 5533970 10 0 36700160 8395276 285294641 289474688 1082687488 65552 8896 2416050180 2048 1217396752 2198994944 2253377 2105376 18874376 402669568 11567424 134271008 268992640 1610616928 268567044 151126016 64 142606857 96 1073741824 536872960 16818176 395446306 134500352 2097928 3272101123 462159884 10553136 8 266241 32816 2197823616 805372162 1115392 8196 20992002 42598402 2149711938 0 17301532 276824084 402726916 1073889312 1573890 37754912 2148008496 132 543162496 6144 344064001 536873105 69222496 50462720 974258560 1056772 268435520 2415927320 4391168 32868 37749792 8519680 3510691904 543457600 3447915272 10 134234240 256 65610 319816896 536937480 2182086656 16384 42076240 10520576 8 1073808961 134283264 20515 2415919368 269092880 20626 137773056 536912002 68288522 272630786 0 1224737920 3238265088 2 16384 2147491840 2684354569 1078003200 545261568 136445956 75891908 98304 2696759360 3221774848 877962376 14 547780080 2164265001 2751468061 13 18352132 4326400 1343776 806354944 135172 1610612736 3221250304 8208 8200 2175795208 4096 671121920 3356496512 2238280 131072 16898 10878976 1076690948 32 1249910786 1140883456 2115712 3288891394 525312 2250334729 713328993 1686643648 1 269287553 142614530 0 1024 159582208 134283297 43385860 565252 1090601024 2102400 8208 156752 67241988 201326624 134218756 33718344 3578862464 87036065 2147746210 853248 18219138 16797700 0 76283904 1073759232 138412202 1441800 514 525440 2166407176 530545 100665352 48 541065601 1049632 3474980932 2682953 1209117097 6 1747453320 3023026818 33574144 6 268566656 140575812 16418 272760832 268435968 655395 50332680 1680219335 2416184338 2416478875 8576 33554481 2701658112 2231374336 65920 16859136 46137472 23601152 132 7340032 41945088 293758048 301989956 419463488 24616 1082265670 37754944 3226206240 8388624 262274 3221225736 1073741824 1600 129 20988416 12605440 457318498 234881026 269004802 8192 33582336 2169503744 2392064 1495863304 1574149 33554432 268439552 4108 270146630 42205184 270336 3288596552 1572880 33025 1048576 2156396544 1145053328 3289695248 2100227 8388608 1064960 75497473 524320 1079576837 1386485272 3261227024 4 789253 4194308 335555202 16388 302006273 1140854801 1073774912 32768 2550395652 251736192 1075204617 4 2214593536 1074544644 1606688 184745984 67634305 3200 528896 35652608 1330992180 3306160608 33556786 773653145 2525022593 2149843334 1 25965332 463615010 3306161170 8 8654850 673195856 4234215746 345088001 475302656 261718720 12 1242901249 3868215448 51941376 8 3591705527 2579907113 537100800 705503495 1302344004 9 2283292928 576787073 276958390 1 3359914128 817922305 33555460 8 117524400 272466760 335685646 1280337628 3423618560 8 189285554 2290174400 1109410089 12 3498898066 1757415414 4112 134756352 17039456 8388608 214022 327681 0 38281344
is_linear=0
shrinkage=0.12


Tree=25
num_leaves=63
num_cat=62
split_feature=24 35 34 41 35 34 35 22 23 23 22 41 35 34 19 41 34 34 34 35 41 35 22 23 21 23 35 34 22 24 41 23 34 23 22 34 24 35 22 41 34 35 38 34 23 22 34 35 41 34 41 35 23 22 23 21 21 34 23 22 24 24
split_gain=41.4451 77.1008 81.5837 77.335 73.1758 67.2576 81.4703 70.0668 66.3361 65.4298 64.591 84.6574 75.1128 72.0381 67.1424 75.762 73.8341 66.5021 57.4888 92.8616 67.8144 65.0177 58.5603 61.6736 57.8971 56.9471 55.5694 84.5966 62.8464 63.6402 60.3923 58.2854 73.8232 53.7352 54.4934 53.0911 51.8216 63.7767 51.4282 50.5257 79.989 66.2344 57.2958 81.1549 77.3102 73.1891 73.1068 72.8742 65.3519 63.9598 76.9137 63.5034 60.9631 56.82 56.523 52.0481 50.8682 50.0391 49.9662 47.75 45.483 45.0147
threshold=0 1 2 3 4 5 6 7 8 9 10 11 12 13 14 15 16 17 18 19 20 21 22 23 24 25 26 27 28 29 30 31 32 33 34 35 36 37 38 39 40 41 42 43 44 45 46 47 48 49 50 51 52 53 54 55 56 57 58 59 60 61
decision_type=9 9 9 9 9 9 9 9 9 9 9 9 9 9 9 9 9 9 9 9 9 9 9 9 1 9 9 9 9 9 9 9 9 9 9 9 9 9 9 9 9 9 9 9 9 9 9 9 9 9 9 9 9 9 9 1 1 9 9 9 9 9
left_child=1 2 -1 4 -3 6 -5 -8 -9 59 11 -7 -13 -14 17 -16 -17 -12 19 24 -21 -22 23 -23 -2 -19 27 60 29 -29 -30 -32 -33 -6 -35 -11 37 -24 -37 40 -28 56 43 45 46 -41 -45 -46 52 50 -50 -51 61 54 -43 -54 -42 -55 -38 -4 -20 -44
right_child=18 3 9 5 33 10 7 8 -10 35 14 12 13 -15 15 16 -18 25 26 20 21 22 36 -25 -26 -27 39 28 30 -31 31 32 -34 34 -36 38 58 -39 -40 42 41 53 48 44 47 -47 -48 -49 49 51 -52 -53 55 57 -56 -57 -58 -59 -60 -61 -62 -63
leaf_value=-0.00013133142450964471 -0.0008985949783045377 -1.7062444462958869e-05 0.00041879332737089346 -2.6762034004625964e-05 0.0003767658666792435 -4.9056480000804606e-05 6.0224313243642722e-08 7.5770413000249919e-07 0.00027893613432598992 9.2727458250636989e-05 -0.00084805377852963625 0.00011710958414197517 0.00010662839360828497 1.0961715976085552e-06 -3.263196098190729e-05 -2.0062305579230348e-05 2.0229712082209071e-06 -0.00010581365959877721 -1.6314943046033238e-05 0.00010895366349769071 4.8452387560226102e-05 -4.4404135322183967e-06 1.8165510493920912e-05 5.6519110812810187e-05 -3.5582910884056569e-06 9.6112508251668134e-07 -8.5558025280642593e-05 -2.8775315948785294e-05 8.4979181527549547e-06 1.7388260513327382e-05 -3.7460796797523551e-06 5.9136772065795949e-07 -0.0001255506510008139 -6.344650195641283e-06 6.8355697902292332e-05 -0.00039889826091334737 -1.218979329905152e-05 -5.8162227798004692e-05 -8.3243153727280447e-06 -8.5066925127466484e-05 -0.00032527791157512757 -0.0001024755693493532 -8.450526947272711e-05 5.7841069054651006e-05 0.00011696306947318037 -1.5981908311776225e-06 -5.9547301963353655e-06 3.2780928165081065e-06 2.3113816299016257e-05 9.2912331843524065e-06 -3.3294348422343918e-05 -1.8401444988602251e-06 -0.00025300892546923449 0.00035257310386446983 6.8818981378017697e-06 -1.9211693502763357e-05 1.0243144533839121e-06 2.3198835045902529e-05 3.0272196881947371e-05 4.2688030002595595e-07 0.00014174144372965076 5.2354191883945819e-05
leaf_weight=665 434 644 410 689 928 868 1095 535 1633 421 426 1200 1226 7495 2357 2578 16218 663 321 1261 1102 809 543 1664 681 1343 851 1158 635 1387 1609 650 3008 645 1511 658 889 1915 1790 972 330 531 442 922 1476 2118 5633 12108 1152 4435 5141 33551 1210 700 1497 1510 501 3574 1903 979 760 670
leaf_count=665 434 644 410 689 928 868 1095 535 1633 421 426 1200 1226 7495 2357 2578 16218 663 321 1261 1102 809 543 1664 681 1343 851 1158 635 1387 1609 650 3008 645 1511 658 889 1915 1790 972 330 531 442 922 1476 2118 5633 12108 1152 4435 5141 33551 1210 700 1497 1510 501 3574 1903 979 760 670
internal_value=-0.000541922 0.00239801 -0.0117933 0.00406219 0.0205347 0.00245396 0.0172553 0.0251725 0.0376513 -0.00562059 0.000746814 0.00843255 0.0115856 0.0076812 -0.00277154 -0.00059532 0.00195236 -0.0216039 -0.00192235 0.00617497 0.0098158 0.00606993 0.00215642 0.017336 -0.0265128 -0.0122497 -0.00294382 -0.0115975 -0.0156472 0.000140767 -0.0224417 -0.0266641 -0.0350518 0.028217 0.0176014 -0.0159528 -0.00501709 -0.0176842 -0.0227317 -0.00190279 0.00714356 0.011303 -0.00291625 0.00197754 0.00475807 -0.0160928 -0.00593878 0.00992056 -0.00527897 -0.00397462 -0.0151689 -0.0021159 -0.0202913 0.0155084 -0.00105879 -0.0299561 -0.0203558 0.0233504 0.0061626 0.0156745 0.0198719 0.00341632
internal_weight=147030 46977 4923 42054 3728 38326 3952 3263 2168 4258 34374 10789 9921 8721 23585 21153 18796 2432 100053 11201 10086 8825 7723 2473 1115 2006 88852 9528 8447 2545 5902 5267 3658 3084 2156 2869 5250 2458 2448 79324 7984 7133 71340 23229 20139 3090 6555 13584 48111 44279 6293 37986 3832 6302 2028 2720 831 4274 2792 1389 1081 1112
internal_count=147030 46977 4923 42054 3728 38326 3952 3263 2168 4258 34374 10789 9921 8721 23585 21153 18796 2432 100053 11201 10086 8825 7723 2473 1115 2006 88852 9528 8447 2545 5902 5267 3658 3084 2156 2869 5250 2458 2448 79324 7984 7133 71340 23229 20139 3090 6555 13584 48111 44279 6293 37986 3832 6302 2028 2720 831 4274 2792 1389 1081 1112
cat_boundaries=0 4 12 20 28 36 44 52 56 60 63 67 75 83 91 98 106 114 122 130 138 146 154 158 161 163 167 175 183 187 191 199 203 211 215 219 227 231 239 243 251 259 267 275 283 287 291 299 307 315 323 331 339 343 347 351 353 355 363 367 371 374 377
cat_threshold=160302712 1086111808 710972450 8 612368384 2147500160 1073742468 1073750529 675550592 134612000 1090535440 131072 544 1078460430 4096 687866896 272630528 524304 2156922960 8460 1065233 8405016 1412432000 6292480 2148794368 2822766724 402654208 32 163904 134742083 458760 67702784 10 101720580 2098208 33554432 134878208 2147483648 262272 612507909 67373194 2147483648 1180162 8462864 134490112 319291393 46204928 268468228 16 2160066560 134746186 624 1623526412 39849669 8484577 4 134383936 53642373 1741688928 4 1679303575 3489862945 1103170178 77117450 1218516627 1097863297 12 570492928 2424896 134217728 18502 16777248 1076363552 3934217 33685504 1091133952 524288 147712 4160 67176964 67162368 310904832 262466 35651592 136316928 2097162 1078460936 3760324608 524610 537165828 34818 128 18432 97524770 419436548 8405056 76153120 16912 3221757952 402653184 2102 2181046272 620889216 8389650 1073741836 1638544 1644186112 100810752 1075838980 3355968136 536870932 67174404 541069313 32768 2147483652 1073741825 67129376 2147488776 2686976512 1077968928 57344 88359938 67125792 0 1744830465 1208221696 8410129 268501260 2282766385 88080384 1051200 67141632 536877128 12288 2283815426 537923716 545653257 16 67108864 1342701636 8390722 102760576 33571328 2151678976 38273292 71809 12619824 12583024 268452864 2156003328 537198592 3242196993 33554624 278657 3540418850 2969569549 1462243337 9 22218107 316893441 2147779408 2686200781 215417136 2755678350 3256541732 1209794828 12 2129936 65544 17826848 2315321344 2147745812 1078525955 268959744 37754625 2147484802 49152 12814392 538050560 536872992 33554432 805306884 8431108 4028343333 3255443994 12583585 2 1146105989 474024756 68313884 4 163840 2147484673 20973376 136314888 553650336 278528 3221225728 10488192 6561840 413275340 738749068 14 1610612736 822352388 262146 4194433 2147491844 162 75760640 20592 2302808252 1812472322 545591046 8 2769364018 293638730 1260740608 7 0 587219057 67125248 8708 32805 272896 33624064 33554562 100769920 155201846 3515558045 2 470286336 134220806 8552960 570490945 163840 33573384 2216689664 67584 248578272 76548614 544215314 7 2147492360 806092802 1074272280 3221356580 532 276824080 1076142080 128 34817 16779284 262336 547356681 2147614848 98 2360392 6804 2148013314 135266436 33570816 8414240 34734090 8388612 7340040 65536 16777216 470026272 135169 3829940736 2550169728 1610612741 559108 1 2282758339 201457736 4394112 2097408 0 8192 1082130688 10600960 1109060028 2351996944 2151757058 2 1787054244 2155090098 1767375360 6 275316736 268961824 2149617696 536875008 3014784 671089154 268435464 1024 209723520 153112705 536870913 1141506056 8390722 2131200 1074872320 2048 805737488 9568832 4195328 150994944 136314912 4325384 143131714 10747904 403178512 536872992 2149599832 67174401 71368708 2149580800 642 533520 17825793 2164265985 134218148 8389250 136 83889184 67584 35127568 537923840 2147650560 264192 1073778944 605031072 1179732 1028 532480 2049966216 2285928528 223099450 8 2431701001 2152601201 1109754368 5 2517898443 2147713024 2292236680 2 740892612 728017205 2684554297 1988321984 9699328 2181038080 2166358784 607232 107479040 549376 537526274 9699328 69479852 774943170 1212816 8 2495620114 2282857600 1079592 10 1078012160 2717910145 16780248 873515136 33569418 2232240204
is_linear=0
shrinkage=0.12


Tree=26
num_leaves=63
num_cat=58
split_feature=7 35 34 23 35 23 22 19 34 21 35 23 35 21 23 0 19 19 34 34 4 38 3 22 38 34 34 34 22 34 35 34 34 35 35 35 22 22 23 22 34 34 35 22 23 23 22 23 23 22 20 23 34 22 38 34 22 35 35 23 23 18
split_gain=39.6521 88.6764 86.3122 77.5002 60.2853 67.6562 60.2304 55.1357 58.4594 63.9408 62.3367 57.3682 54.9903 51.2156 50.9505 46.4071 102.73 88.456 113.083 88.6408 84.6122 137.124 101.542 133.165 103.972 94.4363 92.111 82.0667 80.353 79.9248 78.9648 78.7032 75.1387 82.3003 73.2128 71.5118 68.8818 68.7138 68.1184 67.0489 80.5095 65.6539 64.1925 63.1274 63.0888 62.788 66.3815 61.6574 61.1078 64.0133 61.0385 59.6322 62.2111 57.8011 56.8504 69.3512 64.8232 75.3383 66.8708 58.5147 56.1678 55.6335
threshold=0.30859375000000006 0 1 2 3 4 5 6 7 8 9 10 11 12 13 0.25524902343750006 14 15 16 17 0.0091666667722165602 18 0.024166666902601722 19 20 21 22 23 24 25 26 27 28 29 30 31 32 33 34 35 36 37 38 39 40 41 42 43 44 45 46 47 48 49 50 51 52 53 54 55 56 57
decision_type=2 9 9 9 9 9 9 9 9 1 9 9 9 1 9 2 9 9 9 9 2 9 2 9 9 9 9 9 9 9 9 9 9 9 9 9 9 9 9 9 9 9 9 9 9 9 9 9 9 9 9 9 9 9 9 9 9 9 9 9 9 9
left_child=15 3 6 -2 5 -4 -3 -6 11 10 -10 -9 -11 -5 -8 17 29 18 -1 -20 21 50 25 27 -25 38 -26 -24 -23 43 36 -30 33 -18 -21 44 -27 -32 -22 40 -31 60 -33 -17 -34 46 -36 -42 53 -50 61 52 -43 -35 55 59 57 -56 -58 -37 -41 -19
right_child=1 2 4 13 7 -7 14 8 9 12 -12 -13 -14 -15 -16 16 32 20 19 34 22 28 23 24 26 30 -28 -29 31 39 37 42 35 48 45 54 -38 -39 -40 41 47 51 -44 -45 -46 -47 -48 -49 49 -51 -52 -53 -54 -55 56 -57 58 -59 -60 -61 -62 -63
leaf_value=-0.00092665894738941411 -4.7869792378683892e-05 -2.7944240077237088e-05 -0.0011468099532307415 5.6438577900729599e-06 2.5770841128137202e-05 -4.3821368742197339e-05 0.00049275943449271866 3.7427593312848389e-06 -8.2676643926918683e-05 5.639377686164971e-06 6.0318105352936716e-06 -0.00034506615164042504 -5.0567470530395062e-05 0.00057214713643242532 1.3476145796446877e-05 5.6354849056213686e-05 -2.9955357701071627e-05 -0.0046185167953415231 0.001733075052564018 0.0016297471589203387 -9.8783977335493059e-05 -0.0035224172202681803 -0.0017869519745754639 -0.00028751263720373647 -0.00059995494963264247 0.00011652944944506092 0.0011586764774222655 3.7845521416158752e-06 0.0015294668356947252 -2.8680125270971032e-05 0.00018887058350872815 0.00073356715295846183 -1.0713551455603073e-06 2.968416437626239e-06 0.00090001695330810391 -9.6167299180783121e-07 -0.0016870363195476742 -5.681856730826964e-05 0.00089856699242246414 -1.523628952226338e-05 -5.7287663109460995e-06 -3.6911305341138576e-05 -0.0016824610628099889 1.8130220811522406e-08 1.672744206272981e-05 0.00042655686255208236 -0.0008187136730708767 5.4442546309123609e-06 -7.6362630532954254e-06 4.3780233204046109e-06 0.0097271307388914312 -1.8431009724704054e-05 3.3534265276976064e-07 -2.6322330879950124e-05 2.7422518706477208e-05 1.6341007631549103e-06 -1.0232906161288354e-05 7.6232476090700947e-07 -7.5046880268529409e-07 5.4156981075809718e-05 1.5595763537251256e-05 0.002336617745289201
leaf_weight=1012 658 680 572 794 1242 1484 537 564 1026 1104 4805 1460 6385 910 1235 536 829 128 1358 1419 665 1424 465 1435 537 451 5108 2847 436 835 3173 517 1245 563 798 558 1210 13451 1577 543 1393 601 2337 1418 2923 5483 1802 3012 1252 2853 441 6658 2477 1249 1178 11822 3268 9039 18620 1286 1056 286
leaf_count=1012 658 680 572 794 1242 1484 537 564 1026 1104 4805 1460 6385 910 1235 536 829 128 1358 1419 665 1424 465 1435 537 451 5108 2847 436 835 3173 517 1245 563 798 558 1210 13451 1577 543 1393 601 2337 1418 2923 5483 1802 3012 1252 2853 441 6658 2477 1249 1178 11822 3268 9039 18620 1286 1056 286
internal_value=-0.000592524 -0.00511552 -0.00758457 0.0168829 -0.0103699 -0.0297098 0.0135389 -0.00795276 -0.00992446 -0.0070207 0.00240286 -0.0288801 -0.0143501 0.0303496 0.0251569 0.000266071 -0.0015986 0.00316612 0.0121575 0.0157395 0.000236711 -0.0133764 0.00268943 0.0123533 0.0216244 -0.00220371 0.0289553 -0.00750901 -0.0213796 -0.00935224 -0.00505656 -0.0109751 0.000937615 -0.0109381 0.0116039 0.00254409 -0.0299103 -0.00255349 0.020976 -0.01206 -0.000822532 -0.0172486 -0.0182554 0.0135503 0.0175694 0.00715997 -0.00817762 0.00567805 -0.00593016 0.00218604 0.0305882 -0.020952 -0.00706794 -0.0242105 0.00117161 0.00765024 -0.00158794 0.00629973 -0.00527123 0.0292241 0.0052886 -0.00281676
internal_weight=147030 23456 21094 2362 18642 2056 2452 16586 15344 13320 5831 2024 7489 1704 1772 123574 75214 48360 11872 10860 36488 5569 30919 10392 7080 20527 5645 3312 4714 18529 18285 3290 56685 6746 9502 49939 1661 16624 2242 16575 5240 11335 2854 1954 4168 8083 2600 4405 5917 4105 855 9736 3078 1812 45771 13666 32105 10217 21888 1844 1599 414
internal_count=147030 23456 21094 2362 18642 2056 2452 16586 15344 13320 5831 2024 7489 1704 1772 123574 75214 48360 11872 10860 36488 5569 30919 10392 7080 20527 5645 3312 4714 18529 18285 3290 56685 6746 9502 49939 1661 16624 2242 16575 5240 11335 2854 1954 4168 8083 2600 4405 5917 4105 855 9736 3078 1812 45771 13666 32105 10217 21888 1844 1599 414
cat_boundaries=0 8 16 19 27 31 35 42 50 52 60 63 71 73 76 83 90 98 106 114 118 126 134 142 150 154 162 170 178 186 194 202 210 213 216 220 224 232 240 248 252 256 260 264 268 271 275 276 280 288 291 299 307 311 319 327 331 335 337
cat_threshold=1672964 590336 237568 134217728 570436640 4194304 134217777 1507328 570491140 16 8421448 45632 66568 536872978 680546304 8945792 755007522 1176002842 576013384 268439552 805441664 265225 8388628 14680074 270602256 663552 1792 407945449 1208484120 1642804 7 33554819 57151904 1025250114 9 0 101711872 2149585928 2099227 339984 553845000 66464 1073742338 136380424 1214513168 68222976 2117632 134217728 4326408 68160604 1371939568 20520819 50462858 1048577 2172665860 2313288 1073741824 2147647488 69273602 4096 688983178 144998698 2225606848 83902464 73435392 67633280 1282 20 2147483684 86263812 4194465 3713748484 3645409589 411788544 3229656322 2437068832 262144 4718598 71309332 352387136 340002817 134615056 236 524288 1078495246 4211201 75568138 8388673 167841824 327748 268484608 536870912 1082132608 101318720 266244 1048642 10500112 4358208 201458179 68190208 67072 806354983 128 402653184 167903497 12288 134218816 33554944 1129600 1677725696 0 32 264320 89 226513565 1105473544 3233284102 3 134217792 440418816 1123328 67146240 2147631104 1073742370 19136648 8744 37755152 0 4096 602423344 2232352 2147483649 26632 71309344 144 524322 20971648 70516800 131074 67108864 35919104 83984544 8523776 537919513 2182152192 2114561 537944064 134361154 320 33554688 2688778816 2903670976 2693054652 10 66565 528384 553918512 17424 202380320 2155872256 313106 33554432 34340864 73992 16974464 536879113 1074790417 537133060 33689600 1180802 18878592 1073744002 8321 70254592 32772 1088487936 4199456 67633666 67108901 67108864 16810054 1116320 65536 2147483795 1115718148 1585153 655360 66688 537403396 2153775136 2148804608 2147749888 5252112 20608 16777216 169871360 1075202384 2164261888 16826625 167788561 268472320 128 262208 2147483672 2181171200 1052674 268435968 3221585968 1075707908 17580160 2434269212 142096652 918970 1598047104 10485760 10224896 2223511568 5605034 1149601540 2 2252683633 278528552 3559932928 12 2303722304 18874497 33554432 411041792 1115685076 33554496 131072 5932032 268960256 14680128 1111490564 2281963528 570425366 335807488 16777216 17826830 17006668 134223361 60031488 33685512 9437312 536875008 528912 67108868 270583256 1630668800 2349117457 5 208014849 102900996 2351210608 10 579726422 2241888278 379584772 8 713050372 1166251525 675369481 3 2687664400 3880403563 1212301314 3 1987408933 8397952 1679138834 658539624 335546581 1347092785 10 52 2366358565 76158192 3151490 2 202506312 1108640000 540928 35192832 2149580808 65544 411045888 8423424 53108773 680558884 2403946836 4224 2382646274 1126400 0 32904 0 287344780 8761 50331840 1073750273 1140858880 8192 805576708 262464 17370152 84018304 2281981443 2202218558 135299255 3 2050 1589632 4481536 2129928 1091649932 134222080 2684354560 1048577 1 5384320 18383360 2147517440 32784 134217740 276826240 70395137 8500290 562358337 1925283862 8 2848754978 1216882692 1163921698 6 0 4
is_linear=0
shrinkage=0.12


Tree=27
num_leaves=63
num_cat=62
split_feature=23 41 22 35 41 22 24 24 35 41 35 24 24 41 22 41 35 22 41 35 35 24 41 22 24 22 38 41 23 22 21 22 22 22 22 24 41 35 22 35 35 23 22 22 41 35 22 35 22 41 23 22 21 21 22 23 21 22 41 23 21 23
split_gain=38.512 69.5382 68.6611 63.0963 64.7479 64.1196 58.8072 57.5934 73.8392 75.51 71.4673 57.1787 55.3241 54.2898 65.1211 54.0666 60.2459 55.765 53.3492 97.0665 62.295 68.882 64.3191 69.5632 59.1763 59.9048 51.8984 61.8819 49.9983 57.568 49.2899 49.1505 48.5458 48.0848 47.3296 47.2343 75.4365 67.7523 53.6551 68.6126 65.0752 53.1951 52.1772 49.4562 49.3546 75.3861 57.287 53.0062 57.1841 73.4434 47.279 47.2125 46.5545 44.0241 42.8668 42.8602 42.0687 64.6379 50.3026 41.51 41.3528 38.9592
threshold=0 1 2 3 4 5 6 7 8 9 10 11 12 13 14 15 16 17 18 19 20 21 22 23 24 25 26 27 28 29 30 31 32 33 34 35 36 37 38 39 40 41 42 43 44 45 46 47 48 49 50 51 52 53 54 55 56 57 58 59 60 61
decision_type=9 9 9 9 9 9 9 9 9 9 9 9 9 9 9 9 9 9 9 9 9 9 9 9 9 9 9 9 9 9 1 9 9 9 9 9 9 9 9 9 9 9 9 9 9 9 9 9 9 9 9 9 1 1 9 9 1 9 9 9 1 9
left_child=1 2 60 4 -3 6 -6 8 -5 -10 31 -7 -4 14 -12 17 -17 -11 19 -2 21 51 32 55 25 -21 27 -15 29 -26 -16 -9 -23 -30 -28 36 42 41 39 -39 -40 54 -22 -43 45 -37 61 48 -46 -50 -48 -20 -33 59 -38 -24 57 -49 -58 -25 -1 -47
right_child=18 3 12 7 5 11 -8 10 9 15 13 -13 -14 26 30 16 -18 -19 20 24 35 22 23 53 28 -27 34 -29 33 -31 -32 52 -34 -35 -36 44 37 38 40 -41 -42 43 -44 -45 47 46 50 56 49 -51 -52 -53 -54 -55 -56 -57 58 -59 -60 -61 -62 -63
leaf_value=5.3900647062103811e-05 6.2241739018541664e-05 -3.6174011722119026e-05 -0.00036643039244134326 -5.8227502056624976e-05 -0.00011042146607439608 -1.5775824660843106e-06 1.1896210143263492e-05 -8.7188758871768138e-05 5.009892982946655e-05 3.6250703891831712e-06 1.206897424992446e-05 9.3129287363771256e-05 -1.9783993454213595e-05 0.00045634102765955371 -0.00029078180841779418 1.5492707279966897e-05 -6.9673091621703546e-06 -0.00029496834542387174 -1.4900593012430647e-05 -5.1250693715761578e-05 -1.0284500417076633e-06 9.768790756303989e-07 0.00012007261850649671 -0.00046400816841718229 -4.8783976303178472e-06 2.294330847214617e-05 -4.9805688817441391e-06 7.9232881392724213e-06 1.42988453818069e-05 -0.00033228183270278034 -5.2955057102816064e-06 -4.3481646743778743e-05 -0.00040664500624356992 -3.3165071211967297e-05 3.4578379318071049e-06 0.00018696801334794466 0.00017034701654279892 0.00024579929164015527 5.7330739451490465e-05 7.7156843275056271e-06 -5.7896590736444128e-08 3.7122175018511183e-06 0.00016424185189336512 -0.00010228433971760215 7.9034413504868573e-05 7.5330164918397861e-06 -1.2182570627969785e-06 3.5005145494487953e-06 0.00013909087293955292 -6.3994619172915319e-06 5.3946291478511759e-05 3.4206718143337648e-05 5.9735486790354929e-06 -5.2457726336016974e-06 -1.1675124217139225e-05 -2.7253578997264926e-06 -1.8678561488027619e-05 -1.1583218158148477e-05 1.3100582948565359e-06 -1.2646990792144259e-05 -1.8173293984983039e-05 -6.9536855133719714e-05
leaf_weight=560 894 653 904 1503 432 777 843 1007 914 433 885 2117 1803 650 805 1308 7249 898 772 643 720 334 791 775 761 1450 5708 2422 795 1456 867 1063 877 1633 12139 823 427 1081 2107 5466 11799 552 1810 1137 1519 641 1303 3632 945 2609 1937 1683 1173 2695 1034 1209 3952 9544 27760 868 664 819
leaf_count=560 894 653 904 1503 432 777 843 1007 914 433 885 2117 1803 650 805 1308 7249 898 772 643 720 334 791 775 761 1450 5708 2422 795 1456 867 1063 877 1633 12139 823 427 1081 2107 5466 11799 552 1810 1137 1519 641 1303 3632 945 2609 1937 1683 1173 2695 1034 1209 3952 9544 27760 868 664 819
internal_value=-0.000287284 -0.00308606 -0.0183515 -0.0017128 0.0112205 0.0167328 -0.0056876 -0.00331386 -0.0101031 -0.00661364 -0.000184054 0.0265932 -0.0289959 0.00212534 -0.0143402 -0.00967272 -0.00614773 -0.0320774 0.00106019 -0.00857142 0.00186352 -0.00706868 -0.0127443 -0.00786141 -0.0135111 0.00324938 0.00414505 0.0185214 -0.0210522 -0.034078 -0.0282185 -0.0168479 -0.0379722 -0.00904916 0.00165966 0.00295924 0.00716466 0.00504594 0.00756999 0.0165208 0.0033453 -0.0113093 0.0268135 -0.0257495 0.000977367 0.011729 0.00580644 -0.000213714 0.0113982 0.00302859 0.0146863 0.0103607 -0.00683271 -0.0163862 0.00545821 0.0106163 -0.00152873 -0.00722475 0.000839741 -0.0318308 0.00524267 -0.0138587
internal_weight=147030 47777 3931 43846 4822 4169 1275 39024 12305 10802 26719 2894 2707 23476 2557 9888 8557 1331 99253 7632 91621 10004 7549 6338 6738 2093 20919 3072 4645 2217 1672 3243 1211 2428 17847 81617 26133 23603 20453 6547 13906 3150 2530 1689 55484 5523 4700 49961 5073 3554 3240 2455 2236 4338 1461 2000 44888 13176 31712 1643 1224 1460
internal_count=147030 47777 3931 43846 4822 4169 1275 39024 12305 10802 26719 2894 2707 23476 2557 9888 8557 1331 99253 7632 91621 10004 7549 6338 6738 2093 20919 3072 4645 2217 1672 3243 1211 2428 17847 81617 26133 23603 20453 6547 13906 3150 2530 1689 55484 5523 4700 49961 5073 3554 3240 2455 2236 4338 1461 2000 44888 13176 31712 1643 1224 1460
cat_boundaries=0 3 11 15 23 31 35 39 42 50 58 66 70 74 82 86 94 102 105 113 121 129 132 140 143 146 149 157 165 169 173 175 179 183 187 191 195 203 211 215 223 231 234 238 242 250 258 262 270 274 282 285 289 291 293 297 301 303 307 315 319 321 325
cat_threshold=1024867482 637707279 2147819524 71352324 1050720 268437521 536879112 2298519553 1073742400 541697 2260992 2300987552 1208027152 260196375 7 5275648 268435460 8388611 34775168 65537 1073741833 1476689920 16836628 1073742080 1074348290 1082130760 4227586 0 100668424 33556482 3972 3778250262 1074266114 3231812129 7 3257435526 1094913568 1627848728 2 1175527692 1732258573 386596877 2147747840 4259856 2415984896 268437512 2149580944 49156 2149647878 10223616 2149712144 268959874 2684355592 1064960 528 2223128598 562167808 589824 2106368 590400 541184 3238024737 33820928 67110914 20544 5246976 1073766883 42123524 2822255237 2 553788673 1187450566 4706448 4 2315256336 2359298 58720256 1292107776 1409290244 218103840 2149712000 260 1178678310 1117696005 1073826497 2 402653344 142737424 201326592 52461633 537413704 65537 1310976 2051 659712 18087937 16896 1694515744 25460992 2182086912 75497472 2097408 270011234 806420772 709682370 1076625408 136 541065216 67162112 12713984 541358086 83951648 1589760 0 268435457 34079788 1610678472 69209088 134218240 813171208 3072 671121408 16517 268500996 101195784 68158992 1207959553 1476395008 35785744 107675684 134350256 2275803140 75534872 2103312 17965061 8519936 2367648 16777217 16 4227073 2153857030 571973783 1213135104 444805385 1101332688 240202898 595199029 957492530 34611458 644 35667984 67648 104906752 268435465 536871015 2149613712 65 788873 4718592 128 4182 18432 805314560 33882664 540681 1111572517 1236289664 645450176 12 420221456 277520691 305959218 2 3996955321 1231362070 1886933202 236191762 3405813794 1 1092891168 8792070 2886748681 8 183512322 672924288 2604747782 9 440748928 1244957018 1090723858 1 75630224 1927858945 861995044 10 528 1245184 202383392 1224736776 69206064 69206048 2552250688 2195472 101331969 269746176 3238003840 2294016 2160066817 4194336 2147483664 16846848 371364372 689445932 542245842 4 1074006016 10489920 33685536 134217734 269103264 1048576 33685664 4997190 16777216 138543680 270346 8393382 167776396 536939016 12288 67108864 34144864 1089473392 766035176 2156273665 864027690 2512458086 8 164471332 1040297988 2390765573 1 671121476 100925505 1358956544 8781952 346114 33554944 8683520 50331650 33554464 573573120 16392 268452096 805306401 83887496 34 83976200 337709069 1540227472 3791716580 12 2297857 2147812352 0 2147484162 4456704 819986532 2172669953 262912 3762439652 17571840 3490611633 3 117444747 536920336 294988 3146304 8320 0 33554448 34977 1074348901 3356562416 134236290 1494274436 209881320 1344622628 8 951654526 4162139779 976030233 1353074836 1379926539 13140228 2245173633 10 13189124 294454048 380109432 5 4659236 173672998 1118384706 1776552074 100670032 3 285279488 2229760 33563658 134218304 100671492 131072 270533058 4194384 3254846048 2150713776 2054161192 7 3470266503 2552862023 1086324769 3505389968 1692945216 10
is_linear=0
shrinkage=0.12


Tree=28
num_leaves=63
num_cat=59
split_feature=5 38 38 5 41 41 22 34 35 34 41 41 41 34 35 34 41 35 34 5 35 35 41 34 35 41 34 34 22 35 34 34 41 35 41 35 41 34 23 35 34 22 23 35 23 23 35 24 23 34 34 24 24 34 24 19 23 23 24 22 24 24
split_gain=38.153 170.057 161.642 174.754 130.571 122.44 110.264 104.876 108.025 99.4176 97.8533 97.232 97.1204 96.8014 95.8401 90.8901 88.5445 80.2411 80.1189 76.4147 110.845 97.4898 88.844 83.9082 78.6575 75.8564 76.5785 75.6434 75.2749 94.3329 81.1488 77.9825 78.3357 79.4812 76.6011 76.7221 73.9061 72.2471 69.4263 80.6163 72.8954 67.1298 66.5261 66.043 65.2646 64.181 63.8823 65.9355 66.1694 63.007 62.8859 70.2892 62.6935 61.8702 60.7763 60.2918 59.3257 59.3144 63.2888 56.6621 56.3923 55.2252
threshold=0.069166667759418501 0 1 0.090833336114883437 2 3 4 5 6 7 8 9 10 11 12 13 14 15 16 0.080833330750465407 17 18 19 20 21 22 23 24 25 26 27 28 29 30 31 32 33 34 35 36 37 38 39 40 41 42 43 44 45 46 47 48 49 50 51 52 53 54 55 56 57 58
decision_type=2 9 9 2 9 9 9 9 9 9 9 9 9 9 9 9 9 9 9 2 9 9 9 9 9 9 9 9 9 9 9 9 9 9 9 9 9 9 9 9 9 9 9 9 9 9 9 9 9 9 9 9 9 9 9 9 9 9 9 9 9 9
left_child=1 5 3 16 -5 -1 7 52 -9 -7 -10 -6 14 17 -3 -13 -2 -8 -18 21 37 -15 -23 -24 53 -12 -27 -26 29 57 46 42 61 -34 35 -32 -11 -21 39 -36 -40 -17 -31 -38 -20 -19 -30 -48 -49 -16 -46 -52 -4 -22 -43 -45 -57 -14 -59 -51 -47 -33
right_child=2 12 6 4 11 9 13 8 10 36 25 15 28 19 49 41 18 45 44 20 24 22 23 -25 27 26 -28 -29 30 31 34 32 33 -35 38 -37 43 -39 40 -41 -42 54 -44 55 50 60 47 48 -50 59 51 -53 -54 -55 -56 56 -58 58 -60 -61 -62 -63
leaf_value=0.00094581987314866652 0.00051701955349530283 -0.0028398229965700466 2.7016287028883253e-07 -3.6858697105781328e-06 5.744571613512027e-05 0.00070459135040402726 5.6658603122169517e-06 -1.3188583094676425e-05 2.9623121990250174e-05 -0.002763994859093304 -1.7953037465033834e-05 3.2969940265743509e-05 0.00017022191855829561 -0.00050263459498195559 0.00096251620165098612 1.3174594425027629e-05 0.00041198001398658554 -1.5927511499733837e-06 -0.00077695952128514745 -8.8107058718360935e-06 3.4888286082741206e-06 -0.00060310839335285125 0.0008732875010991788 0.00020220406883804937 2.6772176434988377e-06 -6.9582662813165293e-06 3.3673287036227776e-06 -2.4869767642811981e-06 -0.001887646108724947 -0.00024301366325102077 -0.00027967539105761739 0.00013475380484387131 -0.0011242918612754413 6.8039828068738921e-05 -0.00073420095607656705 0.0015753618565356319 -0.002100851947489451 5.2374568813117742e-06 0.0005869546863082369 0.00058080276541892968 -3.2560702133032501e-05 -3.0391908133690748e-06 0.00099156594593786452 0.0010048518876849416 -0.0012739628490893203 -2.8841170588077826e-06 -0.0010529309622158208 0.0013584988110961927 -0.00019411561519956476 0.00035870847346747883 0.00043332447545756488 -0.00011906224906713791 3.1229675029018077e-05 -1.0199918757056133e-05 4.9496541062986456e-06 -2.1226374192626456e-05 -0.0011004509222763961 -5.5041523275563475e-05 -0.002219899141265694 -0.0011770609786083434 -2.5106505115144505e-05 -0.001639552458301362
leaf_weight=964 756 795 668 802 1114 960 783 1665 1387 1590 942 955 543 876 659 1652 641 1357 1610 563 427 671 930 6018 2813 1663 10891 18297 663 540 631 557 1356 10537 960 1785 1311 2916 2955 9014 17814 1107 1298 550 567 850 1161 778 1806 775 931 2177 1523 2220 2620 2472 5324 426 1028 1855 2231 1300
leaf_count=964 756 795 668 802 1114 960 783 1665 1387 1590 942 955 543 876 659 1652 641 1357 1610 563 427 671 930 6018 2813 1663 10891 18297 663 540 631 557 1356 10537 960 1785 1311 2916 2955 9014 17814 1107 1298 550 567 850 1161 778 1806 775 931 2177 1523 2220 2620 2472 5324 426 1028 1855 2231 1300
internal_value=-0.00012079 -0.00208317 0.00178332 0.0129443 0.024634 -0.0144095 -0.001011 0.00661084 0.00333333 -0.0176676 0.00658207 0.0295657 0.000660274 -0.00449956 -0.017168 0.0237126 -0.00147216 -0.0197439 -0.0064264 -0.00226618 -0.00536603 0.00766858 0.0120299 0.016069 -0.00829484 0.00344684 0.00592073 -0.00584035 0.0019839 -0.00449394 0.00501663 -0.00133846 -0.00444702 -0.000856778 0.00705074 0.0275782 -0.0208367 0.014609 0.00542741 0.0136511 0.0014725 0.0175626 0.0217946 -0.0168414 -0.0113045 -0.0259955 -0.0102624 -0.00412029 0.00656392 -0.00803391 -0.00244099 0.00430767 0.031212 -0.0277548 0.00856912 -0.0128643 -0.015584 -0.0289696 -0.0415825 -0.0163512 -0.0355771 -0.0272873
internal_weight=147030 72407 74623 14932 8250 13171 59691 18739 16548 12207 14883 7448 59236 40952 4084 6334 6682 5221 5926 35731 27236 8495 7619 6948 23757 13496 12554 21110 55152 17585 37567 15588 13750 11893 33159 2416 11247 3479 30743 9974 20769 5379 1838 9657 5285 4438 4408 3745 2584 3289 3675 3108 2191 2647 3727 8346 7796 1997 1454 2630 3081 1857
internal_count=147030 72407 74623 14932 8250 13171 59691 18739 16548 12207 14883 7448 59236 40952 4084 6334 6682 5221 5926 35731 27236 8495 7619 6948 23757 13496 12554 21110 55152 17585 37567 15588 13750 11893 33159 2416 11247 3479 30743 9974 20769 5379 1838 9657 5285 4438 4408 3745 2584 3289 3675 3108 2191 2647 3727 8346 7796 1997 1454 2630 3081 1857
cat_boundaries=0 8 16 24 32 36 44 52 60 68 76 84 92 100 107 115 123 131 139 147 155 163 171 179 187 195 199 207 215 223 231 239 247 254 262 270 274 282 290 293 297 305 309 313 321 325 329 337 345 348 352 360 364 371 375 378 381 384 388 391
cat_threshold=1261516 302025728 1056768 0 0 0 2165622784 1585 1260484 373342208 1118208 0 0 0 20744320 593 403703808 6832384 142475 2097280 131586 134217729 310445064 67112960 876648480 1141313537 3288340496 532610 0 2147483664 8 2097170 235024533 431497264 4161801234 10 681902208 0 2237440 2151680008 16777479 262164 56 67896 2232320 2119680 67174400 77594690 2147485760 536887332 8407041 86007808 4194624 0 537919744 273154306 67600 276824065 1616470529 1310848 271188608 2416967680 792640 16392 8320 268862464 295008 131616 2147745792 276890176 1091567616 167773184 2336489632 132096 1074008064 37748745 4751360 3229813896 536870916 24576 239083520 1187856 67141728 6291458 138936328 9439492 557312 1175519779 196608 2097601 12 532480 536920064 7424 22020096 3145736 393216 2181193728 1074791169 100671586 540672 2344911108 79726338 64 67125384 131092 33591296 268699648 151552266 805838848 4194432 1077150288 9437202 4259840 65536 1881276674 2218786817 67108866 67108880 1084237824 81924 174132736 4194304 269616769 536870912 129 570556930 12582944 2181370116 8960 50331652 33570816 1048584 1086325762 816912404 536875520 1342308608 16778240 262272 33555968 33792 76087296 268523552 738214405 262208 151126032 33554944 1092624416 68 1048648 540672 199168 1078730752 69732352 796692 262178 537006080 33562624 142606656 8405056 1954955264 1811941376 58720256 2163972 401408 537296896 33816832 408 16777216 101089313 8953860 1140854036 2162757 2164260864 2228224 4093706240 1090519296 66561 528386 9472 83894306 554731520 268829062 1073741856 1342701570 134352896 17825793 1090797712 1073750096 142868480 656408 1310720 167774240 34603168 2432 168226824 2261557248 3087019038 11 536870978 13 2147483680 1077948432 84410376 1494024512 524544 69642 9011329 17 1627389954 131088 545275906 1149503488 10518720 4456720 456163606 16777216 512 196769 6299656 17047555 404750592 1048576 1318912 234881296 2215675936 524417 538968080 33555457 3221291136 1311748 286261248 68550656 1073783944 169871362 550764544 4194944 2151677952 2176 132104 4718596 134479872 16809988 3238068240 1141377092 545325568 8428672 2147534112 1074790424 90767514 2097184 268445712 201340928 32 152 32768 3146760 5888 139993216 8388872 38932513 67118080 555752448 896008194 8456192 2621440 524352 142606336 1073741824 6784 2190016800 1167985152 1225701688 1 2097176 537919488 67117185 34091008 3263193600 131072 35659776 134656 39876612 2751471618 5242897 134504448 131152 106496 13 4097 3959861549 438607906 806357320 2743148704 571136581 2371640 2 2349072404 1024 1614807072 266244 713560064 2129928 23332032 262144 2242217984 570592337 61243612 8 940334112 1344292442 316672594 1 512 551813193 79822913 1081085952 805339312 8388688 128 512 272113969 3489696480 1514349441 6 539083316 2262800 251698146 1 2159017984 2916353 1055242 262145 8404992 23070744 67 163840 8470592 75743236 67125268 144 5632 137396256 8405152 16 69403657 3516943212 65538144 814745356 2963871792 583211030 8 578813952 1537 33554432 8392712 2147536393 1140852740 16777729 33816576 2522154176 408453377 136451860 6 0 101220352 33557032 75502600 4325385 436289536 1221120 1610654060 710416216 67575872 7 64553265 2174750826 68704322 1217400588 2164793427 14031045 2685764289 143426761 6340813 990545053 3508543504 2419589633 2 961020405 3758202946 336726163
is_linear=0
shrinkage=0.12


Tree=29
num_leaves=63
num_cat=61
split_feature=5 38 41 34 34 35 35 34 34 35 23 24 23 22 40 41 23 41 23 22 34 23 22 35 22 34 35 35 41 22 35 34 22 22 34 23 22 24 21 23 34 35 24 34 35 24 24 35 34 22 41 24 23 24 21 21 21 23 24 24 21 24
split_gain=31.9628 150.824 112.532 100.035 98.273 95.961 85.1118 75.7564 74.9499 85.3051 64.8117 58.2988 56.4665 62.3974 55.3018 65.0041 68.6411 59.0357 65.6804 77.6409 61.3073 70.2369 59.9608 58.0028 67.5724 54.7639 93.0352 69.9291 61.5683 60.5887 56.2566 69.4454 55.3796 54.7397 57.4239 55.3663 51.9403 51.3303 51.1487 49.6497 77.0729 76.2598 66.3771 82.2565 72.7598 63.5778 48.9553 47.3678 66.8854 57.8184 52.9916 65.4245 52.7494 44.9926 43.7687 42.5445 41.7033 39.5872 39.4936 37.3916 36.9422 36.1605
threshold=0.029166666790843013 0 1 2 3 4 5 6 7 8 9 10 11 12 13 14 15 16 17 18 19 20 21 22 23 24 25 26 27 28 29 30 31 32 33 34 35 36 37 38 39 40 41 42 43 44 45 46 47 48 49 50 51 52 53 54 55 56 57 58 59 60
decision_type=2 9 9 9 9 9 9 9 9 9 9 9 9 9 9 9 9 9 9 9 9 9 9 9 9 9 9 9 9 9 9 9 9 9 9 9 9 9 1 9 9 9 9 9 9 9 9 9 9 9 9 9 9 9 1 1 1 9 9 9 1 9
left_child=1 4 -3 46 -1 61 -6 -8 -7 -10 -11 -9 -13 -14 15 16 -2 18 53 -20 21 55 -23 24 -22 26 -17 59 32 -30 31 -27 -29 35 -35 -33 -18 -24 -21 40 45 -42 43 -41 -44 -32 -4 48 54 -50 51 -49 -52 -16 -25 -19 -39 -26 -40 -28 -38 -5
right_child=14 2 3 5 6 8 7 11 9 10 -12 12 13 -15 17 25 36 20 19 38 23 22 37 47 57 30 27 28 29 -31 39 33 -34 34 -36 -37 60 56 58 42 41 -43 44 -45 -46 -47 -48 50 49 -51 52 -53 -54 -55 -56 -57 -58 -59 -60 -61 -62 -63
leaf_value=-0.0049055595016248305 -5.2697936502009784e-06 0.0031392498492969589 -0.00025176796490204842 -0.00050356958177379184 0.0011142444217419867 -0.0028399641286670938 0.00094512423902220165 -0.0042521764866096908 -0.002913045856263537 -0.0012148850181852365 0.00038555341764059091 -0.0036536274333789625 0.0012826017237658539 -0.0020650243797572404 0.00049566994336165573 -5.3708545281006804e-05 -9.348470472633752e-08 -1.8454528830977008e-05 4.3350723463784191e-05 -5.2702935872743977e-05 0.00024754443102637284 -5.139185939925358e-05 -4.0029452578934547e-05 6.7074328868964425e-05 -4.156391516552183e-05 -1.6979387728566838e-05 1.8058528999985141e-06 0.00044331803659733535 2.9905538501046752e-05 -3.1839594876009763e-06 9.716346282892291e-05 5.6309485833055371e-05 2.1150583468589096e-05 0.00025293208055607568 1.2723202962350235e-05 -1.2380002783169798e-05 3.3661629688350028e-05 8.3474861830660704e-05 -8.4467378508865164e-05 -1.002116676125202e-05 8.4830180874719244e-06 -8.347733447502053e-06 -1.5373739435869336e-05 9.9947338488478522e-06 4.0413916414585521e-07 2.1364940451160355e-07 0.0024804128357341308 -7.4994456224937637e-05 1.3877697707035799e-07 -7.5630284493231672e-05 -6.1069016899585639e-06 -4.8704060863744998e-06 1.5408572429215846e-06 1.717078860931587e-05 -7.0920927166947268e-06 -0.00042074890995106874 -1.8928262115997478e-06 1.7431823847812591e-05 3.3367779089987085e-05 0.00016042315676565992 0.00040226487487524554 0.0023792371893874287
leaf_weight=728 784 806 440 323 630 1044 532 890 1007 2054 4669 673 536 1138 425 675 423 645 911 837 555 924 563 433 423 901 319 431 1968 4109 922 663 1059 778 3988 1604 444 667 315 1924 2156 14271 3732 11343 24146 2033 894 1082 803 1795 10352 2552 21836 852 524 699 706 864 808 906 723 793
leaf_count=728 784 806 440 323 630 1044 532 890 1007 2054 4669 673 536 1138 425 675 423 645 911 837 555 924 563 433 423 901 319 431 1968 4109 922 663 1059 778 3988 1604 444 667 315 1924 2156 14271 3732 11343 24146 2033 894 1082 803 1795 10352 2552 21836 852 524 699 706 864 808 906 723 793
internal_value=-0.000272593 -0.00514016 0.00221225 -0.000918471 -0.0223467 -0.00508987 -0.0154795 -0.0223115 -0.00931481 -0.00520795 -0.000302886 -0.0292151 -0.0190759 -0.0071174 0.00037051 0.00231591 0.0218273 -0.00278079 0.0109038 0.000790822 -0.00403301 -0.0178178 -0.00710304 -0.0026223 0.0181229 0.00171824 0.0102669 0.0135756 0.00923076 0.00384299 0.000534516 0.0100277 0.0309986 0.0140525 0.0213478 -0.00131634 0.0361048 0.0049281 -0.0126572 -0.000711606 -0.00571723 -0.00892755 0.00164735 0.00863016 -0.00167802 0.012093 0.0297771 -0.00359796 -0.0167872 -0.0267586 -0.00228386 -0.0159956 -0.000730433 0.0334212 0.0102786 -0.0403539 0.0174151 0.0028637 0.0041233 0.0400646 0.0491603 0.0278723
internal_weight=147030 17157 12030 11224 5127 9890 4399 3769 8774 7730 6723 3237 2347 1674 129873 80302 2374 49571 4148 2871 45423 4204 2860 41219 1842 77928 9467 8792 7567 6077 68461 7934 1490 7033 4766 2267 1590 1936 1960 60527 19382 16427 41145 13267 27878 2955 1334 39377 3555 2598 35822 3634 32188 1277 957 1344 1373 1287 1123 1225 1167 1116
internal_count=147030 17157 12030 11224 5127 9890 4399 3769 8774 7730 6723 3237 2347 1674 129873 80302 2374 49571 4148 2871 45423 4204 2860 41219 1842 77928 9467 8792 7567 6077 68461 7934 1490 7033 4766 2267 1590 1936 1960 60527 19382 16427 41145 13267 27878 2955 1334 39377 3555 2598 35822 3634 32188 1277 957 1344 1373 1287 1123 1225 1167 1116
cat_boundaries=0 8 16 24 32 40 47 54 62 70 74 77 81 85 91 98 102 110 114 118 126 129 132 140 144 152 160 168 176 179 187 195 199 203 211 215 219 223 225 229 237 245 248 256 264 267 271 279 287 290 298 302 306 309 311 313 315 318 321 325 327 331
cat_threshold=1128896 2315552272 8 2147483648 16812041 2 270041088 8241 138412036 1080115204 131488 33816580 2181070848 876872704 2152759304 4112 2105866 67616 512 406896676 2147680256 402916384 676462592 68157440 3355443200 529420 1248067844 49216 16900 1073889376 32768 33554432 2197815392 33581120 2149580800 2150637570 285212672 282624 805306368 21563412 131083 545265664 54566912 270665762 142737474 67108866 5242960 33686026 268468258 135184 1076167680 1075974176 268468236 13072 8388608 0 218693698 526472 8652962 64 2150138128 8785028 67112960 2435974146 1073844358 33554496 134234648 16 2147483712 5632 2151717258 928347792 570688512 14 2489360453 84090188 344130562 1409704523 2317648128 42217508 12 3411113 2171997184 1981497672 1 173016253 19456 9437185 1426066464 2322436 1 2952922128 1116536961 1090535424 0 101711920 4194864 604317696 94925136 218302663 595857674 8 8 34 436472832 8922112 1073742336 10572802 1073910272 393242 419988992 6619777 105954226 10 1129984204 738951232 154536464 6 4752460 128 1073907728 39125121 67567624 65536 536887360 513 4047944011 7604352 3372761092 285241875 1635071040 279774089 18220032 3221356544 1073760260 1082165312 2416443393 1114128 12288 180992 1229522176 877961893 2148585494 10 3222275076 167772296 1212809474 4194304 268716552 0 285493248 3840 38076420 2147483664 2048 2148532736 86249473 1074462752 4718603 16 285212929 16777224 33816961 2169088 1207962148 406853641 33554436 128 150999808 2147517024 135168 169906453 540808 268599296 0 33345 4036034703 1094756 237018064 24704 2147484129 5373962 536871200 8388609 655632 1246722 802816 16402 2149720577 67112960 262400 2622470 105660545 134250497 75497504 151020584 2748395532 78775522 1 2186037537 2120520720 2235609089 1 555745345 536887300 2084 16777216 2189426752 1075839492 2687509016 33554432 17107985 1378882594 170863264 10 17827872 373524736 2232491298 5 201335873 545432544 3251259544 6 1979876659 1922239376 723617038 683967115 2147573916 8 576 21008 547357696 8454272 671089664 56632336 33555456 75825300 33557008 136364040 1075838980 42075200 1074266370 2147485732 541065216 35782816 503919192 1090552615 1383172384 50334208 0 603997192 277086208 1212153937 184696840 1090690 8 33792 1342259216 16785540 8585218 536870922 265216 117440560 35792960 2114635 101860364 363600285 44622018 3257012371 3258994242 4 134220288 4727008 0 65540 605029666 134234369 1083245568 23592960 100925440 1124075632 75497479 67133448 8913940 138575880 128 327680 837428739 2151711301 2336833670 525314 210044928 0 1048576 78123372 805308480 2688813056 32801 1149241025 25232133 4105633849 4 22309184 3511308342 808608768 9 677644532 480973408 1694499360 482111690 2187496617 2483872506 1123119211 3998059550 2770722954 2843542064 1459893568 1077152768 2418089256 1361576032 1347109376 3658482770 537927681 2689368264 4 134724696 2233807206 45682752 2483036280 272901641 12
is_linear=0
shrinkage=0.12


Tree=30
num_leaves=63
num_cat=62
split_feature=21 22 35 41 34 35 34 34 34 41 35 23 23 34 35 19 41 41 22 35 41 34 23 35 23 35 34 24 35 41 19 35 41 24 35 34 24 24 24 24 23 19 34 23 22 23 34 22 34 41 22 23 41 23 23 22 35 24 24 23 24 24
split_gain=30.8355 63.8354 84.5183 84.6631 84.5216 71.9918 76.3733 67.6714 67.1591 72.9419 73.0294 65.2528 64.8897 63.2532 76.4636 67.0263 69.2236 63.3228 65.6942 85.6978 72.9362 69.8621 73.1019 68.9155 77.4869 68.4702 65.2334 68.2101 64.2701 63.124 70.5005 65.7416 62.3266 68.6857 65.3644 69.9746 65.8531 61.9694 60.5483 59.9875 59.5736 59.3078 67.9779 61.2144 59.1774 60.3873 58.4703 57.6081 56.6232 82.6445 56.4807 55.3 55.2991 54.4353 53.0528 52.9031 51.6276 49.979 48.7738 48.599 48.2357 47.7695
threshold=0 1 2 3 4 5 6 7 8 9 10 11 12 13 14 15 16 17 18 19 20 21 22 23 24 25 26 27 28 29 30 31 32 33 34 35 36 37 38 39 40 41 42 43 44 45 46 47 48 49 50 51 52 53 54 55 56 57 58 59 60 61
decision_type=1 9 9 9 9 9 9 9 9 9 9 9 9 9 9 9 9 9 9 9 9 9 9 9 9 9 9 9 9 9 9 9 9 9 9 9 9 9 9 9 9 9 9 9 9 9 9 9 9 9 9 9 9 9 9 9 9 9 9 9 9 9
left_child=13 2 7 12 51 6 -3 -2 9 -7 -11 -9 -4 14 -1 -16 -17 38 19 39 -21 22 -22 24 -20 -23 27 -25 -29 46 -31 -32 33 -10 35 -34 -37 55 59 -19 -8 42 -28 -43 -40 -46 -6 -26 49 -36 58 -5 -42 -50 -39 -12 -52 -58 -18 -15 -54 -53
right_child=1 5 3 4 29 8 40 11 32 10 37 -13 -14 17 15 16 50 18 23 20 21 25 -24 26 47 -27 41 28 -30 30 31 -33 34 -35 48 36 -38 54 44 -41 52 43 -44 -45 45 -47 -48 -49 53 -51 56 61 60 -55 -56 -57 57 -59 -60 -61 -62 -63
leaf_value=-0.00013882775561142641 -7.3651269701756022e-05 -3.4761138950435828e-05 0.00029657445215488322 -3.6486390385811923e-05 3.5162845300637681e-06 1.7790948355995616e-05 -1.7563172452312131e-06 -8.5146431058680366e-06 1.2725135456078079e-05 4.180607814077184e-05 -1.0064395000170504e-05 0.00010460450640931477 -1.5498322721303998e-06 3.3518291298711801e-06 -8.3288273294067464e-05 -6.4968035098349674e-05 -6.9169158442927025e-06 -1.0906758696804216e-05 -1.1813220924735344e-05 -3.1864311667955928e-05 4.9016585966834651e-05 -1.8497851403227653e-05 -5.5008009622348741e-05 4.3117001691133557e-06 1.0346038727736023e-06 2.1440956246795507e-05 0.00028243021639745753 8.0597452563135317e-06 -7.0555667538883238e-05 -7.9013653797345442e-05 -7.4373736864775117e-05 -5.1488348924423389e-06 -0.00029369042742521088 -3.9872164358818073e-05 -3.5308117823044671e-05 -3.6580108012037105e-05 2.8912257514176096e-06 8.3370045746506473e-06 8.5438207131647925e-05 0.00023198522425587094 -2.1989359184435902e-06 -9.67927940679472e-06 6.5153787699855473e-06 9.9138481244462296e-07 6.3503738415641341e-05 -3.0950347019629896e-05 -0.00020957408301402583 0.00017140590859522476 -4.4677972354558495e-06 4.4852614245895443e-05 7.9580976325896669e-05 -9.5794332561065801e-06 7.0887893368597893e-06 3.4853584639663252e-06 -3.2229225284660656e-05 -0.00026915069039119718 -6.3042429555930089e-05 2.8520136028827178e-07 0.00026766980239400389 0.00032498529085211254 0.00024460047132206328 8.156306805470871e-05
leaf_weight=1002 423 599 674 684 439 842 1466 798 1156 680 552 1850 1341 429 560 844 438 434 1065 1282 441 1233 1194 1356 844 9207 424 523 2540 1500 1718 13577 671 2797 766 1370 3014 960 911 1291 707 8094 1814 17328 528 1398 1790 1649 10570 4155 525 432 800 22516 2186 955 815 1820 1036 881 1917 1219
leaf_count=1002 423 599 674 684 439 842 1466 798 1156 680 552 1850 1341 429 560 844 438 434 1065 1282 441 1233 1194 1356 844 9207 424 523 2540 1500 1718 13577 671 2797 766 1370 3014 960 911 1291 707 8094 1814 17328 528 1398 1790 1649 10570 4155 525 432 800 22516 2186 955 815 1820 1036 881 1917 1219
internal_value=-0.000595788 -0.00207762 -0.00697131 -0.00943128 -0.0116513 0.000128809 0.0131976 0.0117158 -0.00122251 -0.0129756 -0.0181628 0.0188571 0.0140306 0.00144191 -0.00925694 -0.00412561 -4.37049e-05 0.00281643 0.00164869 0.00828408 0.00501757 0.00791263 -0.0150819 -0.00116132 0.0146554 0.011527 -0.00292044 -0.0164387 -0.0263414 -0.0142971 -0.0117594 -0.00930554 0.000324068 -0.0140731 0.00164925 -0.0111545 -0.00556869 -0.023537 0.0170522 0.0333678 0.018164 -0.000754551 0.01792 -0.00240623 0.00711827 -0.00482969 -0.033253 0.0262036 0.00335516 0.0153497 0.00573395 0.00986789 0.0268219 0.00156626 -0.0138315 -0.0435286 -0.00332911 -0.0102002 0.0250336 0.0383056 0.0346061 0.0217197
internal_weight=147030 85124 26445 23374 21359 58679 5489 3071 53190 6175 5333 2648 2015 61906 7040 6038 5478 54866 50719 15082 13357 12075 1635 35637 3558 10440 32079 4419 3063 19024 16795 15295 47015 3953 43062 5055 4384 4653 4147 1725 4890 27660 2238 25422 2837 1926 2229 2493 38007 4921 4634 2335 3424 33086 3146 1507 3160 2635 1474 1310 2717 1651
internal_count=147030 85124 26445 23374 21359 58679 5489 3071 53190 6175 5333 2648 2015 61906 7040 6038 5478 54866 50719 15082 13357 12075 1635 35637 3558 10440 32079 4419 3063 19024 16795 15295 47015 3953 43062 5055 4384 4653 4147 1725 4890 27660 2238 25422 2837 1926 2229 2493 38007 4921 4634 2335 3424 33086 3146 1507 3160 2635 1474 1310 2717 1651
cat_boundaries=0 2 6 14 22 30 38 46 54 62 70 78 82 86 94 102 109 117 125 129 137 145 153 157 164 168 176 184 188 196 204 211 219 227 230 238 246 249 253 256 259 263 270 278 282 286 290 298 302 310 318 321 324 332 336 340 344 352 356 360 364 367 371
cat_threshold=777028324 2445068516 205340988 906236544 2150859276 9 134234177 525314 2483030016 1073745984 2181041216 405276800 131200 1343492 68158481 1048580 2818572480 32896 411648 2818899988 285327360 8388608 1036 0 1101135888 268501520 540018688 1482752000 1879087104 67125249 536903680 4458504 65538 604244228 1343225856 603979778 805355520 20187521 2181038145 287605120 9043968 538972160 3211392 285216768 196616 132800 676331532 100925952 16777216 540147712 2101252 16802304 268505088 8652802 4194304 2147484672 86036 26288722 5275648 1275133952 805312512 4194821 1074004104 96 1076396096 536870961 8923200 176161024 8 52447248 4194568 132 56428 80 8455204 525248 67110979 4 373319000 806944961 2217658432 6 2374960032 274254146 210249740 2 857739264 34603012 2157971520 67372416 256 0 2248148098 8692738 268435488 30932994 263169 285233408 823135744 524352 49184 49160 0 16384 8208 71308324 625139873 226791442 40 17825832 8406018 8389120 1191182405 2148007936 67108896 42870788 25165888 2684356608 1077936128 270025728 50348040 1912602624 55363 131136 17826840 1310802980 553689761 3226612941 1 285225025 4194560 2097792 1082134530 67961872 1048576 136348160 704516 33563572 4 0 1074016256 140511264 23069184 34866198 33570816 1074790592 16777248 201326856 1073758224 1073774595 6293697 3801153 20480 3239383751 2147664256 608453220 4 1089471360 2147763456 2684355667 1026 4194312 33620032 536585 271843730 695869640 396950 8 19968 0 268713984 206046208 32768 167937040 285231302 4198656 67666945 18874386 393218 2970091520 2098176 540928 4227076 100860481 872481923 1663305040 3020024099 2 64 234889224 66316 1073758760 150996992 671629312 131170 1090 131136 8413440 1393049600 536870916 268435520 269501472 4304 20193289 0 3159040 76546056 134348840 33753240 1124086096 262168 2147750912 262912 66066 679543296 202440836 393224 1572865 2115584 362500 4194368 33 299008 3288399873 2684459088 268437056 524552 1076593296 559071616 1814637136 73402688 1074397184 2166393856 8393224 40109120 786432 33751041 4 1074274568 404295744 92274688 4096 545916932 17420 100663816 1026 428409220 1393575608 2989294216 149786561 151015982 2197881866 4 1116742660 181506081 2768746790 2382364697 52302916 1237641224 738324556 3766560289 205530752 13 0 1060864 39886904 42078210 8204 50933826 1056792 2147762312 8519680 33554433 135279105 303075328 20972544 1880367104 5242880 3760035840 1090735488 213278984 6 34410576 4169859868 2231650392 8 134778892 811180558 1073756592 14 109084674 537034800 613632 8422402 257 560 38 33554432 562070083 344459328 897583392 6 2382369040 8 2629697 1075840000 1143604225 16384 205783042 393218 1052673 17825920 553026 34613256 2247680 1156 536870952 40960 2320788496 1082404932 3393127300 3524805123 2898434112 683163908 32930 188928 16777542 4326032 524416 2164523008 4194308 67272960 622233994 2957545800 2768240798 8 704807027 843122784 700473792 5 1094747138 3223857169 277359889 2 2128 2099201 2162816 671612980 33816576 67149824 12648706 336 291088037 1612746816 202379105 8 3257058388 2166460440 546050204 2 571494473 403062944 1347550920 2 3321946138 2013958695 2240958465 353140864 1074564868 773390464 12
is_linear=0
shrinkage=0.12


Tree=31
num_leaves=63
num_cat=59
split_feature=5 38 34 23 24 0 5 38 38 34 35 22 24 34 35 34 24 41 41 34 41 35 23 22 35 34 41 19 34 35 34 24 34 34 41 35 41 35 35 23 23 24 22 22 22 24 24 23 21 21 21 22 23 21 21 24 21 21 23 21 18 21
split_gain=29.4121 148.577 64.0338 52.234 47.9788 38.9039 83.7728 93.9134 76.3349 77.718 77.2252 80.3555 72.8308 72.2048 70.2038 71.7216 68.1494 67.389 64.5701 90.8483 63.5333 66.6317 62.9049 62.712 62.0267 87.6087 75.12 67.2214 105.594 93.1544 66.7984 63.2579 61.8985 61.1443 120.798 98.2009 77.1567 80.6115 60.9624 59.6274 58.3732 58.0632 57.7902 54.7989 54.3165 53.8373 52.1418 51.8436 38.7586 35.7341 35.1062 32.8008 31.7803 30.775 29.9437 29.5876 25.4991 25.161 23.7619 22.5238 21.7208 20.6437
threshold=0.012500000186264517 0 1 2 3 0.27478027343750006 0.050833333283662803 4 5 6 7 8 9 10 11 12 13 14 15 16 17 18 19 20 21 22 23 24 25 26 27 28 29 30 31 32 33 34 35 36 37 38 39 40 41 42 43 44 45 46 47 48 49 50 51 52 53 54 55 56 57 58
decision_type=2 9 9 9 9 2 2 9 9 9 9 9 9 9 9 9 9 9 9 9 9 9 9 9 9 9 9 9 9 9 9 9 9 9 9 9 9 9 9 9 9 9 9 9 9 9 9 9 1 1 1 9 9 1 1 9 1 1 9 1 9 1
left_child=1 54 -3 -4 -5 18 7 -7 9 41 -11 16 -13 20 15 -15 -12 22 19 -2 47 59 -16 55 25 49 56 28 -26 61 -31 44 -19 34 50 -36 37 -35 -38 -23 51 -8 -9 -33 -28 -42 -17 -10 -47 -20 -29 -25 -44 -6 -1 -21 -27 -49 -43 -22 -55 -30
right_child=5 2 3 4 53 6 8 42 13 10 11 12 -14 14 17 46 -18 32 24 23 21 39 -24 40 27 26 31 33 29 30 -32 43 -34 36 35 -37 38 -39 -40 -41 45 58 52 -45 -46 48 -48 57 -50 -51 -52 -53 -54 60 -56 -57 -58 -59 -60 -61 -62 -63
leaf_value=0.008956369255412093 0.0005238254863963453 0.0010402634366670177 -0.0009502095668254113 -0.0084609706851271598 -0.0059289496611751192 -0.0019159412779220638 -2.6935544705578212e-07 0.00059687799190471776 1.295614857719932e-05 -1.521168845374315e-05 -1.8203682501143151e-06 -9.2160421890312445e-06 2.8868371551522561e-06 -1.2970983360176997e-05 4.8227005557025236e-07 1.7961101591631449e-05 2.7740691975978913e-05 -8.8067701998097153e-06 3.5590115467017956e-05 -8.4695559175515937e-05 4.5900552812326768e-06 3.0148076084006002e-05 -2.190677657218135e-05 -5.0408650308339645e-05 0.00066876635473679907 -0.0014489019035458903 -0.00071326076024428881 -1.6446919074630112e-06 0.0012254936587878682 -0.0020885634668226173 -0.0003611099126954699 0.0013559983022014494 -1.4167435098374266e-06 -0.00038880264964696783 -0.0005646135888968196 0.0006258901496311814 0.00013996739709176367 0.00063754444363170535 -1.4393712007319761e-05 3.7419969661031946e-06 -0.00090188619627896993 1.5510925328201515e-05 0.0001848599649886433 0.00042466937416707316 0.00026829697635226787 -7.06105188526239e-05 1.8005961842247802e-06 -7.8890135299015442e-06 0.00087408209510223044 -0.0016724674123673932 -0.0017343479971838832 -0.0020034160434204539 -0.00080643434563264541 -0.005302716177969213 0.0022700979506320583 -0.0022031167136564466 -2.2406465487296021e-06 -3.6825280977942174e-05 6.9535393441414733e-05 -1.5763330080905169e-05 0.00079488644978223096 4.9258290364135942e-05
leaf_weight=312 719 424 670 519 446 880 520 542 307 837 1066 2380 5210 682 1104 1537 2324 5316 317 327 206 1536 2352 327 680 308 557 431 208 581 3225 1348 36451 729 653 4763 6310 3491 35670 3563 584 321 320 2823 1367 643 3099 327 822 467 496 517 722 260 520 923 517 464 662 581 321 446
leaf_count=312 719 424 670 519 446 880 520 542 307 837 1066 2380 5210 682 1104 1537 2324 5316 317 327 206 1536 2352 327 680 308 557 431 208 581 3225 1348 36451 729 653 4763 6310 3491 35670 3563 584 321 320 2823 1367 643 3099 327 822 467 496 517 722 260 520 923 517 464 662 581 321 446
internal_value=-0.000626802 -0.0115371 -0.0254298 -0.0336086 -0.0457509 -0.000362775 -0.00229652 -0.0240389 -0.00153966 0.00664266 0.00335784 0.00604803 -0.000820829 -0.00343501 -0.00501572 0.008015 0.0213756 -0.00654979 0.00165521 -0.0116701 0.00799313 0.01294 -0.0226297 -0.0185126 0.00264775 0.0127527 0.0170687 0.00129578 -0.0117857 -0.0185152 -0.0257098 0.0216735 -0.00521314 0.00257787 0.0136145 0.0204716 0.00105946 0.0165028 -0.000497236 0.0179612 -0.00871599 0.0322376 -0.00631575 0.0299785 0.00359501 0.00227071 0.0133735 -0.0183783 0.014543 -0.0250251 -0.026198 -0.0350467 -0.0227703 -0.0299133 0.032417 -0.0408874 -0.0167741 -0.0345205 0.0493266 -0.0193741 -0.0111297 0.023063
internal_weight=147030 3472 2640 2216 1546 143558 73309 2464 70845 13320 11817 10980 7590 57525 50541 5318 3390 45223 70249 4862 6984 5886 3456 4143 65387 7704 6920 57683 5140 4460 3806 6095 41767 52543 6343 5416 46200 4220 41980 5099 2893 1503 1584 4171 1924 2049 4636 1098 1465 784 927 844 1042 1027 832 1250 825 791 983 787 581 654
internal_count=147030 3472 2640 2216 1546 143558 73309 2464 70845 13320 11817 10980 7590 57525 50541 5318 3390 45223 70249 4862 6984 5886 3456 4143 65387 7704 6920 57683 5140 4460 3806 6095 41767 52543 6343 5416 46200 4220 41980 5099 2893 1503 1584 4171 1924 2049 4636 1098 1465 784 927 844 1042 1027 832 1250 825 791 983 787 581 654
cat_boundaries=0 8 15 19 23 31 39 47 55 59 63 71 79 87 91 99 107 115 123 131 135 139 147 155 163 170 178 186 194 198 206 214 222 230 238 246 254 258 262 266 269 273 277 281 285 289 291 293 295 299 303 305 307 310 312 314 318 320 327 329
cat_threshold=1216349704 270532612 1121345 637542400 2114576 0 2147762176 16 268455944 2835382432 2147516944 67109888 3247505472 8691720 9216 111690514 543958114 2382889992 13 3423643271 673195308 490745857 6 9580492 306186240 132160 537395456 131088 0 2181038080 9216 4224 234933248 1128448 0 2147483648 536870946 2417002636 9840 1350565952 572785413 0 67371328 134217746 2717913088 906232072 4194368 32768 2148028416 278528 2152925192 11108360 287457280 53313 33554432 235939880 2611905664 3762356444 4 546720010 1612730418 1482984264 10 294666240 262208 1073877120 2684374032 8966918 8 294992 256 553912336 16793856 18433 1099431936 38273028 285671457 2360320 16793604 134390313 16 35946562 1344405506 1610612808 33587200 289408000 18432 1183989890 1892286848 806197649 4 1049600 550240324 2097296 2392066 1610645504 2755657793 553648128 84953088 2148008192 132232 34603009 20480 150470688 1510400 2097249 50593792 33688064 590345 67176962 8 1083244672 2097169 17301576 83894272 1176502336 136593984 384 3407872 537923712 4268064 1073741824 4194468 1074528289 8389120 1140850742 67110912 16389 286329861 256 33849344 2449901580 2433474894 336592940 14 2351110210 874547761 883165184 13 17313920 2147494914 1028 268566786 1082146880 2048 134250755 537920 536887360 33619968 33555460 263489 3277120 19922978 17566224 16908320 302120960 2147762464 541082132 1476398336 9 2113922 8654848 16 0 2148552704 93339682 421543968 742604800 1074307072 311304 18891264 164426 41943080 142802944 131416 335561280 16388 33554436 135398400 25182272 21495936 9257024 2148335616 16384 547487744 8536098 267265 4202512 2163220 604506144 46186496 40 38797312 409600 1093177636 963149999 2148091232 8 339 8452 1573120 33620352 1074004032 192 940572676 4744208 675316800 71434240 17301760 403243041 2162688 2097408 18369028 167936 201490433 335544593 276824064 2098210 83890176 276828256 134217728 2234405 1077936720 275775496 67584 16809984 2148728840 1362493440 8388704 67108896 201459200 14680069 469778560 2098208 268468224 134217924 150994944 71960 1140850721 134218241 2 2626625 805306528 1074004866 4718592 81960 1077936648 134611460 2181308424 8421504 19007488 275783696 25169984 16 1863592120 211812676 7438536 5 67765300 134881640 3252527108 5 2231980164 1175254103 152002 8 3567779985 838898236 136546001 3320414593 631377989 2428506373 4 85492674 3230799880 50484262 3 3963699841 4333825 352434185 6 3986927662 136320032 2483241986 10 889211968 2184455504 335806592 9 1759686118 3255411084 139761927 864429635 3804242642 1706374023 17842336 2169307584 1108899457 2 2147615115 168845360 332670976 6 2651350038 171709980 631922704 2156934742 1342256496 141688845 4253186 2357734408 2527301720 2395556515 2886082840 268697637 2424453942 1107366456 1 80891920 138625360 196819 9 0 0 0 0 1024 1143226945 756034049
is_linear=0
shrinkage=0.12


Tree=32
num_leaves=63
num_cat=57
split_feature=3 38 4 38 0 35 38 34 34 41 35 41 39 34 35 23 34 0 41 34 34 35 41 35 34 41 41 34 35 34 35 34 35 41 22 34 24 35 22 23 22 23 5 35 34 24 22 34 35 22 41 22 21 24 24 41 34 22 35 23 22 24
split_gain=37.36 62.3319 82.8695 199.573 165.13 106.412 100.788 99.1438 98.4197 85.6295 83.2201 80.7416 73.1733 90.8914 77.8813 66.3038 65 61.0555 71.8573 78.1875 67.6147 97.8755 72.3848 64.6404 95.9731 82.4792 70.7705 62.7366 81.0613 62.1177 61.1628 61.0222 61.0155 60.1742 67.3536 77.0094 70.2889 57.6156 57.4861 58.214 56.0185 54.7103 53.5869 54.2499 75.3879 82.9064 64.1353 56.2198 72.3468 67.4764 54.3446 52.3801 51.0926 49.3793 48.9393 48.5063 65.0975 50.9146 48.2186 47.8204 47.62 44.978
threshold=0.012500000186264517 0 0.094166666269302382 1 0.27136230468750006 2 3 4 5 6 7 8 9 10 11 12 13 0.27478027343750006 14 15 16 17 18 19 20 21 22 23 24 25 26 27 28 29 30 31 32 33 34 35 36 37 0.042500000447034843 38 39 40 41 42 43 44 45 46 47 48 49 50 51 52 53 54 55 56
decision_type=2 9 2 9 2 9 9 9 9 9 9 9 9 9 9 9 9 2 9 9 9 9 9 9 9 9 9 9 9 9 9 9 9 9 9 9 9 9 9 9 9 9 2 9 9 9 9 9 9 9 9 9 1 9 9 9 9 9 9 9 9 9
left_child=1 16 4 60 6 -5 8 -7 -3 -8 -10 -9 13 -11 -14 -12 -1 18 19 -2 21 -20 -23 24 -22 -26 29 28 -28 -25 -21 -13 -29 34 36 -36 -19 -24 -18 -40 -39 -31 -35 44 -44 46 -46 48 52 -50 -47 -32 -45 -27 -53 56 -49 -57 -37 -38 -4 -60
right_child=17 2 3 5 -6 7 9 11 10 12 15 31 14 -15 -16 -17 38 33 20 30 23 22 37 26 25 53 27 32 -30 41 51 -33 -34 42 35 58 59 40 39 -41 -42 -43 43 47 45 50 -48 55 49 -51 -52 54 -54 -55 -56 57 -58 -59 61 -61 -62 -63
leaf_value=-0.00013158193190567017 0.00073403181072089266 -0.0024328374613868664 1.4778518619186547e-06 7.6591257611380225e-05 -0.0060342641230144295 -2.3102788364483724e-05 0.0017107308802454435 4.3772915344067599e-05 -0.0019244506854631312 0.00055746790890302388 -0.00024376347229099801 2.730881650280969e-05 0.00096057191958605229 -0.0025168979828655816 -0.000845631192954636 0.0010620937281985367 -2.2268727396097983e-05 -2.0012704379029456e-05 -0.00059168079244841041 0.00026357518565526611 -0.00074138213593698504 0.0016620951934169339 0.0016832471951368159 0.0017855196562626826 -0.00034083882163320184 0.0016379293997587489 0.00083031060283471987 -0.0002646979541312086 -0.0005358905285908341 0.0010812034417648534 -2.9441970569992484e-05 -4.4488238474718112e-07 6.7778613502392891e-05 -0.0013203082305231993 6.40264444222086e-06 -4.4280058507422082e-05 -1.2511122482266277e-05 -0.00041298298283464158 -4.6203098867715167e-06 0.00042004937521705114 0.00046738125062664059 -5.2120795053825221e-05 -2.8034632261565236e-05 -1.5012700291431458e-06 -1.2445763774308239e-05 -2.4302387880367181e-05 1.8485343773076917e-05 -8.3645485927348665e-06 -1.5023079655301879e-05 2.0793933080469187e-06 -3.5222642898777685e-06 -0.00028367064003032065 -5.8028311819556884e-05 0.00060354781121040838 -0.0020650306939867268 2.8043625050826942e-06 1.3833291699606802e-05 -7.5309710358854265e-07 4.6592646102454751e-07 3.1430119407191582e-05 -3.7384336492498585e-05 -2.1153477975903542e-05
leaf_weight=677 643 690 230 559 408 416 666 752 696 542 1651 438 926 4090 7516 3643 961 558 665 636 549 786 583 638 640 1047 540 3434 3621 676 681 1973 22896 587 700 725 422 770 779 1869 1951 1436 837 437 446 802 1260 814 1784 3613 3200 430 568 2238 1124 14528 3767 31707 934 951 856 2068
leaf_count=677 643 690 230 559 408 416 666 752 696 542 1651 438 926 4090 7516 3643 961 558 665 636 549 786 583 638 640 1047 540 3434 3621 676 681 1973 22896 587 700 725 422 770 779 1869 1951 1436 837 437 446 802 1260 814 1784 3613 3200 430 568 2238 1124 14528 3767 31707 934 951 856 2068
internal_value=-0.000710049 -0.00446144 -0.00666666 0.0068427 -0.0100586 0.018853 -0.00854372 0.0111278 0.0035505 -0.0144154 0.00851715 0.0184063 -0.0165612 -0.0286822 -0.00987934 0.01366 0.00893437 0.000265309 0.00366894 -0.0127964 0.00503366 0.0185022 0.025451 0.00333024 0.0168524 0.0234392 0.00150482 -0.000161294 -0.0138318 0.0198986 -0.0212695 0.00757736 0.0020044 -0.00194824 -0.0130738 -0.021221 0.00562014 0.0175151 0.0153438 0.0244511 0.0100549 0.00983048 -0.000846461 -0.000513761 -0.0108525 -0.00587412 0.0162049 0.000670976 -0.0099158 -0.00437048 -0.0153064 -0.0306008 -0.039292 0.0311192 -0.0427586 0.00200677 0.0137688 0.000838107 -0.0280824 0.0201877 -0.0386885 -0.0211811
internal_weight=147030 30338 26052 5224 20828 4138 20420 3579 6680 13740 5990 3163 13074 4632 8442 5294 4286 116692 45984 3514 42470 4755 4090 37715 4474 3925 33241 30491 4161 2750 2871 2411 26330 70708 6358 4427 1931 3304 3609 2648 2721 2112 64350 63763 6545 5708 1706 57218 6402 5397 4002 2235 1005 3285 1554 50816 4581 46235 3727 1373 1086 3002
internal_count=147030 30338 26052 5224 20828 4138 20420 3579 6680 13740 5990 3163 13074 4632 8442 5294 4286 116692 45984 3514 42470 4755 4090 37715 4474 3925 33241 30491 4161 2750 2871 2411 26330 70708 6358 4427 1931 3304 3609 2648 2721 2112 64350 63763 6545 5708 1706 57218 6402 5397 4002 2235 1005 3285 1554 50816 4581 46235 3727 1373 1086 3002
cat_boundaries=0 8 16 24 31 39 47 55 63 71 76 84 92 96 104 111 119 127 135 143 151 159 167 175 183 191 199 207 215 223 231 235 243 247 255 259 262 266 269 277 285 289 293 301 309 313 321 325 327 331 335 343 351 355 363 367 370 373
cat_threshold=8397832 2097168 1120384 34079232 2418032656 1610612804 16384 1024 1207959552 301989892 9281 604287232 134351880 33 2147483656 8 72616004 1045692416 8388736 96 335544320 1073742336 64 32 1224802880 268435462 132161 1615114496 134349824 545 2181038340 2151721220 2244616 545259520 1093672976 131144 1048578 16388 66048 64 2 69208080 50594072 541098000 6208 2138304 1837574 608248064 802822 71303368 2627716 2147483648 557062 8200 36992 3072 11534336 33554432 1174405257 2692743172 470122496 279053425 1024 130 33558608 256 143654992 2629640 2415919105 4194580 6332997 73730058 2147485696 80 1098921236 2417491969 4227090 49280 2183266305 2105345 1146912 2147484672 2150400 4214876 86509568 1074007584 576 1180672 2149582850 268435976 563085312 2361352 2155113603 1073838272 813981718 10 2416508992 1073759232 1085480 0 67502080 237075585 0 2228288 2152243456 1140981888 2182348800 26624 137363488 2229250 2654305 268959744 4939 16787464 66048 1083195520 6295825 3138 16777216 140510724 131072 141562368 1346437125 524304 1074266112 940572801 532544 553648128 1075183752 2181251104 16834560 403767296 1226850304 1077936128 8208 131224 0 2129920 307363841 548936 2281701376 671088900 8431114 720897 67117120 67108868 268443842 1064964 136331280 142772291 532736 805332992 524288 10624 134251586 671223872 86016 526356 16908304 8654848 134217744 536907810 2684878856 285741192 536887297 1224741124 33570816 348192 2883585 18894848 2097184 1359314948 524356 10240 536592 1082212354 587202560 8 2760280064 1073774596 2835480833 33849360 65536 816873634 2160066560 9218 1107296289 134381824 2684355072 83886080 4325376 1108353024 2703247432 16644 0 1380229120 687866117 512 18 302318084 738198560 33554434 256 268453888 1074007040 6291760 32872 276824064 5256192 84934788 268435969 278921268 33591392 2149580912 33554432 270534656 541065216 1358962818 38012932 1025 3489956352 270794756 198664 469914656 14680064 128 2129984 3221225478 3221749952 16778240 20626 1686136465 1128728383 4194496 3 16924672 2156136466 68636808 0 3221225476 268509250 293601282 2056 1076890498 2974845448 2285945629 4 1024 2147493890 8922112 2230273 1082138913 2182087168 50 1096 611336685 1627660353 1761936018 8 1159996105 2349075520 1201807912 3758098048 1249123626 2425394752 1 148261125 34370604 276954136 135279104 134350848 13376 2368 2048 64 8409299 5257984 786960 302055426 9437184 18427392 3254782080 2155872256 2097284 602112 2300579088 3223323904 2330379171 12 1403027924 2148270208 1614899265 9 138444900 2304 68682240 142671876 131136 1210580993 811074560 5242888 2148073490 3221233796 2147565568 8724 84410368 270010498 272900096 75497472 1899104429 203430336 290128264 10 58982400 452984832 1049344 4719640 524352 67108865 1179664 75833444 2684666408 3368292942 22339656 9 1746825890 1921592160 272072898 9214914 541370664 4 68684122 4230304 1141168272 10 524544 2147486720 320344064 536899586 36703232 3538944 360545 262144 131072 1140981782 269 2684354594 3763410944 272629760 16777472 33693700 134586507 430092352 959451917 8 720896 150995268 4456512 270549024 17154048 176169472 536936576 67174464 1611236897 134405893 2148343836 8 2147746312 35856384 209715410 438472816 508663300 1376289282
is_linear=0
shrinkage=0.12


Tree=33
num_leaves=63
num_cat=60
split_feature=6 19 5 41 22 35 35 34 34 34 41 34 22 35 22 24 19 41 24 35 41 22 34 34 23 23 35 34 41 22 34 24 24 41 34 24 22 22 34 23 23 34 24 23 21 21 34 35 41 22 23 22 23 35 22 21 19 34 22 35 35 22
split_gain=35.751 131.023 123.591 118.6 111.564 107.392 95.7066 95.5717 92.0487 89.9525 83.111 80.0365 77.6363 77.4589 72.0656 70.9437 66.8215 62.8781 60.8952 54.2604 57.2388 58.1132 64.2037 62.1269 56.5361 54.2094 48.4972 91.784 69.1575 59.4032 60.5921 56.0698 55.4583 54.7684 75.7984 74.0746 66.824 65.8553 54.4864 54.2399 52.7452 52.488 51.2905 50.4154 49.6585 49.4836 46.9196 82.466 69.9139 68.8555 56.7481 55.1294 53.1093 52.4885 46.7738 46.5444 45.647 76.1299 66.8062 71.904 52.6946 44.5283
threshold=0.6423240900039674 0 0.094166666269302382 1 2 3 4 5 6 7 8 9 10 11 12 13 14 15 16 17 18 19 20 21 22 23 24 25 26 27 28 29 30 31 32 33 34 35 36 37 38 39 40 41 42 43 44 45 46 47 48 49 50 51 52 53 54 55 56 57 58 59
decision_type=2 9 2 9 9 9 9 9 9 9 9 9 9 9 9 9 9 9 9 9 9 9 9 9 9 9 9 9 9 9 9 9 9 9 9 9 9 9 9 9 9 9 9 9 1 1 9 9 9 9 9 9 9 9 9 1 9 9 9 9 9 9
left_child=26 10 3 12 7 25 -4 -5 -8 18 -2 54 -3 -9 -10 -16 -11 -15 -7 24 55 23 -23 -22 -13 -6 27 45 31 38 -31 -29 43 34 -28 37 -37 -36 -30 -40 -38 -34 -41 -32 -39 -1 47 50 51 52 -35 -49 -50 -51 -12 -21 57 -48 60 -60 -59 -58
right_child=1 2 6 4 5 9 8 13 14 16 11 19 -14 17 15 -17 -18 -19 -20 20 21 22 -24 -25 -26 -27 33 28 29 30 32 -33 41 46 35 36 40 44 39 42 -42 -43 -44 -45 -46 -47 56 48 49 53 -52 -53 -54 -55 -56 -57 61 58 59 -61 -62 -63
leaf_value=-0.00038627816181393805 -0.00039066622300047645 0.00031275890038586391 -1.0213465339877075e-05 -0.00028488707927396771 0.00020737207858576652 0.00040876190888694075 6.2373439460678901e-06 -0.00016016721423508899 2.5669841302248368e-06 0.00091993476206573069 -0.00092974625553812491 -1.8680549001818816e-05 -0.0010360958327542082 5.2632625757021117e-05 -1.0844403075816143e-05 -2.3215612665094745e-06 0.00024271316376350225 0.00096859108327721128 -0.00061792031276821865 0.00047124312570602294 -0.00021592443458345591 3.1745043918357356e-05 -5.5026680829663999e-05 3.1724926072082805e-05 0.00014965140084317606 -0.00081414018393680425 -3.8485720722595491e-05 -2.254273618229833e-06 -1.5284184446980704e-05 -4.1687113392357952e-05 -8.7206077544973963e-06 0.0001298754249504955 4.4809612588839997e-05 -1.8728346325654835e-05 -4.9387277353445637e-05 -3.1604731235662249e-07 0.00022643830564758147 0.00011656877919668982 -1.2451614809368957e-06 4.1000945680496951e-06 4.6291430240985526e-05 -1.0959847475264164e-05 0.00015987680016157758 6.2831969981545722e-05 -8.3119798044785357e-06 -3.0986121920424546e-06 5.1822757956564231e-05 0.00023444004559029834 3.6153859034034808e-05 1.1185964211936356e-06 0.00010657680365010809 -8.0437169182034585e-06 -1.923373797959525e-05 -4.8722285242391331e-05 -2.5599494494526578e-05 -1.1523647522403501e-06 -4.8717904573310765e-06 -7.825827316836409e-05 1.2649129619902599e-05 -5.1017407493656151e-05 8.1210013331462541e-06 2.8610252951238523e-07
leaf_weight=425 887 436 643 682 435 420 430 676 842 1292 421 422 905 676 565 1290 9104 4275 1051 430 418 790 4681 2087 1030 988 1109 438 541 839 540 1007 791 309 665 1379 824 563 780 530 2065 3280 1241 1271 837 536 830 429 783 779 800 845 1601 4520 805 541 23516 416 655 3565 1553 49546
leaf_count=425 887 436 643 682 435 420 430 676 842 1292 421 422 905 676 565 1290 9104 4275 1051 430 418 790 4681 2087 1030 988 1109 438 541 839 540 1007 791 309 665 1379 824 563 780 530 2065 3280 1241 1271 837 536 830 429 783 779 800 845 1601 4520 805 541 23516 416 655 3565 1553 49546
internal_value=-0.000628434 0.00258543 0.00764986 0.0112539 0.0136148 0.00736129 -0.0123436 0.0267489 -0.00355525 0.0111019 -0.00741616 -0.00469193 -0.0231485 0.0318993 -0.0118272 -0.0250026 0.0150346 0.0371146 -0.016588 -0.00125636 -0.00475499 -0.00811216 -0.0150356 0.00700832 0.0201639 -0.0236655 -0.00171788 0.00540593 0.0084543 0.00482442 -0.00151492 0.032862 0.00280963 -0.00261022 0.00727662 0.0123499 0.0213645 -0.00629752 0.0185567 0.0258915 0.031727 -0.00496692 0.0374873 0.0202084 0.00849854 -0.0299691 -0.00342728 -0.0111451 -0.0149716 -0.0192904 0.0195896 0.0110108 -0.00230381 -0.0269102 -0.0335379 0.0225839 -0.00245564 -0.0116911 -0.0162748 -0.0247826 0.00199896 -0.00156663
internal_weight=147030 37222 24710 20940 19599 13290 3770 6309 3127 11867 12512 11625 1341 5627 2697 1855 10396 4951 1471 10399 8947 7976 5471 2505 1452 1423 109808 12219 11258 9813 6721 1445 5882 97589 7442 6333 4268 2065 3092 2551 2889 4071 1771 1811 1400 961 90147 10066 8957 7683 1109 1274 2384 5299 1226 971 80081 7019 6189 4220 1969 73062
internal_count=147030 37222 24710 20940 19599 13290 3770 6309 3127 11867 12512 11625 1341 5627 2697 1855 10396 4951 1471 10399 8947 7976 5471 2505 1452 1423 109808 12219 11258 9813 6721 1445 5882 97589 7442 6333 4268 2065 3092 2551 2889 4071 1771 1811 1400 961 90147 10066 8957 7683 1109 1274 2384 5299 1226 971 80081 7019 6189 4220 1969 73062
cat_boundaries=0 7 15 18 26 34 42 50 58 66 74 78 86 90 93 100 108 111 119 127 131 139 147 151 154 162 170 178 182 190 194 198 206 214 217 221 225 233 237 241 249 253 257 259 261 269 277 285 288 292 296 299 307 310 312 319 326 330 338 346 350
cat_threshold=65536 1055759 2248261680 94445602 335544353 4096 8448 2216689664 1048580 17538 64 471859200 1216520388 268435467 788480 3792372352 672793329 1260569056 17040768 17105413 524288 135266433 16777352 328 164440 25296896 1073876994 143396864 27279376 142606336 302022657 41961984 10240 2098181 25165824 76022144 570425472 8428096 4352 67634178 525056 67117122 17301568 2818572314 99392 537927680 4097 1175535616 96 67141634 2625 34608261 17506336 1610612736 65546 3221291008 268435972 101188096 7471360 33554432 2164261216 24577 251691008 1050626 138487042 130 8720528 4610 4229120 25165833 16777218 537018432 66912 32832 3763473538 287379520 2172914536 11 278668 536870912 1678311424 6359808 2185232896 2621440 4114 16912672 137392507 160107024 1611005963 11 471200 2485421797 35826705 0 1086324736 2103814 7169 671113216 1275445280 1507456 32768 838860824 536937024 537003042 8776 2147483648 134610944 12673028 2427920514 77611140 587635984 33562640 832 2147504448 33554436 209715360 113246472 37749392 33800 8 68698147 335544448 1088 268435968 335687940 822099976 1245185 1049137421 27295904 419454089 9 131072 0 17568389 809510032 8388608 268448904 71315456 528397 2181073408 40140816 16782340 0 10485792 79757952 2684485632 4194312 742524544 482968065 844923136 2 445383332 3358606937 2485191184 21233792 537133065 262145 135528705 19431552 6029313 268471304 16777344 805371936 268435456 69206016 570425616 1343259520 51380224 275777536 264448 14942217 184551424 1192993 8413184 2097152 269484037 8192 4211216 1170219296 1532821834 21002625 1 425984 262176 1048704 1476591616 603988992 69468162 2164392088 12730368 680542512 2288126024 48761117 8 681789988 598220818 1094799445 4 539558404 68157440 1090521408 1073741954 1107560448 144966144 402653187 34080768 16777216 603986004 264464 2147483712 33570817 16861188 276858944 40 1632057090 2181038741 2470810636 1164019467 3238002786 2167353444 4 562266306 1578666538 2432697826 1 5373952 536903944 34561 65544 155271200 1216744704 36 67108896 577004612 685097992 1250953746 1 1344293045 223367456 2294678096 4 1048642 1216348160 256 67371009 4140 2688573440 8392738 2167404 2718405812 29426016 1683026944 4 449315602 2688778752 101000902 4 3519698962 2348025869 1378521392 2558158613 549152 2147483649 2372 2215641344 4194352 268960256 1224745984 19931664 76087304 268435456 536870944 8978474 8388612 1216382036 1 3412036 67109120 2453669894 536576 54526212 2156412928 1610613888 5341184 8204 2352099363 2422734876 2229543471 75497738 210381835 556664832 2 1486424148 833098885 25440433 1 2147616355 4036177237 607160836 1107298338 2 512 50463232 273022976 285343872 2155897410 525873 608666185 39100596 2449493141 679358466 3800233340 0 43520000 37749760 151126016 570449927 1098965286 1179728 541333504 131782 553812096 262148 536903690 83887107 268435468 1080557852 1142235337 880025093 8 5120 1124073472 5800488 555892868 2214596608 131168 69730946 262144 805306369 118097408 32 33563652 33554434 1075872384 54534208 1318929 1926276356 2694120832 2818695328 9
is_linear=0
shrinkage=0.12


Tree=34
num_leaves=63
num_cat=58
split_feature=3 3 38 4 0 38 38 34 34 41 35 41 34 35 19 41 23 35 24 35 34 19 34 34 35 41 24 35 23 34 35 24 22 22 23 23 24 22 22 23 24 21 22 24 24 34 22 41 19 35 34 24 22 35 41 22 23 24 41 41 22 34
split_gain=41.7174 81.7481 181.556 76.2412 68.6909 108.129 101.103 110.849 99.9672 82.012 86.3611 80.6071 80.3748 78.6818 75.9013 72.6688 69.8962 69.1469 68.9261 68.6862 114.969 69.8708 91.4719 85.1244 81.9936 80.5145 69.3945 65.6518 63.6771 61.7405 91.3447 67.0462 61.6201 61.4861 71.6989 61.1626 61.065 60.6391 60.1389 61.0678 59.5946 58.0174 57.5009 57.3995 57.2932 57.2905 61.8717 56.3518 62.6931 75.6937 64.7935 63.1387 61.0723 58.4295 62.9567 59.0578 58.0578 56.2178 75.288 73.7099 54.7586 54.5045
threshold=0.042500000447034843 0.045833334326744087 0 0.094166666269302382 0.25305175781250006 1 2 3 4 5 6 7 8 9 10 11 12 13 14 15 16 17 18 19 20 21 22 23 24 25 26 27 28 29 30 31 32 33 34 35 36 37 38 39 40 41 42 43 44 45 46 47 48 49 50 51 52 53 54 55 56 57
decision_type=2 2 9 2 2 9 9 9 9 9 9 9 9 9 9 9 9 9 9 9 9 9 9 9 9 9 9 9 9 9 9 9 9 9 9 9 9 9 9 9 9 1 9 9 9 9 9 9 9 9 9 9 9 9 9 9 9 9 9 9 9 9
left_child=4 2 3 35 6 8 7 -1 -6 44 42 -9 43 -10 -14 17 40 -8 41 20 -17 23 24 -21 -23 -24 -25 -16 -4 30 -3 60 -22 -33 -35 -2 -30 -20 -19 -40 -15 -18 -11 -12 -7 -13 -47 52 49 -49 -51 -52 -31 54 -50 -56 -54 58 -55 -59 -32 -34
right_child=1 29 28 -5 5 9 15 11 13 10 12 45 14 16 27 19 18 38 37 21 32 22 25 26 -26 -27 -28 -29 36 47 31 33 61 34 -36 -37 -38 -39 39 -41 -42 -43 -44 -45 -46 46 -48 48 53 50 51 -53 56 57 55 -57 -58 59 -60 -61 -62 -63
leaf_value=0.0022438527844932639 0.0005155482054652788 -6.3256959635690362e-05 -0.0001206691354069288 -9.106233942183569e-07 -1.8740316831128438e-05 3.3193247140649781e-05 0.0001716784114051082 0.0027775385518471118 4.7793711674874083e-05 -2.0458402871978338e-05 -3.2854764183122798e-06 0.001509801453394742 5.0584227808693469e-06 -2.887288437423412e-06 -2.8644233673656849e-05 0.0018602658113196597 -3.5885567561548284e-06 1.2124719999613428e-05 -2.4044183662507165e-05 -0.0021442572569282401 0.00063397146543495327 -0.00085925185784017889 0.00041294156282151059 -0.0010082765097246069 0.00068573998676532319 -6.263181648243909e-05 1.3454062287724708e-05 -6.2610386989788866e-06 0.0003622169752129139 5.3643488027508577e-05 3.4741285907489038e-06 2.7908053401865843e-05 -0.0013534229129213197 -4.0269552087952161e-05 3.4155718310346588e-06 0.0016174596929645769 -9.9100638013550039e-06 -5.7643890837182438e-07 -0.0034294235341946508 -0.001128094023743644 2.6492380139219727e-05 3.7544634833524519e-05 1.2074789122790694e-05 -3.9283847907781297e-05 -1.4989182104251961e-06 -0.0011253332195333525 0.00019593737393291507 -1.5264704193367421e-05 -4.6735304269263728e-05 -1.2860809876632831e-05 4.8904379763565699e-07 5.7013998709408316e-05 -1.890830277872784e-05 -1.8776807017336822e-05 1.3101751794468874e-05 -1.2541355124393863e-05 1.7721879880054242e-05 -1.5701480816447964e-05 6.4081373044557066e-06 5.2032541699146498e-09 -3.6322786283189886e-05 5.2280501789228185e-05
leaf_weight=947 565 851 733 411 791 653 786 536 604 439 699 815 1285 539 1939 780 527 797 810 811 1475 544 2954 1734 3604 28094 3753 12918 441 1176 559 1231 556 798 1839 1358 1185 1872 633 1279 1242 638 1145 1794 1446 1149 2675 548 802 548 928 2048 776 1227 957 2529 1843 2849 10954 22752 1212 2647
leaf_count=947 565 851 733 411 791 653 786 536 604 439 699 815 1285 539 1939 780 527 797 810 811 1475 544 2954 1734 3604 28094 3753 12918 441 1176 559 1231 556 798 1839 1358 1185 1872 633 1279 1242 638 1145 1794 1446 1149 2675 548 802 548 928 2048 776 1227 957 2529 1843 2849 10954 22752 1212 2647
internal_value=-0.000613744 0.00178266 0.0169968 0.0406138 -0.00231865 -0.00702995 0.000125151 0.0146723 0.00595308 -0.0111133 -0.0134586 0.00770386 -0.0157473 0.0110698 -0.0126284 -0.00164331 0.00659573 -0.0183062 -0.00251877 -0.000398602 0.0122413 -0.00206428 2.04482e-05 -0.0136925 0.0167308 -0.00221764 -0.00827058 -0.0150514 -0.00652887 0.000516755 -0.0104829 -0.00490532 0.00506609 0.00395875 -0.00638729 0.0508052 0.00673989 -0.0130957 -0.027387 -0.0389189 0.0261684 0.0217162 0.0133834 -0.0357844 0.0114258 0.00255428 -0.00362876 0.00194839 0.000790396 0.0149853 0.0214479 0.0284337 0.0159811 -0.000587423 -0.0138418 -0.00679244 0.00570123 0.000920779 0.00762732 -0.00227228 -0.0241615 -0.00429236
internal_weight=147030 61120 4693 2334 85910 29341 56569 6122 7023 22318 20219 5175 18635 6232 16142 50447 5628 3495 3847 46952 5458 41494 35196 6298 4148 31048 5487 14857 2359 56427 6490 5639 4678 3868 2637 1923 1626 2682 2709 1912 1781 1165 1584 2493 2099 4639 3824 49937 46142 4072 3524 2976 3795 42070 4288 3486 2619 37782 12181 25601 1771 3203
internal_count=147030 61120 4693 2334 85910 29341 56569 6122 7023 22318 20219 5175 18635 6232 16142 50447 5628 3495 3847 46952 5458 41494 35196 6298 4148 31048 5487 14857 2359 56427 6490 5639 4678 3868 2637 1923 1626 2682 2709 1912 1781 1165 1584 2493 2099 4639 3824 49937 46142 4072 3524 2976 3795 42070 4288 3486 2619 37782 12181 25601 1771 3203
cat_boundaries=0 7 15 21 29 37 45 53 61 68 76 83 91 94 102 106 114 122 129 137 145 153 161 165 173 177 185 193 196 200 203 207 211 214 218 222 226 230 232 235 239 243 251 255 263 270 278 286 290 294 302 310 314 318 322 330 338 342 350
cat_threshold=2030043528 2214592546 6144 3221238272 2432893064 513 34816 0 235195392 1126536 4194304 32896 34 269518988 9297 8529484 2097172 1 34119936 2283798528 1610612804 1616904248 3289514244 65792 20975618 1478492160 0 402849793 790528 2147499008 2685403136 42074114 276 71303168 335544336 436404228 33817120 21235969 303040536 4194304 9052160 1074791425 4214786 2121768 50331648 3072 1212680 2147489792 16777216 268436480 3489858083 20971552 25199364 1082167296 262144 1024 243270144 1073747968 201388032 8978444 131120 2151720048 4849824 67108993 137 604250112 2148008209 335691776 65792 134217794 335549442 33558544 21028866 134218368 2148925472 263168 1 1090532608 66560 268435457 4266020 1116180484 106532 2147483648 537919632 42991616 268460288 13631496 1233920 32865 18106368 4127795777 8728962 2164536884 33849360 8392963 16777568 4718608 573441 16793600 6291680 67182592 9576682 2718722576 907083937 6 4206721 1092 393217 393472 1074364672 5262345 38912 2654208 1073746242 528416 548933 138938400 0 268959832 542117928 16908288 16 1070080 109052936 151142432 914505764 1082687488 1114256 68420353 4195360 512 939622560 66144 136314881 2718957824 33619976 33595649 1084228640 536936469 67108930 524512 2097160 8421504 32777 16777216 268961793 1090584576 33555472 268568632 2155937926 8328 4105 555025920 524288 469762048 1090519172 536936966 2621504 570428032 66696 1081114763 805373979 3315835272 8 136339969 146818048 268435456 604139520 536870912 2056 1217564 67119104 1833046616 151020074 3229877632 2 33554693 260 68157700 1147008 1073742912 16385 546834306 602112 2148024320 402653288 1581200 2097170 134217856 571483136 139460608 5246986 80890132 577401100 684727364 661138817 162271241 8765577 6 2190120274 547435106 2600484980 23617572 28770816 2592589990 1 2562295912 35676311 940048976 4 153749856 1090550220 731906080 4236297472 1141049690 171184257 8 840173282 542183428 1091583158 2 539503107 248014928 1351467402 4 539312258 2709597090 388016196 2 714283139 3974063620 6300258 581173357 1880131642 1259470848 2366123019 560280069 6 713300049 1547702288 3977118024 12 8847872 540817 32768 1076895744 630976 131344 2214592514 24704 3238153707 553460544 67110976 12 655616 394368 2450522112 28676 9535506 164864 68158049 4194816 0 3247439872 17826314 469807112 134397952 1115725896 213248 2097360 537395528 74240 8224 302301184 17826818 128 36176129 3279506 12583434 2164264960 2105344 2451570688 33554468 36928 1441792 482615468 3446020181 2179336 8 2169565198 1349517863 537540106 8 1052928 6147 1058 536870914 2417100032 132 134267074 14680640 1090519041 2183168010 6357260 46137472 1074398216 2147483657 16777472 67108865 302277664 565459136 1749059394 1 3223483394 1103458145 2147614786 1 3170976793 1639457816 96473672 2 9537552 5242881 24705 1174405120 3221225600 54525952 553656328 9994496 1074008132 136380518 3088 16809984 4202500 675282977 2156134416 3088 1084321801 868450606 3688512 14 8651264 2149646868 5573632 33555648 1049344 35676672 16777218 1048840
is_linear=0
shrinkage=0.12


Tree=35
num_leaves=63
num_cat=61
split_feature=6 38 34 35 34 22 22 35 34 23 35 34 41 24 35 22 24 23 24 41 34 34 22 22 35 23 22 24 21 22 21 41 34 35 21 23 24 24 34 22 22 39 24 22 34 35 41 23 22 22 24 24 24 24 35 34 24 22 23 34 23 21
split_gain=35.9892 94.4345 92.7843 82.1645 74.0066 69.1572 66.4931 84.6547 64.5195 64.5729 63.205 62.9835 62.5418 61.724 68.6961 57.2424 56.5961 54.4411 54.2007 68.8364 70.1804 58.8221 63.8671 53.8953 52.3308 50.8418 50.0871 49.0533 47.409 43.243 37.9409 37.8198 78.9534 65.7248 66.2576 70.1459 64.3526 60.7115 58.7873 56.3504 51.3685 48.0906 47.6609 48.4857 45.5409 81.0407 74.4764 59.5038 64.9446 62.9706 59.8346 53.165 52.7494 52.2996 47.2635 85.0699 71.5618 64.9063 55.6909 52.3198 47.9289 47.7405
threshold=0.6423240900039674 0 1 2 3 4 5 6 7 8 9 10 11 12 13 14 15 16 17 18 19 20 21 22 23 24 25 26 27 28 29 30 31 32 33 34 35 36 37 38 39 40 41 42 43 44 45 46 47 48 49 50 51 52 53 54 55 56 57 58 59 60
decision_type=2 9 9 9 9 9 9 9 9 9 9 9 9 9 9 9 9 9 9 9 9 9 9 9 9 9 9 9 1 9 1 9 9 9 1 9 9 9 9 9 9 9 9 9 9 9 9 9 9 9 9 9 9 9 9 9 9 9 9 9 9 1
left_child=31 2 5 26 15 -2 7 -5 -9 -10 23 29 16 25 -15 -3 -12 -7 19 -14 -21 22 -20 -6 -23 -13 -4 -17 -19 -8 -18 32 39 -34 37 42 -37 -35 -38 -1 -39 -42 -36 -44 45 53 -47 49 52 -48 -50 -51 -49 -33 55 -46 58 60 -57 -59 -58 -60
right_child=1 4 3 6 10 17 11 8 9 -11 12 13 18 14 -16 27 30 28 21 20 -22 24 -24 -25 -26 -27 -28 -29 -30 -31 -32 44 33 34 35 36 38 40 -40 -41 41 -43 43 -45 54 46 47 48 50 51 -52 -53 -54 -55 -56 56 57 59 61 -61 -62 -63
leaf_value=-0.00147178179922299 -0.00030942309831418147 1.7502482165453227e-05 2.2518983553388869e-06 -6.7715389034164907e-05 0.00070506073503390112 0.0001336602661895835 -0.00028458360380958017 0.0009402190987101741 0.00062467472264051858 1.7467343532162702e-05 -0.00091342628197573481 -1.0100929340111983e-05 -0.00010162212114845498 -0.00012412627839876962 6.0413589756746798e-06 -1.3298456846565684e-06 -0.00022949410480729699 7.9296313940259918e-05 1.1606587310280743e-05 -4.723946205464094e-05 6.1413252129016358e-05 -7.965870008651624e-05 -0.00048951206852361885 1.1379362502372474e-05 1.6328546291645956e-06 0.00035572832423449362 0.00056747989057598684 -0.00055809894878400029 -7.5357612077953768e-05 -1.2916198521390308e-06 2.1105270446035523e-05 -3.3724356865539878e-07 -0.00012186193961691358 9.2387762146166864e-05 -3.4555170087584618e-05 -0.00020309204589478506 -8.7663634159975716e-05 4.1510532062998085e-05 2.6502343603291563e-06 -2.7199600053288269e-05 1.244721486788669e-05 -5.2329749387662127e-05 -2.5386772070622171e-05 0.0001300572887962093 -0.00010173655863495053 9.8171494231343723e-05 7.9769763938193088e-05 7.3270603134147113e-05 4.4852560161121579e-06 -5.0609916486149283e-05 -3.0941144428191941e-05 1.1732816264954966e-05 -1.2133219344035282e-06 0.00020535727963854708 -8.0170163768794311e-07 -2.3536892290223662e-05 0.00012907986702065499 -0.00013727828842157439 -2.8431137514493107e-06 -1.7892727340654736e-05 -3.4999633798061837e-06 0.00011649955911355719
leaf_weight=415 674 573 435 538 528 433 518 424 958 2276 425 668 678 745 4407 420 550 413 432 669 3551 1107 957 1083 7864 1797 1221 1127 600 602 549 417 784 1138 428 1041 641 687 1648 794 743 929 320 774 1053 1099 1075 658 1485 686 3399 1618 1573 854 78358 652 426 605 577 2779 1154 998
leaf_count=415 674 573 435 538 528 433 518 424 958 2276 425 668 678 745 4407 420 550 413 432 669 3551 1107 957 1083 7864 1797 1221 1127 600 602 549 417 784 1138 428 1041 641 687 1648 794 743 929 320 774 1053 1099 1075 658 1485 686 3399 1618 1573 854 78358 652 426 605 577 2779 1154 998
internal_value=-0.000581098 0.00264345 0.00933676 0.0127471 -0.00281218 -0.0140713 0.00950173 0.0219011 0.0284469 0.0224769 -0.000358595 0.00352497 -0.00254376 0.00744002 -4.6464e-05 -0.0239775 -0.025625 0.000823004 -0.000220035 0.010167 0.015879 -0.0051369 -0.0280085 0.022255 -0.00156295 0.0230117 0.0378417 -0.0359461 -0.0143999 -0.0228975 -0.010909 -0.00167416 -0.00857639 -0.00473701 -0.0015931 -0.0106579 -0.020395 0.0109775 -0.00902214 -0.0372481 -5.05863e-05 -0.0114014 0.0106388 0.0238697 -0.000955387 0.00570363 0.00253339 -0.000593941 -0.00681913 0.0124919 -0.0145588 0.0012435 0.0101114 0.0343258 -0.00194518 -0.0105814 -0.00588087 -0.0138907 0.0119517 -0.0232509 0.00618087 0.0241209
internal_weight=147030 37222 16709 14589 20513 2120 12933 4196 3658 3234 18393 8737 16782 7617 5152 2120 1524 1446 15258 4898 4220 10360 1389 1611 8971 2465 1656 1547 1013 1120 1099 109808 10342 9133 8349 4852 3330 3497 2289 1209 2359 1672 1522 1094 99466 12864 11593 10494 7115 3379 4884 2304 2231 1271 86602 8244 7191 4964 2227 3384 1580 1575
internal_count=147030 37222 16709 14589 20513 2120 12933 4196 3658 3234 18393 8737 16782 7617 5152 2120 1524 1446 15258 4898 4220 10360 1389 1611 8971 2465 1656 1547 1013 1120 1099 109808 10342 9133 8349 4852 3330 3497 2289 1209 2359 1672 1522 1094 99466 12864 11593 10494 7115 3379 4884 2304 2231 1271 86602 8244 7191 4964 2227 3384 1580 1575
cat_boundaries=0 8 16 24 32 36 40 48 56 60 67 75 83 87 94 98 102 105 109 117 125 133 136 140 148 152 155 159 161 165 167 175 183 191 193 197 201 205 212 216 219 225 228 232 239 247 255 259 263 267 271 274 278 282 290 298 302 306 310 318 322 324
cat_threshold=536940932 2214888242 0 3225424384 16810112 5 269516800 8737 8656897 44045316 2273443968 276824064 1342177282 67129346 525056 196608 2281701408 4363 4423812 1073741824 12582946 1207959558 54658050 4098 8454272 0 1107339276 33556545 35864576 134287424 73400433 1536 1301092354 2424348705 1346384415 9 717818688 10289824 3942875360 8 285475840 270680576 99 335546368 2164525184 2363400 1476460544 1 1073741856 671350784 1073750536 128 34210308 2056 575012880 67112992 1086324836 199536 1168685648 15 52436993 1073759232 10496 16810032 2290090244 587595776 3792699396 2214690866 8 136314896 136314880 4 2151743616 2415919168 93096006 19693568 33554438 35072 17408 1178632192 9486338 134225985 100681728 945046217 1128399747 3224385664 12 65668 2181046784 3221238272 234897936 51119104 198400 67110976 1140917378 3926041472 1074797595 8 177078406 19209513 270585896 4 2166425216 1077936215 3361263918 562728984 1235764268 338128898 6 2952856345 65537 4210688 268443648 153354496 524368 536 1114792 2149089280 536872000 1310720 3221226496 1075061032 25822224 671744 67141672 1075970048 8390784 2097152 1074561568 536877120 2499938336 1610875136 34078721 2379486209 1214284354 2711781576 9871488 1221079090 1083209446 10 2148141322 2097152 1638403 537657344 536870912 2151694337 269025280 25251846 1411975238 1078493386 203490854 12 335564836 2871067649 290545707 67602465 805330497 152734496 4 3374927636 173900105 3492020398 2472546580 11276558 2 3597849103 2777333819 10400 147062881 134217728 134221832 4132 132096 630456320 4358914 67108873 2152726528 6 680296836 270008896 402657796 8388632 1048576 37953536 832 16777228 12289 570433540 134250496 537403428 263808 13723060 1938099430 1375863040 170209415 1869647912 14 52265446 122228805 285476936 12 2230417 1124545779 78646569 2 1610616832 1744935561 1153 0 1077936128 100737226 1443844 1913915652 86607521 1350775832 3 538978093 839164034 1344689554 23070802 1073741888 4980736 268461073 1074790402 1 1414039681 1745496577 763906049 9471760 1935704136 50050 12 2155938320 5760 33554434 679772176 1074299970 402722824 131184 21008384 1460482 45062 12288 2148008001 1056768 16842761 67239936 4735232 33570818 1619525632 16416 854146 1347648 61696 33570816 2188126723 985270824 276861984 9 4203545224 3376677413 554573984 1 3249178178 205521041 1175089812 8 2235772193 218898880 236196872 6 16952345 1258361281 598755860 428873999 3224668682 281280896 12 805635303 3762424392 275846149 6 68690432 266496 40960 2147567618 201326641 2449473568 2181038083 135426 1064960 1745510660 280840 67109184 768 1574944 547357704 72 2167545349 155796546 710937747 4 2285511172 944781476 136088673 5 587204889 1078183040 543615748 9 17040673 12584961 16777216 1080033792 393216 2227175554 33280 17028 107086388 2181826849 928520 2 454416012 1192034344
is_linear=0
shrinkage=0.12


Tree=36
num_leaves=63
num_cat=61
split_feature=1 18 35 41 24 34 34 23 34 35 41 41 34 23 23 24 22 23 22 24 22 22 22 35 34 23 34 19 35 41 38 34 34 24 41 35 34 34 41 38 24 24 23 24 41 34 35 23 34 35 24 35 35 34 41 34 41 24 22 23 24 23
split_gain=35.8211 110.695 86.9578 81.8049 78.0978 76.8731 71.2176 65.3898 80.9851 69.8349 67.4407 65.3205 63.1713 74.4303 62.8052 62.4481 56.5934 51.8033 50.4618 49.9625 49.7195 45.3007 44.5263 84.193 70.1725 69.7366 81.7782 78.5101 76.3139 72.7541 72.5979 79.394 78.9422 78.5314 73.3226 69.2186 98.5692 72.6586 66.5316 64.3866 64.1404 63.571 62.5564 62.0961 61.757 91.5641 64.803 61.3264 61.0195 81.629 80.0831 67.8931 57.592 76.1349 67.8869 70.0983 66.1749 56.422 56.319 52.5868 52.2124 51.1934
threshold=0.042500000447034843 0 1 2 3 4 5 6 7 8 9 10 11 12 13 14 15 16 17 18 19 20 21 22 23 24 25 26 27 28 29 30 31 32 33 34 35 36 37 38 39 40 41 42 43 44 45 46 47 48 49 50 51 52 53 54 55 56 57 58 59 60
decision_type=2 9 9 9 9 9 9 9 9 9 9 9 9 9 9 9 9 9 9 9 9 9 9 9 9 9 9 9 9 9 9 9 9 9 9 9 9 9 9 9 9 9 9 9 9 9 9 9 9 9 9 9 9 9 9 9 9 9 9 9 9 9
left_child=22 4 6 18 -2 14 -3 8 -7 16 -10 -11 -6 -14 -5 -8 -9 -17 -4 -16 -15 -19 23 24 -1 26 -25 40 -28 -30 31 -29 43 -33 -34 36 -24 -38 -39 -31 -27 58 -43 -32 45 -37 -47 -26 49 -46 61 -52 53 -50 55 -54 -55 -49 -40 -48 -56 -51
right_child=1 2 3 5 12 7 15 9 10 11 -12 -13 13 20 19 17 -18 21 -20 -21 -22 -23 35 25 47 27 28 30 29 39 32 33 34 -35 -36 44 37 38 41 -41 -42 42 -44 -45 48 46 59 57 52 50 51 -53 54 56 60 -57 -58 -59 -60 -61 -62 -63
leaf_value=0.00056060354937742204 0.00013277074438462611 1.9591255627959544e-05 9.2176488373575788e-06 9.7538980906053113e-06 0.00010180364907036797 0.00012437104890807103 1.2026412214861362e-06 -8.9737657041574216e-06 -3.0525122875568949e-05 -2.1397857113419859e-05 1.4310734945499971e-05 1.8645240958346095e-06 0.00012224589500837036 2.7373380792758417e-05 7.9570147420578561e-07 -9.459195075383207e-05 6.5807413814562371e-05 6.0775628062687102e-06 -5.246243040658874e-05 -4.0675846379996233e-05 -2.1308706510646526e-05 -4.9131089862137277e-05 -0.00064856567294901372 -3.4496653102130872e-05 -1.8751363597675877e-05 4.1859282196401502e-06 -2.7594805047399451e-05 -0.0012756155759233269 0.00037732314190705104 -2.9974994180036443e-05 -6.3379115039642977e-06 3.0440686677349341e-05 6.1720629154758848e-05 -5.1513333279543984e-05 -3.4739151650241182e-06 0.00037379591442120863 0.00010260496738587824 -0.00023644440476164148 -2.0298481526298345e-05 3.5436582649208446e-05 -0.00015516584583838211 -0.00013876088223679805 -5.3619192222880868e-06 0.00013913736366732963 0.00018811911458888747 -9.4365046582014242e-05 -2.1650724459041254e-05 -6.4679577495579072e-06 0.00016596979581223474 -1.2073173539383865e-05 -0.0002187906216937131 -1.1076100431879951e-07 -0.00096699622903916483 -5.8349648018367048e-05 -1.2521326575523478e-05 -2.1489980119595036e-05 7.1036794171438114e-06 0.00012580585083819761 0.00010117047632134041 3.5059429119944098e-05 -1.3227327960892608e-06 0.00015601159983131871
leaf_weight=677 1470 462 443 787 642 770 899 428 645 1600 4603 9570 656 440 524 630 1105 433 1252 1077 1142 975 813 1205 1152 625 1124 557 895 1067 673 1157 1006 2320 13756 819 807 1073 565 6259 1361 1091 2223 1394 1037 845 1488 645 899 533 691 3382 713 836 14873 4618 4823 1740 958 3163 31290 1324
leaf_count=677 1470 462 443 787 642 770 899 428 645 1600 4603 9570 656 440 524 630 1105 433 1252 1077 1142 975 813 1205 1152 625 1124 557 895 1067 673 1157 1006 2320 13756 819 807 1073 565 6259 1361 1091 2223 1394 1037 845 1488 645 899 533 691 3382 713 836 14873 4618 4823 1740 958 3163 31290 1324
internal_value=-0.000393383 0.00326362 0.000315847 0.00298737 0.0209628 0.00502817 -0.017555 0.0076165 0.0179104 0.00272748 0.0125019 -0.000579497 0.00937757 -0.000213307 -0.0152 -0.0244557 0.0266407 -0.0360585 -0.0222847 -0.028791 -0.0143036 -0.0228169 -0.00135269 0.00204438 0.0180028 2.51396e-05 0.00808937 -0.00370062 0.0118884 0.0159019 -0.00152335 -0.0159565 0.00194525 -0.00911434 -0.00113713 -0.00297277 -0.0139061 -0.00907712 -0.0136981 0.0119051 -0.0264264 -0.00764693 -0.0169573 0.0238384 -0.0018165 0.00950212 0.00387798 0.0111242 -0.00291738 0.00768591 0.00222146 -0.00719705 -0.00419124 0.00639268 -0.00554032 -0.0183492 0.00120613 0.0220776 0.0125863 0.00944455 -0.00405674 0.0227929
internal_weight=147030 30553 26203 22804 4350 21109 3399 18721 6018 12703 5248 11170 2880 2238 2388 2937 1533 2038 1695 1601 1582 1408 116477 37613 4214 33399 10550 22849 9345 8221 20863 4034 16829 3477 14762 78864 7530 6717 5910 7326 1986 4837 3314 2067 71334 6315 5496 3537 65019 6967 5930 4073 58052 6558 51494 5331 5659 2385 1523 4651 46163 1857
internal_count=147030 30553 26203 22804 4350 21109 3399 18721 6018 12703 5248 11170 2880 2238 2388 2937 1533 2038 1695 1601 1582 1408 116477 37613 4214 33399 10550 22849 9345 8221 20863 4034 16829 3477 14762 78864 7530 6717 5910 7326 1986 4837 3314 2067 71334 6315 5496 3537 65019 6967 5930 4073 58052 6558 51494 5331 5659 2385 1523 4651 46163 1857
cat_boundaries=0 7 15 23 26 34 42 46 53 61 69 77 85 89 93 96 100 104 108 112 116 120 123 131 139 143 151 158 166 174 182 190 198 202 210 218 226 234 242 250 254 258 261 264 272 280 288 292 300 308 311 318 326 334 342 350 358 361 365 368 372 376
cat_threshold=65537 1 0 0 0 0 1024 2097664 679489538 16778561 1215561772 83886336 402653184 16777216 4792320 402655232 2 16794632 294948 407109632 469786689 335634448 4720640 2164526193 2755366034 2466955776 67115665 67108869 17825792 33554720 622664 134254597 1568 67698688 32769 18874372 168820736 2097158 8405000 75640832 285212672 34676738 289952339 2557280355 1908992 11 1084235776 2151678016 528400 1085417545 168952322 554696704 604504064 905989120 18433 1074003968 67633792 705167504 536903691 34078724 16777344 2658320 64 536872964 2483159040 525348 262144 2148401666 21009 76615688 2147492384 65537 683671872 16779264 537002114 537133120 34603017 2224195144 5345 0 33554432 72105984 134750336 147456 49152 1678778560 1669906775 3221243964 12 2164660017 1141773185 24670242 1 570529690 3238027658 3693097041 3758296065 1277538528 6684960 3 581075760 771769094 813740712 8 550520036 251659273 474039136 4 202167692 2823853056 117471876 10 152880131 1370005760 53100549 8 369297449 709036066 138466200 1 709123 25408253 106697856 590464 5243138 64 294912 1589764 4325760 1082394648 22028353 2147516675 3388997900 1 545259520 2147517194 276890120 1073807360 83902496 2233549190 405799512 1405181504 4 682627078 98312 2348810240 2162688 2 16781505 1074266122 1082448 0 3231204864 2151744024 268435488 54534277 58990592 41096 2147512649 270598184 0 154140672 2229504 302055520 73730 1792 1077936168 84021312 0 134512642 2885714944 1207959552 1074872321 84738176 1074927232 2214626816 1024 536870912 1048593 1073741824 3932444 8760 553656321 1073791428 92291584 16384 1342701576 262336 2099270 16 152248360 1081860 134751232 67113024 2097216 33571328 1887438848 262274 1212219418 177119764 1254802017 4 2149580800 262145 33559616 547356672 76292096 167904516 10618883 1048592 1059328 1065504 1610629120 207360 541236 2684354560 1082133522 5242880 578 136314880 3225456640 704643584 35 8913408 73826312 4718612 4194352 2056 67125760 8224 1091061248 67178628 1073750306 69206272 33822720 587210752 528386 1209008914 4849736 1075838976 33554433 75505672 2056 201590800 69632 570449920 2147614721 608 34078720 8280 75598930 2214658485 336611895 10 404031827 2214601932 3059881028 4 354618553 113316128 2165064552 1128613121 2021748793 203719702 34816 343998504 1610612736 33698848 272629760 16464 864035840 10491904 142868484 671350816 1178943616 37752832 41058 18878464 2147483672 1025 1141243920 1073741824 16777218 16450 704646146 134242562 67682880 2 3768754947 122816321 2953380368 10 2102082 18874368 16973824 704954368 1025 0 5772316 6680 64 419435712 33554563 4160 167774210 33753088 18014209 18944 805437517 1443527236 339890350 8798241 67110912 268775424 538444805 817889408 1344307200 201326784 25432320 1216577536 268439560 1049922 1073741824 11534337 67670016 623616 605552640 264772 2160623648 2056 547364864 402653256 2694840352 2097408 0 1073873024 56754372 0 2769298560 570697736 1048706 1220608 1073741824 953155594 9175072 4096 539230352 83972 536870914 262145 1120141312 134236160 66116 3238002820 1207959680 272635944 1073741824 67239936 1477843266 1951940616 79863936 103886116 1342178304 4043382834 4 2701812693 4983187 540157188 1093232652 6753414 226522252 4 836638723 139988994 270611780 10
is_linear=0
shrinkage=0.12


Tree=37
num_leaves=63
num_cat=62
split_feature=24 41 22 34 35 34 22 23 35 41 22 41 34 35 23 23 22 41 22 22 23 34 35 41 35 23 19 41 41 34 22 23 23 35 35 34 22 34 22 41 35 34 35 35 41 35 35 35 24 35 24 23 34 34 23 21 22 23 21 23 21 35
split_gain=32.816 71.2009 70.2172 66.9189 76.1019 75.3795 71.3792 62.6551 84.7045 74.5986 69.2843 63.4522 64.4837 70.6454 61.6373 60.2664 55.679 55.379 51.9542 51.1357 49.8156 49.0678 103.549 106.587 60.1479 54.0816 53.2615 55.968 52.8094 87.9175 65.7515 60.9627 51.1556 83.0256 68.7806 102.313 88.9737 66.7151 63.6264 59.392 57.3827 54.7072 83.6348 58.2626 55.156 64.9836 64.5472 49.1853 53.8354 48.7287 57.4974 50.3074 48.2937 47.8486 46.6623 48.804 46.6212 46.1104 47.7889 45.5527 44.9507 43.7097
threshold=0 1 2 3 4 5 6 7 8 9 10 11 12 13 14 15 16 17 18 19 20 21 22 23 24 25 26 27 28 29 30 31 32 33 34 35 36 37 38 39 40 41 42 43 44 45 46 47 48 49 50 51 52 53 54 55 56 57 58 59 60 61
decision_type=9 9 9 9 9 9 9 9 9 9 9 9 9 9 9 9 9 9 9 9 9 9 9 9 9 9 9 9 9 9 9 9 9 9 9 9 9 9 9 9 9 9 9 9 9 9 9 9 9 9 9 9 9 9 9 1 9 9 1 9 1 9
left_child=1 2 54 6 5 -5 15 8 19 -10 -11 57 16 -14 -4 -3 -13 -8 -7 -6 -19 22 -2 -24 -25 56 -27 -28 29 -23 31 -31 33 38 35 -34 -37 47 -30 53 -41 42 -36 -44 45 -43 -46 -35 -49 -32 -51 -52 -38 -39 -1 -56 -26 58 -9 -20 -33 -22
right_child=21 3 14 4 7 18 17 11 9 10 -12 12 13 -15 -16 -17 -18 20 59 -21 61 28 23 24 25 26 27 -29 32 30 49 60 34 37 41 36 52 39 -40 40 -42 44 43 -45 46 -47 -48 48 -50 50 51 -53 -54 -55 55 -57 -58 -59 -60 -61 -62 -63
leaf_value=-5.8377062735688748e-05 0.00013540602985123498 -1.5405452983287844e-06 -1.4661907012079439e-06 0.00023570973478528781 -3.1241021371704023e-05 -4.160828491679894e-05 0.00011919274747338554 -0.00037649865846890761 1.9391768297486626e-05 -4.2406416942421984e-06 -4.8048616359534291e-05 0.00016884918613261024 -5.3924872134476786e-05 -3.3561774294428427e-06 -9.6697392133598649e-05 0.00017002906832164986 1.1813884458743463e-06 3.778409383543911e-05 0.00010358463265378098 0.00010404290913749802 7.3791952732286305e-05 -0.00040228417605916555 -5.3956041169148924e-05 -4.2531277617786822e-05 5.5326494680350706e-07 -4.4128061878231429e-05 9.8069687069202814e-05 2.006125132064728e-06 3.7277814291995834e-06 1.3143441337161086e-05 -5.2814444912059471e-05 -6.2364094753021221e-06 -0.00050183128682564982 1.7390413535232483e-05 7.6798658402686909e-05 -5.1637911865555097e-05 -2.3208234684177513e-05 7.2937069679264986e-05 -6.9052917797398494e-05 4.7063237985502412e-05 8.7307994193037361e-07 -7.1412505123375771e-05 -0.0001267792188340205 -6.626010619852832e-06 3.5547407408067464e-05 -3.3458265856726493e-07 5.4013893727730188e-06 -4.7063704908274443e-06 -6.9845193351563282e-05 6.5518558177455813e-05 9.6408262783228042e-05 -2.2836779743159417e-05 2.019138390862749e-05 -4.7825881946356742e-05 -1.1425496004977664e-05 0.00016992474812301765 0.00011716056293494185 0.00014238586648674252 5.7404324104915704e-05 2.4431211315525099e-06 -0.00030403032965781087 -5.3995987663422449e-05
leaf_weight=422 1272 536 938 526 423 805 546 304 986 2605 5899 889 2285 15834 2075 1150 1918 838 669 933 444 899 1304 940 784 836 1382 3896 884 550 684 437 777 555 807 1438 564 335 1937 1922 16033 799 765 5282 4954 3746 33377 1060 1546 1400 543 1452 2424 1776 420 550 1987 1118 518 1403 880 1769
leaf_count=422 1272 536 938 526 423 805 546 304 986 2605 5899 889 2285 15834 2075 1150 1918 838 669 933 444 899 1304 940 784 836 1382 3896 884 550 684 437 777 555 807 1438 564 335 1937 1922 16033 799 765 5282 4954 3746 33377 1060 1546 1400 543 1452 2424 1776 420 550 1987 1118 518 1403 880 1769
internal_value=-0.000563142 -0.00318616 -0.0176862 -0.00167508 -0.00347456 0.0135988 0.0109462 -0.00520223 -0.0127095 -0.0167207 -0.0203476 -0.0016365 -0.00356481 -0.00618829 -0.0279669 0.0312367 0.0133239 0.00136324 0.00585668 0.0152631 -0.00497549 0.000662017 0.00772416 0.00399605 0.00828301 0.0113431 0.00501468 0.00948203 -0.000336073 -0.0104477 -0.0051158 -0.0236934 0.000520044 -0.00385879 0.00259678 -0.0105158 -0.00340693 -0.00149232 -0.0232545 0.00106385 0.00330606 0.00397089 -0.00597727 -0.0108335 0.00556239 -0.0069256 0.00704483 -0.0176615 -0.0245683 0.00343191 0.00933371 -0.00376679 0.00839998 -0.017918 0.00461534 0.0190631 0.0252246 0.0190573 -0.00258986 0.0158925 -0.0376523 -0.0144
internal_weight=147030 46803 4405 42398 37115 3403 5283 33712 10846 9490 8504 22866 20926 18119 3013 1686 2807 3597 2877 1356 3051 100227 12401 11129 9825 8885 6114 5278 87826 6845 5946 1867 80981 26048 54933 5203 4426 23227 2821 20066 17955 49730 6854 6047 42876 4545 38331 3161 2606 4079 3395 1995 2988 2111 1392 970 2771 1940 822 2072 1317 2213
internal_count=147030 46803 4405 42398 37115 3403 5283 33712 10846 9490 8504 22866 20926 18119 3013 1686 2807 3597 2877 1356 3051 100227 12401 11129 9825 8885 6114 5278 87826 6845 5946 1867 80981 26048 54933 5203 4426 23227 2821 20066 17955 49730 6854 6047 42876 4545 38331 3161 2606 4079 3395 1995 2988 2111 1392 970 2771 1940 822 2072 1317 2213
cat_boundaries=0 3 11 15 23 31 39 42 45 53 61 65 73 81 89 93 97 101 109 113 116 120 128 136 144 152 155 162 170 178 186 189 192 196 204 212 220 223 231 234 242 250 258 266 274 282 290 298 306 309 317 321 325 333 341 345 347 351 354 356 360 362 369
cat_threshold=1375822148 138500102 2290313165 18688 2148598016 92274688 136052736 71590912 13111328 1572928 65682 1503200002 981762096 302019484 1 0 134480000 134352128 2701672960 9441416 2629760 540016657 50331912 5538816 65536 16781312 1073743872 17435906 3229614100 2172917768 622592 25453312 337 553713664 67174400 6316032 1343225860 197632 196640 1347422278 2723512850 1814268104 2066115616 2693415764 1073759758 9 2151698560 1075838982 33620480 8650752 136351744 1143996708 131200 2281701376 4456448 4352 3225432097 3766485000 2147492438 1208090632 2097152 2755789674 1078528416 2706380210 2 65536 579079180 524306 16390 136319488 33850368 136586272 33685504 34640914 132096 2181042696 2097184 537395303 1073741856 262272 5638144 8388672 2189428736 269090850 33554432 2359425 262722 1343234849 139266 408813697 3644343377 134742098 9 143169605 7522588 705058818 8 2248344732 35693573 1611691230 3 8392848 536879108 73793 2099232 2064 33562624 37756932 22040576 210796640 1832917299 646447256 5 1649455890 2182976656 1091567658 2285372549 3533772836 673716256 7 268632064 3238105088 2097184 707002379 537460784 268697600 665600 4194306 1048576 2818574848 10498563 165952 201326592 38043648 268767232 5768704 1275101185 537141568 1048579 8389700 524480 2214634497 539234320 1048576 262400 1073741832 327936 1077941249 1628504098 2348875808 556269580 196608 1633866020 3221635077 404260780 262272 2304 39854089 142614566 537002115 545259526 57352 8389312 2147484672 19014220 1343225856 1207968002 0 2147524994 33554561 2147614752 1086326916 2228368 2149580832 1753219584 1073750528 201394432 528388 2101520 132096 73732 16 2147500416 54084617 538969616 41943044 2285898758 1947993408 2702750270 2550927522 1151932077 273686534 137237646 1410373687 143753616 2 34603392 1183808 75497472 276850752 134235266 1073741824 12656652 2195584 673195008 3221225488 1090531332 1627389952 5374208 268468240 1644433408 34605568 5640 3776 2282487810 16783460 134348802 8388608 136315920 33818112 2704343788 212045905 1896415553 2147754080 262400 2214658304 2214596612 1082155074 3221226496 301989889 10528768 2290927106 269364254 100722830 1050768 335675416 2299527680 32832 285349892 134221904 262178 2113537 592 0 1073814529 536875008 1115947300 2684387665 537427968 8398912 16781473 0 26347840 525568 1077970432 67248208 65664 397336 33554758 409600 2147485696 335544832 268534316 1140850690 16384 67141848 526464 65824 3 144710656 1076101139 46137409 335546432 4194304 1074071040 262656 2147483661 67108874 4194434 570753088 1181184 17958914 1090519106 135266312 47448128 268468808 671090688 16777216 1536 135210 16777353 1310792 815153152 142872900 536870912 576 1581060 8912900 67176448 2281701888 2147615044 33936 2107401 103809024 67108880 33562890 71601314 3306824672 1644167216 67109536 545260548 33554944 68624401 4098 3328 2147483672 67108888 153224242 4127491681 843057152 12 136466688 1443958580 13830658 8 136315010 575406080 37883904 75546624 268435584 553648546 64 300 1075838976 5242882 710 16842752 35917824 524800 1064968 67109120 50400418 58204800 571004456 8 1353650008 2551424620 2351497486 1090784144 77662287 2 71406359 1092982786 2269190176 138740312 701205554 6163208 3492234 2701870466 2 3323335938 817008788 33554440 327162945 256 2097152 939933712 16793600 2147485505
is_linear=0
shrinkage=0.12


Tree=38
num_leaves=63
num_cat=62
split_feature=24 41 34 35 23 34 35 35 34 23 22 22 23 19 35 23 22 40 35 34 35 41 22 22 22 41 34 23 22 22 34 22 41 34 23 34 35 19 23 35 34 34 41 35 23 34 41 41 35 34 23 35 35 23 34 23 24 24 40 24 23 22
split_gain=33.1167 56.858 85.1959 57.4418 60.6197 56.344 70.4607 59.5726 62.5178 63.8571 58.8261 58.2693 60.1914 53.9971 64.0227 55.9706 55.893 51.6588 68.6605 67.7791 65.5115 58.6527 54.7617 53.2518 42.9744 40.9515 79.1823 60.4262 64.2761 59.7235 61.7539 42.1517 80.3759 73.5422 74.4251 72.463 65.4075 68.1703 65.2141 61.0844 77.6884 61.5993 79.1954 65.8644 60.161 69.6506 60.7571 56.7459 75.0665 74.1882 55.3845 95.0441 61.0828 55.1876 54.9842 52.9648 48.9049 44.25 40.7431 40.1691 40.058 39.651
threshold=0 1 2 3 4 5 6 7 8 9 10 11 12 13 14 15 16 17 18 19 20 21 22 23 24 25 26 27 28 29 30 31 32 33 34 35 36 37 38 39 40 41 42 43 44 45 46 47 48 49 50 51 52 53 54 55 56 57 58 59 60 61
decision_type=9 9 9 9 9 9 9 9 9 9 9 9 9 9 9 9 9 9 9 9 9 9 9 9 9 9 9 9 9 9 9 9 9 9 9 9 9 9 9 9 9 9 9 9 9 9 9 9 9 9 9 9 9 9 9 9 9 9 9 9 9 9
left_child=1 2 -1 -4 -5 6 -3 8 -7 -10 -11 60 -13 14 -9 -16 -17 18 22 23 -21 -20 -15 -19 -6 26 -2 28 -28 -29 -31 32 35 34 -34 -27 38 56 -35 40 -33 42 -41 -44 61 -46 -47 48 -43 -50 51 -49 -52 -37 -39 -45 -38 -36 -26 -32 -8 -42
right_child=25 5 3 4 24 7 11 13 9 10 -12 12 -14 17 15 16 -18 19 21 20 -22 -23 -24 -25 58 31 27 29 -30 30 59 39 33 36 57 53 37 54 -40 41 44 47 43 55 45 46 -48 50 49 -51 52 -53 -54 -55 -56 -57 -58 -59 -60 -61 -62 -63
leaf_value=5.158777835843135e-05 0.00014732503921107052 4.8149523056321335e-05 -0.00028836642897318149 -0.00010517352701224777 -6.4398582721831335e-05 -0.00015099465628361434 -4.0793577311439323e-05 0.00034620748193048571 2.0261528961017462e-05 -0.00018298852950048366 -5.9606119908897986e-06 -2.1991900906804261e-06 -9.3326277596980119e-05 0.00027002565224578258 -3.1783801951767055e-05 -2.4121520073626117e-05 9.2797927620470819e-05 2.3248429459988051e-05 2.1258989479380649e-05 9.1204779027242999e-05 6.8240687964555448e-06 -1.103702917303822e-05 4.0491241262828425e-06 -5.8072342735979092e-05 -0.00017327839313254211 0.00010819008973523098 5.304750248736195e-05 -1.0378573269961354e-05 -4.8735507478180728e-05 -2.6511081216375463e-05 0.00014152699045756983 -0.00014103665198291371 3.0558260350290034e-05 3.6901791368089831e-05 -4.8324692188119266e-06 -0.00033961282680457108 1.1281212028341998e-05 5.6988698545573061e-05 -6.0423032675975058e-05 -0.00011236842590598003 6.3704807080234037e-05 0.00019574106244572782 -6.2678539076085961e-05 -2.6727452394638535e-05 3.017582594088672e-05 2.5846800251387843e-05 -4.4545360835776834e-05 8.1071359318648711e-05 -8.4639309426710681e-05 1.607207873456659e-05 1.893145965850931e-05 2.0707237802269407e-06 -5.0094976461542305e-06 -1.4017508935583013e-05 6.5151507554923634e-06 6.9553320346041167e-06 0.0003026958376474834 -0.00013565127400698022 1.8101575064296297e-05 3.0909669966051202e-05 1.8180639235975817e-05 -2.9524364067028375e-06
leaf_weight=644 1044 681 739 1041 668 596 436 540 940 667 1493 919 2090 541 562 452 1126 431 1692 1250 9945 14147 1375 1173 330 518 683 1480 1596 558 1265 809 1018 774 968 673 708 2822 1505 894 730 970 901 1593 642 653 3427 1940 554 4414 2932 11524 25625 1748 16302 3575 1121 1182 1389 1644 869 1502
leaf_count=644 1044 681 739 1041 668 596 436 540 940 667 1493 919 2090 541 562 452 1126 431 1692 1250 9945 14147 1375 1173 330 518 683 1480 1596 558 1265 809 1018 774 968 673 708 2822 1505 894 730 970 901 1593 642 653 3427 1940 554 4414 2932 11524 25625 1748 16302 3575 1121 1182 1389 1644 869 1502
internal_value=-0.000473366 -0.00311115 -0.015451 -0.0217372 -0.0150697 -0.00169111 -0.0136369 -7.14618e-05 -0.0144984 -0.00755782 -0.018895 -0.0193065 -0.0284806 0.00153763 0.0178306 0.00836428 0.0199245 0.000102072 -0.00408622 0.00591054 0.00921923 -0.00668475 0.0173029 -0.0170792 -0.00445183 0.000756086 0.00883844 0.00434373 -0.0117852 0.0117846 0.0203852 2.86838e-05 0.00378181 0.00587914 -0.0112453 -0.0150051 0.00821889 0.0103201 -0.0110519 -0.00172831 -0.0116836 -0.000318927 -0.0108559 -0.00590034 -0.00754521 -0.0152091 -0.0209971 0.00121323 0.0121815 0.00616866 -0.000339732 0.00600178 -0.00333088 -0.0237238 0.0081898 -0.000648637 0.0323954 -0.0238668 0.00561522 0.0274016 0.00191339 0.00866307
internal_weight=147030 46736 4811 4167 3428 41925 4995 36930 3696 3100 2160 4314 3009 33234 2680 2140 1578 30554 17755 12799 11195 15839 1916 1604 2387 100294 8270 7226 2279 4947 3467 92024 29339 26400 3168 2939 23232 20953 2279 62685 7763 54922 6963 6069 6954 4722 4080 47959 5938 4968 42021 13464 28557 2421 19124 5168 1829 2150 1719 2909 1305 2232
internal_count=147030 46736 4811 4167 3428 41925 4995 36930 3696 3100 2160 4314 3009 33234 2680 2140 1578 30554 17755 12799 11195 15839 1916 1604 2387 100294 8270 7226 2279 4947 3467 92024 29339 26400 3168 2939 23232 20953 2279 62685 7763 54922 6963 6069 6954 4722 4080 47959 5938 4968 42021 13464 28557 2421 19124 5168 1829 2150 1719 2909 1305 2232
cat_boundaries=0 4 12 20 28 32 40 48 56 64 68 72 76 80 87 95 99 103 109 117 125 133 141 145 149 153 161 169 172 176 180 188 191 199 207 210 218 226 233 237 245 253 261 269 277 281 289 297 305 313 321 325 333 341 345 353 357 360 364 369 373 377 381
cat_threshold=1375822148 138498054 2291353549 4 268453125 1146880 75505664 35389440 71573504 2420805696 524288 98320 1074796544 64 1077039121 268583041 1212153856 4203524 4112 33559304 1346634048 1082132481 8454464 4194816 805322756 201334784 2097160 8784 1023975482 33989388 56723464 4 2181234720 2181109776 1073807360 1048713 33554456 0 658050 14697474 18350752 536870912 2 65584 810418436 142803986 134217732 33587264 2155872768 16448 303072514 16779266 2214593097 64 536879633 67121408 134217856 79691908 524421 929038336 24580 2307948546 8388644 32768 2298676929 705922054 364911876 8 436373504 3377074432 3480225976 8 438968834 273227985 4036362786 4 2148057801 1477492768 2516157512 12 0 2164788992 3154984 79691776 276826184 553951300 303104 4195328 37782528 262152 1187021825 8525824 570425344 2164541512 2228256 121936896 879256114 2148600066 8 1485051910 10653702 5423780 1 1476395137 268720640 160694373 83907728 1052682 1 2138400 269484064 1090523136 139360 553649536 4194305 1086361632 16779392 135036928 32836 134217768 3355476032 16779264 2147483650 1111613441 1835009 134481920 8389640 537133640 1342177416 268437508 2256797952 2149056520 132100 2147483648 814221824 2147615780 12582912 35686406 263172 405798952 75505664 1879507977 2216985098 268763604 5 2684625441 426003 761069712 10 3761504821 1884913984 201523456 1 271057925 2152792064 335546368 1779441664 306515984 276856834 2 16 33152 169869633 138993664 278544 16777216 269549569 538972290 513 70256022 2416741929 321914802 845317376 312480278 2308343815 1 584330578 69500950 54577473 1 1124343816 34816 4380 2147483716 1074807040 4194368 8422656 50340096 2214598675 428487727 1114643715 2348820480 27525284 0 268435464 1074825248 2147753985 1073749072 657408 1 270336 599785488 268468304 17825794 1107305472 84542664 657409 331382873 343955076 829000516 406855680 536915008 5267528 4202496 2684362880 4198400 603987968 393224 1050112 1073753600 2684387456 2181124098 2147485448 81924 570431488 131072 0 67117056 205570570 12369 142770315 75825304 131584 1613834384 2571408561 707688 2 134742016 2166784 8784 4194304 38093312 1216356352 21012483 33587506 171991170 0 256 2105856 2222990529 608174152 2787116032 8193 672170016 671091488 1050689 2248687616 8388872 2101250 1 75890696 1141243920 100671488 2150240257 33284 2684878851 0 328192 1659009 1073741828 10560 33570820 2147496064 28835840 154624 1073874944 4197952 3661825025 155984393 2686195930 1 1073744896 1077952576 2684356624 536924166 33056 2156921984 1090519041 12715008 135268370 33566978 1074270216 4194305 130 2705342528 2151711744 917632 202408456 16778240 16386 268962824 1073774624 3223343116 1644167232 526337 270553088 263176 67113092 166113 16779393 18472 142610688 65600 4195584 16777216 67141888 1210056832 3361210368 131072 2155938064 1147648 606122084 13246593 2118649200 13 2149780492 8407040 1074315272 1049091 2148532296 537954308 131088 67108864 25170432 98 536870914 67108864 3221757961 196672 839141376 17458688 279381633 88728581 75531104 2 135463432 2164263696 609 33554432 2214593792 262146 578846721 67125252 259146752 1384213537 1116995700 4 2528411 3408969 38574096 674665098 1076504697 1376262146 8 293601408 268468224 92405760 268443936 24576 2705621179 95551616 859838482 10 1097132033 2284191746 3519546660 1 1350615488 610306832 172544 1
is_linear=0
shrinkage=0.12


Tree=39
num_leaves=63
num_cat=62
split_feature=19 34 35 22 35 34 24 22 21 23 24 23 23 34 23 21 22 22 24 34 35 41 22 35 23 24 22 23 24 35 35 24 21 24 21 21 35 34 22 41 34 23 22 24 21 23 21 23 22 35 41 34 41 23 35 23 24 24 34 24 23 35
split_gain=29.8252 74.9077 69.557 69.5267 69.2829 68.1324 67.0899 54.3399 54.2787 51.6336 50.4075 68.0194 58.2268 60.2859 47.9403 42.0858 41.431 37.4826 37.2593 32.4801 76.1079 71.0051 58.6903 68.7045 58.2954 64.6534 53.9505 52.1041 51.2197 51.112 48.2427 47.314 50.7707 39.7598 39.3987 38.6555 34.3902 81.878 66.2001 65.5519 57.0547 55.2264 59.9509 57.3838 37.7315 37.7307 34.288 33.3187 32.4325 66.8507 71.0465 69.8644 73.8538 62.0564 61.4316 66.4641 61.025 56.9473 56.3139 67.3684 62.2049 58.9982
threshold=0 1 2 3 4 5 6 7 8 9 10 11 12 13 14 15 16 17 18 19 20 21 22 23 24 25 26 27 28 29 30 31 32 33 34 35 36 37 38 39 40 41 42 43 44 45 46 47 48 49 50 51 52 53 54 55 56 57 58 59 60 61
decision_type=9 9 9 9 9 9 9 9 1 9 9 9 9 9 9 1 9 9 9 9 9 9 9 9 9 9 9 9 9 9 9 9 1 9 1 1 9 9 9 9 9 9 9 9 1 9 1 9 9 9 9 9 9 9 9 9 9 9 9 9 9 9
left_child=1 14 7 4 -4 17 -6 -3 -9 -8 11 -7 18 -14 -1 -16 -13 -5 -12 20 28 26 27 34 25 -25 -22 31 -2 -29 -26 -23 -33 -31 -24 -30 37 38 -21 44 47 43 -43 -42 -39 -40 -28 -41 49 50 -38 54 56 -52 -51 -56 -53 -54 59 60 -50 -61
right_child=19 2 3 5 6 10 9 8 -10 -11 12 16 13 -15 15 -17 -18 -19 -20 36 21 22 23 24 30 -27 46 29 35 33 -32 32 -34 -35 -36 -37 48 39 45 40 41 42 -44 -45 -46 -47 -48 -49 58 51 53 52 57 -55 55 -57 -58 -59 -60 61 -62 -63
leaf_value=-0.00048663231459178467 -0.00036030905245989831 0.00035249934200548929 -5.0893848604644476e-05 -1.1381576339715886e-05 -1.5737280035997577e-05 -4.3574784257869062e-05 -3.630915093395006e-06 0.00019339747854518641 -3.2713228923740922e-05 0.00017605971134318119 -3.3562052590223017e-05 -2.1107433999330699e-06 2.9114172718882287e-05 -6.9088100097987556e-05 5.6032357353429506e-06 -5.3353317804104555e-05 0.00015297489354504628 -0.00026915933820468847 3.4050230433062742e-05 6.2897802819328978e-06 -0.00066193835379868961 -9.707907756052179e-05 4.1523084786118725e-06 1.9115846202199978e-05 -3.7767920842081073e-05 -4.647955219290368e-05 -5.8657458049386456e-05 2.7922575091103449e-06 -5.8819689221519646e-05 0.00057885246468763248 1.957189433624417e-05 0.00051737819069017522 -6.6816141372414447e-06 8.8544302613726854e-05 0.00022488494655873987 2.9032383059789603e-05 7.6787507865689941e-05 -0.00037718671027816062 -3.2150015052932618e-06 -5.2784184798258291e-06 0.00021257363290849216 -6.8170310172589144e-05 -1.1709626364575345e-06 1.7228637791416843e-06 -1.7847753070457722e-05 -0.00061570581690715968 3.2136600612150975e-05 9.6694416010350903e-05 3.0693329034139879e-05 0.00017669485378906221 -0.00010355093302668404 1.3230359564506176e-05 1.8645090986364573e-05 -8.2968990950241531e-06 0.00011397636894570781 1.0204440294670282e-07 -6.5230608798669542e-05 9.5213392945450443e-07 -2.9598871220829147e-06 -2.7171879569613149e-05 -3.0926658419330689e-05 3.32393264482153e-05
leaf_weight=422 435 417 551 320 808 528 541 435 535 1388 442 564 441 2288 435 515 682 714 733 444 424 327 322 781 690 1758 460 655 424 673 4524 315 572 1489 501 549 606 538 215 315 555 1648 3630 1413 560 862 516 747 756 797 1055 818 7655 2224 988 2137 1709 16592 64292 780 2060 5460
leaf_count=422 435 417 551 320 808 528 541 435 535 1388 442 564 441 2288 435 515 682 714 733 444 424 327 322 781 690 1758 460 655 424 673 4524 315 572 1489 501 549 606 538 215 315 555 1648 3630 1413 560 862 516 747 756 797 1055 818 7655 2224 988 2137 1709 16592 64292 780 2060 5460
internal_value=-0.00051907 -0.0060606 -0.00285288 -0.00635237 0.00792725 -0.0133492 0.0157584 0.0222158 0.00635432 0.0278825 -0.00814059 0.00860019 -0.0157508 -0.0253484 -0.0324277 -0.0169646 0.0238473 -0.0415296 0.00657114 8.04227e-06 0.0051883 0.00786646 0.0107172 0.00508616 0.00156084 -0.0133124 -0.017677 0.0226465 -0.0212957 0.0316013 0.00881744 0.00176178 0.0161512 0.0405152 0.0377963 -0.00572583 -0.000664266 -0.0070756 -0.0327984 -0.00287959 0.000778839 -0.00304215 -0.00943666 0.0140606 -0.0302702 -0.0488154 -0.00194326 0.0265921 -1.44518e-05 0.00301448 -0.0117937 0.00489253 0.00269693 -0.0187785 0.0198271 0.0121262 -0.0167782 0.00473391 -0.00144275 0.00741067 -0.00797735 0.014357
internal_weight=147030 12759 11387 10000 3288 6712 2737 1387 970 1929 5678 1774 3904 2729 1372 950 1246 1034 1175 134271 15415 14007 12607 8576 7753 2539 1400 4031 1408 2817 5214 1214 887 2162 823 973 118856 10927 1521 9406 8308 7246 5278 1968 1098 1077 976 1062 107929 34581 3885 30696 26774 3279 3922 3125 2527 24247 73348 9056 2816 6240
internal_count=147030 12759 11387 10000 3288 6712 2737 1387 970 1929 5678 1774 3904 2729 1372 950 1246 1034 1175 134271 15415 14007 12607 8576 7753 2539 1400 4031 1408 2817 5214 1214 887 2162 823 973 118856 10927 1521 9406 8308 7246 5278 1968 1098 1077 976 1062 107929 34581 3885 30696 26774 3279 3922 3125 2527 24247 73348 9056 2816 6240
cat_boundaries=0 7 15 23 27 35 43 47 51 53 56 59 63 66 74 78 80 84 88 91 99 107 115 119 127 131 135 139 143 147 155 163 167 169 172 174 176 184 192 196 204 212 216 219 223 225 228 230 234 238 246 254 262 270 274 282 286 289 292 300 304 307 315
cat_threshold=0 2630656 75497489 184623217 343967875 1610637442 8 34078829 671354880 115202 2 2400288 17 134217728 11215360 2167406724 2 144 2097424 100802632 38798340 541343872 4 3221866502 34676873 748965586 3 33693760 1073881088 1342218240 2147516481 536903808 73856 73732 67182610 1610645504 2166423808 17302784 16860208 64 4198404 318832673 266370 1152385026 104370189 92320692 4 3439395085 1207965738 1088041094 4 1627525570 4273611153 1926239304 549527569 2214775682 2233368577 3363849992 2528383904 604602378 3761915921 2319542628 1 415768652 15061524 542730246 269484672 131072 1109393409 671121408 134353412 2214612608 8704 2072 556296458 109087233 2693906644 4 2212002234 221553731 992354849 146964582 2170060812 4 93331520 138451056 268992800 4 1082144362 268533797 687941659 8 4489216 671203840 956317734 8654880 2684428288 135921680 512 8693760 2147487872 8192 1077944576 134365442 2282356820 2150105104 65568 3221225472 1073750024 637550618 209862658 138940422 270464 18874368 67108872 609001547 1082961956 1099207849 1 135267600 1075577600 2147484688 604111361 5129 268435456 4194305 12600832 143395467 152997900 3591381574 2 1082219539 546324039 3288351331 8 604905537 137370637 146915458 13 15991216 307931184 2150701344 9 2602756609 2782756 4784672 4 2751595522 1212940800 25170048 2176 545587200 1375731713 4194304 8388688 69271553 2097158 67178496 276829192 1073741888 1644167178 67117184 67239940 550601552 88096992 141558832 2 3227517233 3024387596 1763718070 84543905 1342537733 347433007 1210077474 780913972 1153601123 544211968 256 2148078744 67585 100668416 4194304 1258307585 4199936 2424572176 67119138 25432064 33556544 1073808128 16809986 278530 1052736 304236897 807968769 1047068673 9 541065361 655648 104857609 537399809 67805188 256 541335553 16777216 655872 2173714632 3221749760 4194440 537002000 335544704 1077944320 83951616 71467009 1158946856 390750506 12 638917312 3376519689 117441575 2283901219 285566106 18879568 4 2472944572 1192167393 1308901697 69477632 16842752 211697029 4144239720 42205785 671615360 365052128 2 1748244994 421532781 105911574 4 8388858 2147483656 0 2155873298 3146240 152502272 545294336 1703937 4325393 67160096 135 2231369856 532576 16779264 258 71315460 16843200 2415919632 2359360 2097408 66056 6 373358688 67698761 11280 10816005 8208 1107296264 1073741828 2149601280 301994306 1312768 1409453081 242256199 10518612 12 1140871172 406061571 1080426496 1094729728 16779268 268435456 3145728 8429824 95164513 2894857220 687925446 4 81297921 1780652134 202498055 2175715961 1075843457 30181426 1028 8192 6144 395264 1078067394 35652608 539247112 51679394 608560133 92280226 2571111434 12 2720220171 2153267456 184693054 134348928 8519680 182272 67502232 142737568 570425442 12584960 8454400
is_linear=0
shrinkage=0.12


Tree=40
num_leaves=63
num_cat=59
split_feature=7 34 4 34 41 35 38 34 35 19 24 35 22 23 24 23 23 22 22 24 7 34 35 41 34 35 24 22 22 22 34 41 35 24 22 22 23 23 23 41 35 34 22 23 24 21 23 24 24 23 23 35 34 22 24 34 22 23 23 35 34 34
split_gain=30.9073 76.8668 75.5909 100.223 98.487 94.5573 86.9877 87.7022 85.448 92.2206 66.6968 62.4402 62.169 60.1245 60.0527 53.7287 53.6945 51.6252 50.7141 43.4047 43.384 101.247 86.4322 76.205 70.7567 64.5311 64.6802 64.2808 55.8853 55.2121 51.2365 75.0309 73.6163 61.801 77.7953 64.9437 66.1884 62.2215 57.2356 51.1534 64.9535 54.842 63.8565 53.8619 51.963 50.2485 48.9429 47.8702 45.1616 43.7935 43.6944 42.4217 101.462 69.2844 60.2481 59.5643 51.2818 41.5966 41.3647 79.7411 74.1662 69.0679
threshold=0.30859375000000006 0 0.092500001192092909 1 2 3 4 5 6 7 8 9 10 11 12 13 14 15 16 17 0.23828125000000003 18 19 20 21 22 23 24 25 26 27 28 29 30 31 32 33 34 35 36 37 38 39 40 41 42 43 44 45 46 47 48 49 50 51 52 53 54 55 56 57 58
decision_type=2 9 2 9 9 9 9 9 9 9 9 9 9 9 9 9 9 9 9 9 2 9 9 9 9 9 9 9 9 9 9 9 9 9 9 9 9 9 9 9 9 9 9 9 9 1 9 9 9 9 9 9 9 9 9 9 9 9 9 9 9 9
left_child=20 11 4 -4 -3 -5 14 16 -9 -10 -7 -2 -13 -12 -6 -14 -8 -16 -15 -17 30 27 48 28 29 47 -27 -22 -24 -25 31 46 50 34 57 37 -37 -35 -36 40 44 -42 49 -44 -32 -30 -1 -26 -23 -43 -33 52 56 54 -54 -55 -41 -34 59 61 -61 -53
right_child=1 2 3 5 6 10 7 8 9 -11 13 12 15 18 17 19 -18 -19 -20 -21 21 22 23 24 25 26 -28 -29 45 -31 39 32 33 35 38 36 -38 -39 -40 51 41 42 43 -45 -46 -47 -48 -49 -50 -51 -52 58 53 55 -56 -57 -58 -59 -60 60 -62 -63
leaf_value=-1.1312898547540977e-05 -0.00013042653591889956 0.00079171633323050941 1.8845227047026081e-05 -1.4301877769522512e-05 -0.00012086505661102414 -5.6279359572194288e-06 1.0074328507759453e-05 0.0009038110524790977 -0.001541050892793027 -0.00011110858906125022 -5.9615384301814432e-06 0.00071140310578381291 -5.032248956435555e-05 2.485415639484516e-05 -0.00067738411133921764 0.00058517643085099851 -0.0019472568022404612 -0.0027338503719662216 4.7840242506186499e-06 7.3756148810421994e-06 -1.7772028446543919e-06 -2.5711298822250486e-06 1.9130411440010735e-05 3.3537545941432186e-05 2.8560767102001252e-05 0.00012950371143410585 4.5496948468455371e-06 0.00045178484908038949 -1.7628402185144424e-06 -0.00025059908123061577 -7.8027307206201606e-06 -5.2447554329310123e-06 -0.00035949046997361077 -3.4206100571172244e-05 -2.9201191927666194e-06 -5.49016643675424e-05 -3.9904708296846052e-06 6.6351499598162565e-05 0.00010543880036795137 0.00030531952541143584 6.4336566479389345e-05 -0.00057077708465552376 -2.9261126104210482e-05 2.886569534461816e-05 0.00014055822348794076 -0.0010380435542903239 0.00016549608200286712 -0.00015481765944157393 0.00044794924024694913 -1.8818649261810376e-05 0.00017738361680284616 -2.7855302217352174e-05 -4.7002418663097044e-05 1.0922001101219967e-05 1.6752978079390413e-05 -3.9359809299062689e-05 7.0796185757640255e-06 2.1571054727331117e-06 -3.3294362228127575e-06 -2.0404236564933088e-05 2.9397914621209465e-06 6.7086489516579359e-05
leaf_weight=317 419 1222 681 545 822 938 426 987 796 8859 564 675 542 526 662 424 1118 1406 1071 773 661 428 418 443 416 3056 6486 1469 326 1164 314 328 309 530 773 1684 3874 1103 1639 428 959 327 915 1995 809 667 953 891 1025 813 854 430 701 798 1641 4465 910 758 52922 2764 19531 2280
leaf_count=317 419 1222 681 545 822 938 426 987 796 8859 564 675 542 526 662 424 1118 1406 1071 773 661 428 418 443 416 3056 6486 1469 326 1164 314 328 309 530 773 1684 3874 1103 1639 428 959 327 915 1995 809 667 953 891 1025 813 854 430 701 798 1641 4465 910 758 52922 2764 19531 2280
internal_value=-0.000375428 -0.00436866 -0.00691446 0.00718279 -0.0106601 -0.00078773 -0.0133139 -0.00885391 -0.00495588 -0.00840384 0.00736739 0.01413 0.0215663 0.0189415 -0.0320055 0.00938889 -0.0354755 -0.042923 0.0308017 0.0235235 0.000382598 0.00592711 0.00250456 -0.000423657 0.0025794 0.00606573 0.00949549 0.0303641 -0.0267322 -0.0208276 -0.000529182 0.00648698 0.00349966 0.00033701 0.0134403 -0.00601415 -0.0121939 0.0149544 0.0253465 -0.00151977 0.00906249 0.00317864 -0.00295419 0.00648869 0.0349955 -0.0421492 0.0340717 -0.0188324 0.0302252 -0.0268749 0.0317587 -0.0022679 -0.0100904 -0.0154549 0.00173319 -0.02309 0.0202666 -0.0134568 -0.00136876 0.00265259 0.00028511 0.0220426
internal_weight=147030 23456 20623 4325 16298 3644 15076 12186 10642 9655 3099 2833 2414 2161 2890 1739 1544 2068 1597 1197 123574 17450 15320 13867 12456 10849 9542 2130 1411 1607 106124 13122 11852 10670 3479 7191 5558 1633 2412 93002 6132 5009 4050 2910 1123 993 1270 1307 1453 1140 1182 86870 8943 7605 2342 5263 1338 1067 77927 25005 22295 2710
internal_count=147030 23456 20623 4325 16298 3644 15076 12186 10642 9655 3099 2833 2414 2161 2890 1739 1544 2068 1597 1197 123574 17450 15320 13867 12456 10849 9542 2130 1411 1607 106124 13122 11852 10670 3479 7191 5558 1633 2412 93002 6132 5009 4050 2910 1123 993 1270 1307 1453 1140 1182 86870 8943 7605 2342 5263 1338 1067 77927 25005 22295 2710
cat_boundaries=0 8 16 24 32 40 48 56 63 66 74 78 82 86 90 94 97 101 104 112 120 128 136 144 148 152 156 160 168 176 184 188 192 195 199 203 206 214 222 230 234 237 241 243 246 249 253 257 261 269 277 281 285 293 296 300 304 312 320 328
cat_threshold=604045640 2164277249 41975808 38950 66561 536879123 4096 565248 1082130432 137887746 537137172 16777216 302260352 34603616 6291858 1049664 1073743104 6815745 1073741824 77725696 302022672 1145569794 270598147 2640000 118912 9282 532480 67109392 554043408 4202496 939524241 67108961 1121992 2585823232 1122368 67108864 16 4 16777616 585 1073791104 168036368 606340128 84410368 2 1166016512 1077936232 67243008 538460164 888320 4202496 671744008 33556480 17039392 1 3541248 0 16798976 8470545 159386624 138543109 41959584 1310740 1145594115 1889145094 170820129 671088640 69222454 2164261120 2166824 2097160 134292480 1056896 4096 68897280 1696741456 33612952 12 536875140 1935704616 2222541448 2 403595672 470294554 2703523889 4 758123018 1129849353 3239215128 9 34627968 282595340 3044323904 6 1348475904 1132736614 1043111 3859528713 202244112 1210352651 6 337778314 1431725066 1796407424 10486784 201359364 1026 33568913 402653764 16778241 1075838978 138240 16908672 2560000 2147500040 33685504 69206016 3221291649 67211284 71307776 1075838984 98312 135266436 0 185600128 1094781504 328064 53380 4718752 1056 2215125088 557088 34607105 266258 25690144 17367056 276302400 1107296320 5888 9439296 141312 38273028 287309825 327680 902038027 3786575958 1083449352 4 403974148 554022148 1827441160 10 1583661189 269688865 2241880320 8 139347872 2571241537 536912916 8 8 6621184 205858352 537673760 4096 262144 17055800 770 2148139008 290586656 8192 335544352 721056 67182856 289407240 393856 4327744 21008514 260 8192 8389652 17301504 4849664 29365906 2226422426 271442 674965954 2 3313893382 1222707594 3696933 8 54822995 2359305 1080560300 2785316964 266895398 995408 4 3246416929 4029958481 3321862 2 608183062 637770005 2722521860 270532616 1082196992 2415939712 24576 1079361568 135536640 9183360 8 276824064 1140850951 525713 21024768 805847368 0 4160 196610 13041664 276840450 1052673 335579136 34866688 271648904 2097216 65536 2158084672 1174405668 104759878 7 2692749370 571124610 941636788 111188642 2835891200 4194960 2 458720042 638731264 412090379 675340513 209720388 1208648704 168247721 583877408 1912883200 1142968898 1617522952 12 135400496 3171166816 2156167424 3 420315232 537444506 2283033088 1 8519952 591872 67108865 233473 2248147267 16777280 67158084 73531392 268959750 268566592 1108361216 134230016 4202496 274727936 849347137 5249024 3389153545 180455530 2462761216 2 41963088 155295847 2349354541 4 1074807808 33555200 6 131332 537395200 680001940 134218756 36454400 1074111492 2076282978 1093930147 86024449 330297 1651056 4 378568721 213404496 106304416 2 118755328 537919488 268435456 789508 1315840 268697606 2977955850 134 184680448 0 2130176 2453668104 134218514 269484032 272699654 107216896 2165387328 1091043408 16908288 77635600 270540816 268438020 131073 64
is_linear=0
shrinkage=0.12


Tree=41
num_leaves=63
num_cat=60
split_feature=40 41 23 35 41 22 23 41 35 41 5 38 35 23 22 24 22 39 24 24 23 23 24 24 23 21 21 38 41 24 23 22 23 21 41 0 41 35 19 41 23 24 35 35 18 19 41 19 39 41 19 22 41 23 22 24 24 35 22 39 24 21
split_gain=34.816 75.4896 71.3312 65.9261 70.0344 63.9479 77.1701 70.328 68.5615 63.4283 72.0397 76.9736 62.81 69.0874 59.8803 57.2417 57.2137 56.7187 67.48 62.6712 55.9994 54.9896 53.7501 49.4418 47.573 46.4866 43.9977 41.9403 79.1438 73.9664 56.9856 55.2782 63.8865 49.0067 48.806 43.6305 74.8172 71.9954 73.9129 68.1322 61.6725 61.1189 88.4862 66.9614 60.8749 99.314 81.4128 77.5776 88.1754 77.8387 57.6426 55.1043 54.2733 54.2461 49.946 48.6455 43.674 41.4927 40.7179 39.9764 38.0703 37.9093
threshold=0 1 2 3 4 5 6 7 8 9 0.092500001192092909 10 11 12 13 14 15 16 17 18 19 20 21 22 23 24 25 26 27 28 29 30 31 32 33 0.26403808593750006 34 35 36 37 38 39 40 41 42 43 44 45 46 47 48 49 50 51 52 53 54 55 56 57 58 59
decision_type=9 9 9 9 9 9 9 9 9 9 2 9 9 9 9 9 9 9 9 9 9 9 9 9 9 1 1 9 9 9 9 9 9 1 9 2 9 9 9 9 9 9 9 9 9 9 9 9 9 9 9 9 9 9 9 9 9 9 9 9 9 1
left_child=1 2 -1 16 14 6 15 -8 -9 10 11 25 13 -7 26 -6 -3 18 -14 -19 -16 -13 -4 -15 -18 -2 -5 28 -11 30 -30 34 61 -34 -31 36 40 39 52 56 -29 42 -40 -43 45 -38 -47 48 -46 -49 -41 -52 55 -54 -42 -39 -37 -17 -32 -12 -36 -33
right_child=9 3 22 4 5 12 7 8 -10 27 59 21 17 23 20 57 24 19 -20 -21 -22 -23 -24 -25 -26 -27 -28 35 29 31 58 32 33 -35 60 37 44 38 41 50 54 43 -44 -45 47 46 -48 49 -50 -51 51 -53 53 -55 -56 -57 -58 -59 -60 -61 -62 -63
leaf_value=-5.5050695399968567e-06 -0.00065926203573533839 2.2785389193554205e-05 4.4748473178088558e-06 -4.8944808696566775e-05 -0.00016952122666012779 -1.2179669066731012e-05 -4.5781901110669868e-05 7.359418210072358e-05 1.6388927192605323e-06 0.00032620158001924187 -5.8201879793547606e-06 -0.00010078483913292729 0.00023580786636288208 1.157532740837826e-05 1.8608030982814337e-06 -8.9959950723073114e-05 2.0900476118268718e-07 2.137312258220932e-05 1.9274503882185721e-05 -2.5740991718529873e-06 -0.00014876277691809484 -0.0022294548660017131 0.00019317255479079162 0.00071655806322183755 -0.00010506258178903948 0.00037928307293907644 6.3709493524236028e-05 -0.00017251008471313471 -2.1802907965702802e-05 -6.2037483140376098e-05 1.3027735521012544e-05 -4.5709931918208827e-05 -0.00042275085748716423 -1.2676333768538605e-05 2.1733900752730562e-06 -5.89519653885031e-06 -0.00074155759285492943 -2.1624947389400855e-05 3.2226376558357886e-05 1.276113593681313e-05 4.3863791054648859e-05 -1.4081541856271737e-05 3.7060320097021028e-06 2.6904986043944997e-07 9.5202569541716131e-05 -0.001226686802144055 0.0006365059270240903 -0.00075850548668542571 -0.00067404213823842594 3.8238951162020696e-05 5.0235845078285527e-06 -1.8324053395430095e-05 -1.6416165376606896e-05 -3.7784493623974226e-06 0.0020560561240425112 3.218598503941873e-05 -6.1162001831083565e-05 -8.7359932388850301e-07 0.00029814652684112682 1.1738246140782354e-05 0.00017257494075149558 8.6287835463653333e-05
leaf_weight=980 536 703 678 324 933 595 1072 1144 5151 943 337 440 769 432 664 440 541 5688 1679 12132 1378 1323 1524 1124 1263 635 557 543 532 327 433 327 934 981 422 428 738 318 1050 928 418 2499 7373 15702 2845 452 4103 1771 6051 25447 1324 3217 5280 11467 991 857 850 1918 824 693 509 493
leaf_count=980 536 703 678 324 933 595 1072 1144 5151 943 337 440 769 432 664 440 541 5688 1679 12132 1378 1323 1524 1124 1263 635 557 543 532 327 433 327 934 981 422 428 738 318 1050 928 418 2499 7373 15702 2845 452 4103 1771 6051 25447 1324 3217 5280 11467 991 857 850 1918 824 693 509 493
internal_value=-0.000750857 0.00218412 0.0199123 0.000713413 0.00202599 0.00360119 -0.00404873 0.00278086 0.00762961 -0.00191243 -0.0167807 -0.0264032 0.00723819 0.0266851 -0.015741 -0.0192915 -0.0180548 0.00515976 0.0222439 0.00279946 -0.0269912 -0.0421183 0.0318699 0.0399489 -0.0293392 -0.002333 0.0103471 -0.00132914 0.0078195 0.00252674 0.0227207 -0.00656178 -0.0161194 -0.0280851 0.0141732 -0.00198006 0.000821935 -0.00434896 -0.00259617 -0.0158899 0.0237067 0.00141462 0.00985891 -0.00249711 -0.000263646 0.0117399 0.0183665 -0.00202624 -0.0117467 0.00115461 -0.0100055 -0.0155765 -0.00855135 -0.0103037 0.0369035 0.0162763 -0.0407441 -0.00921516 0.0365957 0.0104651 0.0281229 0.0118269
internal_weight=147030 41689 3182 38507 36000 33077 10658 7367 6295 105341 3964 2934 22419 2151 2923 3291 2507 20268 2448 17820 2042 1763 2202 1556 1804 1171 881 101377 6725 5782 1789 3993 2735 1915 1258 94652 43359 51293 44546 6747 1952 26624 8423 18201 41407 5293 4555 36114 8896 27218 5469 4541 17922 16747 1409 1175 1278 2358 1257 1030 931 820
internal_count=147030 41689 3182 38507 36000 33077 10658 7367 6295 105341 3964 2934 22419 2151 2923 3291 2507 20268 2448 17820 2042 1763 2202 1556 1804 1171 881 101377 6725 5782 1789 3993 2735 1915 1258 94652 43359 51293 44546 6747 1952 26624 8423 18201 41407 5293 4555 36114 8896 27218 5469 4541 17922 16747 1409 1175 1278 2358 1257 1030 931 820
cat_boundaries=0 5 13 16 24 32 36 40 48 56 64 72 80 84 88 91 94 99 102 106 110 114 117 121 125 127 129 137 145 149 153 157 161 163 171 179 187 194 202 206 210 218 226 233 240 248 255 260 268 275 278 286 290 294 298 302 310 314 319 323 325
cat_threshold=188745268 65536 102105096 1358964848 6516740 2148073472 148501 4196609 147488 4489760 75505674 8396801 163842 54290951 2148377952 1613889862 26805504 0 1140867072 2150895616 101711873 33587257 302661632 16777344 1342180128 2153775136 536936448 67639424 402794498 151261184 268435464 524360 562938205 1146423304 3204710528 8 2502131808 1019222037 1711300616 7 24 33554504 268435648 25166401 34620428 268437508 69337120 20973568 604373120 822084098 65572 1610686464 8392720 2684354818 12584065 100663360 16384 8519809 18876418 16809986 71303204 75505736 1687158976 33816706 136 337641472 79040 2684624896 403750928 536870976 2148303232 577 0 5652864 2576 320 1091044352 1882456068 4096 2643744 117990400 2745174209 138981576 6 960766251 415239432 285286499 3 88096798 1344309287 907231700 1772134408 3894452784 13509258 2147484688 268568640 4194312 8388612 536870912 75737106 565490856 1083086928 2970503458 1209799171 724649988 4 167900186 714182928 234892334 4 2751471668 2151964172 269096968 14 3762582021 38477856 1886033153 18944196 303475273 623915264 2 212813824 3825508504 119583440 2 1625896776 633820043 9941254 4933025 12544 167773712 1024 2147483648 134283272 1610612739 1572996 24 32900 285212672 32772 268444800 536879112 1347712 174129164 67109636 1149249188 747243624 1815216360 2 1352675376 2047410360 136348956 13 1625839728 1126170960 373731586 8 1913129474 1083491779 1544733472 4 1890797803 3947904577 514 0 2718048256 96 34079744 1536 0 2244648 1073741866 4718592 805319688 1077940232 1342441472 1241778176 16384 526360 33558672 402660352 34738688 336 270549072 540018688 687915008 8192 262272 1078461455 8421376 66648 343934987 536891536 524 2157543424 2564 8716289 2097152 540147848 268435968 2151743506 67141920 2434815118 3429105760 2689860896 1 51483664 287056944 1349199435 2 2156396544 2181627904 2218803200 1061 68158468 98336 1572864 12632112 65545 2181234688 2370564 538969088 1310730 81920 65665 559908 0 0 0 537133440 0 2150629376 8393728 131072 1073742336 5242880 140515328 17195012 1610846208 394224 208 0 65536 2483030784 0 0 0 16384 721010 28311552 41945130 50356272 81922 1098915842 16384 262144 0 786432 1568683288 3227271175 2156527617 68166672 1213218820 8192 4609 4784130 16777761 84017152 393376 16640 75522562 134217752 537124864 1652559912 147968 378568827 622924556 2183170073 2148008193 3562078224 1073741828 33559552 1048704 266770 16941088 16785440 570732932 3842282368 1084946432 9 3236596770 417343552 268436424 7 33838145 20252050 209797121 12 72243332 725912738 125839748 8 1073774608 38797449 128 107520 1073807424 67125248 2098208 12 2138754 1143053088 153723213 11 262217 1073741824 786456 268443652 1879572482 806424587 17880086 30225152 4 2322498408 413008453
is_linear=0
shrinkage=0.12


Tree=42
num_leaves=63
num_cat=55
split_feature=9 4 34 19 3 34 35 34 34 5 34 41 35 41 41 35 34 35 38 19 34 41 41 41 23 23 24 34 24 23 23 23 34 24 41 4 34 3 35 4 35 23 23 34 35 35 24 21 24 34 24 24 21 35 24 24 23 21 21 21 21 21
split_gain=31.8728 85.1775 92.122 88.2553 95.8996 87.8588 85.3473 84.3141 82.5468 79.8515 79.7376 77.4598 76.2351 76.6728 72.8121 76.7402 70.266 69.2367 68.4874 67.3741 78.2767 71.1423 69.2596 64.3538 63.7836 62.8248 60.1503 60.1297 59.2761 58.9294 58.3275 58.1312 57.426 63.4659 73.8307 60.9987 95.6894 90.9927 84.8652 76.9772 61.9132 58.5612 56.8881 56.5511 55.953 54.7457 53.6499 55.4123 53.4538 52.8713 51.1821 49.1323 47.6411 46.2928 45.5184 44.2253 43.7178 43.6319 43.5357 43.3972 42.9846 41.2701
threshold=0.25305175781250006 0.092500001192092909 0 1 0.010833333246409895 2 3 4 5 0.039166666567325599 6 7 8 9 10 11 12 13 14 15 16 17 18 19 20 21 22 23 24 25 26 27 28 29 30 0.077500000596046462 31 0.0224999999627471 32 0.070833332836627974 33 34 35 36 37 38 39 40 41 42 43 44 45 46 47 48 49 50 51 52 53 54
decision_type=2 2 9 9 2 9 9 9 9 2 9 9 9 9 9 9 9 9 9 9 9 9 9 9 9 9 9 9 9 9 9 9 9 9 9 2 9 2 9 2 9 9 9 9 9 9 9 1 9 9 9 9 1 9 9 9 9 1 1 1 1 1
left_child=1 3 -3 5 7 -1 10 29 28 -2 -6 26 51 -14 -7 42 55 -13 52 20 24 56 25 -18 -11 -21 -10 57 -8 -5 -30 49 33 41 -35 37 40 -34 -38 -39 -37 -24 -16 -15 -33 -36 -12 -48 -20 -29 -26 -9 -4 -27 -55 -17 -22 -23 -58 -52 -44 -50
right_child=9 2 18 4 6 14 8 12 11 19 46 17 13 43 15 16 23 -19 48 22 21 27 32 -25 50 53 -28 31 30 -31 -32 44 35 34 45 36 38 39 -40 -41 -42 -43 60 -45 -46 -47 47 -49 61 -51 59 -53 -54 54 -56 -57 58 -59 -60 -61 -62 -63
leaf_value=-0.0010248412925753406 -0.0014170212108730051 -3.685664776634525e-05 2.5814345252086452e-05 -0.0012202131611919514 0.0010087061648157752 -0.0016740225796261321 0.0016827222256583141 -0.0021498542742440481 0.00025441732410564911 -6.6388301627421162e-05 -0.001590906492113741 0.00066504516833513041 0.00095635348844299759 -0.0029373499559509717 0.0025612834503403411 1.0312755252464175e-05 0.001597188489381771 2.5820259393031922e-05 5.095139563963668e-05 -6.2098234693840572e-06 -8.8153700943795094e-06 -6.5826551794318553e-06 -4.9063501880483794e-06 6.406076753838591e-05 8.6173989848574281e-06 6.8398708097994402e-05 -0.0017049276137646246 5.2392108969642423e-06 0.0012635557665600897 0.0012043063047775561 -5.7374551507134005e-05 1.7713426493587877e-05 -0.0018976495291491394 -3.1542419692640617e-05 -1.6062807790176729e-05 -2.8964877236027416e-05 -1.1668225244530182e-05 1.598624980367466e-07 -6.041035587921674e-07 0.00020584491115292194 -7.2535537777807287e-06 3.9459427767872396e-05 -4.7929480048198507e-05 -0.0011359416286276342 -6.5476782308215898e-06 1.2028191688101126e-05 -0.0013526246930691244 0.00019470678727054661 -3.9695339074848506e-05 -2.5726191808852043e-05 -8.3579849700180748e-05 0.0011248249167059657 0.0001069781137071113 -1.0790247830659354e-05 2.5797256854186467e-05 0.0017675440862096646 0.00011818838403598959 2.2444311320113908e-05 1.3730949682772266e-05 -4.5895155501235327e-06 0.0017173251435169631 2.1002294662171809e-05
leaf_weight=1171 992 335 421 533 449 691 923 427 614 653 789 2891 839 1463 431 435 1009 19193 420 1374 443 671 658 7760 422 898 1285 704 683 1213 1530 816 668 776 574 522 2009 27264 18110 2823 2489 1751 447 9324 8408 3602 821 969 318 3448 444 1133 767 714 1623 1178 412 1002 594 600 591 513
leaf_count=1171 992 335 421 533 449 691 923 427 614 653 789 2891 839 1463 431 435 1009 19193 420 1374 443 671 658 7760 422 898 1285 704 683 1213 1530 816 668 776 574 522 2009 27264 18110 2823 2489 1751 447 9324 8408 3602 821 969 318 3448 444 1133 767 714 1623 1178 412 1002 594 600 591 513
internal_value=-0.000662712 0.00141892 0.0219596 0.000449024 -0.00211572 0.00887431 0.00177916 -0.00997991 0.00391434 -0.00216226 -0.0172895 0.00151531 -0.0132565 -0.0166008 0.0118146 0.0140302 0.0103675 0.00351919 0.0300122 -0.00176433 -0.0081357 -0.00533494 3.8258e-05 0.00610864 -0.0297888 0.0142047 -0.021664 -0.00778434 0.0221855 0.014744 0.0113797 -0.0104691 -0.0010304 0.00890275 0.00111199 -0.002389 -0.00704478 0.00111194 -0.00404749 0.00208581 -0.0269533 0.0248327 0.0396218 -0.019324 -0.00514508 0.00744984 -0.0254265 -0.0137181 0.0101662 -0.0222478 -0.0155886 0.011603 0.0505999 0.02332 0.0142528 0.0333046 0.0199589 0.0136023 0.0337131 -0.0297727 0.0237714 -0.00754441
internal_weight=147030 61566 2774 58792 45079 13713 30147 14932 27119 85464 3028 23983 13186 11626 12542 11851 10382 22084 2439 84472 18617 16498 65855 8769 2119 4609 1899 15049 3136 1746 2213 13376 61246 7361 4952 53885 23130 30755 20119 30087 3011 2409 1469 10787 9224 4176 2579 1790 1251 4152 1466 1560 1188 3235 2337 1613 1449 1673 1006 1044 1038 831
internal_count=147030 61566 2774 58792 45079 13713 30147 14932 27119 85464 3028 23983 13186 11626 12542 11851 10382 22084 2439 84472 18617 16498 65855 8769 2119 4609 1899 15049 3136 1746 2213 13376 61246 7361 4952 53885 23130 30755 20119 30087 3011 2409 1469 10787 9224 4176 2579 1790 1251 4152 1466 1560 1188 3235 2337 1613 1449 1673 1006 1044 1038 831
cat_boundaries=0 7 14 22 30 38 46 54 62 70 78 86 94 102 110 118 125 132 140 148 156 160 164 168 176 180 184 188 191 199 203 211 219 227 235 238 242 250 258 266 270 272 276 284 288 292 294 302 306 310 314 316 318 320 322 324
cat_threshold=203432064 23069536 338 1207959552 0 1075840001 537919496 0 1078493198 6305808 67113994 8392704 235098128 262692 2212160 1 67635328 8912960 4 538051584 539256856 42009600 603982848 537919488 3489669120 17372672 37750272 2214625536 306463748 2048 71364688 32 16384 8224 1099105284 545423361 536889344 42008592 2098068 66560 4625 9109504 2621648 1074275328 2685404168 1048584 673185860 4227776 33587200 262144 4325440 18908032 572653636 4276224 2147524608 1073774592 2685404169 12544 145752064 8626432 337641574 2048 20976129 1073743888 2147483651 132352 67143680 16926728 79970384 69208064 536870912 5521410 2818572352 18876580 37376 406 1207967872 4096 264 132112 1225261060 32 67637249 5767707 67174977 50593792 528384 1308632064 268443776 537198592 51456 136880384 1073741962 565248 201457664 5245444 2429184 538970115 65633 134807584 131077 524801 20119561 8262 132100 131138 2148171776 1067072 32770 537632 823205888 71565314 1116288 2147483648 17825920 0 269518856 8241 0 4720646 36884 74878 276826115 872435840 262660 1074798880 2052 590080 269680648 1080098888 304095248 8396836 133184 838878208 397824 8200 545390593 4198418 327984 50339840 2149581056 196616 1636827137 28674 70058128 3425280 161 131072 67371552 1080295456 268584064 1074004044 806617088 136577152 131074 6148 142780416 4160865028 3345092618 2 4216834 3221987696 1429644354 4 50545153 2148805921 1762495336 10 2759917581 0 2181439488 4196418 34 557842432 1107558914 1181952 2302808194 3896273168 7361540 6 278322203 1090543751 33834640 2 2131280 2803983157 1610895620 14 576455636 3911331136 1224968196 9568264 2359296 1610883076 71696960 689979398 33556512 1318912 16777344 1214210 138454889 1640695568 10 8749120 8448 33640448 1174406272 2155872768 1073750560 272 41949696 33564180 131080 524320 136380464 67174432 268444673 1812463616 2100258 18944000 599040 261 75497600 17956875 1107951744 266240 115201 528643 0 72384777 2097153 1090519040 142622720 2432697744 2097664 47579156 275874000 1384143634 2818707720 216162560 76726978 6 262148 262208 553922629 67109122 537395528 201330720 2097168 1318979 276841473 1073750048 3288343553 0 33558532 2734686241 81788932 299016 704513 939524098 524321 8388615 32848 67141632 624968256 16785408 1210140882 2759065888 2177078402 8 3017237024 376691282 147931520 1668681764 1680114400 10 524352 9453570 18890760 2147766272 553811968 67125888 2703228928 2105504 1140868152 204019717 1342427502 4 1312864 170995347 2147979904 4 1959014488 438395173 3959488640 901775880 65648 805605376 134545408 16512 524800 33554432 956915776 995328256 348262512 4 679680274 3494576273 2164855936 4 408433797 791183362 42605824 3 1211111603 230102322 2048940088 1296597630 563664297 3393438403 1506676519 2299046931 408110153 1359881552
is_linear=0
shrinkage=0.12


Tree=43
num_leaves=63
num_cat=58
split_feature=0 38 34 41 34 24 24 23 8 34 22 41 23 23 23 22 22 4 38 19 22 22 38 41 34 34 41 34 24 41 23 22 22 3 22 23 34 41 34 24 24 22 41 23 22 23 24 22 22 34 41 24 34 41 23 41 23 24 23 23 23 24
split_gain=32.0998 60.8695 77.2158 70.8395 67.8757 71.2015 64.9882 62.2975 61.6716 67.8854 64.7733 61.8177 61.308 58.273 57.3603 57.7698 56.8665 55.4176 204.589 89.3757 90.1084 88.7096 76.0432 102.153 80.8189 69.369 68.4051 81.2359 65.7602 63.6759 61.8442 59.2164 58.5876 58.2612 109.295 64.9365 95.1356 69.9179 67.3086 66.1908 64.8037 64.641 62.5802 57.9197 57.0467 55.0175 53.8631 53.8598 53.2003 75.6519 69.4102 62.3793 61.2687 63.3169 59.3138 58.2966 70.856 60.0532 53.6336 52.9596 51.8686 50.7087
threshold=0.26403808593750006 0 1 2 3 4 5 6 0.16015625000000003 7 8 9 10 11 12 13 14 0.0091666667722165602 15 16 17 18 19 20 21 22 23 24 25 26 27 28 29 0.042500000447034843 30 31 32 33 34 35 36 37 38 39 40 41 42 43 44 45 46 47 48 49 50 51 52 53 54 55 56 57
decision_type=2 9 9 9 9 9 9 9 2 9 9 9 9 9 9 9 9 2 9 9 9 9 9 9 9 9 9 9 9 9 9 9 9 2 9 9 9 9 9 9 9 9 9 9 9 9 9 9 9 9 9 9 9 9 9 9 9 9 9 9 9 9
left_child=17 2 6 7 5 16 -2 -3 -4 13 11 -11 -13 -10 15 -7 -5 18 21 28 43 -1 23 -19 -25 -22 27 -24 -20 -26 32 -32 -31 35 -35 36 39 -38 42 -28 -36 -40 -37 -21 -30 -42 -9 -16 49 61 54 -52 53 -50 -51 56 -54 -57 -55 -18 -27 -6
right_child=1 3 8 4 48 14 -8 46 9 10 -12 12 -14 -15 47 -17 59 22 19 20 25 -23 26 24 29 60 33 -29 44 30 31 -33 -34 34 40 38 37 -39 41 -41 45 -43 -44 -45 -46 -47 -48 -49 52 50 51 -53 55 58 -56 57 -58 -59 -60 -61 -62 -63
leaf_value=-0.00078672931822132658 -1.5491873758823789e-05 5.8967241153987905e-05 -2.8751863653046736e-05 -8.5590311165145409e-08 -8.577081582845296e-07 6.2826322739311199e-05 2.6958112041177244e-05 -2.0946202987538168e-05 1.0891063554720876e-06 -1.7547953089252492e-05 -9.6371548065521541e-06 -8.5138209059141066e-06 2.0931627278726405e-05 -4.2670568561232196e-05 -2.6481138381802632e-05 7.3135521503464893e-08 -3.043958269313022e-06 -0.0021164114670997637 -0.0012023668365107694 0.00094123206225360339 0.00033356777344846207 0.0037409693841249886 -0.00037227280877599013 -0.001552382930849731 0.0014218675501563073 -0.0013038677417771009 7.6428939952640754e-05 0.0010653306269523223 -0.00072579337781742055 0.00022434850868889174 0.00065906272119402797 -4.6924101729735306e-05 -0.0011110642120777706 -0.00024993276338299534 0.0014972486332672193 0.00055324083097342644 -0.0011159511964286425 1.9668798037754971e-05 -1.1323953287868288e-05 -0.0013092838601398576 -0.00037496767395458922 0.00016829189402218139 -0.00034798876161870596 -0.00076316386092708654 0.0020802405530672774 0.0010207333729707925 1.9769441057807572e-05 -1.7885680261733749e-06 -3.6235642134385149e-05 -9.6218572945901622e-06 8.6614148484365907e-06 -4.3095502712398102e-06 -3.2932633812638003e-05 -2.2414383489987933e-05 4.3305320590242592e-05 -4.0644363187391441e-06 -2.3856922133163019e-06 3.3657496105814309e-06 4.4586636497961944e-07 -3.7355856917104512e-05 -0.0030113215345160971 4.1826754209699145e-05
leaf_weight=572 562 947 1020 657 679 437 1218 664 533 792 8827 999 2320 1302 1024 1131 437 971 550 549 434 1450 516 812 667 1096 540 2017 428 457 1170 2807 1314 1204 778 617 898 11214 8282 1274 442 17880 2907 1310 975 1282 1462 2212 805 441 3991 8646 1077 1354 1072 8473 2467 18101 2913 1149 2361 1544
leaf_count=572 562 947 1020 657 679 437 1218 664 533 792 8827 999 2320 1302 1024 1131 437 971 550 549 434 1450 516 812 667 1096 540 2017 428 457 1170 2807 1314 1204 778 617 898 11214 8282 1274 442 17880 2907 1310 975 1282 1462 2212 805 441 3991 8646 1077 1354 1072 8473 2467 18101 2913 1149 2361 1544
internal_value=-0.000628434 -0.00226804 -0.00849587 -0.000492097 -0.00142472 -0.0124607 0.0151339 0.0172317 -0.0111686 -0.00920203 -0.00611583 0.00631577 0.0135094 -0.0307309 -0.00418603 0.0145822 -0.0300665 0.00128895 -0.00709365 -0.0160052 -0.0235335 0.0267846 0.00269349 -0.00800974 -0.00306671 -0.0339124 0.0044546 0.0236228 0.00616791 0.00147502 -0.00262499 0.00568562 -0.0212002 0.00342277 0.0178641 0.00219562 -0.00456306 -0.000712631 0.00536602 -0.0300985 0.0320763 0.00746389 -0.010181 -0.00173166 0.0199293 0.0188018 0.00572495 -0.0133005 8.60871e-05 0.00573451 0.00249117 -0.000426906 -0.00254304 -0.0147285 0.0266754 -0.000485892 -0.0149156 0.00144437 -0.00883383 -0.0423529 -0.0396079 0.026255
internal_weight=147030 79256 17573 61683 58610 7047 1780 3073 15793 14773 12938 4111 3319 1835 4804 1568 2243 67774 9725 7703 5750 2022 58049 8198 7227 3891 49851 2533 1953 6415 5748 3977 1771 47318 3706 43612 13926 12112 29686 1814 2502 26162 3524 1859 1403 1724 2126 3236 51563 16373 14150 12637 35190 5072 1513 30118 3544 26574 4267 1586 3457 2223
internal_count=147030 79256 17573 61683 58610 7047 1780 3073 15793 14773 12938 4111 3319 1835 4804 1568 2243 67774 9725 7703 5750 2022 58049 8198 7227 3891 49851 2533 1953 6415 5748 3977 1771 47318 3706 43612 13926 12112 29686 1814 2502 26162 3524 1859 1403 1724 2126 3236 51563 16373 14150 12637 35190 5072 1513 30118 3544 26574 4267 1586 3457 2223
cat_boundaries=0 8 16 24 32 36 40 44 52 56 64 68 72 76 79 83 90 97 100 104 112 120 128 135 143 150 154 162 166 170 174 178 182 190 198 206 209 213 217 225 229 233 237 241 245 249 257 265 269 277 285 289 297 301 305 309 313 317 321
cat_threshold=679620428 2097156 64 33857792 404750352 70 33571076 1024 268435456 8388672 696456 2151678134 41976070 2147614720 32784 1115664 2147491840 196608 3784327169 28672 34672672 18916880 544 33554464 4195328 2147614794 9961472 3749 164944 1075838992 8912898 8218 549882115 184691032 1838301187 4 2558706785 336988294 3364241484 2 1107401751 700451970 973210284 6 1207984181 2149583104 1107362112 65792 18874880 671350784 204800 4210816 2954932352 344042916 280505360 14 142884864 67538944 1141112960 562176 12545 536871105 570425344 5245000 538198278 2342523476 4186997826 4 3834266816 591896 773390380 14 2532704342 964856384 21021192 10 2691862677 246417504 210239648 363523 51581588 475595985 1 1216349188 33554692 1260737 33558528 132097 1073741888 2183415936 589888 34831 12618753 41944064 281026576 1073942576 1048608 1160799295 272892174 1412504640 1073802273 887363589 3825271361 2 6144 167808768 1255616 603983872 1025 0 2149599632 1080 2147492993 1048832 131074 16777760 1291845728 16394 537395520 86245389 1614823428 1073741888 2332033024 273712641 536871169 1048696 67141984 256 3670304 2048 168820736 3145728 35652097 1838092 1073827845 1073744896 1080688641 134217856 52428800 1090519136 1610678340 805908992 2097152 2611482624 268436994 8388618 4194432 768 1098242 4212352 3309315336 285344716 810553553 4 68157504 18910212 839918592 163840 301989904 436764672 11536512 65536 1159086181 2684424576 1109161664 5 2149863456 4398189 1359758478 9 144335941 536909891 2923431976 2 261190309 89128968 1106784261 1 555531786 72384583 2426487844 10 2164301824 56885296 1048704 100800000 2148536320 35717120 18874368 77629440 301990144 2147747856 16786944 4098 109051904 51774208 153093120 4325392 1082654864 75579392 1075970064 270354 134234116 541067264 4260080 518 538448404 3493658790 2030112072 103230475 2164268208 218378528 4 2181518569 1082494978 3087280163 9 155451393 671121410 264450 1343226881 1024 2097664 16 4194753 3321889080 1025344546 201787408 13 19042434 2572157261 2159022424 4 2755805224 149226880 459538688 4 162529895 942161927 285219761 8 941097508 97652640 2265565216 4 1208295431 1229697024 3961524403 9 655624 1048836 4473352 23331144 1409288192 8192 404029464 512 34603008 311951496 272629888 285245452 2150129813 67109120 4416 2 84463683 1012934458 537355264 6 940048656 16388 18952 283115528 4261892 9376 4198408 5243393 545427528 2986345736 10240 16777233 8405002 1065024 135274496 8264 207093880 1820524752 1354762276 3 8389718 1082655234 2102528 35840 2164262918 75497664 33685520 65552 617611616 3259415554 1364345376 5 533454 214333313 563347525 4 2682422276 2164786689 3058968608 2 1082395238 271155330 55706260 3 319573392 2821793808 1461195584 1 202180685 68714849 160450804 8
is_linear=0
shrinkage=0.12


Tree=44
num_leaves=63
num_cat=59
split_feature=0 38 19 41 34 23 35 24 23 41 24 23 21 35 34 23 22 34 35 23 24 21 22 41 22 24 34 41 34 22 22 22 21 38 34 41 3 22 34 35 34 23 4 41 41 41 35 34 35 22 35 35 34 34 22 24 22 34 41 35 23 34
split_gain=36.1355 55.6821 71.4729 65.492 62.1413 60.5849 55.1569 57.0549 57.9776 53.6713 54.5643 58.6677 53.4037 52.6842 73.5639 58.9935 59.1641 57.2552 61.9982 65.9837 55.8529 53.245 52.5168 51.6469 51.4748 50.4951 68.963 69.1913 66.5644 63.2605 62.5109 58.3419 50.063 49.9747 83.9345 94.2995 67.6783 87.0553 96.9314 92.5035 85.7176 87.6844 82.8812 95.0728 78.3068 75.7303 79.9767 71.2166 91.0397 74.0626 92.3322 83.9251 66.0602 65.5731 62.2406 62.2971 60.8495 59.5413 60.4937 59.2071 57.3267 56.2148
threshold=0.25646972656250006 0 1 2 3 4 5 6 7 8 9 10 11 12 13 14 15 16 17 18 19 20 21 22 23 24 25 26 27 28 29 30 31 32 33 34 0.025833333842456344 35 36 37 38 39 0.090833336114883437 40 41 42 43 44 45 46 47 48 49 50 51 52 53 54 55 56 57 58
decision_type=2 9 9 9 9 9 9 9 9 9 9 9 1 9 9 9 9 9 9 9 9 1 9 9 9 9 9 9 9 9 9 9 1 9 9 9 2 9 9 9 9 9 2 9 9 9 9 9 9 9 9 9 9 9 9 9 9 9 9 9 9 9
left_child=33 2 -2 5 -5 -4 12 23 -9 10 -3 -12 -6 14 -11 22 -17 18 -15 20 -20 -21 -16 -8 -13 26 29 -28 30 -19 -27 -30 -26 34 -1 -36 42 38 -38 -39 -41 59 44 -44 -35 -40 -47 48 -46 51 -51 -49 -43 -45 55 -37 -50 -56 -59 -42 -60 -48
right_child=1 9 3 4 6 -7 7 8 -10 13 11 24 -14 17 15 16 -18 25 19 21 -22 -23 -24 -25 32 28 27 -29 31 -31 -32 -33 -34 36 35 54 37 39 45 40 41 52 43 53 47 46 61 49 56 50 -52 -53 -54 -55 57 -57 -58 58 60 -61 -62 -63
leaf_value=0.0016626702310099217 -1.5750378462543057e-05 2.8521218925369473e-06 1.3355841573301371e-05 3.3785271230749343e-05 -3.0316689727397432e-05 -2.5792891241230166e-05 7.7557897433906759e-05 1.6213714175568688e-05 -2.2041918723411126e-06 -1.5681688131109316e-05 -5.8592670503154183e-05 1.3480768734398618e-05 4.157712574068055e-06 -1.9510037453186956e-05 2.5495362828535973e-05 -1.136785431838856e-06 2.9331115250137746e-05 -5.4646356584386637e-05 8.4407593192572963e-05 1.4631775732242071e-05 9.9895323483358645e-06 -6.6597468708939568e-06 -1.2059407797293983e-05 1.1577036918432585e-05 5.1055155509528108e-06 -8.4376769230382943e-07 2.651718902847423e-05 5.5603955563639795e-07 1.2769463109231798e-06 -2.9578168576787207e-06 -2.6585574659211313e-05 -6.4649459970439809e-06 -5.6155532343128963e-05 -0.0016079141447210147 0.0017706226496340054 -0.001489284275961243 -0.00053897355112086497 0.0010731942172317655 0.0013199965336763016 0.0007848750933995189 -0.00084040539434441619 -0.0015035318729382447 0.00010301495822480753 -4.0256840977257141e-05 0.00096171948932376097 -0.0012173526939057422 -0.00038122960613438007 0.0016549312162184059 -1.171677915303644e-05 0.00059432126866832498 -0.00034600328484498619 0.00011872105748599461 -0.00027096264999189367 2.6280654821018378e-05 0.0016815429829588112 -0.00011606634210450326 -0.0019491879638997283 0.0018273170457922179 -0.0013677925354797318 0.00057848972869825046 0.00013232877316332031 0.00085670865845940394
leaf_weight=1142 907 1177 436 1279 548 1045 750 2390 5073 656 775 542 740 886 452 1149 2502 670 655 1783 1273 2318 1157 2615 421 1585 1409 12556 9516 1616 3397 20420 818 2142 771 538 680 1159 1519 1226 428 776 757 443 674 439 436 1248 933 2470 17717 8196 5658 2140 676 1271 2248 522 784 2254 1844 2423
leaf_count=1142 907 1177 436 1279 548 1045 750 2390 5073 656 775 542 740 886 452 1149 2502 670 655 1783 1273 2318 1157 2615 421 1585 1409 12556 9516 1616 3397 20420 818 2142 771 538 680 1159 1519 1226 428 776 757 443 674 439 436 1248 933 2470 17717 8196 5658 2140 676 1271 2248 522 784 2254 1844 2423
internal_value=-0.00036237 -0.00200292 0.00441405 0.0064159 0.0090669 -0.0174414 0.00639182 0.00918819 0.00332307 -0.00349841 -0.0174633 -0.0272897 -0.0169846 -0.00268075 0.00809716 0.0128376 0.0212612 -0.00377995 0.00646166 0.010826 0.0290721 0.00218817 -0.00629238 0.022138 -0.0150585 -0.0051652 0.000361553 0.00352865 -0.00773661 -0.0189034 -0.0205687 -0.00559369 -0.0284892 0.00179482 0.0109524 0.00557182 0.000557361 0.00687529 0.0192775 0.000927642 -0.00268881 -0.00670464 -0.00219861 0.0158707 -0.00389335 0.0252723 0.0149365 -0.00246462 -0.0177812 -0.000465538 -0.00456854 0.00829949 -0.0142972 0.00476298 0.000148741 -0.0181219 -0.0262699 0.00881708 0.00182161 0.0114922 -0.00563634 0.0222779
internal_weight=147030 83516 15783 14876 13395 1481 12116 10828 7463 67733 3733 2556 1288 64000 5916 5260 3651 58084 6915 6029 1928 4101 1609 3365 1781 51169 16251 13965 34918 2286 4982 29936 1239 63514 7548 6406 55966 16998 5497 11501 10342 9116 38968 3340 35628 4817 3298 33486 3855 29631 20187 9444 6434 2583 5635 1809 3181 3826 3150 2682 2628 2859
internal_count=147030 83516 15783 14876 13395 1481 12116 10828 7463 67733 3733 2556 1288 64000 5916 5260 3651 58084 6915 6029 1928 4101 1609 3365 1781 51169 16251 13965 34918 2286 4982 29936 1239 63514 7548 6406 55966 16998 5497 11501 10342 9116 38968 3340 35628 4817 3298 33486 3855 29631 20187 9444 6434 2583 5635 1809 3181 3826 3150 2682 2628 2859
cat_boundaries=0 8 15 23 31 35 43 47 51 59 62 66 68 75 83 87 91 99 107 111 114 116 120 127 131 135 143 151 159 163 167 171 173 180 188 196 199 207 215 223 227 235 243 251 259 267 275 278 286 294 302 309 312 315 318 326 334 342 346 354
cat_threshold=4224 2382679312 1060992 512 2148567040 1 2147518608 8248 0 1090560000 73729 209748011 83896322 37046 65576 134222848 29888516 65552 1090816145 395264 1308626948 196608 24576 25165889 262160 1073741892 1342275648 302262784 134222080 1157890120 16809984 3221389343 8389157 3557392702 1 16781696 270532608 1049088 1629505536 270604552 537919489 104 71340096 2657984789 1157637136 2794127360 2 2392106050 206078209 171779600 5 540676 1082392577 67109064 33816644 50432016 268435536 269487360 8388624 270147599 2226164036 1153689620 3591242808 3493888523 1191254088 1 3248116394 40329291 545523714 1075085320 16384 1158224384 4194308 98864 1109655588 1073741952 13 1091076162 1208027169 4112 2097152 4126 5275776 2283831622 703439120 2953055266 6 335550268 136385837 68015424 6 2147483656 8470528 3777232945 2148401168 16644 539625472 40976 16777344 3238020116 2048 1074266625 41984 603981824 134744448 66178 2179344 43040856 1220724849 1716097536 3 2194877455 354559266 545931525 2860716156 2445628627 3490978061 19041668 2283820033 8 2147483776 2684355600 8931331 328 10551312 286664720 1073742116 2529852 4001344 537162777 1 1680349360 2720563305 1883452680 4 83890208 2164260993 67109120 16907 600128 339747072 1073742080 8955904 2 269090880 268705808 134356992 1074266240 3233817856 1224737472 41472 4196416 166160 8389888 98596 1075839680 1073742356 673185793 65546 157084676 1347688464 1660963093 2 2768803636 549494792 3860876354 2 403481089 3340843400 2970649412 8 739006616 286504977 8529476 2097172 1024 1108119808 136331280 1610612804 4 6357560 3759149376 4192 20480 1409286272 8388608 402849797 266240 10616832 262145 536876032 1778418177 3221292040 538050753 524548 1048584 2151418890 1574631 172476872 269502466 76025888 67240064 268582912 1073747972 16385 8723456 17301536 2228288 2416058432 1 46137472 2048 537985096 33620227 2761874 67109380 134221824 603984131 268503168 144 1612742784 1073741953 5374473 314577152 2686078000 2888462736 5 1048706 654352656 348672 1048580 2622592 262145 1073742096 71311365 134234256 128 41943040 268443904 163644448 135335968 11010144 18221056 856074 50332162 288 576716996 18891016 34603040 576 168 131212 268435460 1049120 68159520 541196352 1157636112 1114136 33554464 8454176 1073745920 2147483652 2214598914 134234646 2112 18907152 8659717 6291587 276825152 83902466 76283904 268484644 23554 134217728 4457216 4250944291 568328781 60294176 336008 1073741824 655616 1180166 1074037056 268435969 2147602432 18907232 565760 68192258 8256 3489796355 2097280 4458504 4195344 10305 268451840 8 131136 34607200 470032386 135172 335675984 5392 2218789120 1076038465 786432 138412032 2155876352 1275069955 1050632 1612759211 3933096 697215144 2702475725 545262106 1084779336 1359061064 1837444 114240737 134348928 4718753 0 7413760 134971458 19005952 68157440 2629760 302030851 33554436 2147745792 2359424 537184514 71569408 1084231680 8240 3221292042 2304 18875968 201457680 400 1208222210 0 16842784 3056082 2235109380 421265434 11 35652100 2688548880 4505600 1024 239075328 1096810664 32800 67176448
is_linear=0
shrinkage=0.12


Tree=45
num_leaves=63
num_cat=62
split_feature=21 34 35 41 19 34 35 34 24 34 23 23 34 23 22 41 41 24 23 24 22 24 24 22 22 22 34 35 41 35 34 41 35 35 24 24 24 23 34 35 23 22 24 41 24 35 23 23 24 24 34 23 35 34 23 19 34 35 24 24 23 34
split_gain=26.1484 82.9327 88.4928 77.0628 58.921 70.4865 61.2979 72.3075 62.8455 57.0467 56.4437 56.1778 55.8036 58.7122 58.4066 85.6692 57.9507 56.611 52.2241 56.9964 62.8944 51.5841 50.9782 49.9339 41.9146 41.7451 92.665 76.8595 70.9384 64.6121 64.0355 66.8574 64.4765 63.9505 63.3896 61.6846 60.5994 57.1308 54.3965 72.4131 64.65 65.3604 63.738 55.341 65.6594 75.3262 59.8964 59.4819 53.2302 51.9807 51.948 50.1253 49.5701 70.9295 55.0428 50.9657 71.536 73.9656 50.3127 49.9406 49.5214 48.1688
threshold=0 1 2 3 4 5 6 7 8 9 10 11 12 13 14 15 16 17 18 19 20 21 22 23 24 25 26 27 28 29 30 31 32 33 34 35 36 37 38 39 40 41 42 43 44 45 46 47 48 49 50 51 52 53 54 55 56 57 58 59 60 61
decision_type=1 9 9 9 9 9 9 9 9 9 9 9 9 9 9 9 9 9 9 9 9 9 9 9 9 9 9 9 9 9 9 9 9 9 9 9 9 9 9 9 9 9 9 9 9 9 9 9 9 9 9 9 9 9 9 9 9 9 9 9 9 9
left_child=1 2 -1 9 5 -5 7 -6 -9 -3 -11 -7 13 -8 15 -14 -16 -15 -4 -20 -21 -12 -13 -10 -24 26 29 36 35 -2 33 -32 -33 -30 -31 -29 -28 -35 39 -27 48 49 -43 44 47 -46 -47 -40 -41 -42 -48 -38 53 -45 59 56 -54 -58 -56 -55 -36 -57
right_child=25 3 18 4 6 11 12 8 23 10 21 22 14 17 16 -17 -18 -19 19 20 -22 -23 24 -25 -26 38 27 28 30 34 31 32 -34 37 60 -37 51 -39 43 40 41 42 -44 52 45 46 50 -49 -50 -51 -52 -53 55 54 58 61 57 -59 -60 -61 -62 -63
leaf_value=-3.4974292962311312e-05 3.3030524123818748e-05 -2.965317218981784e-05 3.8432703660860666e-06 -0.00033349186907520882 6.7017077781230782e-05 -8.2186008514618347e-05 -8.5696889014693941e-06 -0.00020691006121196926 -0.00011096900629949767 -3.0950915246062727e-06 7.6659346771493633e-06 6.1761103213616711e-05 3.6847305025007837e-05 -5.6707800106990708e-06 -2.6600398390023197e-05 -1.6492152570202258e-05 7.8638867177814533e-06 0.00015204070461542537 0.00038468686004437266 0.000316178182383056 6.3340661634921145e-06 0.00027900122361226994 -0.00012945967213247344 3.0677969970133959e-06 7.7851348298841731e-06 -9.8337692695987325e-05 -1.6926299024319046e-05 -1.850118754394324e-05 0.00024475087245429171 -0.00033939160710155607 -7.7410378875732551e-05 -4.2265866824048639e-05 -5.2429333194037582e-06 -3.9360354908269361e-05 1.2124869330419042e-05 5.8138552646200861e-05 0.00047721226517066773 2.0142707629193643e-05 1.8517259715081324e-06 6.4637986133616718e-06 -1.3365766736360348e-05 -8.3150295358958077e-05 3.229576639862424e-06 -3.8477269226575208e-05 -0.0001416756894721266 7.8906254105264099e-05 6.4694327812978288e-05 -0.00015284490374825032 -6.2716838749120275e-05 8.9110331255562957e-05 -1.9613947996250731e-05 3.3867122068085362e-05 6.9682973344647843e-05 5.1505234760229542e-05 0.00027764195152621543 1.8654860466184919e-05 5.4212256061886527e-05 -3.659905255752465e-05 3.0586084180626576e-05 -2.4503921010017722e-05 -5.1753508168925617e-05 1.0346760863863913e-06
leaf_weight=713 533 567 1185 422 555 787 1002 933 552 758 541 537 1025 679 1638 6718 14558 1719 887 544 1396 1231 424 1404 743 1034 810 763 593 996 1701 2192 16145 790 638 1680 546 2048 557 663 654 824 1847 703 669 939 563 1186 1672 1568 1677 1386 635 545 1020 6536 580 3333 2512 1079 1669 42226
leaf_count=713 533 567 1185 422 555 787 1002 933 552 758 541 537 1025 679 1638 6718 14558 1719 887 544 1396 1231 424 1404 743 1034 810 763 593 996 1701 2192 16145 790 638 1680 546 2048 557 663 654 824 1847 703 669 939 563 1186 1672 1568 1677 1386 635 545 1020 6536 580 3333 2512 1079 1669 42226
internal_value=-0.000447249 0.00210354 0.0170488 0.000179322 -0.00148807 -0.0177641 5.84491e-05 -0.015 -0.0226267 0.0182567 0.0259638 -0.00992407 0.00196117 0.0163189 -8.51714e-05 -0.0086499 0.00401283 0.0264896 0.0239761 0.0328425 0.0210246 0.0376681 0.00237759 -0.0102439 -0.0117048 -0.00145104 -0.00502861 -0.00267913 -0.00470298 -0.0225156 -0.00673055 -0.00932469 -0.00720039 0.00839963 -0.0287783 0.0147128 0.0163834 0.000842084 0.000141303 -0.00902102 -0.00474032 0.00310702 -0.00952663 0.00131168 -0.0100874 -0.00130568 0.00643057 -0.0293333 -0.0211163 0.0182632 -0.00426285 0.0279012 0.00239063 0.0128564 0.0177399 0.00123776 -0.0108947 -0.0169681 0.0261399 -0.00058676 -0.0176455 0.00237175
internal_weight=147030 41518 4725 36793 33696 2913 30783 3444 2889 3097 2530 2491 27339 3400 23939 7743 16196 2398 4012 2827 1940 1772 1704 1956 1167 105512 32490 28654 25912 3836 23469 20038 18337 3431 3303 2443 2742 2838 73022 8262 7228 4893 2671 64760 5591 3848 3179 1743 2335 2222 2240 1932 59169 5859 5156 53310 4548 3913 3532 1624 2307 48762
internal_count=147030 41518 4725 36793 33696 2913 30783 3444 2889 3097 2530 2491 27339 3400 23939 7743 16196 2398 4012 2827 1940 1772 1704 1956 1167 105512 32490 28654 25912 3836 23469 20038 18337 3431 3303 2443 2742 2838 73022 8262 7228 4893 2671 64760 5591 3848 3179 1743 2335 2222 2240 1932 59169 5859 5156 53310 4548 3913 3532 1624 2307 48762
cat_boundaries=0 2 10 18 26 33 41 49 57 60 66 69 73 81 85 89 97 105 109 113 117 120 123 127 131 135 139 147 155 163 171 179 187 195 203 206 210 213 217 225 233 237 241 245 253 257 265 269 273 277 281 289 292 300 308 312 319 327 335 339 343 347 355
cat_threshold=528548576 286310560 1314881 0 90112 560070658 2149589128 134230024 134225988 8716448 654327816 1086324736 66 4210760 159391877 134217729 604012544 67242500 1090519552 524296 2990622720 4 101711876 67145728 536872256 884760 0 29360384 145754129 67174406 528750610 1073791236 1048576 196992 2181038080 17041414 9437344 297795584 33816592 9994248 2097152 542412824 1097728 8389121 16777217 9 20971591 2100224 19074 1275609088 2 142606592 4096 17830913 1610743828 18440 20972041 28148996 543005200 1208516911 570425344 1091047468 33849936 1058820 75497472 428721 268440338 1686530581 1767923878 1798121490 17465450 143937868 1 8388614 40 34078720 1486360708 1196048 1157660672 3146504 2101249 1239433346 1747215367 2449744040 1 341018208 3230021636 1007501347 4 100663305 130 1056 134746184 2147778576 2147747848 2317385737 644 331776 16389 1048576 673189890 142934144 152046592 2650808450 33554432 2164417088 21268888 2403640768 8 2256668960 680710344 2250509124 12 360727588 17055887 1094627750 4 25430036 1103209600 2499823538 2583910677 609268492 1175488896 217059337 2214864106 1392869386 4 83364880 157816928 51921030 15 1644446720 843489457 1982079234 4 1208303866 3594814082 2692878920 9 137369600 536871424 34668672 2250248195 131269 134222336 2097188 66576 558891304 1074282496 0 1074530308 50350085 32928 16818180 9447424 2097169 67108966 0 1089536 1099268098 8913298 6299648 42991748 9 303599616 4227712 16400 872417344 1342177320 2099264 90208 33719552 12583938 681574960 327680 1619263746 805437440 394240 33554436 2684355584 2189557769 268437568 2147483648 675299333 23340032 1073877376 17 100664320 6553888 48 268533776 1140916488 2162163713 344080 522 67108864 343933088 70254768 35717250 393472 2181038848 1073743360 34 3794413826 2151687747 2148886436 816333721 50415640 3089892244 8 2801797209 554124677 171090049 18945049 273121844 3364393474 10 197984 1074790401 8912928 16876672 2148540424 1879048192 67110976 8654944 2147549584 579354636 33280 4227264 555746368 1073741836 2179072 1049728 1678858786 2617704457 406456394 5 2164786692 26361157 256902580 4 220792576 2283817680 2223440426 14 3670016 1077940230 1379930113 268435520 2415954440 2156924962 2112 589824 1210063554 546398230 293832265 6 48 536872843 786560 1073873152 6324224 4212866 513 100663317 2157051985 136503596 2695080116 4 29443328 2269566144 913310354 2 743114770 2149597281 552185889 6 1363207232 3289134600 1116160201 8 2147483648 2717985186 3200 570425344 71368768 1049016 268435968 33555456 3375392772 3645660 38807568 538968208 2457888 32768 0 524672 174065156 277151760 67389056 272662528 2147516672 16 4325392 1294401936 10485764 50335762 2097152 3314571270 442061828 2891448480 4 0 13665280 67141649 69370960 817889320 84025488 139300 2231378065 2180 35684352 2147483904 33833600 101711872 36966432 524802 8454913 25178248 536871042 3221356800 1098907682 25174016 5247104 32776 404132104 2693051928 272913540 4 289681152 738404372 2936037931 8 3222298894 1210319016 2293838978 8 2289059844 256 1048640 512 75761984 2151678496 415244306 17424
is_linear=0
shrinkage=0.12


Tree=46
num_leaves=63
num_cat=61
split_feature=0 19 29 41 22 41 35 24 24 35 41 22 35 24 35 41 23 41 23 22 22 24 35 23 24 41 23 35 22 22 21 35 35 22 23 35 41 24 35 22 35 41 24 41 35 24 35 41 19 35 23 35 41 23 23 23 24 23 22 24 21 23
split_gain=28.6697 63.4035 71.696 74.1443 60.3141 60.2176 59.7149 60.1829 58.5217 58.0499 57.5068 59.1039 56.4503 61.6957 81.1188 64.3601 65.704 63.0924 59.7452 56.7993 55.2512 54.8183 53.4865 70.6538 66.9126 56.2407 71.0401 67.4484 55.8581 54.8531 52.9933 80.3045 59.8025 52.7423 52.3962 61.012 57.3087 54.7532 57.5006 51.9924 67.58 70.8909 63.821 72.2339 67.9163 60.6285 80.8121 75.2352 60.0146 59.3917 58.829 69.2298 58.579 57.3443 56.8871 55.1251 51.823 51.4478 58.5216 51.4283 57.3787 50.65
threshold=0.25305175781250006 0 1 2 3 4 5 6 7 8 9 10 11 12 13 14 15 16 17 18 19 20 21 22 23 24 25 26 27 28 29 30 31 32 33 34 35 36 37 38 39 40 41 42 43 44 45 46 47 48 49 50 51 52 53 54 55 56 57 58 59 60
decision_type=2 9 1 9 9 9 9 9 9 9 9 9 9 9 9 9 9 9 9 9 9 9 9 9 9 9 9 9 9 9 1 9 9 9 9 9 9 9 9 9 9 9 9 9 9 9 9 9 9 9 9 9 9 9 9 9 9 9 9 9 1 9
left_child=22 2 6 8 5 -5 -2 -8 -4 -7 11 21 57 14 20 16 -16 18 -15 -17 -14 -3 23 29 -25 26 -24 -28 -29 -1 31 -19 -32 -26 37 -36 -37 -6 -39 40 53 54 44 -44 -43 46 -41 -48 -49 55 51 -51 -52 -27 -42 -47 -11 59 -59 -12 -61 -13
right_child=1 10 3 4 34 9 7 -9 -10 56 12 61 13 17 15 19 -18 30 -20 -21 -22 -23 25 24 33 39 27 28 -30 -31 32 -33 -34 -35 35 36 -38 38 -40 45 41 42 43 -45 -46 49 47 48 -50 50 52 -53 -54 -55 -56 -57 -58 58 -60 60 -62 -63
leaf_value=0.0012143372370617281 -0.0016147289337221677 -5.0595454115915369e-05 -8.4644195736582831e-06 1.7142002392709955e-05 -1.547402879350877e-05 1.5355546064845188e-05 -0.0010721368038229876 0.00015513605667079672 3.1476705886950368e-05 -1.9107777563006843e-05 -3.1472303410988716e-05 -9.2652976548338584e-07 1.1988765364935689e-06 7.6254564041391835e-06 8.6817788761737192e-05 2.3528267551948306e-06 1.5799933790837651e-06 2.2007869992504003e-05 -1.8980911318789916e-05 -9.6807206239794533e-06 -3.815522150628371e-05 6.5839471553498651e-06 -0.00019080440949367959 9.2932559192457934e-05 -2.5420500325097332e-05 0.00016092947865791544 -0.00019899777681183355 0.00012050464678305753 0.001710345496391212 -3.9905054801962974e-05 -8.6624837202781215e-06 -5.0566783757899169e-06 6.3587358288135918e-06 -0.0014073971546240804 -3.5108877712435864e-05 1.3665933061492059e-05 -1.2240128047970356e-05 -1.5873260945241332e-05 1.1915487434745295e-05 0.000624556856299559 0.00075428203124807195 -0.001451617347514591 0.00094256953700253888 6.4290487509937255e-05 -6.7735523563955904e-05 0.00032659204286744289 -0.0014451116926170527 -0.0011338192788340059 1.7098866042820846e-05 0.00092593387551916258 -0.00033809818338049802 -8.1952433188443128e-05 0.00037917527146649879 -0.0013374304766681352 -0.0016377323331746268 -0.0005468649205050333 -9.3367293546396479e-08 -2.0706645016329274e-06 2.5012914771457145e-05 3.0011514634233145e-05 -1.0860279522775583e-05 3.7389273532698245e-05
leaf_weight=526 1058 321 532 1079 1404 1060 428 883 1152 1307 532 873 562 1031 436 3824 1089 1405 2641 8887 1398 912 1210 1186 810 629 560 667 1635 1225 2040 10179 17180 1975 1109 1111 7169 757 2401 1407 318 721 1029 7823 3354 919 1169 1182 7468 933 1175 5741 12994 1763 1005 2142 3038 1322 2849 565 853 2077
leaf_count=526 1058 321 532 1079 1404 1060 428 883 1152 1307 532 873 562 1031 436 3824 1089 1405 2641 8887 1398 912 1210 1186 810 629 560 667 1635 1225 2040 10179 17180 1975 1109 1111 7169 757 2401 1407 318 721 1029 7823 3354 919 1169 1182 7468 933 1175 5741 12994 1763 1005 2142 3038 1322 2849 565 853 2077
internal_value=-0.000563142 -0.00198535 -0.00714122 -0.00501785 -0.00701325 0.00254925 -0.0269759 -0.00952376 0.0191037 -0.00263613 8.65734e-05 0.0136448 -0.000914707 -0.00223029 -0.00833662 -0.00517125 0.0180351 0.000640221 -0.0142019 -0.00796981 -0.0311562 -0.00838549 0.00141112 -0.00962678 -0.0184685 0.00254368 0.0161018 0.0263883 0.035471 0.010414 0.00241433 -0.00399448 0.00627704 -0.0286164 -0.011456 -0.0165812 -0.0129957 -0.000891985 0.0078738 0.00147381 -0.00404947 -0.000908704 0.00180848 0.00752707 -0.0105994 0.00409083 -0.00318206 -0.00704302 -0.00315862 0.00750627 0.00979909 0.000502534 0.0141739 -0.0226622 -0.0272359 -0.00808329 -0.00878585 0.00995923 0.0174707 -0.00611618 0.00587408 0.0228494
internal_weight=147030 85464 24488 22119 20435 6484 2369 1311 1684 5405 60976 4183 56793 50672 16196 14236 1525 34476 3672 12711 1960 1233 61566 5722 3971 55844 4072 2862 2302 1751 30804 11584 19220 2785 13951 9389 8280 4562 3158 51772 16642 14250 12927 8852 4075 35130 11226 9819 8650 23904 20843 6674 14169 2392 1323 3061 4345 6121 4171 1950 1418 2950
internal_count=147030 85464 24488 22119 20435 6484 2369 1311 1684 5405 60976 4183 56793 50672 16196 14236 1525 34476 3672 12711 1960 1233 61566 5722 3971 55844 4072 2862 2302 1751 30804 11584 19220 2785 13951 9389 8280 4562 3158 51772 16642 14250 12927 8852 4075 35130 11226 9819 8650 23904 20843 6674 14169 2392 1323 3061 4345 6121 4171 1950 1418 2950
cat_boundaries=0 7 8 16 20 28 36 40 44 52 60 63 71 74 82 90 94 102 106 110 114 117 125 129 132 140 144 152 155 159 161 169 177 180 184 192 200 204 212 216 224 232 235 243 251 255 263 271 278 286 290 298 306 309 312 315 318 322 326 329 331 335
cat_threshold=0 1086849038 14352 16851037 272636035 603984016 4 1 131072 2516647952 0 33562689 413728 2189963282 1075904546 50339840 276838718 137561120 3558109189 13 1107296256 536903680 2147534416 1347682562 1024 537034856 2685403136 69664 2281717888 234881159 31457920 5243904 61440 135806978 134218752 16 2432764564 345248512 1619073986 2 275059936 1348338706 19158376 8 128 33685572 1075840010 18875400 2190488064 75501596 138676224 4 2164260896 196608 1351614465 268976138 236257424 262160 4194465 147456 85999906 503591940 3240314682 8399874 0 1091192960 83918848 407373344 32 3255312388 262276 272777519 9336966 2352236737 270008360 5124 1082368 2383872 10485767 2684354752 146931712 73728 137963010 1647054852 541200392 570425345 0 150995968 32784 2097154 2687636487 805307277 1190272 14 202062849 8912903 4195392 33816640 268451840 2818572296 1114112 1048642 1160609858 201328768 2427357492 13 537301127 1157891149 1646267105 3 303154752 553695616 2151707826 10 2821259793 236961832 18939906 604244224 537919488 3489732608 83972097 33555457 2147483938 1108090880 262144 1208486037 1113851221 1620714572 1 563086085 436374547 438840403 134218792 1 201343105 1076133924 1342212100 738197956 536879104 66560 87301259 72091768 1614028836 1 33587712 285212676 34734724 537567232 411304128 100663296 4194568 40 1879645218 1787232832 1644987556 932545838 34078792 34302272 8 421793586 2656178441 271581440 538052930 0 144048192 100925440 538992898 75499776 272 1049216 198656 9224 2147484677 131072 5267596 537968640 70811680 1076013068 944414410 264521 430116926 111224833 542187542 11 20480 947961920 68290561 285344009 1074791456 1074790400 8398848 1187840 268437512 2099488 1179648 538448404 3145729 18560 33559040 297096 1118962395 2218922754 1351636996 6 167780416 671088800 655366 2195984 109053952 2646028 2130432 64 34054268 3495341088 3087015937 11 1208090688 33849856 262336 524288 210272512 1086914560 272695312 1048590 2151680000 17957008 537659400 17301504 9437185 1051648 1141932705 2375680 2440114692 2168553889 229844112 34635792 64 1073943552 167911424 2852454400 33554440 34144262 655377 1030 4329472 8388660 268476432 555763712 536895496 18496 29366272 1345856613 706808345 3255387224 4 134250512 16389 294920 1075314944 73039872 1048585 541097986 35204 8388608 1092747304 570426400 134356992 41951328 276828168 16810434 33554945 16 2206748672 2215706628 184550416 67125290 1082720262 256 178 2147500040 25165832 2156923144 72351744 268697616 2158100482 2230656 85663757 37782646 349323532 11 270139456 139298 8193 536871040 2686454144 1050753 68157777 67633152 65792 8456192 1134166016 22528 134234656 262160 7159810 50593792 258543653 1348796512 172507180 614662656 201459463 1090650522 27332741 140116724 2285046688 415310088 1343342289 321192304 2821742616 98742658 418902 2 2954962095 1178600201 1644609540 5 2333147394 1093845057 1231038652 3157273152 1296999588 17832066 3221430559 1954596320 5
is_linear=0
shrinkage=0.12


Tree=47
num_leaves=63
num_cat=60
split_feature=0 38 34 22 22 34 24 24 34 23 23 21 4 38 22 34 35 23 35 34 22 34 39 35 34 34 35 35 35 34 24 23 23 35 24 23 34 35 34 19 24 24 35 22 34 35 22 24 35 24 23 35 34 24 22 23 23 23 21 24 23 34
split_gain=28.9358 57.5867 73.3242 68.688 56.1434 79.0488 68.1252 59.3778 62.4393 59.8553 56.7494 50.2002 49.8004 110.364 90.6526 95.2969 90.2214 69.124 66.2149 61.7911 58.3543 87.103 85.6888 88.008 68.4639 68.4628 80.6727 67.2102 65.3065 65.6339 64.0971 62.9341 59.3693 58.319 57.8794 55.8109 81.3456 72.8791 62.0069 61.0792 54.2291 54.2217 51.0106 50.8072 49.4022 70.373 62.5217 57.7405 52.5433 50.9807 62.4579 50.8699 76.9044 68.3173 59.5033 56.8269 50.2173 50.0004 47.9652 47.6541 47.6485 45.8786
threshold=0.25305175781250006 0 1 2 3 4 5 6 7 8 9 10 0.069166667759418501 11 12 13 14 15 16 17 18 19 20 21 22 23 24 25 26 27 28 29 30 31 32 33 34 35 36 37 38 39 40 41 42 43 44 45 46 47 48 49 50 51 52 53 54 55 56 57 58 59
decision_type=2 9 9 9 9 9 9 9 9 9 9 1 2 9 9 9 9 9 9 9 9 9 9 9 9 9 9 9 9 9 9 9 9 9 9 9 9 9 9 9 9 9 9 9 9 9 9 9 9 9 9 9 9 9 9 9 9 9 1 9 9 9
left_child=12 2 3 -2 5 -4 11 9 -9 -6 -8 -7 20 34 17 -16 -17 -15 -18 -20 21 -1 24 -24 -23 26 -22 30 -25 -30 -27 43 -32 -26 -14 36 -29 -38 42 -40 -19 -35 -37 -28 45 -3 47 -47 -48 -50 -51 52 -46 56 -55 -56 -54 -49 -12 -33 61 -10
right_child=1 44 4 -5 7 6 10 8 60 -11 58 -13 13 14 15 16 18 40 19 -21 25 22 23 28 33 27 31 35 29 -31 32 59 -34 41 -36 38 37 -39 39 -41 -42 -43 -44 -45 51 46 48 57 49 50 -52 -53 53 54 55 -57 -58 -59 -60 -61 -62 -63
leaf_value=0.0011374049682623276 3.4758810882712187e-06 -2.2817412184556416e-05 2.0608214204107116e-05 -4.3316387795477415e-05 9.323972168431586e-06 -2.135516722259099e-05 -8.5145407418466652e-05 3.1794646791347139e-05 3.9007867038533161e-05 -1.7524327199812458e-05 -5.7168968704496944e-07 1.9038159126732515e-05 0.0014066225609313263 -4.62844791171834e-05 -0.00035157429733206967 0.00031971469269621015 -0.00028985630430018315 0.00071892141839657311 0.00022809701303112115 -2.1934577114414065e-05 -0.0015175633243841682 -0.0023326900171820072 -0.00092918119786563919 0.0015374144305094876 -0.0013096518059930509 0.00013987911520283889 0.0009708366855584764 -0.0018240081681925536 -0.00063272205015068108 0.00045058889967308053 -0.0029808216067063039 0.0019824636424314538 -0.0010205300944526182 0.000987148280610705 0.00033433914022108421 0.00053515021199624453 0.00078263586190814376 -0.00040874701249831027 0.00095348378140754661 3.2843569729079646e-05 0.00012292555839645529 -0.00027130404238947544 -0.0011108087966893965 -0.0011408007467091741 2.0915383392176668e-05 -2.3175785182020941e-05 4.6045505451824754e-05 4.3154698994208937e-05 3.1711893087979623e-05 -1.4986365270869731e-05 1.0885362106638316e-05 -2.1515145341556937e-07 -3.7827839937247441e-06 -2.5897275805565841e-05 2.7539636765861629e-05 -8.8440235509866109e-06 -6.1181454213869935e-05 -4.9076977336233567e-06 -2.8519446536983644e-05 0.00063609872048543453 -3.7003765801812984e-06 6.1780315323324592e-06
leaf_weight=1912 666 772 778 1607 1080 675 959 1033 446 2564 1032 827 551 907 693 566 690 576 554 3384 663 652 954 1268 676 891 446 1210 969 6770 575 811 1294 1000 1214 452 911 6780 1164 15229 1367 2230 1848 628 679 679 810 530 1238 933 2010 52842 419 919 635 1482 1004 1157 1262 1731 4638 1788
leaf_count=1912 666 772 778 1607 1080 675 959 1033 446 2564 1032 827 551 907 693 566 690 576 554 3384 663 652 954 1268 676 891 446 1210 969 6770 575 811 1294 1000 1214 452 911 6780 1164 15229 1367 2230 1848 628 679 679 810 530 1238 933 2010 52842 419 919 635 1482 1004 1157 1262 1731 4638 1788
internal_value=-0.000506012 -0.0019348 -0.00768937 -0.0278862 -0.0049842 -0.0149107 -0.0207174 -0.000217969 0.00562333 -0.0128665 -0.0304686 0.000475522 0.00147739 0.00900228 0.00344267 -0.00506526 0.000553196 0.0209643 -0.00501723 0.0010329 -7.04958e-05 0.00581645 0.00263436 0.00886794 -0.0109759 -0.00286448 0.011326 -0.0048686 0.0125468 0.00837569 -0.022684 0.0183903 -0.0352791 -0.00490044 0.0362633 -0.00307759 -0.0108919 -0.00630922 0.000647952 0.00324047 0.0336982 0.00185069 -0.0177508 -0.0059668 -0.000248634 0.00850509 0.0121319 -0.00393606 0.0197401 0.0142237 0.00556343 -0.00147744 -0.0128621 -0.0185999 -0.00834644 0.00276183 -0.040223 0.00798113 -0.0199826 0.0286609 0.00146426 0.0158148
internal_weight=147030 85464 19355 2273 17082 5533 4755 11549 7905 3644 3253 1502 61566 10502 8737 5887 5194 2850 4628 3938 51064 16431 14519 9961 4558 34633 4279 30354 9007 7739 2760 3616 1869 3906 1765 27594 8901 7691 18693 16393 1943 3230 2300 1074 66109 8129 7357 2366 4991 4181 2943 57980 5138 4459 3036 2117 1423 1687 2294 2542 6872 2234
internal_count=147030 85464 19355 2273 17082 5533 4755 11549 7905 3644 3253 1502 61566 10502 8737 5887 5194 2850 4628 3938 51064 16431 14519 9961 4558 34633 4279 30354 9007 7739 2760 3616 1869 3906 1765 27594 8901 7691 18693 16393 1943 3230 2300 1074 66109 8129 7357 2366 4991 4181 2943 57980 5138 4459 3036 2117 1423 1687 2294 2542 6872 2234
cat_boundaries=0 8 16 20 23 31 35 39 47 51 54 56 63 67 75 83 87 95 103 107 115 120 128 136 144 152 160 168 176 180 184 188 196 199 203 211 219 227 234 238 242 250 254 262 270 273 276 284 288 291 299 307 310 314 318 321 325 327 330 334 342
cat_threshold=671223372 2097172 9 571269376 270532608 536870982 33554692 1024 34103332 2099200 1074856256 135004416 1361051776 1048836 204932 160 2159054880 307560467 3827976276 6 1317667366 184816727 2151911762 805438208 3254784000 131216 302131200 8391968 33558528 68190216 33587204 623151182 3490792265 2164293864 12 285264097 2415995330 2877557106 8 1073744128 8650822 524417 132150 536920324 12583424 2147487760 74241 3443549501 310378584 25447968 2 272904310 1902323208 19997828 1111163073 519544496 9519044 2359300 69633 33570816 134366232 64 33835008 252330758 2239799420 1842178 10 4194464 611385603 525328 68159492 71306752 34607104 136314880 2129920 16644 2157445121 274688 8388608 4334208 272629894 20480 33554944 3498737670 2824505401 1157698852 8 134774848 33557506 2147549184 335545472 33556496 1744912384 34604600 68157444 1536 393240 139906 427827200 1073742016 4194321 2155942400 33562629 4126672896 4549 63685568 4 2185233508 32832 272 168824838 1049681 2147557378 2147483652 33555457 73402960 268568640 88 1090523161 807141381 67111936 2147483664 1149251584 2215958536 33554944 270598176 33558532 4194400 67895296 69210120 8388616 16448 2109568 17989704 2101696 12582912 70262808 72354816 0 805371905 1075904552 33288 134348801 67153928 67108898 3760193984 33816586 33828864 168308744 268435968 2228288 33563648 537919744 1835272 2147508224 2181042176 282591233 2214625538 4980736 16781952 139067656 100664321 4194308 33554464 134774784 679479360 2148010048 69638 142680064 38797328 7 720896 2147483656 537395200 2195600 71600776 2416051809 798270338 2550499345 4 587621894 839429194 2161116448 1 1166754828 3297792130 2835356848 8 3489939457 285212928 262288 67715072 134219776 41986 2147484320 33619988 2820493576 2197057642 335568969 739615755 201523847 337969178 7 65600 1074282576 2149582864 134754816 261 29362432 16785408 17301601 0 1073778720 805864000 137625604 4624 537068544 3166720 139268 132224 276824064 4472960 201326864 135284806 2147483716 75759634 1410 0 2148012032 159395856 4395081 135296 167969024 1311232 2244518158 2204125184 675842186 12 1184952450 46154886 2369783346 2 2147618881 419430400 22544406 270532608 41250 0 352329760 72 33624176 1372333080 1343239175 8 25905152 512 3221291012 2156142592 2566938628 570425604 17113088 1024 0 1107578880 541185 71827468 4352 541065216 725614730 16802448 600834849 3230966534 1680671045 239745034 3061846154 214052864 82845954 5242880 3474560 285311488 8675328 2147483784 2147483681 8 91443456 2774417472 738402340 4 26158662 2451102012 8430208 2151682048 0 33792 8256 69470212 2148810882 134385664 7054593 271585310 2621441 16787584 1073741952 75497536 278020096 68190273 1081344 1075257860 3274327140 1234780357 868794372 689504386 256328736 1 9050352 3556794724 142227472 5 3225990722 1093801488 811614600 626917386 3389004042 573874234 9 4102485086 2227791968 1426244640 679100692 437588882 705335299 2427136068 348195464 13 2415919106 16384 8200 16384 9961474 100900931 12616705 33587200
is_linear=0
shrinkage=0.12


Tree=48
num_leaves=63
num_cat=59
split_feature=3 38 34 41 23 22 19 24 23 34 34 22 23 24 22 41 22 22 9 5 24 41 23 24 34 41 24 41 24 41 34 19 40 34 34 22 23 22 23 23 23 22 34 24 22 22 41 23 23 23 24 41 23 22 24 34 22 24 23 41 22 34
split_gain=26.7889 73.2055 69.2827 65.9365 58.2821 53.2017 53.068 67.9313 58.2756 69.9539 64.7535 60.4177 50.6339 59.0674 52.8369 49.8666 46.0352 40.3041 38.2077 66.9196 67.5433 61.2374 69.3887 74.9547 59.8433 71.7257 64.6745 54.937 57.3805 68.6913 72.5402 59.8042 64.3406 57.3199 56.3411 57.1667 53.6828 53.1081 54.4607 50.4085 48.4357 43.1998 39.5517 61.5148 71.4947 61.6732 61.1065 54.2111 52.9115 48.146 46.325 41.8483 71.0402 61.29 59.7298 50.5557 44.5032 42.1692 40.8173 66.9673 68.8093 65.7359
threshold=0.0075000002980232247 0 1 2 3 4 5 6 7 8 9 10 11 12 13 14 15 16 0.24255371093750003 0.040833333507180221 17 18 19 20 21 22 23 24 25 26 27 28 29 30 31 32 33 34 35 36 37 38 39 40 41 42 43 44 45 46 47 48 49 50 51 52 53 54 55 56 57 58
decision_type=2 9 9 9 9 9 9 9 9 9 9 9 9 9 9 9 9 9 2 2 9 9 9 9 9 9 9 9 9 9 9 9 9 9 9 9 9 9 9 9 9 9 9 9 9 9 9 9 9 9 9 9 9 9 9 9 9 9 9 9 9 9
left_child=1 12 4 5 -3 -4 7 -5 9 -8 16 -11 -1 -14 -15 -12 -10 -6 21 20 -20 22 -2 -24 25 -23 41 34 29 40 -31 33 -33 -30 -26 -36 -37 -28 -39 -22 -29 -27 43 45 47 -21 -46 -45 -47 -48 -49 52 54 57 -44 -55 -56 -54 59 60 -53 -61
right_child=18 2 3 6 17 -7 8 -9 10 11 15 -13 13 14 -16 -17 -18 -19 19 42 39 24 23 -25 27 26 37 28 31 30 -32 32 -34 -35 35 36 -38 38 -40 -41 -42 -43 51 44 46 48 49 50 -50 -51 -52 58 53 55 56 -57 -58 -59 -60 61 -62 -63
leaf_value=-9.8054303352675844e-05 0.0018974176507597917 -0.00013726727846041247 4.0353725018024564e-05 4.7582262245885868e-05 -3.3918126011355175e-05 -0.0021631341939579297 0.00013472843602909849 -0.0011236261272898266 0.0001428388544341106 -1.3829587590858408e-05 0.00021594167418289474 -0.00048816057929889766 0.0012955600968392014 -0.00039207575292459759 0.00017317828647160191 2.0596314732824993e-06 -0.0007055701155293106 0.00046956889418559716 -0.0020765306590261232 -1.7016160378136892e-05 0.00054804110363793534 -0.0017794067032193511 -0.0013446799103236484 0.00069168029660410181 -0.0021597924190328564 0.0019667771894984524 -0.0015605264785672104 -0.0014684999394658812 -0.0015926530074081204 -0.00025033527162454005 0.00066941566632415191 -0.00025227029133848938 0.00018316598584728849 -0.00018118106917298094 -0.001399566934545081 -0.00078709893496723793 0.00080878378534205938 0.00071520650732698394 -0.00052224669053868328 -0.0010371519462398079 7.0361866321565347e-05 7.0571787057787107e-05 1.4432616260762733e-05 -2.6065074792885164e-05 6.8557963412488081e-06 9.6559407861434223e-05 -4.0267566987600749e-05 -1.0745494507804044e-05 5.0397053582821657e-06 -1.5049858585854283e-05 2.977698386422363e-05 8.6897252228593634e-06 -4.3404475140392214e-05 8.5861064767492554e-05 -7.2763121808039357e-05 1.8615278723249847e-05 -4.0711399519335756e-06 1.1976084513390969e-05 -1.6272765267451315e-06 -7.8075468395482628e-06 -2.6811929143691119e-05 6.238497032085939e-06
leaf_weight=775 785 562 221 516 412 732 548 1024 208 1168 911 2021 643 310 1005 5891 859 921 544 990 443 668 539 1208 665 416 887 427 427 1141 7289 3982 14688 1668 672 410 1050 572 1403 881 895 821 628 640 792 554 1167 427 1597 2772 1151 770 443 665 434 2113 775 816 47524 2781 1613 17170
leaf_count=775 785 562 221 516 412 732 548 1024 208 1168 911 2021 643 310 1005 5891 859 921 544 990 443 668 539 1208 665 416 887 427 427 1141 7289 3982 14688 1668 672 410 1050 572 1403 881 895 821 628 640 792 554 1167 427 1597 2772 1151 770 443 665 434 2113 775 816 47524 2781 1613 17170
internal_value=-0.000367267 -0.00460676 -0.00770711 -0.0106045 0.0137808 -0.0409119 -0.00837209 -0.0292268 -0.00557755 -0.0178928 0.000289296 -0.0247048 0.0135082 0.0237563 0.00895248 0.00461402 -0.027025 0.0273903 0.000251588 -0.00115769 -0.0236149 0.00329435 0.0213207 0.00784533 0.00208857 -0.0104708 -0.00446605 0.00388885 0.00536539 0.0129537 0.0169438 0.00179621 0.00395675 -0.0173706 -0.0121751 -0.0025746 0.0107608 -0.0143632 -0.00332156 -0.00862271 -0.0124137 0.0183506 -0.000668344 -0.00772124 -0.0140152 0.0062036 -0.0223403 0.00376679 0.0175867 -0.0284586 0.0156981 0.000272496 0.0099898 0.0188787 -0.00954026 0.0288172 -0.0250614 -0.00311561 -0.000546156 0.00368388 -0.0152818 0.00595702
internal_weight=147030 18727 15994 14099 1895 953 13146 1540 11606 3737 7869 3189 2733 1958 1315 6802 1067 1333 128303 87690 1868 40613 2532 1747 38081 4767 4099 33314 30517 9752 8430 20765 18670 2095 2797 2132 1460 2862 1975 1324 1322 1237 85822 10090 6949 3141 4731 2218 2151 3939 1578 75732 5874 4037 1837 2778 1209 1259 69858 22334 2383 19951
internal_count=147030 18727 15994 14099 1895 953 13146 1540 11606 3737 7869 3189 2733 1958 1315 6802 1067 1333 128303 87690 1868 40613 2532 1747 38081 4767 4099 33314 30517 9752 8430 20765 18670 2095 2797 2132 1460 2862 1975 1324 1322 1237 85822 10090 6949 3141 4731 2218 2151 3939 1578 75732 5874 4037 1837 2778 1209 1259 69858 22334 2383 19951
cat_boundaries=0 8 16 24 28 32 39 43 46 54 62 65 68 71 74 82 86 89 92 100 104 107 115 123 127 135 139 147 155 162 167 175 182 186 190 193 197 200 204 208 216 220 223 227 235 239 243 247 250 258 262 266 270 278 282 286 290 298 302 310
cat_threshold=8389632 2115600 212160 101220864 2418016257 1073741890 2147500292 1040 8417536 16793600 148488 203468800 16851972 9502720 251674624 136 4341792 2147745796 27279360 134217728 89128960 684198024 67651584 4198402 541247094 2164441089 178926098 12 2153120832 1073750612 34635776 4 64 1048576 37767699 16909328 268574850 604278792 1319456 102106444 1078404457 333448768 2 2555124745 3097588578 1342177562 67371008 3703168 2149650432 268451860 71303200 134217733 1052930 35670048 2164588544 8193 1074338080 128 559104 5120 273350856 1581057 2103581586 2952922217 93863952 2996576705 140576818 130040450 583198816 269783656 2483826997 269484476 1073975297 1006633538 739803800 32848 2688548864 8522368 147457 65536 50 3073 671092224 1028 318799905 10 381010468 2147558726 2148028488 23085057 7556427 21975586 536871968 524289 150996992 50626568 16812036 782237760 536873984 8458368 3267363653 830589092 268449282 12 859142776 2756252417 571494400 8470528 76546048 2113672 67125248 2281710598 814745604 85983234 263312 4194496 268460036 2161508356 4719104 1049216 16908288 2147615234 35651624 60568706 617223171 838865233 8 524544 1073938456 1073741825 134248720 10485760 504836 270536705 16384 1827029504 1086194694 807553061 10 18874368 2147483714 5521552 612892672 1048578 20971536 1073741952 51127570 32 134742017 553680960 688400394 35686656 258 8650776 141826 0 9441280 9437196 52428896 344082456 1619533926 270344 1350568320 269015040 393446 16480 9572360 266249 2097152 0 308351072 4247584 67108864 167772164 14702689 2284062208 3221290020 589828 2148007936 272629760 82945 278916 1212262464 1175520906 4038142052 8 604506126 76025026 2169581060 13 18052483 652390416 2396937 201411107 11903616 237765250 2 2693419012 690540544 1906063536 1393103947 302006380 1343493516 10 1929388068 2150795540 570559098 10 138412080 4132 8929280 538050816 66560 1142956033 3230138380 106536 3188207792 1083199232 321323032 10 135098435 1156621336 3759932551 228067348 143395850 892010781 3 1052729 540928 1075314946 286786304 32768 402657280 1057028 8224 182452273 1073749033 3761319990 11 1756037734 1090846737 547490068 9 3411658824 578838552 3502310400 3 16389 2720170050 134793600 2148010240 2181103616 2684354560 268976130 143917088 1191938 1075904547 16924672 3808954629 3276211456 3154681924 10 1109659360 17834180 3347661544 2 19931271 495862412 2820711185 4 268435456 822902849 266433 2113536 3761258496 8392264 16875520 4 21127233 1879900226 371613257 12 2234724384 21381172 2836481286 14 2509834281 529450 678965828 11 603983876 9961504 138412192 16810008 301989889 4719809 2147487872 1572904 3885236355 692061441 3271579089 1 1074004160 536920080 536871936 622596 603980296 2155937800 186651136 1065473
is_linear=0
shrinkage=0.12


Tree=49
num_leaves=63
num_cat=59
split_feature=4 38 41 41 34 35 41 35 34 35 41 23 34 23 19 4 19 34 41 34 22 39 23 34 22 35 23 35 23 22 22 23 34 23 35 41 41 34 22 35 34 23 34 35 23 34 35 41 22 34 41 34 23 0 35 23 23 35 21 22 23 23
split_gain=26.3917 115.347 96.1546 88.9852 81.3304 75.9493 75.8353 74.2688 72.8198 72.7113 71.0539 67.1893 64.981 62.7874 62.6846 78.4462 178.105 98.4783 87.2993 75.1147 67.3191 66.6739 65.7781 65.6306 75.0559 69.9885 69.13 64.4423 62.9224 62.5071 59.3352 66.2155 61.4763 57.52 77.804 71.0885 57.074 77.627 61.3654 58.4327 68.6819 62.4869 56.8255 56.1101 57.6633 55.3855 76.0853 54.2031 56.1833 79.9004 65.799 64.0465 52.6972 52.1511 51.9738 51.1333 48.9562 48.9231 47.8984 46.7635 46.2479 45.3873
threshold=0.029166666790843013 0 1 2 3 4 5 6 7 8 9 10 11 12 13 0.035833332687616355 14 15 16 17 18 19 20 21 22 23 24 25 26 27 28 29 30 31 32 33 34 35 36 37 38 39 40 41 42 43 44 45 46 47 48 49 50 0.37756347656250006 51 52 53 54 55 56 57 58
decision_type=2 9 9 9 9 9 9 9 9 9 9 9 9 9 9 2 9 9 9 9 9 9 9 9 9 9 9 9 9 9 9 9 9 9 9 9 9 9 9 9 9 9 9 9 9 9 9 9 9 9 9 9 9 2 9 9 9 9 1 9 9 9
left_child=1 3 43 53 -5 12 11 -6 9 -8 -9 -7 -4 -11 19 16 42 -18 -19 22 -20 -22 -2 24 26 -26 -17 60 -27 -24 31 -12 -32 35 -35 -10 37 -25 61 40 -38 -42 -16 -3 -45 46 -41 58 49 -49 -51 -50 -40 -1 -47 -53 -44 -30 -29 -13 -21 -39
right_child=14 2 5 4 7 6 8 10 33 13 30 59 -14 -15 15 23 17 18 20 27 21 -23 29 36 25 28 -28 47 57 -31 32 -33 -34 34 -36 -37 39 38 52 45 41 -43 56 44 -46 54 -48 48 51 50 -52 55 -54 -55 -56 -57 -58 -59 -60 -61 -62 -63
leaf_value=-0.0028041807060151117 0.00010218696150314699 0.0016720426054313436 0.0002616568220256359 -0.0012040582818079184 0.00027293388297605062 9.7980382730961026e-05 -0.00020236769684777304 0.00033043436605994028 -0.00016110443346060649 -3.5826031577015463e-06 1.7083240127266305e-06 -7.1712356609728455e-06 -0.00044773010104875614 0.00076197859067755034 -0.0011716280308480451 7.3442270626505817e-05 -0.0001368656073139097 -5.4754067881642186e-05 0.00011198147798577914 -1.4084125540545384e-05 0.0014552711726319081 0.00042041245570549791 -4.7111747480434486e-05 -2.093397434900602e-05 -6.8931314550834199e-05 7.8489022325624883e-06 -4.0093589220566394e-06 -1.0582054254040943e-05 1.8867354993830255e-05 1.843082081288861e-05 -0.00093149391855568251 -0.0011704316980928858 -4.865779122152594e-07 0.0001074311354093624 -3.0182357511484379e-05 7.6805798267752892e-05 -2.0596782808335159e-05 -4.1314386137367386e-05 7.2629899547986e-06 6.9701022948072183e-05 -1.2060852184324198e-06 3.8036620930845633e-05 -0.00040935726598364196 -0.00023012587149037926 0.00036461003032450676 -1.3127834456967969e-05 4.198708241786503e-06 -4.4721440707500123e-05 -5.8895845512397182e-05 7.1021429313525603e-05 -2.1593233107349149e-06 -2.6925961856262977e-05 7.2962693507291033e-05 3.2299103569470488e-05 2.2092541492146276e-07 -5.8438178223142301e-06 4.3353751988195119e-05 -2.8737330990396146e-05 6.1866524116241652e-05 -0.0012306512908867788 5.717703615104649e-05 2.3980829598837374e-05
leaf_weight=1027 821 659 421 1003 1082 645 472 755 814 759 775 530 2370 1795 418 944 424 539 1050 325 1720 1042 556 814 809 1661 2009 545 431 1279 711 1642 4237 1980 12613 6036 789 433 1029 1091 1278 3052 557 552 1351 4426 6423 723 1300 920 3454 3115 2347 109 43250 7024 1260 3175 640 1088 924 1007
leaf_count=1027 821 659 421 1003 1082 645 472 755 814 759 775 530 2370 1795 418 944 424 539 1050 325 1720 1042 556 814 809 1661 2009 545 431 1279 711 1642 4237 1980 12613 6036 789 433 1029 1091 1278 3052 557 552 1351 4426 6423 723 1300 920 3454 3115 2347 109 43250 7024 1260 3175 640 1088 924 1007
internal_value=5.713e-05 -0.00242608 0.00125245 -0.0128213 -0.00924341 -0.000686641 0.00128328 -0.00567831 0.00323026 0.0206188 -0.00962124 -0.0196747 -0.0194791 0.0286204 0.00109801 0.00261398 0.0147518 0.0278003 0.0331973 -0.00464738 0.0396025 0.0494881 0.0142129 0.00147899 -0.00810972 -0.0157293 0.00756828 -0.00729533 -0.0106156 0.00149428 -0.0132249 -0.0286043 -0.00566128 0.000766252 -0.00349195 0.00982803 0.00279298 0.0143353 0.0201325 0.00171284 0.0139622 0.0198987 -0.0131909 0.0234965 0.0128459 0.000573891 0.0101408 -0.00915581 -0.0109355 -0.00044626 0.00569082 -0.0156039 0.0289728 -0.0445296 -0.000936083 -0.0123535 -0.00387093 -0.0195025 0.0155388 -0.0326871 0.0189373 -0.000661116
internal_weight=147030 43426 32085 11341 10205 29523 26732 9202 24469 3026 8120 2263 2791 2554 103604 81978 7010 4775 4351 21626 3812 2762 2656 74968 9029 6076 2953 18970 5267 1835 7365 2417 4948 21443 14593 6850 65939 5630 4816 60309 5119 4330 2235 2562 1903 55190 7514 17721 16536 5097 4374 11439 3376 1136 47676 10139 1817 3606 1185 1618 1249 1440
internal_count=147030 43426 32085 11341 10205 29523 26732 9202 24469 3026 8120 2263 2791 2554 103604 81978 7010 4775 4351 21626 3812 2762 2656 74968 9029 6076 2953 18970 5267 1835 7365 2417 4948 21443 14593 6850 65939 5630 4816 60309 5119 4330 2235 2562 1903 55190 7514 17721 16536 5097 4374 11439 3376 1136 47676 10139 1817 3606 1185 1618 1249 1440
cat_boundaries=0 8 16 24 32 40 48 56 64 72 80 84 92 95 102 109 117 125 133 137 143 146 154 158 166 170 178 182 186 189 192 200 204 212 220 228 236 240 248 256 259 267 275 279 287 295 303 307 315 323 331 334 342 346 350 358 360 364 367 370
cat_threshold=1251784 2284109828 9 4210944 134251536 0 2450046976 1 64 538969089 603981922 16518 2684487680 713293892 1708032 2097152 4194336 1207968912 555778050 134217889 524288 419431496 4194304 57474 1074331921 33562625 1073741824 2165342976 10248 65536 100671648 4524120 537133056 1360640 106496 2164295192 2684371728 1342308352 134266880 4608 892928 2282225736 0 75542528 26222592 5408 67111088 4194369 262272 2694840320 8397074 268443736 34078912 136071169 33024 8192 289415306 1140850688 1610631169 134561796 2167932992 8454160 536887296 8 2214594561 69337088 34099220 33 67240128 573571080 131080 131072 1811939328 2684357124 131776 67141696 403703040 1048592 2148794688 68157440 291564553 1761674513 1074524288 2 1073741842 1614807040 0 35692544 1 137412748 201596928 35667985 2517634475 18205825 1117847560 65536 37791753 8429599 134357068 373295105 1073741888 160 786432 27268614 201331744 50416672 134283282 8388608 84 1076904578 257 2048 67174528 1209043456 536872976 578 65536 17879105 32770 16384 2189426752 136448640 2155872392 168050688 2098176 3670784 2181039104 1090781313 65 537920160 2281701504 26231296 6557696 272896773 1141899264 419692560 12 327760 2281701376 24 1207964701 3490201602 1 2160107604 187777073 2035523848 134750736 268438530 266241 402654734 71304192 68157440 537018624 2232832 189131044 557842604 1147950085 8 8704 2214592512 2182156288 4194304 16842754 2103300 134811920 33561860 3247608865 2168476697 453099682 8 2188640258 1073766912 16388 2147487744 1077936130 576847872 98305 395284 705190561 2235795488 542786572 10 1620480320 2265187713 2449524844 6 2365780018 176554524 1141519460 44318781 1479701251 3769634896 287309828 67245318 70 524288 1073763328 1310784 153108488 33579008 286818380 146178305 1492797976 1 134217730 268967936 546439168 10815491 268566656 33570848 335544340 67665960 2148532226 4128 136446208 270533633 268500996 4817032 1350599680 41984 2149056512 524296 541065984 67637248 168099921 1073741842 1084325888 49163 553648384 33816612 557440 34078736 589824 1108017200 10489856 17571874 1686192352 372376703 34673232 8 1636827136 16 67616 1090519688 135791616 134348800 3389744128 33558528 1080033281 545275904 1098907648 2149658624 17825825 2101256 1409286208 93585416 1629533249 2304940552 2634059944 805307680 34621522 65536 536870912 503316480 67275744 16777216 1048576 1073758353 683672066 36765704 4849668 1073746048 18874370 67108928 100663360 546328740 101474388 2731911720 1 16777217 18087937 2236416 3250585600 142614528 2147487760 478150674 10225792 8801 1409290240 1627521154 17 20480 276824576 1085441 4196610 141557760 72712 671089664 2149728257 335544836 153182208 536879104 65600 1780728070 60953668 13637782 5 9 1613889536 19488 5898496 536592 33566721 4206592 33572874 50336068 537927728 557728 1048584 344192 192 10485780 33296 285245520 76808192 2152808448 12851232 64 67634688 1141376034 8192 112206064 1164181620 2982173952 786688 1610620928 2415919104 33693728 536875137 546570273 537133056 5186304 540049793 3313661444 42584070 11 1006866438 1476502406 3221324516 5 8388616 1611661600 67108864 33718273 37769232 37748872 2149589000 16386 3057681708 1200463842 1192267984 1902380053 1664125248 8 271057964 3926986304 23079264 4035052363 85370896 813867328
is_linear=0
shrinkage=0.12


Tree=50
num_leaves=63
num_cat=58
split_feature=0 35 22 34 23 34 24 24 34 41 24 22 23 22 41 34 35 22 23 23 5 41 34 35 22 34 22 3 38 0 18 35 34 41 22 19 22 21 35 35 41 34 19 34 41 22 24 23 22 22 35 22 23 23 23 22 22 21 23 24 24 24
split_gain=26.9921 50.098 71.2122 85.7429 74.3077 55.4804 63.8869 49.6954 49.6727 84.949 82.5775 58.9524 61.5192 57.6743 50.2366 66.9489 61.3861 57.7925 54.8278 47.9738 47.7556 87.8927 89.4118 72.4674 65.9919 64.2898 62.9637 60.3209 120.256 133.414 77.9767 76.2901 73.5585 71.2552 70.7781 59.4384 56.7114 53.2474 92.3693 82.2949 77.3857 80.1977 74.9182 74.6181 74.986 69.7503 66.1772 63.7101 60.4747 57.6605 53.1849 52.4983 51.9259 51.3609 47.9332 46.7715 46.6253 46.0403 45.4998 45.2512 44.572 44.1165
threshold=0.27478027343750006 0 1 2 3 4 5 6 7 8 9 10 11 12 13 14 15 16 17 18 0.069166667759418501 19 20 21 22 23 24 0.0091666667722165602 25 0.20983886718750003 26 27 28 29 30 31 32 33 34 35 36 37 38 39 40 41 42 43 44 45 46 47 48 49 50 51 52 53 54 55 56 57
decision_type=2 9 9 9 9 9 9 9 9 9 9 9 9 9 9 9 9 9 9 9 2 9 9 9 9 9 9 2 9 2 9 9 9 9 9 9 9 1 9 9 9 9 9 9 9 9 9 9 9 9 9 9 9 9 9 9 9 1 9 9 9 9
left_child=20 2 4 -4 -2 -5 -7 -6 9 -3 13 -12 -13 -11 15 -10 -17 61 -19 -8 27 24 26 52 -22 55 -23 28 34 31 -31 59 -33 -34 -1 -27 -37 39 48 47 46 50 -43 51 -45 -46 -40 -29 -39 -48 -42 -41 -24 -36 -26 -25 -49 -15 -53 -30 -50 -18
right_child=1 8 3 5 7 6 19 -9 14 10 11 12 -14 57 -16 16 17 18 -20 -21 21 22 23 25 54 35 -28 37 29 30 -32 32 33 -35 53 36 -38 38 40 43 41 42 -44 44 45 -47 49 56 60 -51 -52 58 -54 -55 -56 -57 -58 -59 -60 -61 -62 -63
leaf_value=-0.00060629467330517068 2.3147479614944352e-05 3.7735982791997588e-05 -2.0365152076685005e-05 7.0822117776931078e-05 6.2255399363792581e-06 2.8629155186171093e-05 -1.2914315263691008e-05 -2.4609294947263886e-05 1.2175586028586463e-05 -7.238638456753508e-06 8.424021418964207e-06 5.4832988939440705e-06 -2.0539982360542583e-05 6.154897984367163e-06 -1.6858132058504678e-06 -4.8617872234447455e-05 -1.1829232122785678e-06 1.6433182224278273e-05 -9.8379901051676724e-06 1.1472719299117855e-05 -3.7500038725953352e-06 4.5272798923823436e-05 0.00033297792135090126 -1.4206839683561337e-05 4.1522492546359615e-05 -6.3466033885620267e-05 -9.9615377438561024e-05 -0.0014069847609659294 -0.00026495957147283227 -0.0083465776033674628 -0.00076744255874747528 0.0013710969655905216 -0.0034729991852685358 -0.00028146694388852254 0.0033171751353386339 -3.3285328474020794e-05 3.4832736109417549e-05 -0.0017815566859060313 0.0002746236749171785 1.3912670762683386e-05 -0.00059611597615222441 -0.00067500760889672366 6.8800566329244587e-05 -0.00076131777856115941 0.00066471035547574573 7.0243070887117124e-05 -2.6389212464667622e-05 0.00083108522364697829 -0.0013754056038152104 -0.001677629884126361 0.00095811008292857522 0.00025015500869253433 7.019036419211336e-05 0.00091238644555876431 0.00037564849155650803 0.00016593401778311858 -0.0008215017907525744 4.4067249154185656e-05 0.0015961290629360747 -0.0040888708813658133 2.2231968426732559e-05 -4.3662892773753094e-05
leaf_weight=831 724 946 585 700 444 1210 802 1226 764 653 1403 943 2076 586 52675 836 411 884 1929 1754 560 540 430 433 419 868 1131 665 437 318 271 1041 994 6969 543 2649 6362 814 572 646 319 1479 15565 1185 4601 9823 448 531 563 914 1855 434 916 1264 890 1092 843 901 1200 958 1347 858
leaf_count=831 724 946 585 700 444 1210 802 1226 764 653 1403 943 2076 586 52675 836 411 884 1929 1754 560 540 430 433 419 868 1131 665 437 318 271 1041 994 6969 543 2649 6362 814 572 646 319 1479 15565 1185 4601 9823 448 531 563 914 1855 434 916 1264 890 1092 843 901 1200 958 1347 858
internal_value=-4.89685e-05 -0.0016794 0.00764382 0.015714 -0.00937653 0.0213845 0.0155002 -0.023258 -0.00273419 0.0064468 0.00156981 -0.0077943 -0.017222 0.020855 -0.00391646 -0.0146259 -0.0197647 -0.0136004 -0.00395042 0.00467287 0.00157239 0.00730665 0.00411556 0.00754113 0.0317065 0.00441485 -0.0218894 -5.43241e-05 -0.00702671 -0.0125454 -0.0680202 -0.00940294 -0.00532386 -0.00925391 0.0159396 0.000861383 0.00376371 0.00211478 -0.00170797 0.00669207 0.000975238 0.00328237 0.000506563 0.0092978 0.00632225 0.00871155 -0.0218294 -0.0160897 -0.0224561 -0.0361572 0.0249222 0.0295288 0.0337555 0.0292248 0.0464193 0.0272478 -0.00121208 0.0338625 0.040972 -0.0353944 -0.0106139 -0.0347541
internal_weight=147030 73310 7445 5051 2394 4466 3766 1670 65865 7508 6562 4422 3019 2140 58357 5682 4918 4082 2813 2556 73720 16290 14421 12750 1869 11404 1671 57430 13626 10988 589 10399 9004 7963 2638 9879 9011 43804 23876 19928 21152 19218 17044 17889 15609 14424 1934 2039 2724 1362 2174 2280 1346 1807 1309 1525 1374 1487 1634 1395 1910 1269
internal_count=147030 73310 7445 5051 2394 4466 3766 1670 65865 7508 6562 4422 3019 2140 58357 5682 4918 4082 2813 2556 73720 16290 14421 12750 1869 11404 1671 57430 13626 10988 589 10399 9004 7963 2638 9879 9011 43804 23876 19928 21152 19218 17044 17889 15609 14424 1934 2039 2724 1362 2174 2280 1346 1807 1309 1525 1374 1487 1634 1395 1910 1269
cat_boundaries=0 8 12 20 24 32 36 39 47 55 59 62 65 69 77 85 93 97 101 105 113 121 129 133 141 144 152 154 162 170 178 182 189 193 195 203 211 218 226 233 241 249 253 257 261 265 269 277 281 285 289 292 296 300 302 306 310 313 317
cat_threshold=813958400 1310720 1077958680 16794112 138412304 285212673 1074003972 1589252 291324498 1143017830 18113802 1 6291724 404 55054850 393216 2148073480 0 409602 3145888 3967632161 1077936256 42582112 11 269484096 73736 1073807620 16782464 67108864 33710596 134283840 83907584 2169586980 387974008 104464403 8 2759983175 3624944697 67645569 10504200 262144 1108246532 2214871056 268980240 4160 294929 8454656 1058818 570433576 3280908 746586114 4325378 16384 138444802 51380736 2702837889 1225098324 541796292 2 83921574 1551893600 2433419995 940056896 1655723592 1639597100 1283590284 2500534285 1732255938 4 1150484492 5 73400453 16777248 536872962 671088772 134217744 101711896 131088 2155905280 2147509376 705693186 262400 1115725840 2147615744 1064992 50331649 138641920 1081412 2953052160 2147745824 279552 3264 4194418 1148070938 369145984 707166528 2 186228808 273417493 3772818532 2 2354611301 1143226544 2558561672 4 5242885 2147483650 536873476 256 271360 545858081 4199024 71319553 272654336 66560 525376 69206060 67109904 33554499 537411840 2216448 83886080 68960672 8196 536973572 268468224 4358144 3221749760 33947841 80758850 2903114373 696877580 10 8651779 131072 2283864576 16777296 142606432 2415921172 9699330 33826848 2860540170 2453674028 1095899346 142607368 268435460 132161 1644958464 2418081808 98 2147500052 1024 0 9 262146 2159034368 33559680 268468272 8224 2315260052 2228227 262272 5251156 545309184 147464 1814036512 1073816576 135266305 536891392 1 1 687867936 58724904 402653200 2164736 136200 4194352 33832962 537010495 1253215296 2701426694 9 0 4751616 2155874325 67123209 33687620 167772452 1114376 3895765088 973735169 17502440 4 127501190 2417024511 67108864 1074397184 1344471424 18354696 71304576 262148 4284420 24 268451840 1052724 32816 33898496 16777241 1359118464 1342439424 18876704 2147483906 1576962 3231187968 0 3221225600 370992 268734672 138412292 12296 37440 537198848 33620496 1024 1611670786 1187844 0 1102080 46137346 167823393 8470624 554311746 24576 2214858752 2164260866 1077938465 310444672 1114144 1212153920 2097153 528904 268984576 1140981768 536940672 145920 402653216 20054536 2621442 33554448 2842722562 807408672 42594216 12 344187610 67126336 199245892 10 1264668693 2472579760 1375768580 10 1034241 18559344 2484093328 5 293900676 303118798 604308752 9 838860802 8388616 34357272 4210688 131072 16842752 134219792 8388644 546940088 543461384 2719508608 8 2099265668 1471846 68362252 10 184637240 3221258270 2215262944 2 3775006590 68567554 86426652 2774016386 1418756864 588324928 9 1101092490 536908416 1924202869 4 1246973984 110163133 1413754376 545325314 296765492 6 608404555 1189103664 2315297352 8 772311048 23220352 2248269133 54642819 3930329092 407966980 2
is_linear=0
shrinkage=0.12


Tree=51
num_leaves=63
num_cat=60
split_feature=1 39 35 41 34 34 41 22 22 22 35 23 41 35 34 22 22 22 23 23 38 20 39 39 22 34 4 34 41 41 22 41 34 34 22 35 34 23 22 35 41 34 41 23 35 34 35 35 23 19 35 34 41 23 34 23 22 22 23 34 35 41
split_gain=26.6342 99.0369 85.0431 77.3447 75.2839 72.5976 71.1601 65.8418 64.4306 63.6653 62.8339 66.5805 58.1012 59.8164 65.4552 65.0044 57.7797 56.7451 47.118 45.8311 43.1654 105.86 109.142 105.144 103.401 98.4113 98.2785 96.1524 93.3895 93.3063 82.0676 76.4353 77.6218 74.0159 71.5421 65.585 63.0449 62.1227 59.4013 85.3084 72.8908 72.0175 70.9456 69.4318 69.1244 67.0503 84.6469 64.6321 66.6882 63.0234 62.6196 78.6745 63.4683 60.7048 56.694 56.6878 57.2312 54.2901 52.3636 52.2009 73.9345 63.8433
threshold=0.042500000447034843 0 1 2 3 4 5 6 7 8 9 10 11 12 13 14 15 16 17 18 19 20 21 22 23 24 0.094166666269302382 25 26 27 28 29 30 31 32 33 34 35 36 37 38 39 40 41 42 43 44 45 46 47 48 49 50 51 52 53 54 55 56 57 58 59
decision_type=2 9 9 9 9 9 9 9 9 9 9 9 9 9 9 9 9 9 9 9 9 9 9 9 9 9 2 9 9 9 9 9 9 9 9 9 9 9 9 9 9 9 9 9 9 9 9 9 9 9 9 9 9 9 9 9 9 9 9 9 9 9
left_child=20 3 16 -2 -5 8 9 19 -4 -7 -9 -12 17 15 -15 -14 -3 -8 -10 -6 21 23 24 26 -23 -25 30 57 -29 -26 -1 -27 -33 -31 36 -36 -30 -34 39 53 -41 43 44 -42 -40 46 -44 48 -43 -49 51 -47 -53 -22 -46 56 -48 -24 -35 60 -52 -61
right_child=1 2 5 4 7 6 12 10 18 -11 11 -13 13 14 -16 -17 -18 -19 -20 -21 38 22 27 25 29 31 -28 28 34 33 -32 32 37 58 35 -37 -38 -39 42 40 41 47 45 -45 54 50 55 49 -50 -51 59 52 -54 -55 -56 -57 -58 -59 -60 61 -62 -63
leaf_value=2.7659763791708368e-05 0.00016245454435670438 -8.5543684625841384e-06 1.0410989574326413e-05 -3.1752158883991545e-05 0.00022409663481854906 9.8217446858340154e-06 -9.0019411743137916e-06 -2.2632047937665213e-05 -2.6041472287378631e-06 -4.1992870981296994e-05 9.5640988716757879e-05 2.202619718418644e-06 9.2430659610680161e-06 2.8178844399860472e-05 -1.3462556838766842e-06 -4.7745062236179803e-05 4.5499961519973924e-05 8.7965911484724031e-05 -5.9134304070929128e-05 2.8452895980377915e-05 1.349590123637834e-05 0.00026980234518265793 2.3588578127465675e-06 -0.00045909404691061028 0.00038449564915103045 0.00033810146991018308 5.5651720253655474e-06 -0.00011922260505889449 0.00011206813768053476 -7.1181126497167567e-05 -0.00200989993836026 0.00028605062704064975 -9.2948407696502743e-05 -1.6053688713824699e-05 0.00019054708723327776 1.7529708053963322e-05 -2.5208134808534348e-05 1.2235451240214652e-05 -8.4129940192923644e-05 -4.2712834357093446e-05 -0.00013366290034230263 -0.00018723713897065026 -8.3770858329012553e-05 2.8307688086582324e-07 -5.1559016741683349e-05 5.1052008685054525e-05 -8.5279242486741361e-05 -1.3025966618512852e-05 7.6048271159303884e-06 2.639082966337754e-05 -0.00045740979984816642 9.4204856657017971e-06 -7.8881832781593894e-05 -6.8902954632581506e-05 8.7994959405997747e-05 3.9134678231758368e-05 2.0927619661176867e-05 -0.00021341764107485152 5.2913656921193644e-05 -3.8252702619642351e-05 -1.7513584877867204e-05 -2.7226881322541259e-06
leaf_weight=836 883 685 653 658 531 429 549 690 550 999 934 2002 542 1806 12338 1154 1813 1142 1177 1018 836 2342 427 679 718 706 834 820 546 670 2414 766 1408 1152 809 5482 2503 3028 806 1552 796 941 761 1941 436 750 690 1916 1971 15238 867 813 4232 1891 2834 3529 908 799 2505 3244 5030 35051
leaf_count=836 883 685 653 658 531 429 549 690 550 999 934 2002 542 1806 12338 1154 1813 1142 1177 1018 836 2342 427 679 718 706 834 820 546 670 2414 766 1408 1152 809 5482 2503 3028 806 1552 796 941 761 1941 436 750 690 1916 1971 15238 867 813 4232 1891 2834 3529 908 799 2505 3244 5030 35051
internal_value=-0.000243212 0.00291016 -0.000719525 0.0157669 0.0106963 -0.00317549 -0.00068947 0.0155697 -0.0228762 -0.0263333 0.00666299 0.0143283 0.00141595 -0.000847839 0.00171234 -0.0220609 0.0201753 0.0224779 -0.0349856 0.0362075 -0.00107041 0.0029006 0.00832366 -0.00663858 0.0196729 0.00274586 -0.0217383 0.000947529 0.00478961 0.00994264 -0.0312177 0.00774323 0.00266972 0.00323575 0.00821214 0.0155164 -0.00686048 -0.00345322 -0.00241392 0.00224994 0.00450609 0.00622222 -0.00452079 -0.0120043 0.0107436 -0.00563637 0.00646779 0.00871401 -0.00779752 0.0115204 -0.00706334 -0.0187842 -0.0241803 -0.0178313 0.0185009 0.0120257 -0.00670804 -0.03063 0.00997545 -0.00552167 -0.016023 -0.00390007
internal_weight=147030 30553 23837 6716 5833 21339 18959 5175 2380 1428 3626 2936 17531 15840 14144 1696 2498 1691 1727 1549 116477 29444 18773 10671 7387 6587 4084 11386 10160 5045 3250 5908 5202 4327 9340 6291 3049 4436 87033 27082 24355 22803 59951 2737 4076 55875 5888 20066 2912 17154 49987 5795 5045 2727 3270 5127 1598 1226 3657 44192 5897 38295
internal_count=147030 30553 23837 6716 5833 21339 18959 5175 2380 1428 3626 2936 17531 15840 14144 1696 2498 1691 1727 1549 116477 29444 18773 10671 7387 6587 4084 11386 10160 5045 3250 5908 5202 4327 9340 6291 3049 4436 87033 27082 24355 22803 59951 2737 4076 55875 5888 20066 2912 17154 49987 5795 5045 2727 3270 5127 1598 1226 3657 44192 5897 38295
cat_boundaries=0 5 13 21 29 37 45 48 52 56 64 67 75 83 91 95 99 103 107 111 119 120 125 130 133 141 149 157 165 168 176 184 192 196 204 212 216 220 228 236 244 252 256 264 272 280 287 291 298 306 314 322 326 334 338 342 346 350 358 366 374
cat_threshold=2149646338 2147614720 2359312 150999825 269484035 302048320 2148810768 1610874912 75498112 539492368 1073807400 1064964 4 8192 21102596 357826560 335806466 32928 2214597632 33603586 4210690 1078198274 109052418 106 335544320 524448 2129920 4722745 67108864 33554512 2164260881 553713664 574619776 537330768 1048836 8406052 8454152 268509440 1073807397 285229060 100958272 268476416 805720064 16855040 33554432 1343070351 1076367136 726089856 86778536 2038694336 134889580 4 894833686 1644429328 2231640126 2 196742 813694978 2181054816 65536 679477248 67109760 2147614920 35 349700832 629740369 2182635572 1024 524304 1050752 268440592 554308117 2153250824 3222274176 8736 6291456 671252480 335743044 1611661314 2214593792 1028 2290122752 1597440 3223453696 268435968 134353030 268836865 16777216 1879048320 807501952 2097920 2181054788 2780443648 1544565107 1 2433225233 6798599 71631872 3 3221534209 234991104 1782854789 5 2281898018 243799081 306919832 7 41986376 1135028346 268461360 8 1090527744 2621704464 73865 786432 134316161 536870944 33554584 1 210 2214594560 1208090688 6291464 1082131464 3222011904 88082432 2281832448 4194312 1082130444 3222011904 1073250947 4026531856 1109500445 282832 1619525632 100811136 524806 0 537395200 2450522112 4210688 65 134350344 1181696 35651584 72943648 34603136 1342211152 576 1090589700 33554432 2147486720 2147483650 134218885 67141634 2684354696 8653316 1342480640 16843264 25165856 1024 16384 1073754176 134234128 68178705 524814 1207709952 36701215 1196032 4194690 147520 709361696 128 83888192 1314820 75503872 2416574465 268779689 1073741824 2162816 17056768 2424328196 4227072 17 1107312640 16779810 2852754432 268443777 131072 9470976 1084227648 37748736 2019622936 278407363 2355301444 5 1074003970 64 263463 83025 1209286912 2147491840 4872 8404992 1283491844 1619357696 1540 40960 1476427776 545390596 0 8454156 3104072753 2253670418 3152044 6 2147500289 239188991 72355456 2 2181038081 3221291024 66594 2689597456 83886208 2298740768 16785664 1573536 3221225728 4260352 1699233794 131072 553910296 2148536320 134348882 1314824 41976450 16384 2214936588 537919488 73729 1074401312 4194312 2691600 4211712 2283799592 1610884096 8538147 2148794368 2 570434176 8392704 1342636864 134365776 3971080228 8 537133056 67109376 2157970433 2322448 58835013 67117056 512 17956864 2097620 2147483648 538118144 1648361472 2051 37748746 1342309408 532996 147752 5767237 0 1074954240 20054016 541073536 872431880 9218 256 16450 2416050176 92422410 4587778 10491908 269554212 3164110386 3021013426 6553600 2 0 1107317768 24592 444620866 35008 947953954 8192 1584144 301992098 75497992 2290157696 572522496 75546624 80 4096 302006818 524304 134217792 2147554048 34079808 3706884 16777218 6619136 33816576 1107296768 16859172 3391094920 2689030 268435456 3229630464 64 1261456704 136380502 2160105360 5 0 16908352 12582976 3221495808 135266304 32801 4547 2625552 69734817 1157926975 68477602 9 136544438 3784310784 1938035004 4 429953136 8950852 1756916608 4 71311362 1041529144 787480620 1 814244867 134217768 3321888896 135233 176194820 0 536870912 132224 67125248 0 131204 67122176 5310764 134810880 1075841024 295170 35784704 282692 6307856 671088728 1082196484 100665376 262176 3145984
is_linear=0
shrinkage=0.12


Tree=52
num_leaves=63
num_cat=56
split_feature=0 19 34 35 22 23 34 35 41 22 35 34 22 24 23 41 24 23 22 23 34 34 41 24 34 24 23 35 34 24 4 19 34 35 34 41 41 22 35 24 24 22 4 38 22 38 41 34 34 22 2 41 41 23 4 35 41 34 3 35 34 41
split_gain=29.2561 68.9235 86.1339 79.0008 62.07 65.2765 59.2717 73.5936 61.092 61.6889 59.8995 66.0448 65.1042 67.9192 58.8809 57.2717 53.6948 57.2038 51.9338 75.376 85.8388 77.5485 60.8979 65.164 58.6439 50.9375 50.8884 45.5638 44.1026 43.7789 41.9435 189.502 92.1451 91.5681 93.7998 69.1377 68.3258 72.2362 67.904 56.9274 55.971 50.3293 49.9478 138.525 132.433 75.0091 95.2702 84.4993 73.3256 66.5636 65.8269 107.99 104.056 65.3286 60.3535 104.562 90.9007 93.2501 74.4071 101.326 95.9533 68.2339
threshold=0.30334472656250006 0 1 2 3 4 5 6 7 8 9 10 11 12 13 14 15 16 17 18 19 20 21 22 23 24 25 26 27 28 0.0091666667722165602 29 30 31 32 33 34 35 36 37 38 39 0.015833333600312475 40 41 42 43 44 45 46 0.024166666902601722 47 48 49 0.029166666790843013 50 51 52 0.024166666902601722 53 54 55
decision_type=2 9 9 9 9 9 9 9 9 9 9 9 9 9 9 9 9 9 9 9 9 9 9 9 9 9 9 9 9 9 2 9 9 9 9 9 9 9 9 9 9 9 2 9 9 9 9 9 9 9 2 9 9 9 2 9 9 9 2 9 9 9
left_child=30 2 -2 -4 5 -5 7 -3 9 -8 11 -10 -13 -14 -11 -9 -6 -18 19 20 -12 -21 23 -20 -24 26 -17 -27 -19 -7 31 32 -1 -33 -35 -34 -36 40 -39 -37 -38 -41 43 44 -32 46 -44 -48 -45 -50 51 -49 -52 -51 55 -47 -57 -58 61 -60 -61 -56
right_child=1 6 3 4 16 29 8 15 10 14 18 12 13 -15 -16 25 17 28 22 21 -22 -23 24 -25 -26 27 -28 -29 -30 -31 42 33 35 34 36 39 37 38 -40 41 -42 -43 45 48 -46 54 47 50 49 53 52 -53 -54 -55 58 56 57 -59 59 60 -62 -63
leaf_value=-0.0022925747483500511 4.0677854577684778e-05 1.8751019526586102e-05 2.830351204492365e-05 1.016722454675008e-05 2.0520514191864187e-05 -1.0631383975540439e-06 -6.7900152833392323e-06 6.1025508239021018e-06 4.5547587356836233e-05 -4.2165824095464409e-06 1.7245884649754027e-05 -1.1257077521009986e-05 2.8486382840179613e-05 4.8799851519548974e-07 2.8296813195360216e-05 -2.2617337910001149e-05 -1.4525616266497035e-05 5.6646618794920699e-05 1.6160339283036754e-06 3.1675516706423082e-05 -1.4107038843355831e-05 2.2128857080949755e-06 5.6435361685704379e-06 -2.7578330473395047e-05 -5.08923749402941e-06 -7.6950045607427032e-09 5.8825338803749451e-06 -2.8853764310627744e-05 5.1618690322268132e-07 -3.1499449047873969e-05 -7.1038266270026881e-05 -0.0024918845236006882 -0.0007246001960962929 0.0010298744994925466 0.00078125987209426992 0.00013044284048709212 0.0011253927076875535 0.00031291255812584376 -0.002199514900388359 0.0003826298799095068 -0.00072108835940093083 0.0028822697594892244 0.00051658687105763355 -0.0017121036507442998 0.0016547547091667659 -0.0015885872864315636 0.0002985629800530784 0.00017459843568394794 -0.00066832627074954953 -0.00022474619799326277 0.00024166341207634701 -0.00083027359680116716 -9.9155576031442186e-05 0.00093779075351638316 9.2179466045801763e-05 0.0011810780137874602 0.0008983547992050283 -0.00031117617132191106 -9.9310553966011758e-05 -0.00010553796054346344 0.00027255857157202121 -9.1598675975642851e-07
leaf_weight=409 843 558 743 525 1161 428 1123 709 565 690 556 1059 791 1680 1753 434 788 340 775 933 3184 6978 2932 1720 20420 542 1050 2819 1686 881 1061 963 439 832 694 801 428 454 2884 669 1115 1374 781 533 2081 1388 921 676 1449 791 973 4200 2431 1533 2690 1107 1103 8376 1907 1631 12707 28963
leaf_count=409 843 558 743 525 1161 428 1123 709 565 690 556 1059 791 1680 1753 434 788 340 775 933 3184 6978 2932 1720 20420 542 1050 2819 1686 881 1061 963 439 832 694 801 428 454 2884 669 1115 1374 781 533 2081 1388 921 676 1449 791 973 4200 2431 1533 2690 1107 1103 8376 1907 1631 12707 28963
internal_value=-0.000368899 -0.00244631 0.00837585 0.00369286 -0.00105136 -0.0192416 -0.00400834 -0.0150882 -0.00250515 0.0125433 -0.00379858 0.00996346 0.00379445 0.0144502 0.0232179 -0.0192742 0.00737395 -0.00161357 -0.00530418 0.00134785 -0.0126652 0.00798182 -0.00830194 -0.0260869 -0.00638931 -0.0239407 -0.00529408 -0.0321257 0.00906768 -0.03352 0.00101034 -0.00590021 0.0162635 -0.0170035 -0.0117588 0.0229803 -0.017376 -0.0223912 -0.0323104 0.0298319 -0.000848836 0.0404671 0.00199938 0.0113396 0.0304375 0.00100321 -0.00862117 -0.0120482 -0.00266789 0.00326551 -0.01589 -0.0248462 -0.00310039 0.0158219 0.00260904 -0.00501002 -0.000928471 -0.00474133 0.0045144 0.0111159 0.0145672 0.00112589
internal_weight=147030 58666 7395 6552 5809 1834 51271 6112 45159 3566 41593 4095 3530 2471 2443 5554 3975 2814 37498 11651 3740 7911 25847 2495 23352 4845 1484 3361 2026 1309 88364 11062 3692 7370 6407 3283 5575 4881 3338 2844 1543 2043 77302 7448 3142 69854 9982 9201 4306 3773 8280 4876 3404 2324 59872 11974 10586 9479 47898 16245 14338 31653
internal_count=147030 58666 7395 6552 5809 1834 51271 6112 45159 3566 41593 4095 3530 2471 2443 5554 3975 2814 37498 11651 3740 7911 25847 2495 23352 4845 1484 3361 2026 1309 88364 11062 3692 7370 6407 3283 5575 4881 3338 2844 1543 2043 77302 7448 3142 69854 9982 9201 4306 3773 8280 4876 3404 2324 59872 11974 10586 9479 47898 16245 14338 31653
cat_boundaries=0 7 15 23 27 31 39 47 55 58 65 73 77 81 84 91 95 98 102 106 114 121 129 132 140 144 148 156 164 167 174 182 190 198 206 214 217 225 229 233 237 245 249 257 265 273 280 284 292 300 304 312 320 328 336 344 352
cat_threshold=4 97517824 134234656 21505 671219780 1233723784 196608 794624 3221225856 12356 1064961 1073745992 144705538 1078329408 8388612 2164335136 16904 1310720 268571904 155189312 2230404 1073758976 81952 304109712 373818889 2362010113 6 547442688 85089750 2302681412 8 138584208 16777474 16859136 1075839104 1073841344 1074791428 2155937792 10244 27787265 1048576 536938600 1179648 2290090008 154141696 2080 8421376 2416451584 537657608 2148663296 134242314 71303217 164890 67109024 4 747112985 1631652872 56760291 111413248 4227840 1078616069 1090527232 4194304 268469000 33824772 526849 2449473712 262152 268435456 136323588 213120 17153 71303696 72582232 1092429131 4391937 9 1748570533 3590587906 3166857 2 4460944 3494939589 1388387856 160 269623616 411632642 4 536800 17178644 34832 2152301617 1526965288 554500632 4 72928520 2561467648 408028232 277067324 1229032713 537923591 9 1636338472 280432960 197140818 2 76546560 671191041 2147778688 2151694592 71307264 278528 24600 131082 50333730 262152 263680 584082432 9066528 570425344 67273728 1073889540 1093672961 1342177280 85987488 2155905536 2052 1808 1064960 404603540 3627070016 54555776 10551296 12582912 3388997632 2147483714 17301507 96 2392178 33653408 2688638994 48825869 1175651393 10 543229220 486546180 3693783040 8 536905730 4196480 772 209715464 102778116 524288 134267922 67108881 4194304 445907456 0 67109376 574619648 33408 235503616 18874384 338705604 3223925255 2474844296 589824 2185267215 41978888 67126272 46145552 1208029220 32 4407424 1073742337 8404992 1179648 546048002 268568580 2097152 213504 740556800 288 270599168 16778240 603979810 16777730 1082131520 2167354 134251012 1207961602 41488 2502912 1604 264200 1073873953 1048578 0 1208352768 680002050 277874944 134742018 163972 1073745920 66145 2293761 2688548992 2392642 160 67108866 135528512 134479880 7184 1074816057 1344288026 1566124097 131072 20971649 33570882 603987972 17305600 16384 536870924 26231941 3358607115 8389464 2417042384 12 671252576 2488074566 101746914 2 134663429 2594220101 2147560597 2 805306624 2147483682 1259712 1073750016 2048 515 18352132 8825 17791966 37752832 1615069189 1 134220160 37782288 1259584 536875008 2147483648 536870912 2147486100 1592 8 142606608 3355977984 2105859 4194304 50331793 17116160 5120 268439041 2 17301760 285646944 137 4326528 8407616 65556 673187078 538051108 201624064 2147528704 1048576 2097153 263168 688677532 19400272 2022180360 9 1086341120 268566530 16385 1719795716 18876416 4210944 1075855392 524288 4672 3760980512 295488 134217740 134283265 790624 25 262144 3191934860 101712104 76588066 12 1024 101730056 131138 2684354568 19992 3254910976 67240448 5632 672137472 71438338 134225920 167772160 2156003362 1207963648 839909888 531588 139280 71319584 2685409280 269484068 3145984 403710980 671090816 12288 17039936 131217 34095104 2162689 624952896 294920 2818572816 67110912 536887394 32770 32896 269484038 1074139136 201458200 403553 16 516 524288 1074003968 293732352 34897 143271179 268962384 33570816
is_linear=0
shrinkage=0.12


Tree=53
num_leaves=63
num_cat=55
split_feature=0 28 38 5 39 39 6 0 34 22 41 23 23 41 23 35 34 35 35 34 22 24 35 34 22 22 41 34 41 34 23 22 23 41 22 35 34 23 22 22 24 23 24 24 4 38 34 35 41 22 23 34 34 22 24 3 19 0 35 34 24 34
split_gain=37.6404 54.0946 72.7416 117.811 216.801 180.432 100.986 103.409 92.8748 67.5683 67.2421 70.3905 65.1408 64.9184 70.4258 65.6277 64.339 72.1603 69.8416 64.1596 63.597 62.3646 78.6848 75.1684 61.605 60.9573 88.1349 82.97 67.3089 69.6936 60.0437 60.627 59.9489 59.6512 64.1952 61.423 58.9307 61.6432 57.9899 57.0019 56.9466 47.0868 46.3789 45.666 43.6214 106.692 75.2271 76.8595 76.5814 68.5278 68.4715 62.8813 60.8421 63.6998 54.4042 51.0687 97.1115 83.1763 82.5581 73.0288 67.9415 66.9172
threshold=0.27014160156250006 0 1 0.094166666269302382 2 3 0.38673019409179693 0.32287597656250006 4 5 6 7 8 9 10 11 12 13 14 15 16 17 18 19 20 21 22 23 24 25 26 27 28 29 30 31 32 33 34 35 36 37 38 39 0.069166667759418501 40 41 42 43 44 45 46 47 48 49 0.0091666667722165602 50 0.20983886718750003 51 52 53 54
decision_type=2 1 9 2 9 9 2 2 9 9 9 9 9 9 9 9 9 9 9 9 9 9 9 9 9 9 9 9 9 9 9 9 9 9 9 9 9 9 9 9 9 9 9 9 2 9 9 9 9 9 9 9 9 9 9 2 9 2 9 9 9 9
left_child=44 10 3 5 38 6 -3 -8 -6 -10 11 -2 -11 14 -4 19 17 -12 30 -15 -21 22 -20 -24 -7 26 -17 -28 -27 -30 -18 -32 -22 34 -23 -35 -26 -38 -5 -19 -13 -41 -43 -40 55 52 54 -48 -49 50 -50 -51 -46 -54 -47 56 61 58 -58 -60 -61 -1
right_child=1 2 13 4 8 24 7 -9 9 12 16 40 -14 15 -16 25 18 39 21 20 32 33 23 -25 36 28 27 -29 29 -31 31 -33 -34 35 -36 -37 37 -39 43 41 -42 42 -44 -45 45 46 47 48 49 51 -52 -53 53 -55 -56 -57 57 -59 59 60 -62 -63
leaf_value=0.0023934990224797354 -6.8251065432707539e-06 -0.006379382802095504 -9.119229180648448e-06 5.279406837814145e-05 7.7438508092035635e-06 -0.00068809967770404096 2.0231503372036827e-06 -0.0029598113197326836 -1.8372966407380573e-05 4.7454240300874007e-06 -2.6306303706983856e-05 0.00032583195923256746 -9.699609387354422e-06 -2.9119774130796416e-05 2.3269201549854057e-05 -1.4476473125477124e-05 -0.00013437189955294794 -3.2205333385297894e-06 3.5790615120888647e-05 -2.2332452728946124e-05 1.6159347960431714e-05 5.606549195893759e-05 3.460452421642842e-05 -2.0125987998372661e-05 -0.00058918807489441655 -2.1336487047163353e-05 -1.2802340253343415e-05 9.1391289796053961e-06 -1.1691872078422399e-05 -1.8973306020109907e-07 -6.0625680211041813e-05 5.3684038437226078e-06 -6.9610917480706267e-06 3.8564505004183672e-05 -4.9757439442453432e-05 3.8725285271562069e-06 -0.00027239829144150274 0.00047938619575158377 -3.404145039623845e-06 0.00024594226280184579 4.8781838288238473e-05 -1.222195917406129e-05 7.8312801195024487e-05 1.6028612235195537e-05 0.00074807901708944511 2.8897215146001588e-05 -6.6460414983053763e-05 0.0001370961581056132 -2.8029780876264213e-05 0.00010310890449273324 0.00013731300656534705 -1.8745089732768397e-05 -3.5738932343985777e-05 0.00020707477894652693 -0.00011791937871740444 5.0501052335282927e-05 0.00089001056556924389 -0.0042422345260715155 -0.0031341425561141273 -0.0023383553275327664 -0.00011337421759299041 0.00012441103791366567
leaf_weight=560 748 859 524 569 453 924 685 660 781 566 579 415 1340 559 1407 1014 753 870 907 966 661 431 854 6122 445 1510 801 6684 1974 14936 542 1277 1538 1659 1227 13686 457 1119 423 561 1147 443 976 770 518 436 1189 1211 784 653 1766 4610 789 1836 1116 42678 1133 433 1019 2388 5053 3036
leaf_count=560 748 859 524 569 453 924 685 660 781 566 579 415 1340 559 1407 1014 753 870 907 966 661 431 854 6122 445 1510 801 6684 1974 14936 542 1277 1538 1659 1227 13686 457 1119 423 561 1147 443 976 770 518 436 1189 1211 784 653 1766 4610 789 1836 1116 42678 1133 433 1019 2388 5053 3036
internal_value=-0.000380325 -0.00224098 -0.00506884 -0.0139879 -0.000685143 -0.0266744 -0.052527 -0.0321603 -0.0195685 -0.0280548 0.00139119 0.0210852 -0.0156413 -0.00231265 0.0189603 -0.00366009 -8.93213e-05 0.0153792 -0.00202694 -0.0185653 -0.0118225 -7.71122e-05 -0.0088917 -0.0132227 -0.00710177 -0.00159073 0.00681 0.0113165 -0.00546875 -0.00329039 -0.0208049 -0.00884759 -0.00048844 0.00401293 -0.0175329 0.0063528 0.00466303 0.0155667 0.0328748 0.0232285 0.0355273 0.0344578 0.0223899 0.0174273 0.0016009 0.00737223 0.00210919 0.00585623 0.00964143 0.00526006 0.0213583 -0.0025706 0.0269667 0.0193401 -0.0224041 7.24653e-05 -0.00632413 -0.0123849 -0.0100677 -0.014136 -0.00996645 0.0105765
internal_weight=147030 75822 42625 10051 4902 5149 2204 1345 3140 2687 33197 2310 1906 32574 1931 30643 30887 3429 27458 3724 3165 24886 7883 6976 2945 26919 8499 7485 18420 16910 2572 1819 2199 17003 1658 15345 2021 1576 1762 2850 1562 1980 1419 1193 71208 14908 11765 10213 9024 7813 2550 5263 3143 2625 1552 56300 13622 10026 9593 8460 7441 3596
internal_count=147030 75822 42625 10051 4902 5149 2204 1345 3140 2687 33197 2310 1906 32574 1931 30643 30887 3429 27458 3724 3165 24886 7883 6976 2945 26919 8499 7485 18420 16910 2572 1819 2199 17003 1658 15345 2021 1576 1762 2850 1562 1980 1419 1193 71208 14908 11765 10213 9024 7813 2550 5263 3143 2625 1552 56300 13622 10026 9593 8460 7441 3596
cat_boundaries=0 1 9 14 19 27 31 39 43 47 55 59 67 75 83 91 99 103 107 115 123 127 130 138 146 154 162 166 170 173 181 184 192 198 201 205 209 212 216 220 224 232 240 248 256 260 263 271 279 283 286 293 301 309 313 321
cat_threshold=224 538128204 268435472 1025 67674368 2113672 1073741888 2165571584 64 67174400 134217728 4194320 25165833 2415984641 67584 134217728 0 8396809 2416181249 680200193 268437504 67239946 512 67371008 3322972704 40 65536 2852177026 2714243153 1101676587 1 271056896 917640 3909226496 402657280 272633888 16908416 2130048 21037568 1081190562 3293669156 137924610 8 891709633 637545126 268763136 10 2147557376 65536 1073742848 134242372 34603008 1056796 92276296 2491202 683950432 321454085 274309386 8 134807552 5252161 33554432 536903680 1107296328 536887824 32784 130286664 85056 10485760 167936064 2701394008 16809994 268959744 17096704 544 4329473 84345089 1056778 4276232 83890448 268435456 3088 24577 1179648 700424 1088 3108 2417098754 2148540608 17375232 4197888 1180736 21122194 135315456 134217728 5247242 33024 16777216 42074112 67308104 3278375058 50645356 4 307644928 549474688 2058487915 4 151011840 65 335609881 1056784 560 440401936 33609728 262148 1077968896 33554728 12288 1140850946 603980288 50331648 3230664728 137296 558368929 1010435216 2571764320 12 478165013 158085516 2435453443 25460740 744488960 8405122 37751840 32 1074627072 134217749 68157440 16777296 16777281 75517966 269221928 2147483648 285736960 1644199936 16789504 2098176 8388608 738328576 19173521 1212416524 545276288 570425344 8388616 537920514 4 67176480 553782272 1117913120 134225924 3491890176 4202496 1042169894 150999320 2190019680 1 135988304 606775304 602161184 12 282208544 3441057895 19661840 16999424 1073808385 2097309 33554432 572653572 4196416 268959744 68162562 658550304 1120010658 135551104 268996224 2148859904 1107312640 1115688960 54526208 1073774596 2156003332 131088 1111506944 16264 2147614976 0 268435456 137919 270536084 1120968704 3265603458 2219421802 103852802 260055681 4 1409689357 4266840 1245774336 11 201344 1100114216 1311900744 761397290 1644433568 2422737444 5 2795702312 2216887428 1355024976 6 1646340206 1919157252 2832728624 8 9650116 35913728 1128448 0 136446096 0 34883584 1 273686544 537462274 558080 70254596 67175440 1048771 24576 37376 2155941888 1073809410 1075118080 67239936 135266592 1073807432 1064978 529409 4200449 2181185792 536875012 524544 536871937 269032193 37748768 117444608 234881934 2768281722 269241622 2 2148174345 316179611 1152032802 2363906 1074135048 1048576 688128128 536875072 268437504 25231360 67643668 2147486784 17437568 129 5242880 2281865250 2147483924 9707521 4194305 471996762 2818774977 1224827392 2 3250717312 2484924432 844109845 0 35079 8454144 44042255 151277712 151126048 180256 134225920 1208093698 2147614722 1713152 264322 620758272 2048 67141888 536936960 80 1073745924 8388864 472384385 67373056 2363520 18483232 1445467776 137366589 1277888772 10 1049104 606110821 81932 2097152 805371904 17056257 134283268 16384
is_linear=0
shrinkage=0.12


Tree=54
num_leaves=63
num_cat=61
split_feature=0 38 34 24 23 23 34 22 34 41 34 24 24 22 24 41 22 23 24 34 24 41 34 22 23 23 41 24 24 22 23 22 41 34 41 34 23 22 34 22 21 38 41 41 34 41 22 22 23 24 23 34 23 34 41 41 24 23 22 23 34 41
split_gain=32.4403 48.5876 65.7585 64.6907 65.9757 62.9585 67.4404 63.5308 81.4449 64.805 65.6385 57.6702 57.2657 53.2161 52.4838 51.8539 62.1568 61.539 59.0319 55.7872 56.1557 64.5303 69.583 61.841 57.3701 55.3726 60.8425 59.3174 55.5838 63.614 54.2807 52.6935 80.541 82.8675 60.9652 58.1283 55.3817 50.0864 45.3407 42.3199 40.9948 40.8045 108.354 83.9877 80.5293 66.739 70.9488 65.6295 76.6184 68.5882 64.1132 57.0963 56.7846 53.351 76.5559 59.1574 60.8531 57.5126 58.9672 52.6316 70.5952 64.1093
threshold=0.25305175781250006 0 1 2 3 4 5 6 7 8 9 10 11 12 13 14 15 16 17 18 19 20 21 22 23 24 25 26 27 28 29 30 31 32 33 34 35 36 37 38 39 40 41 42 43 44 45 46 47 48 49 50 51 52 53 54 55 56 57 58 59 60
decision_type=2 9 9 9 9 9 9 9 9 9 9 9 9 9 9 9 9 9 9 9 9 9 9 9 9 9 9 9 9 9 9 9 9 9 9 9 9 9 9 9 1 9 9 9 9 9 9 9 9 9 9 9 9 9 9 9 9 9 9 9 9 9
left_child=41 2 3 -2 -5 6 -4 8 -7 -9 -11 -8 -12 -13 -10 16 30 -18 -19 25 21 -21 24 -24 -23 27 -27 -17 39 -30 -3 32 -22 -34 36 -36 -33 -29 -16 -28 -15 42 -1 -44 -45 46 -43 51 -49 -50 -48 -46 -53 54 -47 56 -55 58 -56 60 -57 -62
right_child=1 15 5 4 -6 7 11 9 14 10 12 13 -14 40 38 19 17 18 -20 20 31 22 23 -25 -26 26 28 37 29 -31 -32 34 33 -35 35 -37 -38 -39 -40 -41 -42 45 43 44 47 53 50 48 49 -51 -52 52 -54 55 57 59 -58 -59 -60 -61 61 -63
leaf_value=-0.001154430650780401 -6.4328785764910623e-06 -3.5479138571915803e-06 -1.5693831270174721e-05 -3.6703925453350036e-06 6.1259732163044145e-05 -9.2330746197393106e-05 -3.1173173443452612e-06 7.6566920806713022e-05 1.0597014755501724e-05 -2.4308218054501276e-05 -1.0158822657919308e-05 8.7356846255725984e-07 7.8267643856185416e-06 1.1435338806091445e-05 9.8197369850086431e-06 -3.899329275921992e-05 2.0230514940304614e-05 1.051105727260126e-05 -2.5677270671695718e-05 1.3718918587623838e-05 -4.1514779188019813e-05 -1.4898593921449138e-06 2.51511298793065e-06 -1.0339006697844435e-05 -3.9060694252840419e-05 -1.0466883708397415e-05 5.0382226715393746e-06 3.8014382729968268e-05 3.9485014496762324e-05 -1.4722733274278035e-06 -7.5034258971361662e-05 7.3633930565908487e-05 -2.6475035440915126e-05 -4.0697174274635526e-07 -1.204976379259078e-05 1.2918329993601589e-06 7.7933322096201762e-06 -6.305770028043241e-06 -2.2417111438933807e-05 7.5582856971876134e-05 7.6570130279006503e-05 0.00021488889990816369 0.0025522017344088216 0.0012957511128148321 0.0018312256576367817 0.0007752160417750717 -0.0027560995921793053 0.00044578018214865809 0.00020726945619914847 -0.00057010074480292282 -0.00074022275005057006 0.0012403699521107508 -3.4796803981401308e-05 -0.000177527247512183 0.00093086335823104225 -0.00030047830999619225 0.0010237563825140536 -0.00068378913935854854 -0.00020130044102245273 -1.8355078742388592e-05 0.00083743622144570357 0.0001294526525041513
leaf_weight=942 692 425 671 459 1247 560 1473 760 1045 866 2130 1095 4504 976 436 768 815 575 1488 1226 1177 670 4285 9416 1662 816 443 529 924 2083 794 543 1402 9203 2879 19427 1403 1257 1889 996 1455 762 786 1282 558 854 529 1841 1182 2710 1158 677 1439 678 538 1711 1702 3694 1081 26796 1659 8987
leaf_count=942 692 425 671 459 1247 560 1473 760 1045 866 2130 1095 4504 976 436 768 815 575 1488 1226 1177 670 4285 9416 1662 816 443 529 924 2083 794 543 1402 9203 2879 19427 1403 1257 1889 996 1455 762 786 1282 558 854 529 1841 1182 2710 1158 677 1439 678 538 1711 1702 3694 1081 26796 1659 8987
internal_value=-0.000517438 -0.00203028 0.00310212 0.0217095 0.0342258 0.000590865 0.0110243 -0.00426815 -0.0168036 0.00171179 -0.00169328 0.0158292 0.00238338 0.0241492 -0.00965108 -0.00362477 -0.0166756 -0.00697576 -0.0179855 -0.00274668 -0.00413545 -0.00976203 -0.0117943 -0.00851454 -0.0309215 0.00671435 0.0137429 -0.00776303 0.0192732 0.0098973 -0.0392851 -0.00143816 -0.00801763 -0.00469058 0.00176063 -2.15046e-05 0.0220633 0.00427138 -0.0196662 0.0386216 0.0340401 0.00158264 0.00805319 0.0115686 0.00847335 0.000107652 -0.0191629 0.00417626 -0.00307049 -0.0126024 -0.0328428 0.0196575 0.0104887 0.00110161 -0.00930247 0.00264869 0.0209699 -0.0146704 0.00419371 0.00152891 0.00800388 0.011642
internal_weight=147030 85464 20258 2398 1706 17860 5670 12190 3930 8260 7500 4999 6634 3526 3370 65206 4097 2878 2063 61109 53293 17259 16033 13701 2332 7816 5262 2554 4446 3007 1219 36034 11782 10605 24252 22306 1946 1786 2325 1439 2431 61566 11417 10475 9689 50149 2449 8407 5733 3892 1687 2674 2116 47700 6167 41533 2380 5313 1619 39153 12357 10646
internal_count=147030 85464 20258 2398 1706 17860 5670 12190 3930 8260 7500 4999 6634 3526 3370 65206 4097 2878 2063 61109 53293 17259 16033 13701 2332 7816 5262 2554 4446 3007 1219 36034 11782 10605 24252 22306 1946 1786 2325 1439 2431 61566 11417 10475 9689 50149 2449 8407 5733 3892 1687 2674 2116 47700 6167 41533 2380 5313 1619 39153 12357 10646
cat_boundaries=0 8 16 20 23 27 35 38 46 54 62 66 70 74 78 86 90 94 98 106 110 118 126 130 134 137 145 148 152 156 160 164 172 180 188 196 200 204 212 216 218 225 233 241 249 257 260 264 268 272 276 284 288 296 304 312 315 319 323 326 334 342
cat_threshold=134222208 234882562 1195136 4194816 0 3 34956 8809 67126336 590336 256 65604 150995204 2181179456 4849744 4228480 540018433 3626786842 285345219 8 75834728 1342178724 1143164042 2248279938 182460674 828736772 15 3211265 32800 38801411 1606144 1073872968 268436480 142614912 1114112 1111085861 79694672 124084256 1048578 2181041152 2103312 139461248 2147483649 1076101906 16512 33818625 2156396546 1572928 3239067664 134348800 2684355632 136839168 42205952 135936 262928 6 9510914 8389633 74154016 738721794 67108896 8398848 546857164 1647976498 538988838 4 1212305610 404140170 1345454425 4 101461416 2148085892 169312788 13 552899754 454045826 3491859072 8 1140871200 77594627 553652352 2363396 33554448 338690368 1074790660 8454144 585711880 3154380802 3280052368 12 143261714 3096029192 472514878 4 1613848622 102125648 152166400 8 11538432 268738560 2181177392 2214604801 11018244 536875008 136577536 2052 488022438 42161024 2306867253 2 393217 2181105800 37879824 33571106 2170912 2155890180 16416 18874368 8192 553783312 536870913 134299846 3221225608 2149598236 16793632 33562656 1397035394 15868697 1140857353 11 3573629128 2763001995 135266416 14 3240968324 813995428 3516334092 1163 151257088 67633168 264 537028608 134225920 16843472 2098184 270682253 2189036208 84495042 134349921 2329658664 167856436 6 2281709904 621357276 658724356 2 304357492 214211793 2155970982 2 3044542466 69992975 13306755 1 21102608 536871424 2189427216 2466250752 549525504 278540 270533632 3162144 289407040 135266304 1140851008 1082424 1078201344 16779266 3225422080 4849664 2150236160 272777472 268984896 0 213909504 1208000514 150995072 278569 4235426 136 262144 268699940 65600 270592 554172544 29728770 430167 2225157260 2181633536 12 1078099990 818840194 1343588363 10 4 270418 692068546 2147483664 4194304 276889612 75498016 196626 2366280 3930394325 1109393412 8 59264876 542982430 1082336844 270532624 0 1108123904 135331841 1610612836 34095104 17039616 713036352 3355583488 1024 136314880 2165309986 186908672 8192 0 3 71565332 126877697 3136 271620 4097 16777522 1074790403 1140854888 3238526980 18875392 1342244864 2162692 134349570 67108864 0 8192 31457290 134242304 608174593 64640 67129353 16777746 2416723682 147259406 457484308 91754496 1143116852 376181533 1 671220344 673616013 1261163520 8 100974672 33922958 3766487429 8 2620407834 294224144 288718946 6 2187329536 33564944 115728 1073741824 159383552 2214613073 5 524288 1089286144 3033081254 2415920770 4 33628160 268894208 3222078464 68158976 436207872 76693600 262720 65536 683803392 268437776 268439552 12714000 285212672 3735584 37748800 4198405 48 11272192 1208108224 1073778688 32820 50856512 1879312896 32768 103887373 3427288837 17826892 3769696284 50597376 75156948 4 1209041024 1773672011 1114060801 1 4506048 1530406160 1896753768 17055744 1141407752 134242320 553648136 17825796 169869568 2216730626 83886112 813694986 134218500 2684362768 2170945554 2 262180 2147557376 4195332
is_linear=0
shrinkage=0.12


Tree=55
num_leaves=63
num_cat=53
split_feature=0 38 5 35 41 34 22 34 34 19 41 41 24 23 23 24 22 1 39 41 19 35 22 34 34 24 35 22 23 39 1 5 38 1 38 4 38 8 22 34 4 22 38 34 34 34 35 41 35 38 22 24 35 34 22 35 24 22 38 41 22 22
split_gain=31.3848 123.148 98.6278 89.6095 89.7993 89.7813 82.8675 80.387 74.1104 72.6479 70.0092 61.4387 60.7325 58.2479 56.0062 54.3192 47.5429 46.0637 136.058 95.7017 85.0793 83.4226 72.6701 87.206 71.2503 70.5204 70.2355 69.5613 61.9136 58.5188 406.966 217.322 242.31 96.5547 273.497 289.034 200.331 113.929 94.3362 87.7803 86.0415 114.271 84.1788 98.0622 82.9405 79.8419 79.3029 78.8954 78.6283 78.1084 78.7961 72.881 71.8671 70.5085 69.6002 69.4039 62.1018 59.6219 58.4093 58.2896 56.0207 55.1143
threshold=0.40466308593750006 0 0.077500000596046462 1 2 3 4 5 6 7 8 9 10 11 12 13 14 0.042500000447034843 15 16 17 18 19 20 21 22 23 24 25 26 1.0000000180025095e-35 0.094166666269302382 27 1.0000000180025095e-35 28 0.094166666269302382 29 0.51269531250000011 30 31 0.095833331346511855 32 33 34 35 36 37 38 39 40 41 42 43 44 45 46 47 48 49 50 51 52
decision_type=2 9 2 9 9 9 9 9 9 9 9 9 9 9 9 9 9 2 9 9 9 9 9 9 9 9 9 9 9 9 2 2 9 2 9 2 9 2 9 9 2 9 9 9 9 9 9 9 9 9 9 9 9 9 9 9 9 9 9 9 9 9
left_child=17 2 -2 12 -5 16 8 -4 -7 -8 -11 -9 -3 -10 -13 -16 -6 29 24 -20 25 -22 26 -24 -19 -21 -23 -26 -29 30 31 32 -1 36 35 59 40 49 42 52 41 -31 43 -38 -43 -39 -32 -34 -41 51 -51 -36 -40 -44 -48 -47 -56 -49 -33 -35 -61 -42
right_child=1 3 7 4 5 6 9 11 13 10 -12 14 -14 -15 15 -17 -18 18 19 20 21 22 23 -25 27 -27 -28 28 -30 33 46 58 47 34 37 -37 38 45 39 48 61 44 53 -45 -46 55 54 57 -50 50 -52 -53 -54 -55 56 -57 -58 -59 -60 60 -62 -63
leaf_value=-0.0043762238097250902 -0.0012356831502945093 -5.8923275651907978e-06 2.6983680576260254e-05 7.3225380064160615e-06 -2.5989496060518257e-06 -2.5162321447430581e-05 6.5283538576987834e-06 -7.6284031600896882e-06 1.0088937672015099e-06 -1.347451678976787e-05 -1.5937068835485701e-06 -4.1019694288450851e-06 1.2460838996836155e-05 -1.1304244187866884e-05 3.5211078327501331e-05 5.719592191885426e-06 -2.2099082303151043e-05 -0.0010352377214864897 0.00043523645461398316 -7.1425178082567594e-06 0.00029701109881468622 0.00057841055940522344 -0.00039432376932221539 -3.0615510002152168e-06 -0.00035595879198183653 0.00056126864371144837 1.8324644856950705e-05 -0.00019488029703019875 7.8662965280394719e-05 0.0012162854695677557 0.00079773227329350176 9.6543709949446996e-05 -0.0020879298331874111 -0.00036232032910599063 0.00084268064510720144 3.7324280706181448e-05 0.00046808643278863896 2.5595939305164128e-05 0.00056781629032349101 2.9870936937874216e-05 1.483608409950683e-05 0.001369208938847204 0.00019412911046695993 2.5871974089133295e-05 0.00010297451267699365 1.5795425922604532e-05 -5.5206864325981629e-05 -0.0010859945152482083 -1.6488161401668312e-05 2.2807488486687813e-05 -9.0246843327116022e-06 2.860550330413889e-05 8.444638981884871e-06 -3.4259141689457095e-05 -2.4173902940069845e-05 -0.00035164665282962142 0.000444615147748829 3.230186328540709e-05 6.4228367495567555e-07 -0.0013642630073052303 -0.0036636555852452863 -1.2337497734272391e-05
leaf_weight=1637 359 545 848 950 416 551 1056 683 1041 1057 5573 940 1092 2167 657 1504 1103 574 1828 560 1382 666 888 7045 951 1161 3533 657 1452 2744 1411 331 1037 427 549 587 1249 541 744 2816 543 865 691 8851 5091 549 1028 772 26569 8482 19086 1414 3107 3620 666 2945 1695 1848 693 443 1831 929
leaf_count=1637 359 545 848 950 416 551 1056 683 1041 1057 5573 940 1092 2167 657 1504 1103 574 1828 560 1382 666 888 7045 951 1161 3533 657 1452 2744 1411 331 1037 427 549 587 1249 541 744 2816 543 865 691 8851 5091 549 1028 772 26569 8482 19086 1414 3107 3620 666 2945 1695 1848 693 443 1831 929
internal_value=-0.00049785 -0.00484813 0.0115371 -0.0101086 -0.0132357 -0.0158508 -0.0121812 0.0162624 -0.0267621 -0.00501948 -0.00968382 0.00866173 0.0163735 -0.0196025 0.0158432 0.0264519 -0.0431874 0.000208712 0.00538576 0.00987408 0.00674493 0.00353097 0.000335963 -0.00641912 -0.0156665 0.031783 0.01308 -0.00828123 0.00390379 -0.000804211 -0.00903504 -0.0290506 -0.0388368 0.000163489 -0.00463642 -0.0376 0.00322305 -0.00139377 -4.28028e-05 -0.00355871 0.0184996 0.0230568 0.00806212 0.0140506 0.0136327 -0.0203022 0.0172928 -0.0214227 -0.00579243 0.00119053 -0.000461202 0.024243 0.0134507 -0.00596806 0.00723315 -0.0269024 0.0185588 -0.0102127 0.0215204 -0.0542952 -0.0618372 -0.00830389
internal_weight=147030 20542 4991 15551 13914 12964 11445 4632 3759 7686 6630 3784 1637 3208 3101 2161 1519 126488 20697 17063 15235 13514 12132 7933 3634 1721 4199 3060 2109 105791 11118 6318 5294 94673 36854 3288 57819 33566 47647 33236 10172 8700 14411 10100 5956 4035 4800 3657 29385 29531 27568 1963 3851 4311 3389 3494 2361 2620 1024 2701 2274 1472
internal_count=147030 20542 4991 15551 13914 12964 11445 4632 3759 7686 6630 3784 1637 3208 3101 2161 1519 126488 20697 17063 15235 13514 12132 7933 3634 1721 4199 3060 2109 105791 11118 6318 5294 94673 36854 3288 57819 33566 47647 33236 10172 8700 14411 10100 5956 4035 4800 3657 29385 29531 27568 1963 3851 4311 3389 3494 2361 2620 1024 2701 2274 1472
cat_boundaries=0 8 16 24 31 35 43 51 58 66 74 77 81 85 88 91 96 104 111 119 122 130 137 141 149 152 155 160 168 173 179 183 191 194 201 209 217 225 233 241 249 257 261 264 271 279 282 290 294 298 306 314 318 322
cat_threshold=9517440 35652612 133185 101449984 2283799553 0 2621584 1025 2375680 1107296256 1140854848 152047880 537018904 407044097 134217745 2064 1073742336 10496000 142606376 2281701408 72351745 84979200 67125920 3145728 4354 18874432 20971570 151257088 1288 276824331 159394376 3304672392 1075970465 38003520 2 268959808 548438722 17303808 2147491840 1310720 2147877192 16777216 83894272 306315280 4259840 4096 2420703236 549584896 554041856 82048 25106 16 3300933632 75505664 2207746 415244292 528640 180768 277102916 67109394 16777728 20447232 1073763328 3254779905 536879108 16781456 201326656 73730 1073741824 2282259520 536872704 755302400 285245448 132614 105650240 1947294821 335572611 2898922208 1116378250 209780870 1 2290704456 2214889297 3910172932 10 218201088 3260585288 72359046 2349148200 61089971 4029939712 67112528 134217792 4718600 1082148360 2147745792 128 4718594 84410368 271585296 1090978472 2183135232 134217985 4620288 64 2182095104 2151679547 134217731 16777316 98344 1507456 100696064 524288 2 3833735680 1076629649 3758096552 16777216 163844 3758366762 2954887204 2818828791 134250592 3321888786 524800 5120 37748768 469780480 0 71836697 0 3765469648 2231451904 1073741856 536870912 135660416 16778240 16974309 1239464225 4230486 2 1313689 16704 1065000 16384 4251716 4325380 20608 67109888 3390064659 11019820 3070708740 1697449442 547647490 2235564932 2163203 1073774592 32784 1 268435457 1260736 0 0 0 0 0 0 1088 78796 170182928 0 0 2415919104 78796 2384776976 8201 0 268435456 536870912 2147712148 16891902 1609728 2 6363172 16793600 184746500 802816 131074 32 1233128456 8388632 939032579 3489661064 1080600175 2030043136 38 1185920 2151694848 2164361344 103 2060 540279808 402661376 39845888 536873216 33655552 755008008 524320 196864 470810624 3227526348 32 1056 4097 536877312 536884248 67109888 8393218 268451858 8409090 538984456 10485828 263305 598018 2102272 8832 840957952 41943168 4026966016 1110016 133122 33587200 2 42991620 5242880 1048578 2181038096 143155392 2189441064 256 32 0 16835232 65548 8913282 2172649472 4194304 285609986 1802305 0 0 0 266240 0 1073741824 2451325056 9816 354419200 2712145988 596532383 1 120717874 800759808 336597032 2147484684 948175104 68423968 340328448 4227073 83899394 16512 2147549184 1180696834 1052931 1114114 131104 37765376 139281 3145728 2223715586 2827748384 177337 168451 5242880 50667672 84410368 270336 268435592 1050816 92340224 407049880 25628705 11110674 10 1278594206 504 407382018 1 1259648 0 0 0 0 0 33587200 1553 69632 2164293634 133124 43122720 1115685892 34816 545259530 1576964 1708 2147524672 2204560384 2 2686193508 136716800 2619412800 12
is_linear=0
shrinkage=0.12


Tree=56
num_leaves=63
num_cat=59
split_feature=5 39 35 34 41 22 34 35 23 41 34 35 38 41 41 34 0 8 41 35 24 22 23 23 23 39 34 23 24 23 41 22 41 34 35 24 22 23 34 41 35 35 34 34 24 34 35 35 34 41 19 35 41 35 19 24 22 21 40 21 23 24
split_gain=42.2528 180.552 147.763 119.65 110.244 109.975 99.3612 96.4953 97.3278 95.5462 92.2147 91.983 90.3544 106.18 84.4986 82.8693 81.2687 171.081 80.9072 79.0263 72.7118 72.1311 69.1476 69.0863 66.7929 64.5969 62.1584 61.3282 58.3136 60.6836 56.9806 56.9798 56.2225 77.7016 58.8221 60.2376 71.2087 58.3093 91.2827 81.7972 80.7285 79.1782 75.1761 66.9846 66.0109 65.3382 87.0965 70.6344 89.2856 82.0253 67.739 74.0711 67.1367 84.9868 60.9352 59.9014 54.1672 53.3775 53.1429 51.9732 50.3987 47.3442
threshold=0.094166666269302382 0 1 2 3 4 5 6 7 8 9 10 11 12 13 14 0.28527832031250006 0.37011718750000006 15 16 17 18 19 20 21 22 23 24 25 26 27 28 29 30 31 32 33 34 35 36 37 38 39 40 41 42 43 44 45 46 47 48 49 50 51 52 53 54 55 56 57 58
decision_type=2 9 9 9 9 9 9 9 9 9 9 9 9 9 9 9 2 2 9 9 9 9 9 9 9 9 9 9 9 9 9 9 9 9 9 9 9 9 9 9 9 9 9 9 9 9 9 9 9 9 9 9 9 9 9 9 9 1 9 1 9 9
left_child=12 4 26 21 -2 10 -6 -7 15 -8 57 -11 13 -1 -10 -9 18 25 -15 -12 60 -4 -22 -21 -19 -18 -3 -23 56 -30 -26 -31 33 -14 -35 -36 -37 38 41 55 43 -34 -42 -41 -43 46 -39 48 -47 -50 -48 -52 53 -49 -54 -40 -20 -5 -38 -32 -13 -29
right_child=1 2 3 5 6 7 9 8 14 11 19 20 32 16 -16 -17 17 24 28 23 22 27 -24 -25 30 -27 -28 61 29 31 59 -33 37 34 35 36 58 45 39 40 42 44 -44 -45 -46 47 50 52 49 -51 51 -53 54 -55 -56 -57 -58 -59 -60 -61 -62 -63
leaf_value=-0.0019622647125409009 -1.138154763511135e-05 1.5733181528892362e-06 -2.1570136888786136e-05 -5.9264174671654862e-06 2.1776160888774118e-05 8.7996395108117091e-06 3.3709705060375445e-05 6.9369497529313065e-06 -1.2518587895584496e-05 1.373807614788176e-05 4.1439218402401371e-06 1.7343146116339541e-05 0.00041658380799670616 0.0018374120124134388 2.2497487958982639e-06 -7.422361795655622e-06 -0.0050562522737274771 0.00026024953515059229 0.00032476288919051661 -1.4388945751143827e-06 -1.2119380893340877e-05 -1.4325354333580038e-05 -6.3886791148360117e-07 -1.2713031256303176e-05 0.00029430019821067297 -3.2650562638318261e-05 -1.6362181094998477e-05 -1.3352362314614453e-05 0.001362747697264316 0.00089632724348711311 5.6746798061890947e-05 -0.00051843900043435913 -0.00075343287878204491 -0.0013569620301499886 -0.00087493660309052022 -0.00076414263949334824 0.00078869703325738392 0.00065589153388520484 -0.00045464403237326079 -0.0018113918991591981 -0.00049178271390418703 -4.5314417712736423e-05 -1.8481047250305473e-05 -0.00036776322276015582 0.00075193307491356893 -0.00039640096653085024 0.00051616953746059385 0.0011296023590998737 -0.00014867519005268691 0.00070226844740864825 -0.0012962258448297793 -0.00020397433771015479 -0.00014316990376015415 0.00016484775229613972 7.2719487720591201e-05 0.00061475159673033536 -0.0017847555863217371 9.1057474397362399e-06 -7.6924775624972043e-05 -0.00088758173947262097 3.2616798545826082e-07 2.6875902266720972e-06
leaf_weight=1341 658 450 889 326 1200 1966 1024 568 755 948 694 538 1051 741 7813 3222 705 1031 533 1583 1067 683 2667 3489 451 281 2469 429 1032 772 602 1699 561 998 895 690 686 945 539 457 3060 993 18550 2406 2231 803 944 996 958 4240 653 5005 5410 3410 40417 1359 1129 636 849 1391 1051 1091
leaf_count=1341 658 450 889 326 1200 1966 1024 568 755 948 694 538 1051 741 7813 3222 705 1031 533 1583 1067 683 2667 3489 451 281 2469 429 1032 772 602 1699 561 998 895 690 686 945 539 457 3060 993 18550 2406 2231 803 944 996 958 4240 653 5005 5410 3410 40417 1359 1129 636 849 1391 1051 1091
internal_value=-0.00098754 -0.0045458 -0.00947147 -0.00637854 0.0100164 -0.00313331 0.0136969 0.0028125 -0.0011253 0.00839194 -0.0157745 0.00280757 0.000175425 -0.00978839 0.00595803 -0.0171068 -0.00565372 -0.0178803 0.0035748 -0.0215161 -0.00335144 -0.0283763 -0.0124933 -0.0267191 -0.00534942 -0.0619433 -0.0349232 -0.0165237 -0.00178481 0.00699856 -0.0161238 -0.00323799 0.00135354 -0.0108164 -0.018247 -0.0100383 0.000590049 0.0020245 -0.00232299 -0.00482583 -0.00668981 0.015075 -0.00417352 -0.0255861 0.0223238 0.00408007 -0.00639766 0.00548732 0.0177815 0.0235393 -0.0112851 -0.016254 0.00401473 0.0181439 0.00265189 0.0190994 -0.020215 0.0184804 0.0149709 -0.0248379 0.0180637 -0.00297646
internal_weight=147030 36216 27063 24144 9153 21052 8495 14324 12358 7295 6728 6271 110814 11708 8568 3790 10367 4461 5906 5766 5323 3092 3734 5072 3475 986 2919 2203 5165 3503 2444 2471 99106 5169 4118 3120 2225 93937 30156 26371 24473 3785 21610 2863 3224 63781 7547 56234 6001 5198 6602 5658 50233 4406 45827 1898 1662 962 1535 1993 1589 1520
internal_count=147030 36216 27063 24144 9153 21052 8495 14324 12358 7295 6728 6271 110814 11708 8568 3790 10367 4461 5906 5766 5323 3092 3734 5072 3475 986 2919 2203 5165 3503 2444 2471 99106 5169 4118 3120 2225 93937 30156 26371 24473 3785 21610 2863 3224 63781 7547 56234 6001 5198 6602 5658 50233 4406 45827 1898 1662 962 1535 1993 1589 1520
cat_boundaries=0 5 13 21 28 31 39 47 51 59 67 75 83 91 99 107 115 123 126 130 134 138 142 147 155 158 161 165 173 176 184 192 200 204 208 211 219 227 235 242 250 258 261 269 277 285 293 301 308 316 324 332 339 342 345 347 352 354 357 360
cat_threshold=71631424 2281701440 16456 1098907661 2956984320 4718722 2156015616 264464 393216 1107820545 1109393536 299008 9029 67109120 1090568256 34620049 807665672 2147483904 536879104 671226368 25165856 536937032 545964036 539040001 262144 536936960 243269904 384 2522431620 2701201459 36371840 1074610496 2693267840 68174848 16797952 67108864 266404 16777280 16810112 3407880 1140851208 9135296 16866344 134218240 131328 1 131072 12640369 3525312529 1012610184 10 5374081 0 20971528 146801696 46137344 131072 67371520 41576458 80 335545344 75498536 1074790416 1342185477 3254780480 1064 529472 872415296 2097156 872742928 16941352 1075875872 20 1073751136 64 1195468 2114816 139265 0 0 4 262424 1057 17301540 8388752 516 2701134880 539517056 16916993 67112960 83902468 269484033 2097184 1611665408 11538572 536873984 3221258256 17178632 16842753 2420129920 134480257 2147877120 525826 603979778 67141698 268435584 37814288 4096 538018304 67111056 11272195 2432696326 134221952 9224 32 8396864 65632 2625548 16783368 16828932 0 1146175504 41943040 1246246913 2216969466 2416673928 109053120 831534198 1243657489 8 3793764632 975900673 24053792 6 2919633056 1380122871 1090732184 4 2583731265 444736032 1476993312 7 65536 134217728 0 8388617 2415919104 1310776 134284294 262144 16385 35143684 1086595072 65666 128 4359332 1093071187 3259016704 46467129 2689675652 83084160 545517696 136877688 341969476 4 0 67174408 93487104 201342980 70144 1750929408 49281 1 3357949952 739448310 72111366 3225427968 2048 33570840 286720 2404384769 3162112 68162624 5767170 135331920 33612098 10330 1 136314880 536905728 264612 3145728 2214641680 574625796 524432 32792 32768 17849600 1048832 67117128 2289897672 346234914 2384855040 8 1814570344 806632704 203506434 5 1812446734 4323476 2149859334 18878468 270008328 526336 536944650 2153776640 276826112 1342312448 8421404 526720 131076 536872000 33559592 536903696 616826904 285311488 33558528 2147484672 536871041 268779776 1078022152 69469188 139268 2415919185 66048 104 1597464 1112014850 138412080 17170560 813694976 131584 545783944 16843825 2148728896 1048576 1310784 1073742336 560201760 655618 134218016 8192 40960 2173452320 545325445 134352920 2147491888 74240 1610749272 2752696611 2156925771 65552 33559040 1149239552 101714506 134219776 67115008 67040 9469960 2147483682 574656512 4194576 33554432 40108032 1118963790 64 1049088 25202692 8454144 311296 1074135442 1025 117441024 67276803 17309696 264716 2283831306 2164260928 1610617088 268453408 0 1344274432 33555524 17305649 2349072642 2883654 67109441 1032 0 2147483668 65549 130 2185289728 2164293650 16844808 771760200 1207968002 40992 1082143744 518 544 2281702416 3766486016 2168717312 991241 67108864 939590656 8650754 335553536 83918984 536877568 16777220 1233387520 8663040 262288 1054208 74580032 541065224 279040 2048 805306752 98576 65536 2121728 79692816 419571827 67469456 1082130474 65536 3826325280 1212170961 75661427 541640708 2186413881 558155278 642294025 3097511522 171967524 573440 16842890 16818400 2101257 3569585158 3758653442 540306954 238076998 2180022372 2751604033 3842647048 2197816075
is_linear=0
shrinkage=0.12


Tree=57
num_leaves=63
num_cat=58
split_feature=9 8 41 34 35 41 23 23 22 35 35 34 22 24 34 24 23 22 41 23 34 35 34 41 41 34 35 41 34 35 23 24 24 23 22 23 3 34 35 41 22 24 23 23 8 18 23 40 34 41 41 35 22 41 35 34 34 35 41 35 23 41
split_gain=33.495 57.2707 86.4995 91.8344 71.9155 67.3148 64.4146 62.2617 58.5508 56.8168 40.219 72.4952 56.6911 74.1235 61.4664 57.6923 52.8515 40.3793 83.4866 73.8448 84.049 79.3488 77.6193 65.7342 62.8712 59.786 64.5886 59.9762 59.2842 56.5073 54.8342 54.2376 52.9104 50.8164 49.3702 43.9741 39.988 88.9939 82.1135 80.1103 66.9558 80.1141 57.3347 48.2171 46.8845 76.8795 59.2744 47.4401 88.2771 87.0865 64.2774 64.3953 51.6312 85.5973 75.6635 70.674 68.053 81.5717 61.7934 60.1617 65.2605 59.2419
threshold=0.26403808593750006 0.26464843750000006 0 1 2 3 4 5 6 7 8 9 10 11 12 13 14 15 16 17 18 19 20 21 22 23 24 25 26 27 28 29 30 31 32 33 0.042500000447034843 34 35 36 37 38 39 40 0.51464843750000011 41 42 43 44 45 46 47 48 49 50 51 52 53 54 55 56 57
decision_type=2 2 9 9 9 9 9 9 9 9 9 9 9 9 9 9 9 9 9 9 9 9 9 9 9 9 9 9 9 9 9 9 9 9 9 9 2 9 9 9 9 9 9 9 2 9 9 9 9 9 9 9 9 9 9 9 9 9 9 9 9 9
left_child=36 2 -2 6 -5 -6 -4 8 -7 -9 11 -3 15 -14 -15 -13 -16 18 33 20 -20 -22 35 29 -24 27 28 -25 -27 -19 -31 -28 -29 -12 -32 -21 44 -38 -39 -40 43 -42 -43 -41 47 -46 -47 48 -1 -50 -51 -52 53 -49 -55 -56 57 -54 -59 60 -58 -61
right_child=1 10 3 4 5 7 -8 9 -10 -11 17 12 13 14 16 -17 -18 23 19 22 21 -23 24 25 -26 26 31 32 -30 30 34 -33 -34 -35 -36 -37 37 38 39 40 41 42 -44 -45 45 46 -48 52 49 50 51 -53 56 54 55 -57 59 58 -60 61 -62 -63
leaf_value=0.0014521748444882201 -2.9423542093409481e-05 -2.1586129511341125e-05 4.2808175345533251e-06 1.953578348540745e-05 1.3346493026698588e-05 -1.4285070459540017e-05 -2.608088999168428e-05 4.0264560779105199e-06 8.0059743044278389e-06 -1.5079612062889189e-05 -6.9346638015164421e-06 -5.0351586567146972e-06 -2.0216903696257658e-05 0.00011062687582046465 -2.1717472527155112e-05 5.4648919578604774e-05 2.0856418889153804e-05 2.0000342789719195e-05 -3.9995145752214516e-05 3.0915883143660759e-05 4.1649341010077734e-05 9.145326360628237e-07 -4.2616647355155937e-05 -2.0009501374278104e-05 -1.1015351025962831e-05 1.8581794675054152e-05 6.4248050657285126e-06 4.6002528892927519e-05 -2.0814466912824543e-05 1.0678512183492914e-06 -9.9803289220223139e-06 -1.5476256313231781e-06 7.6498874373265671e-06 3.842890637504131e-05 -5.602181677367636e-05 -6.1910050102829199e-06 -0.00056749447347021018 0.0012487929751548975 -0.00077206901857275435 2.9921886019332979e-05 -0.00047946618902503527 -0.000259986617759484 0.0007562170628322405 0.0013567128851181647 0.00059654800538204065 -0.0017923921143065884 -0.00032591953150325155 0.0012455320555213548 -0.0011076643015802737 0.0012828462035969826 -0.00081488933549087787 0.0002071595784208911 0.0017048387818389187 0.00044744270515064576 -0.00035542964372787839 4.1929545968362667e-05 -0.00016592157320571309 0.00089102187248318594 -3.9255016377110757e-05 0.00021503395123700168 0.00042556180392976914 -0.00010265622352104023
leaf_weight=1103 961 805 307 769 771 545 885 675 1416 3432 684 539 1244 468 680 1404 1612 679 684 680 602 4680 1191 782 9868 549 9676 1389 2755 1026 976 20048 2960 1341 1245 928 718 680 571 428 998 648 1529 1084 739 793 1779 867 767 692 870 5057 540 1791 1542 11640 957 667 2885 1715 2193 24521
leaf_count=1103 961 805 307 769 771 545 885 675 1416 3432 684 539 1244 468 680 1404 1612 679 684 680 602 4680 1191 782 9868 549 9676 1389 2755 1026 976 20048 2960 1341 1245 928 718 680 571 428 998 648 1529 1084 739 793 1779 867 767 692 870 5057 540 1791 1542 11640 957 667 2885 1715 2193 24521
internal_value=-0.000768812 -0.00244366 -0.0110499 -0.0072719 -0.00239369 -0.00632316 -0.038073 -0.0105789 0.00699439 -0.0189658 -0.00123458 0.00755765 0.012143 0.00394421 0.0148918 0.0289105 0.00666664 -0.00218182 -0.0065254 -0.00904264 0.0019672 0.00711748 -0.0142251 -4.84581e-05 -0.0178087 0.00147442 -0.000399514 0.0135096 -0.0162847 -0.0148095 -0.021393 0.00137207 0.019014 0.0165537 -0.0319749 0.0103703 0.0011898 0.010021 0.0148437 0.00970018 0.0148883 0.00493252 0.0178163 0.0355905 0.000227748 -0.0136553 -0.0234055 0.00102337 0.00930243 0.00454176 0.00899411 0.00490991 -0.00040381 0.00523845 0.0030991 -5.45657e-05 -0.00307435 0.0114035 0.00471379 -0.00509422 0.0105503 -0.00697653
internal_weight=147030 79256 9761 8800 7608 6839 1192 6068 1961 4107 69495 6752 5947 4004 2760 1943 2292 62743 20658 18633 5966 5282 12667 42085 11059 38159 33028 5131 3304 3926 3247 29724 4349 2025 2221 1608 67774 6656 5938 5258 4687 3175 2177 1512 61118 3311 2572 57807 8489 7386 6619 5927 49318 15840 14973 13182 33478 4092 3552 29386 3150 26236
internal_count=147030 79256 9761 8800 7608 6839 1192 6068 1961 4107 69495 6752 5947 4004 2760 1943 2292 62743 20658 18633 5966 5282 12667 42085 11059 38159 33028 5131 3304 3926 3247 29724 4349 2025 2221 1608 67774 6656 5938 5258 4687 3175 2177 1512 61118 3311 2572 57807 8489 7386 6619 5927 49318 15840 14973 13182 33478 4092 3552 29386 3150 26236
cat_boundaries=0 8 16 24 32 36 40 44 52 60 68 72 76 84 87 90 93 101 105 113 121 129 137 145 153 161 169 177 185 189 192 195 199 203 207 215 223 231 235 239 243 247 254 258 263 271 279 287 295 298 306 314 322 330 338 346 354 358 366
cat_threshold=1082295296 69207040 536870912 3091497004 268961808 541065216 134283264 32772 84020228 268533760 136380417 805830696 1094713344 4744200 285212676 8519680 5243904 16896 2694840384 16779310 8388626 1146896 805314566 16912640 2147483712 51380560 1214251012 8256 2097160 1441920 2155872788 70254594 2525041417 268837168 5506 9 11035744 517063823 64095232 8 1277886472 3347089504 2151891013 6 117440528 12591243 34079104 32784 806355040 2156412928 2048 8 548407554 1074004224 1073809436 151015424 171968512 256 33947684 18432 140574724 4329536 18088705 134283392 34340864 2099203 134221830 262280 3784507400 2593259969 1545626056 2 1209532441 1958905864 3592707329 2 33554450 16394 2147483656 537964544 536936960 1073324 1074110464 8392960 110106890 2169131268 746725840 693424356 548929573 407378432 2163285080 2215119552 262390112 10241 10 2165342240 8 1343750145 8388610 1346406600 295458 2282049666 208191747 1589186688 5 152043562 262144 77857281 117489696 1074332672 1610874880 33556480 45088 134225920 8388608 536871040 14688256 538977348 2566979585 142606337 4194336 76546056 134742218 2147484160 537001992 2416443396 589824 101189665 34079252 134253057 4259850 136314913 18874376 285212673 1086324737 269486096 1835011 0 573046788 33619974 67244032 675741704 37248 4355 50528264 69208068 2147746308 235274755 2164261905 872939520 268697672 536870912 33558528 4194336 269090816 2147484674 8519874 1075314754 3221225696 553664512 12661248 278528 1392513024 2148573440 268441600 1073878144 2149122048 1073741954 1568 3523215360 420544521 16777216 143692 8409089 4096 1145177088 17412 67239940 6424576 35782658 1612317184 536 168034312 134316552 2 2174817282 2598439177 806913428 9 2762515481 1078076694 2223583495 556924978 808829335 138473026 1925842432 1078401033 2148722892 3 369632033 2034544692 537666577 1 50343712 1133520020 16941690 8 1064976 0 917568 36732928 1887572993 67125265 529424 16842752 262720 131073 1077936128 100671584 67373184 142671874 536880129 67252354 2629632 2217246976 4104 2349336608 1149251584 25165824 40 2097345 1312840 1610713590 2818983882 8 1367380772 275021897 1073833563 10 3341214788 10504218 141821972 6 2372550695 142606848 2022015106 4 524296 262155 268435456 0 512 512 1024 1479685657 16822876 21364764 2 2705329424 589824 134283272 1073786896 131087 549725728 4 50528260 10748448 2147483776 134479872 805700128 20971520 403456 1451230401 1209139200 512 33591308 4195330 67108864 1048580 41943552 4325928 268435488 2151686154 150994944 277094400 17434624 67633738 305152 4196448 1107460128 17432608 5513224 470286336 0 33554464 1945115139 17301575 98454656 2152336385 67387460 659456 264204 268468256 134742018 536904192 3145744 134291456 0 1130752 4117 1434457152 37749842 147985 33619968 1191182504 537134104 4194432 67108864 65536 1107329025 1342318848 10490400 10 1048584 4718592 536938528 1082130632 2151711745 9441284 47404 269828416 4195336 66 8586242 1612744768 2048 1573896 524800 109052232 57344 513 2148139153 525514 2147484160 671088640 2098176 12583073 4194324 1073782784 134479872 2148040713 2244672 233472 41975904 856463 738206037 641421440 3 536879105 10485760 3238005904 128 6148 688210048 98631720 4194304
is_linear=0
shrinkage=0.12


Tree=58
num_leaves=63
num_cat=60
split_feature=2 34 41 34 41 22 34 19 23 24 23 23 21 40 39 40 34 41 23 23 24 22 23 34 41 34 41 24 23 22 41 34 24 22 41 22 34 19 24 41 22 24 19 22 23 41 19 34 24 19 34 22 41 24 34 24 22 22 21 23 5 23
split_gain=29.0153 110.82 98.899 73.0926 74.3934 67.9322 72.809 70.1265 62.3967 59.0608 52.1172 48.46 46.3094 36.8264 97.3513 94.4911 93.5659 77.0002 67.3925 65.9992 60.5606 91.6694 75.727 78.9133 71.3721 61.6622 55.898 55.7705 57.0536 53.903 51.9376 63.4064 54.6445 64.0536 51.1566 50.4358 48.2144 65.4758 74.3921 68.982 61.2937 67.7048 56.0375 55.2345 51.2768 77.1224 63.8107 71.3233 59.7692 56.2327 72.8915 64.1989 60.9246 66.7465 59.1925 54.6648 48.4051 48.1091 47.7546 47.3086 47.0327 45.6831
threshold=0.094166666269302382 0 1 2 3 4 5 6 7 8 9 10 11 12 13 14 15 16 17 18 19 20 21 22 23 24 25 26 27 28 29 30 31 32 33 34 35 36 37 38 39 40 41 42 43 44 45 46 47 48 49 50 51 52 53 54 55 56 57 58 0.089166667312383666 59
decision_type=2 9 9 9 9 9 9 9 9 9 9 9 1 9 9 9 9 9 9 9 9 9 9 9 9 9 9 9 9 9 9 9 9 9 9 9 9 9 9 9 9 9 9 9 9 9 9 9 9 9 9 9 9 9 9 9 9 9 1 9 2 9
left_child=13 10 -3 11 -5 6 -6 -7 -9 -8 -2 -4 -12 14 15 19 27 58 29 -1 21 -18 -23 -24 57 -26 -20 -16 -29 -19 31 -15 -33 -34 -27 -28 37 38 -32 61 41 -41 -42 -40 45 55 47 -47 -48 50 -46 -52 53 -51 -54 -38 -57 -22 -17 -35 -21 -39
right_child=1 2 3 4 5 7 9 8 -10 -11 12 -13 -14 30 16 17 20 18 26 60 24 22 23 -25 25 34 35 28 -30 -31 36 32 33 59 -36 -37 44 39 43 40 42 -43 -44 -45 49 46 48 -49 -50 52 51 -53 54 -55 -56 56 -58 -59 -60 -61 -62 -63
leaf_value=-4.7393747355030489e-06 1.3540047683383318e-05 6.9586750214467386e-06 -8.1109499546292681e-07 -1.2391218140749888e-05 -1.2928782242892427e-05 4.5551490390082801e-06 1.3077977049889031e-05 -1.2190298141882883e-05 -2.5297011096075558e-06 7.342866863569402e-07 1.3557384445745789e-05 -1.8461592882621783e-05 -2.0035082030942754e-06 -1.9285443290943584e-05 0.00037122593673700522 0.00074625632674819192 0.00013268480326387663 0.00025072899035935515 7.3119895556771613e-06 -0.0024535143996728885 0.00076862691953538307 5.128380604335976e-05 0.00030728101755262706 -5.6264886298621803e-05 -0.00016093222391359486 -0.0002749713632985058 -0.0010475368173840484 -4.2105606443693702e-05 8.2165001459155642e-05 -1.9730138652470421e-05 3.5583359876580069e-05 0.00042945139521894537 -4.4806834532735334e-05 -3.0327002112723282e-05 -7.4329935214080034e-06 -5.8282980933653155e-05 6.3920239251284968e-06 2.9170440855807955e-05 -9.2398022323876748e-06 -1.7401268438019949e-05 5.5325325542017127e-05 0.00011718618126875876 -2.3551956785061286e-05 -0.00061139881336493289 -0.00024372816208017764 0.00019538770415312244 -1.6192707107673379e-05 -7.2820025177673257e-05 1.151194435617886e-05 -0.00027850247982679968 4.6782246431325575e-05 -2.3494423680620588e-05 5.5122960034825141e-05 7.0030985755050012e-07 7.0444350409832078e-06 -9.1434313846185991e-06 -0.00053254976043560706 1.439857252368102e-05 1.8162289829396818e-06 0.00038312748856909212 -2.8796113797268871e-06 -0.00043550755161534939
leaf_weight=542 429 1017 424 996 431 749 787 1580 3218 1645 435 924 754 1033 953 343 2322 437 850 1105 327 1603 455 3038 1396 930 841 671 1573 1125 547 940 541 420 12043 1915 821 338 438 847 940 1996 5004 1004 797 419 6868 2586 14573 959 1868 4018 6487 2114 40184 542 1189 907 513 1068 278 933
leaf_count=542 429 1017 424 996 431 749 787 1580 3218 1645 435 924 754 1033 953 343 2322 437 850 1105 327 1603 455 3038 1396 930 841 671 1573 1125 547 940 541 420 12043 1915 821 338 438 847 940 1996 5004 1004 797 419 6868 2586 14573 959 1868 4018 6487 2114 40184 542 1189 907 513 1068 278 933
internal_value=-0.00090266 -0.00622806 -0.0102758 -0.0136652 -0.00988744 -0.0061838 0.00880694 -0.0139234 -0.0192599 0.0168903 0.0231165 -0.0397058 0.00989171 -0.000369042 -0.00376722 -0.01539 -0.000237893 -0.00795228 -0.0134826 -0.0384718 -0.00291234 0.00600807 -0.00300704 -0.0129073 -0.00715466 -0.00953758 -0.0224875 0.0189592 0.00851061 0.00731889 0.000798504 0.0141704 0.0230661 0.0118177 -0.00694031 -0.0307803 0.000236269 -0.00685628 -0.0266866 -0.00290764 0.000886458 0.0153415 -0.00604431 -0.0409353 0.00126131 -0.00303887 -0.000961646 -0.0173019 0.00133687 0.00331898 -0.00700821 -0.00236011 0.00470777 -0.0116305 0.00578626 -0.0228393 -0.0349053 0.0204173 0.0251612 0.02464 -0.0523871 -0.028901
internal_weight=147030 13389 11771 10754 9406 8410 2863 5547 4798 2432 1618 1348 1189 133641 34167 7949 26218 6024 5168 1925 23021 7418 5096 3493 15603 14369 3606 3197 2244 1562 99474 4002 2969 2029 12973 2756 95472 12047 1989 10058 8787 2843 5944 1442 83425 26998 24446 3005 21441 56427 6683 5886 49744 3073 46671 2552 1731 1234 856 1488 1383 1271
internal_count=147030 13389 11771 10754 9406 8410 2863 5547 4798 2432 1618 1348 1189 133641 34167 7949 26218 6024 5168 1925 23021 7418 5096 3493 15603 14369 3606 3197 2244 1562 99474 4002 2969 2029 12973 2756 95472 12047 1989 10058 8787 2843 5944 1442 83425 26998 24446 3005 21441 56427 6683 5886 49744 3073 46671 2552 1731 1234 856 1488 1383 1271
cat_boundaries=0 8 16 24 32 36 44 51 55 59 63 67 69 74 78 81 89 97 101 104 108 112 116 124 132 140 148 151 155 159 167 173 177 180 188 192 200 207 211 219 222 226 233 237 240 248 255 263 267 274 282 285 293 297 305 309 313 317 319 323 326
cat_threshold=268451904 2425880576 75530240 2182087168 131105 1107301632 69206160 37749766 17317920 8390656 16777232 1107296768 135274625 270802 2214723584 2891776 201459072 32768 2183528960 151003152 16777216 1056776 939532360 286752 276893704 1065216 34078720 268435476 536904192 817889792 17367041 8388784 554707021 69044480 2611225280 13 6 0 537403528 541065226 8388744 272630272 34624513 16943640 0 1073746952 104860164 274726970 310517844 8667156 24576 44179542 2726998528 1359166756 2 321488902 224551424 1111712396 10 2754382948 4456491 2165179408 8 990913545 679619088 2417033764 3 167870553 485895745 2693791873 268884480 226558198 25664 5242882 2220950547 3624011840 4194392 1 1048576 268470784 218104016 78217267 2148270344 262146 138412064 2282225792 268435464 159383552 10240 38034176 1207976000 4259840 1074282496 16 1073742848 805326848 1380930 3035037760 1620050978 106563392 11 3061951522 71852953 402788360 748486664 171593043 47198592 2 314851874 1628183581 558947840 2 3288335338 268519499 1094500626 11 1048832 1476460576 4228104 131072 1024 1441792 100827905 32912 687865856 1056 32 2223505488 1075445760 2558800 50331930 32768 38797440 33554432 1074298880 2130371 66 9437441 2758803544 512 270532612 2449473544 8388872 9445378 2705392901 397440 32770 532480 1092773984 3423507512 1646536706 404041858 1535280136 335849874 9 408290578 2298675208 1313384457 1 2157445124 524288 469893264 32 33554436 612368428 629770241 1024 1371602944 822612229 536871122 32865 2166358016 524291 604539936 1229996369 2221150134 4 1136723024 1291915610 573112420 64 67108864 131200 2048 2185298468 817889448 1610612932 2445346 71828133 1519682372 11743745 1 73842 135077905 1310728 67108904 2147550208 3290435840 8388736 8454144 0 50186 8460300 37831700 578854915 537411716 12 2179760194 2768912 2187559027 2 1210124289 2147485760 4259848 2050 270139392 34079747 4214800 71606272 1722296976 3238536513 1074325336 1116472737 2288147584 1192235029 4 1 117440768 2150646272 8396832 356536460 8519680 1180112 138412170 881895457 3341906457 8 2889977463 672194755 2147811604 24576 1078001680 4100 134365208 151003648 1075851520 2147876870 3014657 0 46182400 108036133 134348868 268435599 278532 393280 1050112 16795652 32768 1075056848 268993024 25165962 16777224 67110400 219220502 2751497251 3526459856 6 0 2097152 8388632 494927987 348411972 1082142768 262176 536871941 2684355714 134250496 1611698948 268845056 1114164 33554432 131584 2023834665 1208629772 337704065 1610746120 2148663304 1107296260 1073745920 3556966401 19202176 12288 1179656 1180506248 18360896 382018312 2 1 268435648 138944528 1076367621 335572992 98307 1745879041 262656 1812202880 3144299009 2462059792 2 1897144788 201392208 1147473235 3 2165065216 2424308768 101433360 15 3033810178 2556461954 59195506 1622149184 114303392 2 2416247556 1963575970 39424
is_linear=0
shrinkage=0.12


Tree=59
num_leaves=63
num_cat=58
split_feature=2 35 34 41 35 24 34 34 22 22 23 23 23 40 35 34 41 22 24 24 22 35 24 23 35 34 21 4 38 2 39 39 4 38 34 35 22 34 34 24 23 23 22 23 35 34 23 34 24 24 34 35 34 41 41 22 23 24 24 21 23 24
split_gain=26.5656 104.497 86.497 76.3488 75.0267 72.859 78.5794 67.1274 60.1005 45.3306 41.6363 41.6343 40.4767 34.4818 70.9244 70.6107 69.5018 67.6607 64.1224 60.832 57.5444 57.4135 67.7536 48.7965 81.401 60.3902 46.6082 46.2643 130.576 103.024 100.033 90.6415 86.9155 125.172 85.1368 81.7476 79.7204 75.9086 69.2476 63.7952 63.3322 60.7616 58.3494 57.8911 48.9089 88.4249 65.0716 68.3591 57.9836 51.9498 76.0446 74.2438 73.6061 70.2883 69.4571 56.682 47.6237 47.1889 45.4367 42.2026 41.6524 40.8359
threshold=0.097500000149011626 0 1 2 3 4 5 6 7 8 9 10 11 12 13 14 15 16 17 18 19 20 21 22 23 24 25 0.010833333246409895 26 -1.0000000180025095e-35 27 28 0.015833333600312475 29 30 31 32 33 34 35 36 37 38 39 40 41 42 43 44 45 46 47 48 49 50 51 52 53 54 55 56 57
decision_type=2 9 9 9 9 9 9 9 9 9 9 9 9 9 9 9 9 9 9 9 9 9 9 9 9 9 1 2 9 2 9 9 2 9 9 9 9 9 9 9 9 9 9 9 9 9 9 9 9 9 9 9 9 9 9 9 9 9 9 1 9 9
left_child=13 12 10 -4 11 7 -7 -6 -8 -9 -3 -5 -2 14 18 17 19 -16 -1 -17 -21 22 -18 24 -23 -25 -20 28 29 30 -15 -31 33 42 41 61 43 -38 -35 -40 -41 -30 56 -37 45 57 48 -48 -47 52 51 -51 55 -54 -52 -46 -29 -34 -19 -24 -22 -36
right_child=1 2 3 4 5 6 8 9 -10 -11 -12 -13 -14 27 15 16 21 58 26 20 60 23 59 25 -26 -27 -28 32 34 31 -32 -33 44 38 35 36 37 -39 39 40 -42 -43 -44 -45 49 46 47 -49 -50 50 54 -53 53 -55 -56 -57 -58 -59 -60 -61 -62 -63
leaf_value=1.5153291932308309e-05 -2.5381071609911273e-07 1.6857317919236181e-06 9.8667257647891194e-06 1.8615636037319798e-05 -9.7340802261088477e-06 6.5599718651578478e-06 1.5148710551377445e-07 -2.9993468173972776e-06 -7.8125607539174322e-06 8.0700322371910226e-06 -1.3717093056888244e-05 3.1565250033644071e-06 -1.8553013064325958e-05 0.017489891354387031 1.0671705732838623e-05 -0.00074490662560392862 0.00071861458923217522 -0.00098545570167700436 -4.091303950870236e-05 0.00012346946633228368 4.7990127402869517e-05 -4.1500566117248964e-05 0.00034489448225432946 -7.3639863560151126e-05 3.6167363852223288e-05 -1.2488361709488486e-06 -0.00074672011400551931 -0.00012875194063892436 -0.00020076555483168238 -0.001421438818664322 0.00011095614864438569 0.00062242990367108173 0.0005602994630455444 -0.0010070109695561346 -0.0019588999342123646 -0.0021226650984395817 -0.00084521009798948436 1.1050457660829089e-05 -0.000186442804837878 -6.9613172050291249e-05 0.00041610123421978511 0.00043829347290272769 0.0012332704556332254 -0.00024126381810349301 0.0002266904306472974 6.8373563595479259e-07 -0.00015769175806767732 1.0034358966717075e-06 -0.00016062559014653517 -5.0522856060308465e-05 8.9760621208681698e-05 5.7037722526342294e-05 -9.8773928959790274e-05 -4.8328149449557027e-06 1.9115192231514488e-06 5.6772196490664108e-06 0.00047949511439710396 1.5974956522074126e-05 -7.5520448866447329e-05 -3.1593026019772065e-05 -0.00047350224571130118 -0.0005008133340172581
leaf_weight=672 330 309 745 322 420 659 1445 547 3028 1442 841 784 877 363 944 772 531 546 792 422 319 1578 425 2059 6793 15610 808 316 421 393 416 506 423 427 439 685 773 5132 775 541 1160 881 1466 1678 900 805 719 5033 1866 701 2382 5188 1451 18871 41205 1896 840 647 1526 655 721 809
leaf_count=672 330 309 745 322 420 659 1445 547 3028 1442 841 784 877 363 944 772 531 546 792 422 319 1578 425 2059 6793 15610 808 316 421 393 416 506 423 427 439 685 773 5132 775 541 1160 881 1466 1678 900 805 719 5033 1866 701 2382 5188 1451 18871 41205 1896 840 647 1526 655 721 809
internal_value=-0.000541922 -0.0060148 -0.00216031 0.00165886 -0.00153828 -0.00583079 -0.0139036 0.0113507 -0.019612 0.0205697 -0.0330464 0.0274776 -0.039278 -6.65268e-05 -0.00329799 -0.00187768 -0.00010837 -0.0193395 -0.0237478 -0.0204096 -0.00586156 0.00153996 0.023438 0.000175032 0.00771561 -0.00340026 -0.0367742 0.00106912 -0.00576092 0.0252781 0.0573111 -0.00226408 0.00204351 0.0166094 -0.0105928 -0.014534 -0.0101739 -0.0026973 -0.000617475 0.00713824 0.020105 0.0180821 0.0355353 -0.0287494 0.00106275 -0.00703208 -0.0111677 -0.00395558 -0.026612 0.00212214 0.0043162 0.0171022 -0.00257328 -0.00508704 0.00258446 0.015641 0.0149999 0.0252865 -0.0314395 0.00593401 -0.0209885 -0.0430476
internal_weight=147030 11749 10542 9392 8647 7541 5132 2409 4473 1989 1150 1106 1207 135281 35173 32901 29885 3016 2272 2234 1462 27651 1611 26040 8371 17669 1600 100108 12496 1678 779 899 87612 5525 10818 9516 8268 5905 2903 2476 1701 1302 2622 2363 82087 9493 8423 5752 2671 72594 49476 5889 23118 20322 43587 2796 1156 1070 2072 1080 1040 1248
internal_count=147030 11749 10542 9392 8647 7541 5132 2409 4473 1989 1150 1106 1207 135281 35173 32901 29885 3016 2272 2234 1462 27651 1611 26040 8371 17669 1600 100108 12496 1678 779 899 87612 5525 10818 9516 8268 5905 2903 2476 1701 1302 2622 2363 82087 9493 8423 5752 2671 72594 49476 5889 23118 20322 43587 2796 1156 1070 2072 1080 1040 1248
cat_boundaries=0 8 16 24 32 36 44 52 56 59 63 66 69 74 82 90 98 101 104 108 112 120 123 127 135 143 145 153 158 163 171 179 187 191 199 207 211 214 218 222 226 234 242 246 254 258 262 270 278 286 294 302 306 310 314 318 320 323 327
cat_threshold=524416 4333572 17152 310378496 688406784 6422656 69676 81922 134218752 32768 2734952448 271065104 293617664 1056768 134742080 67526752 540704 1073743872 4194322 33572864 100663305 263616 262240 17575937 68437248 68173857 3556771008 2147554312 0 8388626 2181038080 266368 53744145 3091801344 1611091085 2 268976160 8456193 202375168 1108345344 1120 1073744000 69207188 42467328 0 25231371 26626 18432 67108864 1610696928 2147495945 8912896 202115093 1812826752 251669056 6 606212298 2340553284 88119601 33817633 13776388 2181644444 9 2961915948 2429586800 2147762176 251791362 154253334 538989576 2961179137 268885504 218104054 58560 5242880 67120840 819208 8200 537001987 394242 3355443200 1082130432 17698816 33589376 1036 1075855364 33621378 425984 1049600 1616906508 262400 17301507 537526272 16777216 553680928 50331904 270532901 68159616 60833825 2154572640 1200657435 36710020 542179460 1724913220 345265283 3338745490 1611728069 144278084 8 2420131398 2357658245 5000448 9 539951104 3221225472 67192833 142606336 537463105 98308 557057 1048837 2197859409 609474588 163580938 3300983812 1623046 4094989162 6 16814080 28333376 131236 65536 16793600 538974464 543293456 71303170 25166336 33587200 71309312 1583681 1879572768 83888128 33554496 131728 699952293 691248359 134219272 2113536 1251520 1677725696 137379841 68 2375680 1096 4456448 1073741888 16384 4 1073741824 262144 2147483712 540672 4 1073758208 822083968 2348810274 1259648 12288 133128 3 17827844 8225 2550137408 142623232 4194304 270860683 524352 67372032 1080034560 83886336 1761616128 201326592 2101260 2147508224 2684371520 2424307858 65536 66074 3020112128 1279396544 2693309244 6 65801 4113 671220800 54534144 1083187200 537923584 67635200 1053220 134743076 2216738824 2052 9601024 8256 23085057 263216 4104 817930307 68495490 77139778 14 2876250652 154504513 72368164 1631363265 2215004289 1350797352 1 550386572 3309568 847511584 10 2150768674 3575153064 2722138388 2 1075445792 67108896 285343745 75833344 270532993 270384 16777234 8391296 4 33687624 4391040 46081 5005320 67670544 536870912 262405 1361152096 2824689922 304107828 4 8192 2953314688 4 8782208 268468256 2172649472 3229696000 69804032 1686111617 604022536 365431685 12 1074798884 3194145822 3363832204 2 262400 1048640 34086928 17588224 277086209 2415920128 3791718408 69206546 278958082 2281799680 67110400 1075838980 68419584 1140854280 134219808 1024 1081857 0 1140855298 2147713089 1618493464 1180032 134479872 262272 805306370 2148007936 268435456 134481984 806361088 2147844192 1083752457 131088 4194320 655384 3221372928 33554440 277905408 12714528 1426113026 16793664 922821274 672342407 151414816 1 104939539 553126 157304082 4 8918694 3828400276 1645916292 2 2100227 1108640408 140538956 14 555070354 1243060416 1144011010 287984400 269230468 70271768 220286256 2701333025 4
is_linear=0
shrinkage=0.12


Tree=60
num_leaves=63
num_cat=62
split_feature=19 35 34 35 22 34 23 34 23 23 23 23 24 24 35 24 21 22 34 35 41 22 23 35 21 24 21 21 23 24 21 21 35 23 34 41 41 24 22 34 24 22 22 22 23 21 22 34 35 41 23 35 35 24 23 34 35 41 24 41 35 24
split_gain=25.6018 90.1772 85.3846 61.9771 59.4909 89.1404 63.41 62.7124 58.9121 57.8997 57.7085 56.9721 53.9997 53.7364 50.8486 43.8882 43.1599 36.8686 30.642 78.5585 76.6495 62.6468 77.0114 60.7413 59.7276 53.6891 56.116 46.4395 45.5766 45.2324 44.8594 34.1504 33.3818 70.1095 83.179 78.6341 58.788 59.706 59.451 57.0852 56.4303 55.8911 50.9522 46.4391 46.0049 39.0114 35.327 60.4631 71.6974 64.2171 65.4011 73.7045 67.388 53.7153 56.5883 50.0679 71.021 63.4654 60.5719 55.2345 62.8589 64.363
threshold=0 1 2 3 4 5 6 7 8 9 10 11 12 13 14 15 16 17 18 19 20 21 22 23 24 25 26 27 28 29 30 31 32 33 34 35 36 37 38 39 40 41 42 43 44 45 46 47 48 49 50 51 52 53 54 55 56 57 58 59 60 61
decision_type=9 9 9 9 9 9 9 9 9 9 9 9 9 9 9 9 1 9 9 9 9 9 9 9 1 9 1 1 9 9 1 1 9 9 9 9 9 9 9 9 9 9 9 9 9 1 9 9 9 9 9 9 9 9 9 9 9 9 9 9 9 9
left_child=1 8 10 9 5 -5 -7 17 -1 -4 -3 13 -8 -9 -13 -11 -10 -6 19 27 24 22 31 -23 -21 28 -27 -2 -25 -24 -31 -22 33 35 44 -20 42 41 -39 -37 -41 -38 -36 -42 -35 -44 47 48 -34 53 51 -51 -52 -49 -55 56 -48 -58 -59 60 -57 -62
right_child=18 2 3 4 7 6 12 11 16 15 -12 14 -14 -15 -16 -17 -18 -19 32 20 21 23 29 25 -26 26 -28 -29 -30 30 -32 -33 46 34 36 39 37 38 -40 40 43 -43 45 -45 -46 -47 55 49 -50 50 52 -53 -54 54 -56 59 57 58 -60 -61 61 -63
leaf_value=0.00063254658660799395 1.1804157837936171e-06 6.3219836112485726e-06 -0.00028695183714222053 0.00011238310954635163 0.0006413275366184384 -0.00010565675391819486 -5.5254698223106343e-05 -2.4387967561095624e-06 -2.8767216171217199e-05 -9.6155140312306983e-05 -0.0001232168421576081 -5.3530379405790447e-05 2.4891721557866089e-05 0.00015484925056602789 8.480371735217207e-06 1.9817476989103319e-05 0.00010069838449235137 6.6636027837252391e-05 -4.6242086649319049e-05 -1.3299462139701825e-05 2.3470120601580606e-05 -0.00028873565929663072 0.00024187462265934555 -0.00016749315442670808 -0.00044060337189381362 -1.7756063001444238e-05 2.6109521193045624e-05 0.00049772180585430908 -2.0697127608556262e-05 0.00011636598223258327 -9.1507987583296428e-06 -0.00012005505325373359 3.1015347535409902e-05 -1.1156118376343375e-05 -4.306696136484551e-05 0.00026651008285043427 -0.00037816161318412323 4.7552926706967492e-05 -1.725694458185067e-05 0.00017582399380537475 6.9708082057207374e-05 -2.3039487348251917e-05 5.7408585095211342e-06 -7.4938508301945305e-06 0.00023413509955589863 0.00037243067422953883 5.2651059687595159e-05 -0.00016389659536064852 -4.3224086306401368e-05 0.00014958357479230683 2.7845104545681183e-05 5.3183267089036091e-06 -9.2493266545047055e-06 -0.0001014452649102542 1.5091088561287801e-05 -2.7444396122861462e-05 -0.00011315266254443845 1.5485959360772374e-05 -2.7543922099127028e-05 1.0183331138807828e-06 -1.8587783441102544e-06 7.3074700553154548e-05
leaf_weight=541 554 542 424 523 432 980 673 681 436 313 1117 755 1497 1537 3831 691 735 588 541 766 317 669 702 548 822 2293 2205 483 1599 691 1023 596 800 321 318 579 542 1239 2780 795 568 1372 427 1315 751 461 1056 744 3659 1009 2028 7710 16542 534 1013 991 1125 2371 5032 56410 1388 3045
leaf_count=541 554 542 424 523 432 980 673 681 436 313 1117 755 1497 1537 3831 691 735 588 541 766 317 669 702 548 822 2293 2205 483 1599 691 1023 596 800 321 318 579 542 1239 2780 795 568 1372 427 1315 751 461 1056 744 3659 1009 2028 7710 16542 534 1013 991 1125 2371 5032 56410 1388 3045
internal_value=-0.000230154 0.00425312 0.00118388 0.00448017 0.00741332 -0.00517773 -0.0128273 0.0133231 0.0302088 -0.019 -0.0243447 0.00911971 -0.00131986 0.024861 0.00146149 -0.00307081 0.0147083 0.0409302 -0.000789316 -0.00625301 -0.00894878 -0.0052595 0.00836873 -0.011466 -0.03345 -0.00794952 -0.000478922 0.0252812 -0.0235109 0.0195716 0.00889915 -0.0211459 -0.000171606 0.00581981 -0.000423196 0.0192756 -0.00511816 -0.0100319 -0.00169683 0.02632 0.018736 -0.0274143 0.0189162 0.00728229 0.0305535 0.0335999 -0.000854469 -0.00403512 -0.0170432 -0.00206812 -0.000443938 0.00812277 -0.00446884 -0.0213113 -0.00838996 0.000661906 -0.00740308 -0.0110445 -0.00697504 0.00191314 0.0134658 0.0195725
internal_weight=147030 16296 14584 12925 11497 3673 3150 7824 1712 1428 1659 6804 2170 2218 4586 1004 1171 1020 130734 13268 12231 10643 3329 7314 1588 6645 4498 1037 2147 2416 1714 913 117466 12009 8211 3798 7139 5933 4019 3257 2678 1914 1206 1883 1072 888 105457 34039 4459 29580 27289 8719 18570 2291 1547 71418 9584 8528 7403 61834 5424 4433
internal_count=147030 16296 14584 12925 11497 3673 3150 7824 1712 1428 1659 6804 2170 2218 4586 1004 1171 1020 130734 13268 12231 10643 3329 7314 1588 6645 4498 1037 2147 2416 1714 913 117466 12009 8211 3798 7139 5933 4019 3257 2678 1914 1206 1883 1072 888 105457 34039 4459 29580 27289 8719 18570 2291 1547 71418 9584 8528 7403 61834 5424 4433
cat_boundaries=0 7 15 23 31 35 43 46 54 58 62 65 69 72 76 84 88 90 94 102 110 118 121 125 133 135 139 141 143 146 150 152 154 162 166 174 182 190 194 198 206 210 213 217 221 225 227 231 239 247 255 259 267 275 279 283 291 299 307 311 319 327 331
cat_threshold=2 1158676992 2153775648 339761154 151392320 167841800 65632 1585160 272630794 8404994 304349184 671090688 131072 1179904 17637764 67109504 2315260416 88080384 4195362 1073774849 16777314 42074626 67110920 1073744001 3221258241 1107626752 0 262152 268436002 151258240 2099777 42601152 3601013257 277422362 1 50462720 18161681 1073742856 2155872256 536875024 2101376 69227712 8388624 1680897441 1690408052 135577600 1179656 1073743872 539000848 131072 8670240 9503364 1077936140 44105728 610746792 103219394 3241148578 6 1087517090 2711886641 1073758256 8 555042 410278596 1209417472 332591665 17832533 176165394 1 472393717 136843620 59376643 2184710144 4754297 3121875504 6 336 0 40 135266306 1090596868 25665 1141432324 4228136 3456106804 641810497 211960128 2 1989611602 1779433511 477168653 17596674 1197654016 4 73744 0 2424840 335677577 2147550744 1075314688 6340720 8650752 2098688 1073842176 2050 268435456 16392 1153744928 1107558658 2099220 104857632 285212672 12615682 2148286465 135266314 134251553 2156004353 1048584 598835970 3271600435 839919651 730415207 1351024640 2197815448 14 0 2149974820 1052801 603983872 2182087744 285212688 8519680 117440522 1991667244 2551679629 276889931 3801317541 241713233 8 3409910955 743182162 2848376112 3871257641 2048128 4253130770 23601222 1681919570 6449664 143561520 2 1325990102 4095190612 2177566888 1098973747 33024 2097696 294941 4098 161 942147600 1719665672 36864 1083966337 1097695766 1713995840 3 153092292 16809996 570425346 1073751040 131264 4100 1610612745 100798496 135745 67108930 5373958 2433220928 1049602 0 16 69501062 33690178 268566528 69226754 4325384 3424900 385 1073742848 263170 419569816 541721372 1880820554 10 1708417569 2147780708 104878856 12 2360576 2583692357 4096 33559552 6291458 67248144 2433220864 16779264 618668073 17435448 415531353 4 152061065 2249336132 3875694592 268828688 18947078 1143406796 12 327188486 168795300 2417625248 2 201566248 41961536 134229512 4 1631788128 2856564409 1077743730 2685142336 4215833121 8 19038208 1073742848 705 2281701670 4 100704776 570431496 33686144 546373764 134250496 543229824 2147550784 11776 64 2097152 33555490 131328 2621772 301989888 268742656 67108869 3758260296 1149240322 32768 2415939588 1094372649 1548484654 12 1049628 2147484672 1280 805569672 536940544 16777218 134254673 551938 150995520 1073774914 805437472 2155872264 1762164740 1048610 16850944 25165888 2483298325 3338871878 2585022595 4 408951588 542646738 194023452 3 1073742848 2097280 537018368 134217728 4604098 134222084 1275199748 6318097 100663458 557056 9346 17859844 4293376 71532548 131072 35651584 590851 3072 8392708 612370560 27262984 562315264 2149580816 4456724 3515597202 1174931910 142618892 8 4280576 6422540 536870912 1074063490 512 1887469840 9699392 262144 1073759425 1111492672 1098907648 1048608 1074006016 46137353 768 33554980 2416173134 11674137 2223248966 4
is_linear=0
shrinkage=0.12


Tree=61
num_leaves=63
num_cat=60
split_feature=2 41 34 35 34 19 35 41 24 24 21 7 34 35 41 24 35 34 34 41 24 21 21 21 24 34 41 35 19 24 41 24 35 34 41 24 34 34 21 41 34 24 35 24 34 35 34 35 19 41 21 21 24 24 21 24 21 21 21 39 21 21
split_gain=31.4927 92.0239 85.486 93.2688 64.9919 69.1114 65.2586 65.3712 47.1372 46.3072 38.4416 30.1216 71.6776 75.5179 74.0904 62.8572 77.8224 76.6253 75.9502 75.4519 56.1762 47.4479 44.5854 43.7209 40.8926 36.3918 86.3107 75.9612 66.0892 63.9972 54.9061 55.8739 42.7415 69.6007 68.7036 61.9716 66.9991 61.0724 49.2571 46.3825 75.9396 53.0932 50.0192 44.2512 98.2607 58.5061 57.2841 80.5756 58.2749 46.9874 41.1939 39.8926 37.9744 33.0981 32.5376 31.9706 29.0125 28.6474 28.3131 27.5538 26.3814 26.1599
threshold=0.097500000149011626 0 1 2 3 4 5 6 7 8 9 0.30859375000000006 10 11 12 13 14 15 16 17 18 19 20 21 22 23 24 25 26 27 28 29 30 31 32 33 34 35 36 37 38 39 40 41 42 43 44 45 46 47 48 49 50 51 52 53 54 55 56 57 58 59
decision_type=2 9 9 9 9 9 9 9 9 9 1 2 9 9 9 9 9 9 9 9 9 1 1 1 9 9 9 9 9 9 9 9 9 9 9 9 9 9 1 9 9 9 9 9 9 9 9 9 9 9 1 1 9 9 1 9 1 1 1 9 1 1
left_child=11 57 9 8 -5 -6 59 -8 -4 -3 -10 25 20 24 23 16 56 -18 21 -20 -13 -17 -22 -15 -14 26 29 50 52 -1 55 -32 33 38 53 36 -36 -37 -27 40 58 51 -43 44 49 -46 47 -45 -48 -41 -28 -42 -29 -35 -26 -30 -16 -2 -34 -7 -11 -55
right_child=1 2 3 4 5 6 7 -9 10 60 -12 12 13 14 15 18 17 -19 19 -21 22 -23 -24 -25 54 32 27 28 30 -31 31 -33 39 34 35 37 -38 -39 -40 43 41 42 -44 46 45 -47 48 -49 -50 -51 -52 -53 -54 61 -56 -57 -58 -59 -60 -61 -62 -63
leaf_value=-2.7664130619144534e-05 -1.3105798269049631e-06 -2.3492903236944982e-06 -5.0672957641848845e-06 -1.5109915653269668e-05 5.3915306734280478e-06 -4.0735749039218806e-06 5.1071162725765808e-06 -5.1158168321209947e-06 1.8029663895749756e-05 1.8895424011285576e-06 1.8464995759371548e-06 -0.00087337719176125569 -2.7277507654127238e-05 2.6111358177919848e-06 9.9869051885326184e-05 -5.34441270679332e-05 0.00052420836084582888 -1.299051892924568e-05 0.00022729409613491284 -8.7003794970730433e-05 -0.00070561391870645944 0.00028424079272581029 3.2943256377590462e-05 -0.00087467866319449416 8.9227307250359098e-05 -1.1419156937445319e-05 -1.5608050366777508e-05 -3.5193366637050026e-08 -5.3369144208886416e-06 0.0004049055839001942 2.4656347233867814e-05 -2.1769153080715484e-05 6.6758260960064959e-05 -0.0011890692768074035 -4.0232421040273891e-05 8.9930290261999469e-05 9.2467281217625271e-05 -1.7843621755338307e-05 -0.00043488504544946584 -1.3381244857454949e-05 0.00051754647249012962 -9.0467898916947429e-05 3.8940730345121047e-05 -0.00018107348059254459 -3.7639043209909063e-05 9.0127069896959697e-06 3.4766530080219884e-05 -8.2990462689297629e-06 -8.5944923175468306e-08 0.00011621106231541699 0.00028574461655212234 5.9346721509558497e-05 -0.00032472580638651382 -0.00023566538234078547 0.001002847022590167 -0.00042515893127779698 0.00106481060061465 1.2622920782707805e-05 -0.00016370847677843096 -2.007476445177019e-05 1.5448800881056255e-05 -1.0307650066784713e-06
leaf_weight=412 309 418 408 954 573 215 802 4865 331 314 618 786 548 430 315 534 568 3735 946 8368 676 903 954 893 647 695 317 313 311 900 2918 6365 213 212 567 1013 2313 5387 772 670 827 752 3379 1173 2539 19836 5460 6913 41684 3049 716 1110 912 308 690 715 464 700 616 716 526 457
leaf_count=412 309 418 408 954 573 215 802 4865 331 314 618 786 548 430 315 534 568 3735 946 8368 676 903 954 893 647 695 317 313 311 900 2918 6365 213 212 567 1013 2313 5387 772 670 827 752 3379 1173 2539 19836 5460 6913 41684 3049 716 1110 912 308 690 715 464 700 616 716 526 457
internal_value=-0.000403177 -0.00636201 -0.00962053 -0.0135243 -0.0183901 -0.0144174 -0.0179001 -0.0129952 0.0155149 0.0196535 0.0300936 0.000114426 -0.0040095 -0.00153046 -0.00404007 -0.00174944 0.00923438 0.00286441 -0.00694601 -0.0109114 -0.0234267 0.0186335 -0.0105237 -0.031191 0.0211913 0.000891887 -0.00486358 -0.00792749 -0.0107258 0.02429 -0.00756903 -0.00463474 0.00169153 -0.00511247 -0.00160093 0.00160137 0.0161826 -0.00497816 -0.0294523 0.00259631 0.0120365 0.0166974 0.00895002 0.00179404 0.00586532 0.00285701 -0.000130335 -0.00945418 0.00147086 0.0238971 0.0230813 0.0330631 -0.0369603 -0.0316683 0.0324685 -0.0337572 0.0438432 0.02809 -0.0218311 -0.047211 0.0357746 -0.0193049
internal_weight=147030 11749 10740 9482 8125 7171 6598 5667 1357 1258 949 135281 21457 19041 17156 15833 5082 4303 10751 9314 2416 1437 1630 1323 1885 113824 13879 12567 11534 1312 10309 9283 99945 11724 10257 9280 2880 6400 1467 88221 6897 6068 4131 81324 26094 22375 55230 8086 47144 3719 1033 1937 1225 977 1337 1026 779 1009 829 931 840 765
internal_count=147030 11749 10740 9482 8125 7171 6598 5667 1357 1258 949 135281 21457 19041 17156 15833 5082 4303 10751 9314 2416 1437 1630 1323 1885 113824 13879 12567 11534 1312 10309 9283 99945 11724 10257 9280 2880 6400 1467 88221 6897 6068 4131 81324 26094 22375 55230 8086 47144 3719 1033 1937 1225 977 1337 1026 779 1009 829 931 840 765
cat_boundaries=0 8 16 24 32 39 47 55 59 63 65 73 81 89 93 101 109 117 125 129 131 133 135 139 147 155 163 170 173 181 185 193 201 209 213 221 229 231 239 247 250 258 261 269 277 285 293 300 308 310 312 315 318 320 323 325 327 329 334 336 338
cat_threshold=2147500066 133120 4194320 16416 234890248 271552 2214596736 18354185 270616576 2148532224 9011200 42993152 262145 2181044224 4227456 38306820 201327624 68681856 3225485312 1074335912 131072 3221241856 268436738 37781664 201334784 32768 2720145416 1210589200 50339968 0 269099073 24624 0 5120 75581956 2097238 603988033 1141133602 16528 524418 4272192 33555200 180355072 1627930624 543293568 2129920 73744 22413312 268706320 276905984 133185 1091049472 16777216 4196648 2375680 2160141697 1116756488 18899696 4 2227751554 809107528 2613231620 4 1620078712 1879590921 134226944 34816 1147405312 621281280 69226544 2147483648 73468008 18 1606656 591872 57856 536870912 100673568 34340870 33575957 33947648 1 8454192 33555459 270848 143786080 168042784 1075054624 17825792 2156271024 1548747539 37783731 10 2684370952 134226498 67371012 403701762 536872081 562053128 524296 25088 67108928 608437316 8519690 131076 8 35651602 42340352 40960 539033888 2148540432 49152 1075838976 319291394 939524130 3087011840 8913024 545263880 6307905 543162496 10616840 262672 2048 2166800 2752642 2179041827 3894545306 1361117312 2 1092162807 3504342149 2196967630 450894165 419823648 2430934640 1915785808 605210625 2282014994 10 553713744 134217760 49480 43024384 4259842 268439586 8425616 8683648 545259521 131200 3221361920 8224 547493904 2449475584 8691728 2105408 149768 32896 1342183441 2181570560 403701760 1342472464 268437504 4194560 65536 3254781952 176168960 2179150 843350018 67133760 16548 1348797604 1208306016 1075580483 2419114024 270550016 137363456 268435456 67109376 2097766 5308426 787456 2736844800 302269698 3496394018 8 1590544 269025408 269549568 67829772 33629568 537133062 268435472 32768 34120576 16773 1074004004 16781313 1048704 79727109 270336 2 536870913 301989889 42991680 2415921152 31458316 8200 2146320 34850 2726396584 154010820 271978002 4 2147484672 1144029258 1048578 65536 163840 16777232 33556742 3670536 4198400 268961856 536879122 65800 101069344 1310720 256 4407321 4268231596 2407746240 274727424 268960768 303300608 2099202 8454688 134488096 1611727425 1343488 256 35654660 6144 1075840038 152057088 2282546176 16384 4194304 2965766913 3222803629 239368228 167878658 69238848 16779442 278592 1082163200 3221225488 36104 33554448 166202459 1619315304 622596160 2147496074 2149715968 136581792 822106112 268435488 537133064 131144 2097152 553779200 24576 67153968 272631872 3238133776 2293760 1075863620 4194372 2185515018 659456 10551296 6158 1342186240 571474184 536870912 2162688 339806728 268288 2244673 8392704 4096 25166080 671158400 33574936 2 1084245760 2608 83902471 20 444690592 68 98472 1073775200 131072 71303233 268435536 268435520 2181300224 75500040 2491810461 19967072 178346761 1898477259 2215678472 2489321856 1076233412 1075929089 17363072 268582945 3075070976 1701434455 2432996428 4047504385 623380996 275552858 1388724357 621816114 2955694592 709888896 814221408 23134209 131136 16384 1409306640 1048576 144777253 3770224992 1409436185 1107944156
is_linear=0
shrinkage=0.12


Tree=62
num_leaves=63
num_cat=61
split_feature=2 34 41 35 24 34 41 21 24 35 22 39 21 41 34 35 22 24 35 24 34 21 21 24 21 22 21 35 34 41 34 22 24 24 24 24 21 21 34 41 35 19 24 24 24 21 22 22 22 35 41 34 41 34 34 24 34 35 34 41 41 35
split_gain=26.6894 81.63 85.6655 75.9018 65.7243 78.0147 72.1153 58.3143 57.4421 57.3417 47.413 44.3313 32.0664 24.1417 80.6655 61.7271 59.1915 61.9005 52.2731 49.8124 49.8755 42.8125 42.378 41.6247 42.7123 38.7665 32.6866 26.9989 89.8809 74.0667 67.5652 61.7483 61.7292 52.4557 51.9719 48.1988 37.17 31.1074 29.2457 101.47 73.2964 63.8253 57.1649 56.1649 54.019 36.8819 36.7265 36.1176 31.1021 67.0272 72.1089 71.5759 67.1363 64.1798 60.0907 53.3881 91.457 74.3841 62.0814 68.3345 62.3442 60.5681
threshold=0.097500000149011626 0 1 2 3 4 5 6 7 8 9 10 11 12 13 14 15 16 17 18 19 20 21 22 23 24 25 26 27 28 29 30 31 32 33 34 35 36 37 38 39 40 41 42 43 44 45 46 47 48 49 50 51 52 53 54 55 56 57 58 59 60
decision_type=2 9 9 9 9 9 9 1 9 9 9 9 1 9 9 9 9 9 9 9 9 1 1 9 1 9 1 9 9 9 9 9 9 9 9 9 1 1 9 9 9 9 9 9 9 1 9 9 9 9 9 9 9 9 9 9 9 9 9 9 9 9
left_child=13 8 12 -4 9 -6 -7 -8 -2 -5 -11 -12 -3 14 23 25 17 -17 26 22 -21 -19 -20 -1 -25 -16 -18 28 34 35 36 33 -33 -32 -15 -30 -31 -37 39 44 42 45 -41 -43 -29 -42 -44 -46 49 51 54 -40 -53 -52 -51 56 61 -58 59 -57 -60 -50
right_child=1 2 3 4 5 6 7 -9 -10 10 11 -13 -14 27 15 16 18 21 19 20 -22 -23 -24 24 -26 -27 -28 38 29 30 31 32 -34 -35 -36 37 -38 -39 48 40 41 43 46 -45 47 -47 -48 -49 55 50 53 52 -54 -55 -56 58 57 -59 60 -61 -62 -63
leaf_value=-0.0010448583136415479 1.1983760773439165e-06 7.1630778643226781e-07 -1.1570933214590784e-05 -1.4635853613213945e-05 -9.7593824068863361e-06 -9.0084612490082524e-06 8.3574535261585546e-06 5.8454401937790426e-07 -1.4634045256072218e-05 -9.8412302749567629e-06 -4.2056255280626037e-06 7.4759324803439648e-06 1.9676530867608776e-05 1.7700223359951028e-05 -3.8190085608229983e-05 3.715209102512327e-05 1.9349416335362213e-05 -0.00030917187448367391 -7.5351585079880231e-06 -0.00018354963416942696 2.3024568233222122e-05 -5.6357514718353012e-05 0.00042117384987924754 4.5772916702044794e-05 -0.00020449816025948819 0.00031193974424029158 -0.00014625693386051048 -0.00082988298759785559 2.2797736897688789e-05 0.00073766620373001831 2.6426917727280716e-05 9.0660162591932759e-05 -3.9658855905152968e-06 -9.0074706505876729e-05 -0.00042265189061838689 -0.001226701451660928 2.1472898418358013e-05 -6.7685117758420623e-05 -0.00064524520527820071 -1.665694942831454e-05 -0.00058403237751454291 9.9109523358411895e-05 4.8901333248171623e-05 7.3454826532408181e-06 0.00010749857482911377 -8.9057475990785586e-06 0.00080465804712012842 -6.0074272919826456e-05 0.00070010000222309871 4.0503231809110103e-05 -3.41119261608341e-05 -0.00046113375095124728 -2.3616886983470193e-06 7.9856482285720745e-06 -9.1474674573395893e-05 0.00021061898035478865 0.00011641222208342695 2.2973692413382689e-06 -4.6055342677952981e-05 1.1269449344444018e-05 -7.4292399511461332e-07 5.8934925639454105e-05
leaf_weight=424 429 428 929 559 779 531 2020 2466 1010 635 815 561 587 308 321 683 322 671 429 675 2230 1013 763 328 462 803 660 530 412 443 766 1689 3512 1731 1006 440 606 581 687 431 439 2902 310 6072 315 648 830 739 589 525 3051 798 3096 21833 2319 957 2186 16930 4253 5513 35422 2628
leaf_count=424 429 428 929 559 779 531 2020 2466 1010 635 815 561 587 308 321 683 322 671 429 675 2230 1013 763 328 462 803 660 530 412 443 766 1689 3512 1731 1006 440 606 581 687 431 439 2902 310 6072 315 648 830 739 589 525 3051 798 3096 21833 2319 957 2186 16930 4253 5513 35422 2628
internal_value=-0.000202405 -0.00568802 -0.00192985 -0.0055571 -0.00191931 0.00516528 0.0106661 0.0156336 -0.0323363 -0.0178466 -0.00824515 0.00432272 0.0309639 0.000274092 -0.00546345 -0.00134234 -0.00530973 -0.0209331 0.00200352 0.00797273 -0.000534775 -0.0332547 0.0285049 -0.0342577 -0.0173565 0.0247183 -0.0226961 0.00072186 -0.00481835 -0.000989005 0.00316474 -0.000747074 0.00669863 -0.0162136 -0.0342081 -0.0261591 0.0315551 -0.0400774 0.00128088 0.00658603 0.0104706 0.00668321 0.0344914 0.0100156 -0.0218045 -0.0206369 0.0485416 -0.0058536 0.000584529 -0.00248383 -0.000259551 -0.0159112 -0.00952379 0.00181234 -0.0183193 0.00203241 0.00684717 0.00368883 -0.000298978 0.0105893 -0.00207725 0.0255311
internal_weight=147030 11749 10310 9295 8366 5796 5017 4486 1439 2570 2011 1376 1015 135281 9784 8570 7446 2367 5079 4097 2905 1684 1192 1214 790 1124 982 125497 11494 10180 8747 7698 5201 2497 1314 1433 1049 1021 114003 13216 11632 10061 1571 8974 1584 1087 1140 1054 100787 32309 27728 4581 3894 24884 2844 68478 22333 19116 46145 6470 39675 3217
internal_count=147030 11749 10310 9295 8366 5796 5017 4486 1439 2570 2011 1376 1015 135281 9784 8570 7446 2367 5079 4097 2905 1684 1192 1214 790 1124 982 125497 11494 10180 8747 7698 5201 2497 1314 1433 1049 1021 114003 13216 11632 10061 1571 8974 1584 1087 1140 1054 100787 32309 27728 4581 3894 24884 2844 68478 22333 19116 46145 6470 39675 3217
cat_boundaries=0 8 16 24 28 36 44 46 50 58 62 68 70 78 86 93 97 101 109 113 120 122 124 127 129 132 134 142 150 158 166 169 173 177 180 183 185 187 195 203 211 218 221 224 228 230 234 237 241 249 257 265 273 281 289 292 300 308 316 324 332 340
cat_threshold=67240065 16809985 35913736 1093214288 364904576 4194304 1 67127392 2151940130 131080 4259856 8192 167772169 271553 2218790912 1586186 32768 4272128 33280 578813956 671629332 23134336 40 66370 281174248 1108791404 358649872 4 33588752 536936576 2701135873 262144 2181578754 537919488 2550699016 8208 72728 67108993 537395200 32782 512 629374976 1610620928 2212 672172091 1909212127 2178074184 76907529 303529988 2 2684420226 204472322 1057024 1346372096 67143840 67119616 385 67108880 60343120 138545215 138761256 9 67436547 131136 4194312 1224749316 806633474 1 1804601370 3037368739 2147483940 3147780 272629760 64 1292931076 69223488 5376 34078742 38797312 134742160 32768 4096 2152016256 1242562560 85984274 100663332 1098 1090536448 1073873232 41951233 471924756 92275840 2147483648 2202208921 9437936 3305157171 4 369230176 673390660 2239276742 4 1073872896 4608 2183135364 1314956 17040642 10752 2622792 163856 134752294 1384309296 1931518272 6 27265030 2148632582 139728035 1 16400 25170440 1 3406695280 2218958496 14265369 90263811 858624024 432145152 1680966403 741352076 220513838 1279396867 68321671 270803475 629152050 269682357 1313280 3221241985 268500992 33622016 69206784 8536074 285229058 7808 8455192 3490717824 16897 2155939328 1073760257 33816609 201326848 67112960 285221952 75497984 119083521 557072 8396800 268959744 838861313 73736 33589248 525840 3357605888 1744832514 2147487744 6308368 3221266432 1048840 1268533810 108433728 3288994048 2739351702 3021472016 180624448 4 2234025888 138651148 76354176 10 1228050501 2156135954 539885568 34193415 59114948 2896314377 1979884292 2037059824 1154040755 747420241 68158216 4096 524321 25952256 1084252288 65537 757137408 83890224 5243458 4194306 1082138816 268574980 541196289 1074004224 469762178 4105 2496266256 171967744 2098177 1073741826 536870912 2153783296 1107296256 17268992 0 1117783296 65536 25309240 219170 134373424 74248 379868864 4326225 1076220008 1359585544 1133002949 75744171 1074970680 784535696 697156225 2 2292524309 374381319 716445826 3489698368 12845090 9 137379907 104603969 287404192 2214924392 2181925640 2047836160 15 336068672 2048 2217218145 1073790978 276893698 2148009040 33562896 131072 1619001856 200 524428 2197832352 570949634 4194308 8429697 264704 1075953664 2048 83886594 171967110 2416050176 2248196112 32784 196608 218382354 455680 9469988 539000836 130 8704 2147485696 18874368 131296 33570816 8456256 839909410 33587200 8388608 2148287072 35037184 2684370944 134349827 143033352 16 65792 2416969824 8389188 39976960 2229703706 80105730 326402082 54526080 72876037 2147483648 1073775136 2048 142610464 2181047345 346113 2097152 276856832 2147500065 2214592896 2684616709 1573392 67641881 68173826 1082277985 2181242880 536875008 108003330 35127296 536870976 16386 35259392 1090601024 18 8651329 369231872 536871936 538116608 8388608 10748545 721024 4210688 2868920836 168034314 4195424 2164393992 4194304 6291968 2147524608 184549888 68157634 67108868 17830080 33622048 134221952 320
is_linear=0
shrinkage=0.12


Tree=63
num_leaves=63
num_cat=60
split_feature=2 38 38 34 22 41 41 41 22 34 34 23 34 34 5 41 41 41 23 34 34 41 24 22 41 34 24 22 23 24 23 24 34 34 24 41 34 23 19 24 24 34 34 23 23 24 34 34 41 23 24 23 24 24 22 23 41 34 19 34 34 24
split_gain=29.3968 134.948 87.9159 90.6893 84.5673 84.4932 83.9179 83.8197 83.5932 87.904 74.5285 84.1716 69.7246 69.447 71.8656 79.9738 69.4257 68.2303 67.6529 77.0505 70.8179 66.3033 65.304 64.9784 89.3825 81.8574 70.4951 63.5447 76.0177 63.3643 63.1811 62.9824 74.1318 67.7941 61.497 60.7647 61.7325 59.9709 59.9566 65.0242 59.4243 73.5139 69.7438 58.8042 58.4201 58.2529 70.78 64.5578 68.2871 58.3517 57.2219 57.1357 57.1259 52.9538 61.6912 52.5414 87.9573 73.9645 62.4431 71.225 70.5508 59.3223
threshold=-0.030833332799375054 0 1 2 3 4 5 6 7 8 9 10 11 12 0.092500001192092909 13 14 15 16 17 18 19 20 21 22 23 24 25 26 27 28 29 30 31 32 33 34 35 36 37 38 39 40 41 42 43 44 45 46 47 48 49 50 51 52 53 54 55 56 57 58 59
decision_type=2 9 9 9 9 9 9 9 9 9 9 9 9 9 2 9 9 9 9 9 9 9 9 9 9 9 9 9 9 9 9 9 9 9 9 9 9 9 9 9 9 9 9 9 9 9 9 9 9 9 9 9 9 9 9 9 9 9 9 9 9 9
left_child=1 6 3 53 12 -6 -1 22 9 -9 11 -10 -5 -8 15 -15 52 -11 19 -19 -20 -14 -3 24 29 26 -26 28 -17 -4 -16 32 -7 -33 -23 37 38 -25 -37 43 42 -42 -18 -40 -36 46 -27 -47 -49 -48 -32 -35 -12 -2 -55 56 61 -58 59 -57 -60 -38
right_child=2 7 23 4 5 31 13 8 10 17 16 -13 21 14 30 27 40 18 20 -21 -22 34 -24 35 25 45 -28 -29 -30 -31 50 33 -34 51 44 36 55 -39 39 -41 41 -43 -44 -45 -46 47 49 48 -50 -51 -52 -53 -54 54 -56 58 57 -59 60 -61 -62 -63
leaf_value=-0.00010390823762102347 -0.00034130171840364909 -1.8073384089056837e-06 0.00069153477137451987 7.7163809127494382e-05 -5.3523333924296541e-05 0.00012846522630671425 4.9208041405032547e-05 8.8357418155829523e-05 1.473393717509358e-05 -3.508181908533661e-05 0.00019753891360198853 -4.1971333600893493e-05 -0.0002913362285903617 0.00043120121613570095 1.7885675446662989e-05 0.00074331683439407916 -2.7870308284997901e-05 0.00016849005842581693 -1.7817262561702102e-05 -1.3879396268107356e-05 4.7623721200027312e-05 -6.4391688523467909e-05 8.8356631128742766e-05 -0.00025089292867973317 0.00014572493995841041 2.1271747197646875e-05 -4.3385474435277196e-06 -0.00094124116392079208 -0.00046816058484794418 1.8493295761775467e-06 -1.5680294872896692e-05 -6.5569618548668111e-06 -5.797793554395289e-06 1.413729341698978e-05 9.4624299940716789e-05 5.0599134492214438e-05 3.2860354570271094e-05 -1.1174539672700224e-05 0.00012951546858059709 -7.0968603718152417e-05 2.6935758269938727e-05 -8.8811655584903351e-06 2.0801076537419865e-05 -3.0890857588196851e-05 -6.4705880899931807e-06 -9.6789207614659254e-05 -0.00023874689689945184 -9.8792470178566395e-05 -3.3962523005567045e-06 -3.9235918613050162e-05 3.8274945016599433e-06 0.00011857870314771758 1.2136625536813946e-05 8.022791096365171e-05 -4.6562419882911588e-05 -0.0011815943424154649 0.00013872778767657566 1.4327031010956139e-05 -3.0492410607120095e-05 -1.3701033560324311e-05 5.6591656897111099e-06 -0.00011361077302187467
leaf_weight=1196 536 802 544 923 979 668 841 1522 925 800 549 2070 769 612 764 417 967 425 923 2779 5677 1404 2007 843 759 804 1623 3201 1075 1085 582 1138 3300 2188 983 967 433 2094 557 3603 2101 12159 5705 1093 2146 1713 1752 1031 10643 3739 1249 4963 1213 433 949 541 1707 10130 3759 3042 21638 990
leaf_count=1196 536 802 544 923 979 668 841 1522 925 800 549 2070 769 612 764 417 967 425 923 2779 5677 1404 2007 843 759 804 1623 3201 1075 1085 582 1138 3300 2188 983 967 433 2094 557 3603 2101 12159 5705 1093 2146 1713 1752 1031 10643 3739 1249 4963 1213 433 949 541 1707 10130 3759 3042 21638 990
internal_value=0.000112628 0.00245634 -0.00111578 0.00567154 0.00812817 0.0135507 -0.0100714 0.0055222 0.00403204 0.0122392 0.000154077 -0.0175989 -0.00340547 -0.00596366 -0.0094641 -0.0174788 0.00250506 0.00834212 0.0111002 -0.00320894 0.0180399 -0.00871659 0.0254803 -0.00304865 -0.00824636 -0.0102519 0.0107268 -0.0227758 -0.002234 0.0187934 0.00688484 0.0162654 0.00379898 0.022219 -0.0031419 -0.000651247 0.000366396 -0.0173754 -0.010783 -0.0158404 0.000572954 -0.00380044 0.00991022 0.00389888 0.0062273 -0.0127958 -0.022318 -0.00830211 -0.00509327 -0.0271924 -0.00527398 0.0265531 0.0252987 -0.0191502 -0.00654228 0.00201079 0.00826401 0.0116567 -0.000852647 -0.0156551 0.00124208 -0.0198188
internal_weight=147030 50561 96469 21379 19461 13236 9937 40624 37815 12126 25689 2995 6225 8741 7900 5305 22694 10604 9804 3204 6600 5302 2809 75090 23693 22064 2382 4693 1492 1629 2595 12257 3968 8289 4533 51397 48460 2937 6220 5253 20932 14260 6672 1650 3129 19682 6295 13387 11674 5491 1831 7151 1762 1918 1382 42240 13260 11837 28980 3583 25397 1423
internal_count=147030 50561 96469 21379 19461 13236 9937 40624 37815 12126 25689 2995 6225 8741 7900 5305 22694 10604 9804 3204 6600 5302 2809 75090 23693 22064 2382 4693 1492 1629 2595 12257 3968 8289 4533 51397 48460 2937 6220 5253 20932 14260 6672 1650 3129 19682 6295 13387 11674 5491 1831 7151 1762 1918 1382 42240 13260 11837 28980 3583 25397 1423
cat_boundaries=0 6 14 22 26 34 42 50 53 61 69 73 81 89 97 105 113 116 123 131 139 142 146 154 162 166 169 173 177 180 183 191 199 202 210 218 222 229 232 236 244 252 256 260 264 272 280 288 292 296 300 303 307 311 315 323 331 338 346 354 358
cat_threshold=134351360 4210964 1260736 604561920 2147502097 1073741828 16785920 2285912084 1260736 2152227328 2147483665 1073741829 33554432 64 28753 536870912 72351744 20480000 4214801 1048596 60817664 295432 1292476446 1880893754 2686980097 1 84992 1145045000 3760193540 51236 3221225600 2097156 1610681344 524295 2052 1073750528 17039432 8388801 1375765761 32902 257 33624064 141312 8912896 2165313540 268435456 2434794512 8589316 605046784 21020674 713089560 532812528 33583164 393216 129 1086341424 578814976 2150645889 33686016 2147549732 1310720 276897808 272630016 1076035592 571564564 287309824 4096 4195345 65536 2949646389 570919945 3355468032 1 8389160 17301762 136840210 1610699268 536870912 12290 269486080 1282 8388609 256 262208 285245440 10385 1090535488 1074298880 21276684 4227104 263169 4096 3492806656 66120 54531872 49156 8389632 2149646336 67174400 2375744 2181615656 41947168 2768 2149777536 1048576 2147517952 69337216 268714064 163936 1376260 1075314688 159515520 1048576 3625722180 2173829947 2617271344 537636 4194560 150995008 642 268698176 8468512 1107296264 1611177984 1074266632 134283776 4491290 197736 77598724 1073741824 16 810553346 268501057 0 272629777 553652736 1082368 67141640 24133768 138334216 2187342876 2217287693 948261394 264405216 2181218362 8 536871940 1074333716 1048594 134225926 2147745792 8208 19413512 160 163858 0 16777345 39190800 532576 2214601225 2164328576 71303168 102869592 63128449 2164285893 2 2333537282 1692993770 135190 1930044080 1646267929 1115750664 4 1753383062 1109459134 1147044104 2 959222873 1074340038 1080108050 2734753813 3037073118 286081026 1611138056 269512725 98306 713314306 536903680 1107558402 0 4195328 8519808 134352898 134236352 2684354560 2693005574 3760717824 34816 196752 313207360 3700983818 3024166952 2048 2147549188 2818064 0 3359640096 19018960 661505 16 1074135200 2308 896 4325376 2147492388 6300178 2148008000 22022146 1640497222 12910600 2706180300 13 8 18383104 2163200 83886156 4237344 327692300 131120 113270888 402708014 2668699744 138511184 2190476508 589511233 12 34078720 553665026 20971520 1075843073 176443648 4292608 268697600 812416 16777217 70275088 1310848 142610432 1073758208 939622948 268697600 2904064 3235185480 1261120128 539493386 12 545308834 3405789506 49169920 15 277259736 805392560 1093800277 8 280616 2097408 2232322 2441150464 35717632 1310720 33554466 525350 1589256 2097280 167777284 3422552225 16778244 1075052608 0 42729602 1605632 109052233 675545089 776 2134016 18440 8404992 11077636 665093904 889488130 542343778 4 285479129 1075189896 2635134212 2 960920064 1688563824 5079048 2 2315831300 4110711587 9192608 9439436 333750296 1917420544 2 75760664 1126468640 318375492 13 286076960 405147954 1212729968 14 3279949840 2523139 536870976 2248151046 4 1346437384 285212704 4194304 150030400 269352961 8192 26214400 2097168 67141636 36716928 33056 0 4239618 2215645200 4202612 406954136 570564672 262144 1024 8388616 2123780 2491418624 16793600 134742057 168839208 262248 147914752 786433 16777226 536870912 540016776 17238272 20201604 8448 1169207553 2156513297 38806283 2
is_linear=0
shrinkage=0.12


end of trees

feature_importances:
Column_34=648
Column_22=518
Column_35=509
Column_41=493
Column_23=469
Column_24=432
Column_21=133
Column_38=132
Column_19=128
Column_0=104
Column_5=82
Column_4=72
Column_3=66
Column_39=38
Column_8=23
Column_6=21
Column_1=19
Column_40=18
Column_18=16
Column_2=12
Column_32=10
Column_9=8
Column_29=6
Column_7=4
Column_20=3
Column_28=3
Column_33=1

parameters:
[boosting: gbdt]
[objective: regression_l1]
[metric: l1]
[tree_learner: serial]
[device_type: cpu]
[data_sample_strategy: bagging]
[data: ]
[valid: ]
[num_iterations: 64]
[learning_rate: 0.12]
[num_leaves: 63]
[num_threads: 1]
[seed: 31752865]
[deterministic: 1]
[force_col_wise: 1]
[force_row_wise: 0]
[histogram_pool_size: -1]
[max_depth: 8]
[min_data_in_leaf: 60]
[min_sum_hessian_in_leaf: 0.001]
[bagging_fraction: 1]
[pos_bagging_fraction: 1]
[neg_bagging_fraction: 1]
[bagging_freq: 0]
[bagging_seed: 25533]
[bagging_by_query: 0]
[feature_fraction: 0.9]
[feature_fraction_bynode: 1]
[feature_fraction_seed: 9987]
[extra_trees: 0]
[extra_seed: 8391]
[early_stopping_round: 0]
[early_stopping_min_delta: 0]
[first_metric_only: 0]
[max_delta_step: 0]
[lambda_l1: 0.0005]
[lambda_l2: 2]
[linear_lambda: 0]
[min_gain_to_split: 0]
[drop_rate: 0.1]
[max_drop: 50]
[skip_drop: 0.5]
[xgboost_dart_mode: 0]
[uniform_drop: 0]
[drop_seed: 22808]
[top_rate: 0.2]
[other_rate: 0.1]
[min_data_per_group: 100]
[max_cat_threshold: 32]
[cat_l2: 10]
[cat_smooth: 10]
[max_cat_to_onehot: 4]
[top_k: 20]
[monotone_constraints: ]
[monotone_constraints_method: basic]
[monotone_penalty: 0]
[feature_contri: ]
[forcedsplits_filename: ]
[refit_decay_rate: 0.9]
[cegb_tradeoff: 1]
[cegb_penalty_split: 0]
[cegb_penalty_feature_lazy: ]
[cegb_penalty_feature_coupled: ]
[path_smooth: 0]
[interaction_constraints: ]
[verbosity: -1]
[saved_feature_importance_type: 0]
[use_quantized_grad: 0]
[num_grad_quant_bins: 4]
[quant_train_renew_leaf: 0]
[stochastic_rounding: 1]
[linear_tree: 0]
[max_bin: 255]
[max_bin_by_feature: ]
[min_data_in_bin: 3]
[bin_construct_sample_cnt: 200000]
[data_random_seed: 13582]
[is_enable_sparse: 1]
[enable_bundle: 1]
[use_missing: 1]
[zero_as_missing: 0]
[feature_pre_filter: 1]
[pre_partition: 0]
[two_round: 0]
[header: 0]
[label_column: ]
[weight_column: ]
[group_column: ]
[ignore_column: ]
[categorical_feature: 18,19,20,21,22,23,24,25,26,27,28,29,30,31,34,35,36,37,38,39,40,41]
[forcedbins_filename: ]
[precise_float_parser: 0]
[parser_config_file: ]
[objective_seed: 23742]
[num_class: 1]
[is_unbalance: 0]
[scale_pos_weight: 1]
[sigmoid: 1]
[boost_from_average: 1]
[reg_sqrt: 0]
[alpha: 0.9]
[fair_c: 1]
[poisson_max_delta_step: 0.7]
[tweedie_variance_power: 1.5]
[lambdarank_truncation_level: 30]
[lambdarank_norm: 1]
[label_gain: ]
[lambdarank_position_bias_regularization: 0]
[eval_at: ]
[multi_error_top_k: 1]
[auc_mu_weights: ]
[num_machines: 1]
[local_listen_port: 12400]
[time_out: 120]
[machine_list_filename: ]
[machines: ]
[gpu_platform_id: -1]
[gpu_device_id: -1]
[gpu_device_id_list: ]
[gpu_use_dp: 0]
[num_gpu: 1]

end of parameters

pandas_categorical:null
