tree
version=v4
num_class=1
num_tree_per_iteration=1
label_index=0
max_feature_idx=41
objective=regression_l1
feature_names=Column_0 Column_1 Column_2 Column_3 Column_4 Column_5 Column_6 Column_7 Column_8 Column_9 Column_10 Column_11 Column_12 Column_13 Column_14 Column_15 Column_16 Column_17 Column_18 Column_19 Column_20 Column_21 Column_22 Column_23 Column_24 Column_25 Column_26 Column_27 Column_28 Column_29 Column_30 Column_31 Column_32 Column_33 Column_34 Column_35 Column_36 Column_37 Column_38 Column_39 Column_40 Column_41
feature_infos=[0.017333984375:2.033447265625] [-0.19833333790302277:0.19833333790302277] [-0.91333335638046265:0.9100000262260437] [0:0.19833333790302277] [0:0.91333335638046265] [0:0.91333335638046265] [0:1] [0:0.4609375] [0:1.943359375] [0.017333984375:2.033447265625] none none [0.017333984375:2.033447265625] none none [0.017333984375:2.033447265625] none none -1:6:4:3:2:18:34:16:35:0:17:32:7:1:19:92:70:114:159:170:83:169:61:72:137:50:138:215:193:160:104:191:202:125:214:60:103:94:204:192:33:180:5:181:148:115:213:171:81 -1:34:33:35:2:32:4:5:3:18:6:7:17:1:0:19:16:144:55:89:111:99:69:46:87:63:65:88:47:172:98:53:166:129:183:189:79:211:165:86:154:68:122:142:143:200:164:174:162:44:73:52:45:57:97:43:109:58:132:78:121:151:110:201:196:54:178:77:205:185:76:140:207:80:131:106:75:41:42:66:56:100:195:108:123:194:120:212:62:153:119:67:90:177:190:64:95:206:167:133:155:40:184:117:146:176:135:107:179:102:157:186:198:188:91:139:96:51:101:145:156:161:210:134:173:175:74:124:163:208:84:112:168:85:130:141:187:199:209:152:113:197:128:150 -1:7:5:4:8:3:6:2:1 -1:32:61:14:7:8:34:38:56:30:16:46:15:18:53:42:52:9:20:28:37:45:10:58:21:48:5:43:55:47:3:6:25:36:63:19:41:40:17:44:24:27:26:12:0:62:35:60:22:57:51:49:13:2:23:4:59:29:11:54:50:33:1:31:39 -1:64:58:30:32:77:97:3:78:68:50:47:70:96:10:11:28:33:83:5:20:0:80:46:31:75:56:81:88:48:43:76:86:49:17:44:8:71:82:37:7:1:2:53:38:85:73:62:13:98:16:92:72:66:40:29:52:74:9:4:22:87:89:99:42:90:21:59:35:19:94:15:24:63:79:25:36:41:55:14:23:91:34:93:57:54:45:65:84:51:69:60:18:27:67:12:26:6:61:95 -1:10:31:58:21:44:7:50:23:33:28:61:38:57:92:25:26:20:27:59:6:36:55:47:52:34:39:41:24:42:49:79:19:54:30:0:48:32:51:63:37:56:43:76:2:15:8:81:1:62:13:53:16:3:14:35:72:5:4:67:90:73:45:83:9:11:99:29:91:93:86:46:80:40:87:12:96:74:77:98:22:95:94:75:66:82:18:78:88:65:71:68:85:97:17:84:60:70:89:64 -1:49:16:29:13:17:43:1:3:40:44:28:32:20:36:19:42:33:52:50:7:8:85:71:25:59:68:34:37:91:26:15:54:56:23:31:12:48:30:99:6:41:66:57:38:95:9:51:24:61:18:58:53:76:79:21:47:14:55:5:0:97:69:35:45:72:93:2:22:77:60:4:46:27:82:83:10:62:78:11:74:96:75:86:39:67:65:89:64:73:90:88:87:70:63:98:92:84:81:80 -1:0:56:48:24:16:8:32:60:28:12:4:1:112:120:96:124:62:14:30:6:64:2:126:29:61:5:13:15:7:63:31:125 -1:0:1:2:3:4:5:6 -1:1:2:0:3:4:5 -1:1:2:3:4:5:7:0:6:8:9:10:11:12:13 -1:2:1:3:4:5:6:7:8:0:9:10:11:12:13:14:15:16 -1:7:0:4:6:5:1:2:3 -1:7:5:3:2:4:6:1:0 [0:0.99798387289047241] [0:0.99193549156188965] -1:53:43:42:46:45:41:51:54:40:50:52:39:55:44:166:56:38:165:61:31:65:174:37:62:164:57:47:49:67:58:33:36:48:167:173:32:60:156:157:66:175:59:163:30:34:29:158:159:172:35:177:162:64:68:168:176:69:150:63:160:161:75:155:74:152:182:169:184:179:170:171:151:28:178:181:154:183:153:78:25:72:77:186:26:24:76:73:27:148:149:180:71:70:185:86:144:84:21:23:22:85:87:79:83:142:17:188:20:80:82:187:205:141:140:118:95:139:19:146:88:96:192:143:15:18:81:229:110:204:9:207:228:145:16:195:106:194:199:147:13:189:14:190:193:206:94:11:117:8:107:238:12:227:196:108:2:236:0:97:134:191:109:198:10:217:1:208:200:111:128:138:201:249:135:245:243:112:197:248:7:99:120:130:235:216:250:100:121:212:89:137:241:230:116:237:98:126:224:215:244:119:127:203:246:223:136:209:232:247:115:226:202:239:123:240:234:105:91:3:122:133:221:218:104:5:101:125:90:129:225:132:6:114:213:113:131:231:102:220:210:242:93:219:233:92:211:214:222:124:4 -1:87:86:58:56:59:57:88:32:85:89:172:33:84:200:31:141:171:199:5:201:30:55:202:173:174:4:54:117:71:143:2:227:115:228:118:142:116:3:229:60:0:61:140:70:83:28:42:90:72:26:1:27:230:43:112:100:197:110:185:144:169:29:73:101:16:170:7:198:6:34:184:111:186:99:41:146:69:145:213:53:52:82:44:113:139:17:250:66:67:134:156:15:14:40:212:35:68:157:183:214:249:151:133:225:152:155:150:132:187:39:124:196:162:102:135:226:109:81:218:65:219:122:181:158:163:195:25:18:106:123:168:192:80:149:114:161:51:180:153:38:121:105:125:167:190:10:11:95:191:64:179:224:78:108:9:49:220:203:12:207:24:98:77:119:45:126:120:164:94:96:130:239:240:50:238:204:189:248:208:223:13:237:182:188:19:247:62:206:127:79:37:176:148:211:104:193:178:241:103:129:209:93:8:154:136:205:131:221:236:147:107:74:138:235:128:160:246:21:76:215:177:217:36:97:234:20:194:242:159:63:46:175:48:233:75:165:245:22:222:231:23:232:216:244:47:137:210:243:166:92 -1:16:8:3:7:12:6:4:13:0:9:15:2:11 -1:16:8:7:12:9:3:2:13:6 -1:37:152:29:28:67:33:30:24:135:23:220:118:84:34:27:16:237:143:144:169:59:20:148:58:145:63:139:138:12:149:127:7:60:54:126:212:142:110:211:76:53:109:75:131:64:114:216:57:13:80:229:228:128:6:8:213:77:122:111:50:233:132:207:105:121:71:206:160:104:217:161:203:70:210:230:11:115:125:9:165:224:74:81:108:3:234:223:2:227:162:156:159:155:166:10:17:42:195:41:194:46:199:43:47:196:36:190:200:189:40 -1:160:49:24:83:84:128:150:22:142:6:130:100:82:108:62:126:110:63:123:26:104:43:109:86:146:10:106:38:67:124:148:1:21:147:129:78:158:98:11:3:4:68:0:70:120:157:18:122:156:159:99:16:59:96:119:144:60:85:31:9:5:79:136:47:105:45:40:107:97:44 -1:160:142:124:69:25:2:140:104:103:23:89:27:60:91:71:111:80:88:68:120:47:107:87:101:108:90:50:109:30:51:110:64:48:70:3:106:149:128:131:129:28:31:4:130:49:144:141:7:126:81:24:0:8:151:29:122:100:11:148:150:9:65:10:44:84:145:20:42:5:41:22:102:82:66:67:46:43 -1:136:79:116:118:56:100:47:45:44:82:229:24:7:25:1:230:41:80:106:232:12:196:250:237:188:59:122:65:214:131:217:134:18:23:194:33:160:15:3:141:129:226:36:115:119:61:239:233:103:138:73:135:145:70:223:69:113:72:147:224:142:63:191:37:200:67:26:83:77:149:246:6:96:64:27:84:85:104:66:87:40:102:125:235:46:86:231:4:227:120:0:124:105:5:238:127:98:117:234:126:107:236:20:57:60:121:43:76:58:210:78:247:175:38:42:249:95:173:240:111:17:22:176:206:177:212:19:13:170:50:97:174:197:248:241:123:10:88:166:167:109:215:151:193:245:178:172:62:93:219:157:81:137:242:222:101:185:2:53:183:187:163:208:158:195:51:165:186:30:199:207:228:29:99:180:203:154:89:91:139:220:205:155:140:146:243:8:75:209:179:184:49:16:11:144:14:164:190:198:9:213:221:54:204:132:143:152:201:244:31:130:216:32:192:168:153:52:133:28:171:162:159:39:189:21:181:55:74:108:35:211:225:94:169:90:34:110:156:150:161:218:128:114:68:148:182:71:48:202:92
tree_sizes=7945 7903 8324 8549 8545 8656 8679 8902 8509 8340 9024 8577 8253 7794 8425 8455

Tree=0
num_leaves=63
num_cat=46
split_feature=3 38 38 8 38 5 3 8 38 3 3 3 8 19 25 3 19 22 3 22 39 18 25 39 39 34 39 5 39 26 34 3 39 39 31 35 19 7 20 25 3 21 34 35 34 34 34 3 35 35 34 34 34 25 34 35 35 34 19 34 34 34
split_gain=591.78 6479.07 913.717 2746.59 695.72 699.049 427.978 692.934 539.764 422.988 393.796 369.755 311.398 293.378 278.893 279.869 269.134 245.823 227.32 225.626 377.521 217.688 212.507 185.504 178.963 178.577 178.517 175.911 202.895 198.337 175.337 168.581 167.421 133.693 128.367 127.622 125.827 124.793 187.807 144.52 122.666 120.931 118.037 117.509 117.216 113.85 112.24 111.122 107.383 103.893 103.543 102.207 100.938 99.8918 107.728 99.7106 97.6743 96.5464 96.1992 95.4356 95.233 93.2245
threshold=0.012500000186264517 0 1 0.48144531250000006 2 0.094166666269302382 0.042500000447034843 0.52832031250000011 3 0.025833333842456344 1.0000000180025095e-35 0.049166666343808181 0.90917968750000011 4 5 0.0091666667722165602 6 7 1.0000000180025095e-35 8 9 10 11 12 13 14 15 0.092500001192092909 16 17 18 0.024166666902601722 19 20 21 22 23 0.10546875000000001 24 25 0.0075000002980232247 26 27 28 29 30 31 0.077500000596046462 32 33 34 35 36 37 38 39 40 41 42 43 44 45
decision_type=2 9 9 2 9 2 2 2 9 2 2 2 2 9 9 2 9 9 2 9 9 9 9 9 9 9 9 2 9 9 9 2 9 9 1 9 9 2 9 9 2 1 9 9 9 9 9 2 9 9 9 9 9 9 9 9 9 9 9 9 9 9
left_child=1 18 3 9 25 -6 7 13 53 16 49 23 27 30 -12 24 44 32 -1 20 22 60 -13 -10 -16 -3 50 28 29 -5 -4 -9 42 -17 -28 -27 52 38 39 -33 -20 -22 -15 -11 -2 -37 -23 -31 -34 -7 -19 -18 -14 57 -55 -39 -29 -8 -56 -32 -21 -40
right_child=2 4 6 12 5 10 8 31 11 43 14 19 36 17 15 33 51 26 40 21 41 46 -24 -25 -26 35 34 56 -30 47 59 37 48 -35 -36 45 -38 55 61 -41 -42 -43 -44 -45 -46 -47 -48 -49 -50 -51 -52 -53 -54 54 58 -57 -58 -59 -60 -61 -62 -63
leaf_value=0.00040378085977863518 8.2889942859765142e-05 0.0013351012545172124 -0.00077194938785396516 -0.0015766447118949144 -0.00023093731724657115 0.0024328427214641121 -0.00023747850209474561 -0.0012973607459571212 0.0010064774949569255 0.0023137580195907504 0.00048576195840723809 0.00029512719193007796 0.0001488095207605511 -0.0012805181497242302 -0.0022298009542282668 -0.00025731953210197386 0.0035271878412459043 0.0011727002740371971 0.0054495228512678297 0.00044292854727245867 0.00055768221500329673 0.0001488095207605511 0.00079258634359575804 0.00047130460734479129 -0.0015630307549145072 0.0011051753128413109 0.0001488095207605511 -0.0013142948446329683 -0.00031534727313555779 0.0081959129369352009 0.0014209855871740729 -0.0012873904721345752 0.0011095676047261803 -0.0012126776797231286 -0.00025423572515137494 -0.0021986084000673142 -0.00023519048700109123 0.00076468826155178242 -0.00090155456564389169 0.00048558017588220533 0.0029255985340569169 0.0001488095207605511 0.0001488095207605511 0.00039109198551159354 0.0019215283973608166 -0.00026276211137883361 0.0003918228787370026 -0.00038216392858885222 0.00054028407321311529 -1.7314142314717157e-05 0.00028361069271340964 -2.635591081343589e-05 -0.00043689335579983886 0.00046224820544011892 -3.5692338133230816e-05 -2.420085365884006e-05 -0.00019701180863194165 0.00027443775179563089 0.00022315896640066058 0.00065420058090239755 0.0001488095207605511 0.0001488095207605511
leaf_weight=1374 799 2697 1379 1018 12207 524 4214 5176 16557 2113 1927 12801 1894 957 19950 6814 671 2377 11651 7524 7254 19607 33563 9342 11653 2343 23450 2073 4801 1652 3458 5570 3362 5228 30769 1159 8366 1592 802 850 8269 23068 7420 20098 12424 10560 140171 373 25197 2936 20637 3293 28970 2396 24016 9979 38963 44868 9317 17162 52754 5914
leaf_count=1374 799 2697 1379 1018 12207 524 4214 5176 16557 2113 1927 12801 1894 957 19950 6814 671 2377 11651 7524 7254 19607 33563 9342 11653 2343 23450 2073 4801 1652 3458 5570 3362 5228 30769 1159 8366 1592 802 850 8269 23068 7420 20098 12424 10560 140171 373 25197 2936 20637 3293 28970 2396 24016 9979 38963 44868 9317 17162 52754 5914
internal_value=0.000213335 -0.0214624 0.00328357 -0.0196855 -0.0615026 -0.0763266 0.00839057 -0.00444677 0.0136224 0.0461567 -0.0923314 0.0192203 -0.0491292 0.00463206 -0.0997391 -0.104657 0.0814913 -0.00148209 0.125163 0.0162203 0.0302329 0.0113351 0.0472542 0.0535966 -0.119512 -0.00731826 -0.0111085 -0.0331494 0.00801272 0.0684613 0.0363445 -0.0458138 0.0186439 -0.0657456 -0.0205043 -0.0208901 -0.069037 -0.035495 -0.0555036 -0.0921381 0.133362 0.00419821 -0.0186335 0.0188098 0.102011 -0.033672 0.0171304 0.122598 0.0295815 0.00523854 0.0110264 0.0127377 -0.0778869 -0.00767442 -0.0197393 -0.0127745 -0.0410175 0.00111086 -0.0241599 0.0432816 -0.00402692 -0.0202987
internal_weight=800303 99292 701011 127508 77998 61239 573503 166051 407452 39398 49032 322641 88110 136168 45572 43645 17187 114169 21294 296742 76686 220056 46364 25899 31603 16759 77233 48880 7844 3043 21999 29883 36936 12042 54219 14062 39230 24707 13136 6420 19920 30322 8377 22211 13223 11719 159778 2025 28559 3460 23014 3964 30864 84811 35729 11571 41036 49082 33333 20620 60278 6716
internal_count=800303 99292 701011 127508 77998 61239 573503 166051 407452 39398 49032 322641 88110 136168 45572 43645 17187 114169 21294 296742 76686 220056 46364 25899 31603 16759 77233 48880 7844 3043 21999 29883 36936 12042 54219 14062 39230 24707 13136 6420 19920 30322 8377 22211 13223 11719 159778 2025 28559 3460 23014 3964 30864 84811 35729 11571 41036 49082 33333 20620 60278 6716
cat_boundaries=0 7 15 23 31 37 41 48 51 54 60 67 71 77 83 91 96 101 102 110 115 121 122 130 137 138 140 142 150 158 166 174 182 190 198 206 214 222 226 234 242 250 258 265 273 281 289
cat_threshold=9650124 2129940 131137 34078976 136315920 64 33571072 9645896 2129940 131137 34078976 136315920 68 2181054720 1024 1207959552 302008576 11264 608481792 2147631105 536870916 2166620176 1096 1207963780 302254848 74880 537169920 2147631105 1610612736 2359312 72 0 13 150996992 84082704 2129 33554434 16847122 65537 0 16777216 524418 14680071 16785408 18875424 33783936 134254848 33048 1064304640 29 33554368 3221225472 537102719 65480 4456504 64 3932160 469787392 1610612742 1 262176 805568518 131136 524288 2148533760 3149312 2097152 3489677312 4043309056 0 1359020032 88342529 1073875008 1327176 335560708 1610629120 1 88080384 2147485696 1835008 1560305936 1073741828 1 2147516418 1025 41943824 0 2912944388 1507345 37758980 163840 2237664849 3624011776 6570072 8388608 2416967681 65536 134217728 49152 8392717 2416443392 2 98416 33024 1073799168 4608 393232 4352 2151743488 24642496 2147486208 0 3145744 1560285200 538787843 2231632920 2416052288 16384 16388 541065220 1 30 1073741952 536877073 27410432 25510144 1073746976 8654848 67108865 67633178 2 1097999 29361169 184696904 134250624 1610645508 8288 144 268435457 1073807360 16711764 32375255 331848 4719168 0 2097160 1075855361 67125264 2686586064 2117760 2 67117568 536875080 134299778 135323776 276972544 2197815424 559360 26624 2164260864 2387083457 134447168 2164271105 4194304 67141632 98320 268437536 2359296 4096 570707968 917504 33562624 2284519456 17851780 1048578 143081472 8384 591399168 17563699 1073742081 1048706 33685504 1050656 1225261098 33 2282754049 2432729088 37748768 296271872 64 645123 1216617505 8224 65536 276979745 524288 384 16384 2240532 2162688 536870912 131073 34078732 1344536577 67108864 100741422 132096 2198475648 2097184 1024 1024 159412483 3225419776 524288 2048 0 71303168 167788572 140560392 672137218 537235456 10616900 90421 1 1 1342177280 1048592 0 274464 264224 9076 1073743872 2485125160 93073412 4097 134217731 537593888 136321024 8202 10485776 1145635264 16793608 16777480 2181038080 28696 83886080 2181300364 939525184 1074938880 65 272891904 268435456 68186112 117440769 134447392 1090519040 268503136 42217472 655440 13 32769 16384 4128 0 131072 2148024577 1360003072 0 1342482544 1050624 608239656 528648 32800 67649536 20971522 67111968 1024 444728032 2147745857 2623494 74 2147490256 131072 524292 136314896 268454916 2164326433 2420113440 4325473
is_linear=0
shrinkage=1


Tree=1
num_leaves=63
num_cat=49
split_feature=5 39 3 38 40 38 8 26 3 22 3 40 40 26 4 39 19 8 3 7 40 40 22 41 39 20 40 20 39 34 35 41 19 6 41 40 40 3 41 41 22 41 34 41 34 41 41 20 34 34 41 34 22 0 34 3 35 41 34 22 38 35
split_gain=530.274 784.903 475.487 2299.92 876.983 708.463 1120.91 425.641 274.846 213.961 206.201 509.883 350.937 221.985 242.174 201.569 210.318 196.014 180.011 200.819 169.318 167.001 152.905 151.55 141.93 139.066 133.41 132.067 208.211 126.614 127.94 124.583 121.93 119.903 116.229 113.929 112.476 113.531 112.465 111.767 108.695 107.643 105.179 101.916 105.596 101.802 100.722 100.565 107.878 105.773 99.8944 97.1777 96.9731 95.8541 95.0283 94.7184 93.7416 94.7132 93.6328 91.1991 120.325 94.4919
threshold=0.095833331346511855 0 0.012500000186264517 1 2 3 0.29589843750000006 4 0.077500000596046462 5 0.042500000447034843 6 7 8 0.049166666343808181 9 10 0.62890625000000011 0.10916666686534883 0.23046875000000003 11 12 13 14 15 16 17 18 19 20 21 22 23 0.012021639384329321 24 25 26 0.047499999403953559 27 28 29 30 31 32 33 34 35 36 37 38 39 40 41 0.29772949218750006 42 0.059166666120290763 43 44 45 46 47 48
decision_type=2 9 2 9 9 9 2 9 2 9 2 9 9 9 2 9 9 2 2 2 9 9 9 9 9 9 9 9 9 9 9 9 9 2 9 9 9 2 9 9 9 9 9 9 9 9 9 9 9 9 9 9 9 2 9 2 9 9 9 9 9 9
left_child=1 7 3 22 29 6 35 -1 -9 50 11 34 43 14 40 31 52 36 19 -15 -20 -18 -2 -19 38 -16 42 28 -25 -5 -31 -13 -33 -28 -7 46 -8 45 -11 -29 -14 -32 -26 -12 -45 -38 -4 48 -36 -49 -6 -40 -17 -24 -39 -46 -52 -58 -37 60 -3 -61
right_child=2 59 5 4 9 10 17 8 -10 24 12 15 13 18 25 16 21 23 20 -21 -22 -23 53 27 26 -27 33 39 -30 30 41 32 -34 -35 47 58 37 54 51 -41 -42 -43 -44 44 55 -47 -48 49 -50 -51 56 -53 -54 -55 -56 -57 57 -59 -60 61 -62 -63
leaf_value=-0.00070434376844787029 0.0011253651237348094 0.0015074788684432861 0.0017776867171050981 0.0014107259205775335 -0.0026373971969587727 -0.00050067416857928031 5.9103542589582496e-05 0.015485956844058818 -0.00099617282801773384 0.0017130699480185285 0.00034510261088144034 -0.00070095618604682386 0.00041324282232380933 -4.4642856228165331e-05 0.00037741203093901273 -0.00023996027593966573 -4.7813518904149532e-06 0.00013106800673995164 -5.7521056733094155e-05 0.00035049200785579158 0.00015970921085681767 -0.00041022418357897547 0.020754895622958427 7.9587894142605343e-05 8.1841495411936183e-05 0.00015817552426597103 -0.00025514548353385182 -0.0010148821439361199 -0.00052281180338468406 -0.0012636540475068612 -0.0010520033090142533 -0.00037498499237699435 0.00026441369962412861 -0.0010915291373385116 0.00088291698193643242 -0.0015577136720821728 0.00051372142508625989 0.0014944519884738838 0.00085917491291183964 -0.00053530371078522874 -0.00085115472029428929 0.00048489632026758043 -0.001925380743923597 0.00019397870077227707 7.3351751634618271e-05 -0.0011993350664852187 0.00078903877714765259 0.00098096697649452825 -0.00012790531909558922 0.00043443732254672791 -0.0026911819522501901 -0.00064065072743687776 0.00034964930790010835 0.0030226772819878533 -0.00019387773616472259 -0.00022928210106329061 0.00036618398793507361 -0.0015545057383133097 0.00062432876176899299 0.0012994683568831533 -0.00019626017427071927 0.00037178607744863256
leaf_weight=2234 4070 3970 1301 1621 2277 1759 13453 6841 707 543 2353 1922 2134 103208 41132 3001 14724 3581 23270 11421 86521 54347 506 7558 684 40064 6793 4231 7158 1011 1117 3216 20616 18303 801 671 817 658 701 40780 4855 9506 5986 4310 7610 6697 9500 2868 5941 17699 1452 6346 6465 8703 3687 37466 851 8651 6109 9272 30064 64190
leaf_count=2234 4070 3970 1301 1621 2277 1759 13453 6841 707 543 2353 1922 2134 103208 41132 3001 14724 3581 23270 11421 86521 54347 506 7558 684 40064 6793 4231 7158 1011 1117 3216 20616 18303 801 671 817 658 701 40780 4855 9506 5986 4310 7610 6697 9500 2868 5941 17699 1452 6346 6465 8703 3687 37466 851 8651 6109 9272 30064 64190
internal_value=0.00022154 0.0188574 -0.00297836 -0.0248461 -0.0478149 -0.000113262 -0.022356 0.100163 0.134206 -0.0651971 0.00463337 -0.00545962 0.0083278 0.0121155 0.0248682 -0.0152527 -0.0228049 -0.0360858 0.00710326 -0.00121171 0.0157852 -0.0285526 0.0890001 -0.0450071 -0.0540591 0.0294835 -0.0628737 -0.0485964 -0.0238729 0.0211427 0.0101494 0.00777769 0.0137141 -0.052788 0.0296699 0.046835 -0.013771 -0.0350518 -0.0171271 -0.056671 -0.0287083 0.0198872 -0.100658 -0.0145562 -0.0174663 -0.0573975 0.0659484 0.0344899 0.00266507 0.0449147 -0.0982481 -0.0273268 0.0191179 0.110454 0.00351963 -0.0217574 -0.0861207 -0.0750473 0.0162544 0.0114466 -0.00139223 0.0173939
internal_weight=800303 117278 683025 79121 65842 603904 106201 9782 7548 52587 497703 133359 364344 312605 88185 104291 78537 88620 224420 114629 109791 69071 13279 63308 39356 81196 31766 59727 14716 13255 11634 25754 23832 25096 29068 17581 25312 11859 7590 45011 6989 10623 6670 51739 49386 7514 10801 27309 6742 20567 13231 7047 9466 9209 4345 45076 10954 9502 6780 107496 34034 73462
internal_count=800303 117278 683025 79121 65842 603904 106201 9782 7548 52587 497703 133359 364344 312605 88185 104291 78537 88620 224420 114629 109791 69071 13279 63308 39356 81196 31766 59727 14716 13255 11634 25754 23832 25096 29068 17581 25312 11859 7590 45011 6989 10623 6670 51739 49386 7514 10801 27309 6742 20567 13231 7047 9466 9209 4345 45076 10954 9502 6780 107496 34034 73462
cat_boundaries=0 5 12 17 25 26 30 35 40 41 44 51 54 58 61 69 74 75 80 81 87 95 103 111 118 126 131 136 144 152 156 164 172 180 188 196 204 205 213 221 229 237 241 249 257 265 273 277 285 293
cat_threshold=2147549184 134217728 32768 8389129 2415919104 1261516 2097168 131137 34083072 136315920 64 2147500304 2415921920 269027328 261423349 61440 9437197 1261516 2097172 131137 34078976 136315920 64 2181054720 1024 2 774896640 35651616 4162989056 15 3376417792 269255168 260309229 61440 1048589 2415922945 589824 261357780 61504 8388623 1 2237924969 3489835072 278600 0 75498496 192937985 453238908 4196361 16785474 16400 1670381568 268865536 196651 42991641 154624 1245184 448 2148076543 2148604018 58178 575209508 67321873 67127048 16908800 4194336 786432 17039376 67112962 2219050088 2416052288 16448 4 4194304 144 36 0 0 1409289216 2125824 16 2220885576 3623880704 4980752 8392968 2685403393 1 1073766920 2147549184 8389632 65544 327808 159580160 41969280 9442320 2298478596 11141888 2293760 0 536870912 813695360 2684895536 2130064 36864 8388616 0 1050688 262146 1384122916 1055816 6393891 0 2098688 109051938 386085996 268437505 16777354 16408 1064960 580911648 16 629146368 1207982112 0 306217248 20971560 3503295649 622592 252903632 1073787040 9 3015704576 594944 260440308 30784 4333569 67109164 8388736 16785424 1174798640 20480 335544336 23199812 4176 269500416 2147746564 671356928 134250505 452997648 16777219 66560 524320 4044357632 1410826310 235921857 1 536 277087240 524544 8401952 268437636 36864 17826848 36708400 2052 8814592 537035776 35260417 8912965 2147485696 536879616 273680 1079001088 16777216 318775296 8405186 2148548609 1085568 288 6818129 8192 131200 537395248 33576448 8718 604506112 1142695936 29360132 1073745920 35950851 2884672 75497488 1074102536 32802 4203008 32 2147501064 0 2684359168 277358592 403062912 8226 1642529 33628160 16 524288 38 131584 1113063424 52443136 151005184 67241158 19 2349072384 557456 640 1207992584 34603008 58985664 2282750088 32 10321 17039392 270799872 5243932 147458 134480960 32 85983424 276824659 4198402 32768 1443849 136314890 1048577 35128328 84934656 572916410 1806699842 9503258 8 268435456 1157632322 40976 1048582 2223014152 50348037 1074298880 524288 8912897 1081472 33563137 393216 272687232 536969344 1075361 524544 555812000 2156396626 512 268468224 536875040 8236 809599104 1050626 67110912 2147483712 2147492994 2315255808 2148606120 268435714 5 66128 4896776 2390738176 939687944 11 0 4507408 1 34078720 268435456 1610612801 51380228 9849 524291 205828 67111688 263424 2146306 67666560 68485888 256
is_linear=0
shrinkage=0.3


Tree=2
num_leaves=63
num_cat=47
split_feature=5 38 3 38 19 38 8 0 26 7 7 3 25 19 3 8 8 25 22 41 21 41 41 34 41 34 8 39 3 0 35 41 41 41 34 41 35 34 34 35 8 41 34 35 39 34 34 41 41 41 23 34 35 35 41 7 34 35 35 34 34 24
split_gain=237.311 332.798 251.933 1359.41 377.713 277.846 537.003 261.429 234.399 213.129 214.384 201.685 193.106 159.847 223.29 272.271 213.858 135.776 129.261 127.359 126.957 126.5 123.19 121.859 114.984 112.764 112.401 115.333 112.448 139.555 109.537 109.027 107.097 106.653 106.03 103.687 102.008 100.582 99.5883 98.094 91.8012 95.1383 89.5249 87.0567 86.7064 86.6867 86.6644 86.2061 85.7922 85.7891 85.0571 88.4176 90.8629 84.9264 97.8447 84.2476 82.4068 104.576 83.6715 95.8498 81.998 77.8208
threshold=0.095833331346511855 0 0.0091666667722165602 1 2 3 0.29589843750000006 0.75915527343750011 4 0.32421875000000006 0.22265625000000003 1.0000000180025095e-35 5 6 0.025833333842456344 0.23339843750000003 0.37207031250000006 7 8 9 10 11 12 13 14 15 0.49316406250000006 16 0.012500000186264517 0.22131347656250003 17 18 19 20 21 22 23 24 25 26 1.2373046875000002 27 28 29 30 31 32 33 34 35 36 37 38 39 40 0.23828125000000003 41 42 43 44 45 46
decision_type=2 9 2 9 9 9 2 2 9 2 2 2 9 9 2 2 2 9 9 9 1 9 9 9 9 9 2 9 2 2 9 9 9 9 9 9 9 9 9 9 2 9 9 9 9 9 9 9 9 9 9 9 9 9 9 2 9 9 9 9 9 9
left_child=1 8 3 18 25 6 30 11 -1 10 13 -6 55 16 15 -15 38 22 -2 -9 -16 -19 -8 -14 -11 -5 27 28 -10 -30 -4 -18 -27 -32 43 -36 -26 -21 -7 -39 41 -24 -38 -12 -37 -23 -34 -3 -47 -44 51 52 -49 -53 -55 -13 57 -52 59 -58 -20 -48
right_child=2 47 5 4 7 9 17 19 26 24 34 12 23 14 20 -17 31 21 60 37 -22 45 40 -25 36 32 -28 -29 29 -31 33 -33 46 -35 35 44 42 39 -40 -41 -42 -43 49 -45 -46 48 61 50 -50 -51 56 53 -54 54 -56 -57 58 -59 -60 -61 -62 -63
leaf_value=-0.0005715038376365555 9.6697669476270657e-05 -0.00075566490733763208 0.0016055252614460187 -0.0014953616562997922 8.1737887754570695e-05 -0.00032062287360895423 0.00059435860472149208 -0.0012829274426330813 0.044241492900706364 0.00051682108588283881 -0.00084822933332179674 -0.0027663715511444024 -0.00075646834803046669 -1.4534958929289173e-05 -8.0215110036078858e-05 -0.00068396438652416685 -0.0003171023062459426 -0.00097021084249718117 1.6759004909545166e-05 -0.0010302485020947643 9.0802601713221528e-05 0.00011774608443374744 -0.00062054114374041091 -0.002465356545348186 0.00026165207190206272 0.0012019451361265964 0.0010082340643712084 0.0023240683645417448 0.0024681220728380144 0.018141139097220729 0.0013140257785271387 -8.0344291709479883e-05 0.00093193323147715995 0.00021904383981018329 0.00067624313561827885 -4.1898962430423115e-05 -0.00099527943239081647 -0.00081604369572596622 0.00024922860691003741 6.0420485780923619e-05 -0.00026323122861504085 0.00027708787194569596 -0.00099012067116564123 -1.9985778053523986e-05 0.00027473205563728696 7.7925542544107876e-05 0.00039418922999175267 -0.0015769645218097139 -0.00040457908023381603 -0.00025561297453532457 0.0030565539280360096 -0.0015417477251321544 0.0014383762970392126 0.0013849171994661446 -0.00029543029458727689 0.0042239399703685194 0.0017934557700937147 0.00087818827922455961 0.00040769679573713805 -0.00087791977731103542 0.0028000222335685973 -0.00050457016815198591
leaf_weight=3642 2216 6419 3401 1084 2247 3016 1150 1057 1618 2051 841 333 2365 26157 34876 10127 10032 6254 908 1203 235245 4781 666 17311 2686 1414 4521 3257 1472 1609 1418 98988 1259 12621 4387 10225 2725 1130 25298 8678 3334 4683 2117 6419 38532 4567 2655 539 50407 17500 1107 2530 3340 2871 21499 724 771 7102 49617 5364 8492 5445
leaf_count=3642 2216 6419 3401 1084 2247 3016 1150 1057 1618 2051 841 333 2365 26157 34876 10127 10032 6254 908 1203 235245 4781 666 17311 2686 1414 4521 3257 1472 1609 1418 98988 1259 12621 4387 10225 2725 1130 25298 8678 3334 4683 2117 6419 38532 4567 2655 539 50407 17500 1107 2530 3340 2871 21499 724 771 7102 49617 5364 8492 5445
internal_value=-0.000132324 0.0123346 -0.00227297 -0.0210943 -0.0438455 -0.000509202 -0.0156087 -0.0595037 0.0523526 0.00214256 0.00353529 -0.0782961 -0.0875476 0.00125276 0.00506467 -0.0170314 -0.00725176 -0.0265255 0.070743 -0.0237614 0.00803301 -0.0314218 0.0063687 -0.09423 -0.0237842 0.00245175 0.0718953 0.0934154 0.123477 0.0900097 0.0318541 -0.0132854 0.0117663 0.0200911 0.0203026 0.0249454 -0.029377 -0.014125 0.0159768 -0.00403257 -0.00589993 0.0184451 -0.0360204 -0.0136963 0.020958 -0.0271605 9.6025e-05 0.00595131 -0.0305314 -0.0289011 0.00823201 -0.0047254 0.0375481 -0.0108353 -0.00538922 0.0373245 0.014467 0.0425131 0.0103292 -0.022694 0.0861241 -0.0113165
internal_weight=800303 117278 683025 58521 46905 624504 93282 35048 16119 531222 504143 22980 20733 443739 306405 36284 137334 75842 11616 12068 270121 66009 9833 19676 27079 11857 12477 7956 4699 3081 17440 109020 10773 14039 60404 53144 25028 11011 28314 9808 8683 5349 22342 7260 48757 59755 9359 101159 54974 19617 94740 30779 3879 26900 24370 1057 63961 8209 55752 6135 9400 8100
internal_count=800303 117278 683025 58521 46905 624504 93282 35048 16119 531222 504143 22980 20733 443739 306405 36284 137334 75842 11616 12068 270121 66009 9833 19676 27079 11857 12477 7956 4699 3081 17440 109020 10773 14039 60404 53144 25028 11011 28314 9808 8683 5349 22342 7260 48757 59755 9359 101159 54974 19617 94740 30779 3879 26900 24370 1057 63961 8209 55752 6135 9400 8100
cat_boundaries=0 8 16 23 31 32 34 41 45 48 56 57 65 73 81 89 97 102 110 118 126 134 142 150 158 166 174 182 190 198 206 211 219 227 235 243 251 254 262 270 278 286 294 302 310 318 326 330
cat_threshold=1261516 49664 0 0 0 1610612737 32768 9817 9650124 2099220 131137 34111744 0 536870976 2147500304 1024 524290 2149581071 1048611 301998106 167837712 34 32904 1261516 2360336 1089 34078976 2149580800 536870976 2147500288 1088 2 285282576 16842753 589824 15 44107778 270606416 100665560 50339866 512 3221258368 3489660928 0 1358954496 1023 134275123 9216 738197524 262149 269484032 10518720 2214592514 2550150624 1048584 49152 255 67239936 776 268437504 134217760 369369620 1132463111 2318344 33554432 589856 17536 81986 5124 6295616 268960778 34615306 65728 3229646848 197120 1090519040 268567108 525393 2172650000 1073745028 50462720 960765952 8913920 201326594 134222082 269484037 17432712 8388609 33554435 65624 0 1318912 2113536 1375864336 720898 2819884064 49155 65536 134217728 0 8388617 2415919104 8322 2264965121 4202624 8288 90444 536887296 269877251 4096 8519936 8390913 1160 2148024324 1074036736 280640 271196171 147458 2416969792 134307840 538968068 50479426 5242912 1052936 1610612736 131074 2147486240 1255680 2684497920 16777216 285212673 2281710128 21103172 65536 37751041 1073741824 537395200 918808 276370944 537399300 0 2140160 21 524736 36701200 786944 134254753 4722688 67128321 67117072 2147487744 269484064 1887961088 1090814208 16902 8388737 37896192 1067777 1074923632 1073742472 134743042 4108 1342177664 4 1342177856 3178496 16984610 2147483648 420259328 2097216 0 16402 136577025 67371269 2147484673 11788 2151743490 2214600705 131082 606464 4857888 1048704 2147499008 539498754 3146241 1310720 640 37765140 268992512 4364 0 105119776 10494112 2684354592 25231624 1141129216 2163746 10487041 3288335108 6291456 16778240 2281701682 537527872 2147501056 67108928 1056785 2149580800 268435456 2097168 1291875344 1835011 268443728 272629760 2147484816 4197382 256 201326592 1141461312 2625280 16794630 1216614400 310445056 21103640 2151678208 33556480 1107821057 32 2048 128 50331649 540672 0 2150163474 92308814 65012224 4718630 604110852 17448 131714 163 2147484160 285213184 68420738 2147483648 268566536 35651584 2701133392 270882 3221253120 7342152 12582912 1985391624 135588861 2147483652 71303424 18874368 109056515 1073872908 2160066560 2097408 100806665 540689 18456 537919488 570574020 24 140509216 307306516 10493952 2 8390912 8208 536872968 1342247424 33621024 1410011201 21504 4195328 134218240 275382304 262144 6291729 1610874893 1078198272 33622016 1618048 134882304 3758178304 67776529 939589636 0 294913 553910278 10240 2099200 65540 4325382 134223107 4195392 2717908993 67405322 7168 2415927552 1074790400 281018370 553721857 1441792 2281766984 33588228 17042560 67109152 8 135283232 67123232 17040384 1140916736 1075839232 11014208 12296 0 67109888 310411330 1129351462 268435457 34078720 75820 3389706240 1141467440 2555126425 2
is_linear=0
shrinkage=0.3


Tree=3
num_leaves=63
num_cat=52
split_feature=8 38 3 3 38 38 8 3 40 40 21 21 8 25 39 22 21 0 41 41 41 34 34 3 41 34 34 35 34 41 34 35 35 39 34 34 35 22 22 34 1 39 7 39 21 41 41 41 35 34 41 35 35 41 41 34 22 34 35 35 41 34
split_gain=163.826 977.49 300.426 275.118 294.155 242.452 290.487 270.898 249.558 230.862 175.302 143.053 151.082 195.554 144.438 174.948 138.214 137.895 127.311 120.915 116.505 116.052 111.413 111.266 110.523 109.115 108.774 108.389 105.906 104.503 104.108 103.755 103.444 101.421 101.213 100.048 98.8124 98.304 97.5697 95.8642 94.9511 348.872 262.336 210.152 122.337 115.395 94.7214 94.6327 93.1734 92.2885 91.5477 91.1516 90.6227 90.0933 89.2101 88.7331 87.5364 87.2462 86.6008 85.9201 89.4751 84.9558
threshold=0.16015625000000003 0 0.0075000002980232247 0.0091666667722165602 1 2 0.55078125000000011 0.025833333842456344 3 4 5 6 0.35644531250000006 7 8 9 10 0.67028808593750011 11 12 13 14 15 0.030833332799375061 16 17 18 19 20 21 22 23 24 25 26 27 28 29 30 31 0.045833334326744087 32 0.23046875000000003 33 34 35 36 37 38 39 40 41 42 43 44 45 46 47 48 49 50 51
decision_type=2 9 2 2 9 9 2 2 9 9 1 1 2 9 9 9 1 2 9 9 9 9 9 2 9 9 9 9 9 9 9 9 9 9 9 9 9 9 9 9 2 9 2 9 1 9 9 9 9 9 9 9 9 9 9 9 9 9 9 9 9 9
left_child=1 17 9 4 -2 6 29 8 19 39 20 26 13 18 15 -14 -16 38 -13 -7 -11 -10 31 27 -23 -8 32 49 48 -5 -12 -21 -9 -24 -15 -22 -26 50 -1 -3 43 42 -42 44 -27 -43 -28 -19 -29 -4 -30 -37 -48 -45 -39 -6 57 -31 -57 -32 -61 -58
right_child=3 2 23 5 55 7 25 11 21 10 30 12 14 34 16 -17 -18 47 -20 22 35 24 33 -25 36 40 46 28 37 56 59 -33 -34 -35 -36 51 -38 54 -40 -41 41 45 -44 53 -46 -47 52 -49 -50 -51 -52 -53 -54 -55 -56 58 61 -59 -60 60 -62 -63
leaf_value=0.0021547670201340222 0.0012053685298596974 -0.0013670944266807054 0.0013776233211101499 -0.00072347249596787144 6.8753254908369881e-05 -0.0013677473576331977 -0.00056138439760979964 0.00082703219518516567 -0.00082327466807328162 0.00093016505384584873 0.00080134279613193937 -0.00027610198313486763 -3.0245538259623578e-05 0.00062656104874913578 -0.00014135633936530212 0.00012052017894457093 3.8964324124390239e-05 -0.0008253780895349337 0.00053729136621550417 0.0012230570667878054 0.00016172622908488851 0.0013040751030261161 -6.0823223589977666e-05 -0.0007087470833037514 0.0011103282669952023 -0.0013137556045025121 0.00030631712003960273 -0.0017461727628156952 -0.0012069738103717101 -0.00074260492696193983 0.00066416503340442417 -7.6517978974152939e-06 7.8377847060619386e-05 -0.000499731205633725 -0.00024665101214923195 -0.00285822468772094 7.2867767784919158e-05 0.0019592396156658648 0.0052095899482781536 0.00092517731201805864 0.00070565925214468726 0.00035207420898295823 -0.0059419875101360967 0.00041303284404566504 -0.00042891841999517056 -0.00025733495428576137 0.00018266001681913622 0.00077875050078582712 -6.3336820603581168e-06 -0.00069585178857087162 0.00029907146406476376 -0.0014005008145533794 -0.00018378287979940069 -0.00022454248104477302 0.00064440638816740819 -0.0020908731600909961 -0.00099031528728373811 0.0004890810172597412 -0.00097658799557830199 0.00089985274805221699 -0.00067071228023269204 7.4940109869930886e-05
leaf_weight=3235 2853 682 560 2786 1737 2031 8357 1088 1547 992 2200 3257 75967 1215 49604 175447 71412 678 34436 782 1537 1739 10815 4253 1201 3620 3620 645 1105 1120 1725 5085 6382 30695 9146 1829 15595 1849 9728 5427 7890 1696 706 1742 5583 24473 4609 5624 3445 3343 10345 10464 47858 28825 16672 1427 1845 13001 10929 1236 13503 27105
leaf_count=3235 2853 682 560 2786 1737 2031 8357 1088 1547 992 2200 3257 75967 1215 49604 175447 71412 678 34436 782 1537 1739 10815 4253 1201 3620 3620 645 1105 1120 1725 5085 6382 30695 9146 1829 15595 1849 9728 5427 7890 1696 706 1742 5583 24473 4609 5624 3445 3343 10345 10464 47858 28825 16672 1427 1845 13001 10929 1236 13503 27105
internal_value=-8.50924e-05 0.0112041 -0.00311644 -0.00171704 -0.0394737 -0.00077915 -0.0125046 0.00194836 -0.0155673 -0.021888 -0.0316676 0.00446303 0.00646808 0.022299 0.00442551 0.00852418 -0.00408996 0.071977 0.0323273 -0.0270255 -0.0560199 0.0126306 -0.0239359 0.0144887 0.0192322 -0.0231042 -0.00880146 0.0196439 0.0250668 0.006653 -0.0123046 0.0147474 0.0251804 -0.0294061 -0.0142003 -0.0631556 0.0117444 0.0312477 0.0897107 0.0317105 -0.0194495 -0.00799896 0.0444005 -0.0294629 -0.0691807 -0.0252206 -0.0133318 0.0355964 -0.0201852 -0.0276628 0.00937008 -0.0721902 -0.0165723 -0.0174728 0.044758 -0.057235 0.0102987 0.029654 -0.0661708 -0.0205025 -0.0279235 0.000849384
internal_weight=800303 101077 81812 699226 16946 682280 128749 553531 69490 39595 33486 484041 420484 48054 372430 251414 121016 19265 37693 49408 14822 20082 47377 42217 18535 82892 63557 37964 34061 45857 18664 5867 7470 41510 10361 13830 16796 29971 12963 6109 74535 34765 8596 39770 9203 26169 56087 6302 4090 3903 11450 12293 52467 30567 18521 14093 43071 14121 12356 16464 14739 28950
internal_count=800303 101077 81812 699226 16946 682280 128749 553531 69490 39595 33486 484041 420484 48054 372430 251414 121016 19265 37693 49408 14822 20082 47377 42217 18535 82892 63557 37964 34061 45857 18664 5867 7470 41510 10361 13830 16796 29971 12963 6109 74535 34765 8596 39770 9203 26169 56087 6302 4090 3903 11450 12293 52467 30567 18521 14093 43071 14121 12356 16464 14739 28950
cat_boundaries=0 8 15 23 29 34 36 37 41 47 51 53 61 69 77 85 93 101 109 117 125 133 141 149 157 165 170 178 186 194 197 200 208 213 218 220 228 236 244 252 260 268 276 284 292 300 308 312 320 328 336 344 352
cat_threshold=9650124 2129936 131137 34078976 2098192 536870976 2181054464 1024 135479244 32768 10432 570462464 2149597200 536870912 264 9649604 2129940 131137 34078976 2098192 536870976 2181300480 1024 1048757 268716544 130 1426066928 6385664 1 2701132544 739840 127205588 28672 13762573 2162753280 4292914720 255 65559 1 0 1 2147483648 3221225728 5799952 1560313616 1611677703 1 1063343103 104857600 1164967940 1 3389062656 4286629888 2147484032 67108933 1074790400 536870912 537006145 3533325312 67207440 2097168 128 33751040 2148532234 2164290048 201654272 142609536 1087616 720896 2684551168 4719618 1073872960 167772192 68 557842435 2684461056 1 2208 2 8398848 2222983424 134414602 131072 142622752 16799616 10616904 4100 16945154 138608656 571736105 33554560 26624 22 128 5834818 84082688 32788 1115689032 537264193 553665028 4096 1140871173 33587200 402653184 268959816 16785424 539264256 293601289 262305 38295553 1025 1888485376 19317760 33555072 135299072 2147484672 4198416 16778240 200704 268439588 100663296 1115693058 1711538176 278548 1079556 42205192 1209008648 32776 1508872 132096 4194304 150995489 3213392 3375137 2215772352 18874530 2164260864 41945088 21233664 2162944 67108992 5154 2164261888 3238166528 34801729 2147811586 8 2097664 42156032 1073807648 18874377 41943042 335609888 134217736 188743744 18 13172737 151003143 269492236 100679680 2214592552 536870976 2151678600 331776 32864 2237926987 2550302784 2113544 8388620 2147811328 1064960 2097536 168820736 541065230 1114384 202376194 2147746058 17334306 3288367106 2147483648 8389124 352452625 67109888 536871168 100731040 117444609 543229200 541248 67130368 587202816 1048612 1074790408 537395201 2103808 1082393169 2885323266 2449507211 2147484671 47063120 268444992 541196288 570425864 1074438208 33817602 196608 16898 2408 270336 2149580801 402653184 16 25169944 2147483905 2147484674 134217728 524288 276828184 65537 201334788 4084944366 536871168 74989600 524804 277884928 536904738 1026 134545476 262144 67109248 128 2793407624 302125088 6176 100728872 671236353 1 8393280 4 1154 3355460096 33620480 2621440 1108484362 16416 335969 10485776 3833659648 134218768 2147483652 6824448 67248128 16777216 32800 25174144 68157440 805388296 201588752 2485390592 50333696 8708 8388608 539033600 536872996 612380682 201344128 1077940224 1082163208 1196032 3229614593 546308128 263172 10747936 272900096 3254849544 2229376 2097154 1048576 1073742848 0 2181187584 3624403040 539165024 65540 3409457 4718660 271721536 33689600 1179648000 1073873184 4194321 129 68161600 406881280 4098 553648261 540928 50337284 268468225 541696 17410 168833792 164176 8462400 65544 270336 1073744400 1145579520 4202496 116476260 3758233152 827671680 4 1092685830 0 3762290688 3149824 67713 335675412 37748790 196608 1074012160 1074004608 2052 153101312 285232384 1241710596 201326728 1024 1049088 1076887696 2147483680 4468736 5244032 12582944 1208225814 37773312 278398464 8519715 603982162 32 2952925264 524290 536871424 4096 4163 4 2603614209 49264 167780432 2097152 4096 67272888
is_linear=0
shrinkage=0.3


Tree=4
num_leaves=63
num_cat=55
split_feature=8 38 1 3 40 8 18 23 22 18 41 38 40 25 7 41 41 40 35 7 35 41 23 22 35 34 34 35 35 34 22 41 41 41 34 19 41 35 34 34 23 34 22 35 35 22 38 5 38 18 41 21 41 22 34 41 35 41 22 34 22 34
split_gain=103.132 399.525 340.966 282.054 337.288 225.512 223.468 249.866 218.447 157.285 147.66 134.077 133.072 128.852 220.734 126.716 123.627 122.761 122.001 114.603 115.071 112.095 109.476 115.181 109.69 108.452 106.091 105.534 103.592 101.881 100.343 100.733 100.222 99.111 98.7363 97.9666 97.4541 97.0888 96.5261 96.1016 94.968 94.8288 94.7174 96.7874 94.5629 93.4998 212.985 189.493 166.116 157.932 106.261 105.686 118.988 103.266 100.914 92.984 95.461 91.243 91.0056 103.516 90.2812 109.195
threshold=0.35644531250000006 0 -0.012500000186264513 0.042500000447034843 1 0.040039062500000007 2 3 4 5 6 7 8 9 0.22265625000000003 10 11 12 13 0.15234375000000003 14 15 16 17 18 19 20 21 22 23 24 25 26 27 28 29 30 31 32 33 34 35 36 37 38 39 40 0.29749999940395361 41 42 43 44 45 46 47 48 49 50 51 52 53 54
decision_type=2 9 2 2 9 2 9 9 9 9 9 9 9 9 2 9 9 9 9 2 9 9 9 9 9 9 9 9 9 9 9 9 9 9 9 9 9 9 9 9 9 9 9 9 9 9 9 2 9 9 9 1 9 9 9 9 9 9 9 9 9 9
left_child=1 5 6 17 32 -1 7 -3 11 10 -4 57 22 41 40 35 -11 29 -14 20 -19 -7 24 -24 -12 -21 -20 38 -13 -2 34 -32 -5 -9 -29 -6 -22 -23 -18 -38 -15 -10 43 -34 -43 46 53 48 -48 51 -49 52 -47 -17 -55 -27 -57 -8 59 -39 61 -51
right_child=3 2 9 4 15 21 8 33 13 16 12 28 18 14 -16 45 27 19 26 25 36 37 23 -25 -26 55 -28 30 -30 -31 31 -33 42 -35 -36 -37 39 58 -40 -41 -42 44 -44 -45 -46 49 47 50 -50 60 -52 -53 -54 54 -56 56 -58 -59 -60 -61 -62 -63
leaf_value=0.0032450265277754807 -0.00080709628573538792 0.00086641693199897426 -0.0013039262070736731 -0.00044094047928672805 -0.00071502974478586119 0.0015314859553665155 -0.00055883347679533478 -0.0022548999561155143 7.4091813891573307e-06 -0.00066060885135753766 -0.0013774463925644524 -0.0013251556648499537 -0.001183329758262189 0.00037848293002069113 0.0010455574161189725 0.0002400993303814539 0.00084168879651217137 9.3291953181760611e-05 0.0013265912929255137 0.00037964743446267676 -0.0012622653520300809 0.0019942775356736092 -0.00013512873967600175 -0.00080493903290545848 0.00014320417390808866 -0.0010135389218464842 0.00011390554843688735 0.0010238357786475534 -0.00011932238154520738 0.00015583883618528488 0.00057957742925893391 -9.842639394053557e-05 -0.00062349724163024802 -0.00052976272535299352 0.00019266819568103535 -9.9825772657131866e-05 -0.0010032829033926828 0.001197707626936608 -0.00062067772822643752 -0.00036338556442140542 -0.00089832723423693094 0.0013257470349100186 -5.5096877226460487e-05 -0.00017611392595354118 0.00063802357303473407 0.00056387787444458809 0.00063829866976069757 0.00046479234783226267 0.00018419310231751303 -0.00036965369246550833 -5.957420169725065e-06 4.1767265704984329e-05 0.0001631164775410434 -0.00089057873813377215 -0.00021210883085601373 -0.0007011615677294321 -6.9966028938652094e-05 0.00080600810327283406 0.00032638052396774574 -0.00040735712100664395 2.6264930240577081e-05 -6.494467573240404e-05
leaf_weight=10730 1204 4085 3583 7682 1895 2537 614 1292 3432 6161 955 1304 1986 1048 2207 3324 815 4598 1346 3671 2292 2584 7744 15894 8390 2106 12316 3147 11087 11600 4853 49738 3648 6999 21151 27544 3493 991 6141 23392 2934 2861 56190 22467 23336 3836 21423 2292 19017 7623 30713 80534 35647 1533 9460 2651 22185 3366 19610 8166 81596 53284
leaf_count=10730 1204 4085 3583 7682 1895 2537 614 1292 3432 6161 955 1304 1986 1048 2207 3324 815 4598 1346 3671 2292 2584 7744 15894 8390 2106 12316 3147 11087 11600 4853 49738 3648 6999 21151 27544 3493 991 6141 23392 2934 2861 56190 22467 23336 3836 21423 2292 19017 7623 30713 80534 35647 1533 9460 2651 22185 3366 19610 8166 81596 53284
internal_value=-7.45964e-05 0.00492847 -0.000579031 -0.00239275 0.000369164 0.0306924 0.0175399 -0.0186955 0.0261317 -0.00869077 -0.0218397 -0.00258194 -0.0174969 0.039252 -0.000145114 0.00428275 -0.00122585 -0.0191984 0.00528735 -0.0245311 -0.0365841 0.0186958 -0.0283043 -0.0391712 -0.000801523 -0.0112396 0.0154015 0.00172263 -0.0179714 0.00763107 0.00484785 -0.00229108 -0.0161435 -0.0485969 0.0208803 -0.0146175 -0.0435267 0.0137646 -0.0336682 -0.0384244 -0.0423192 0.0474782 -0.0130799 -0.0280055 0.0536266 0.00587164 0.0143482 0.0208734 0.0346422 0.00303734 0.00400824 0.0110548 0.0237676 -0.0191151 -0.0331213 -0.0178304 -0.0126771 0.0452404 0.00874596 -0.0159341 -0.0037154 -0.0124542
internal_weight=800303 253403 208785 546900 469708 44618 64565 12376 52189 144220 52214 16371 48631 35818 6189 379721 92006 77192 15648 64388 33775 33888 32983 23638 9345 30613 13662 85845 12391 12804 78889 54591 89987 8291 24298 29439 29177 31351 6956 26885 3982 29629 82305 26115 26197 350282 87762 73445 40440 262520 33005 120017 39483 14317 10993 26942 24836 3980 28767 9157 142503 60907
internal_count=800303 253403 208785 546900 469708 44618 64565 12376 52189 144220 52214 16371 48631 35818 6189 379721 92006 77192 15648 64388 33775 33888 32983 23638 9345 30613 13662 85845 12391 12804 78889 54591 89987 8291 24298 29439 29177 31351 6956 26885 3982 29629 82305 26115 26197 350282 87762 73445 40440 262520 33005 120017 39483 14317 10993 26942 24836 3980 28767 9157 142503 60907
cat_boundaries=0 7 12 19 23 27 34 42 47 53 57 65 73 78 86 94 102 105 108 116 124 132 140 148 156 160 167 175 183 191 198 206 214 222 229 233 241 245 252 260 263 271 278 285 293 295 303 306 314 322 330 338 341 349 353 361
cat_threshold=9650124 34836 9280 561408 134217728 1610612800 2181038336 2415922432 269025280 261357592 53312 8519687 65539 2 268435456 524544 0 0 10486784 135168 267223040 4292282368 15 938 4261150720 3892314175 14 524484 2 1342701824 262400 0 2149580801 5122 151011456 1049672 65600 536876544 130 1208373408 8552588 262145 134217728 2590262784 9 3791650816 2149581824 1073743796 3072 131072 1426087392 7565312 1 268435475 65536 0 1073741824 268593568 8405018 131076 134217728 1835012 1694500096 590848 14680064 2621440 4 9568264 268443648 252018688 1885184 136314946 6572064 806355984 655872 260178068 36864 4194305 150998528 50347776 4194496 0 8 301989888 1073742208 62963715 1191186432 161628160 655368 534912 2147491840 128 16642 44073219 2415986688 1075838993 608178688 9220 268451840 134512740 36884 33685544 1316863 17045632 59588688 134350029 4116451328 68170687 571703296 2684354584 1610702864 2483028737 2415923200 528640 32776 262144 2215643264 1073872896 570425356 2416060930 33284 2147745792 134250633 16843265 1073742144 134217728 2147483936 72362061 134226176 1141123072 1573888 25182242 1092618240 3222601984 17039360 0 160 3791650816 1979805706 3584 620896258 131088 140336 1073752064 2129920 1342833248 1073790980 9248 76546196 131084 1081344 2147614721 34144804 6291456 310542850 4194564 1441792378 97 1138183233 4 65792 1086465152 2148010192 33554723 36 291504138 33560064 33591296 2621952 0 32769 67109466 171999233 80949282 8654848 16 8389120 0 3439330392 1224769168 3221292064 0 33565696 2150163200 2150123648 2147647488 2148532256 2151678992 21037568 1073741824 196608 0 1073763328 159433252 402776140 268289 671088640 278668 1073758592 5571584 524290 2416187392 142639264 548868 134221954 4259840 32898 103841792 100728832 134217792 3221233792 2114624 50855944 281028 553649153 2150762505 16777216 570491904 65536 3231712272 541065224 50599936 1107329025 537403460 134316048 134218256 84108 553844736 1275068976 277255935 8 3368833102 9 620765314 134217729 1346371584 1074791424 469893120 1082523648 606111744 2115328 1477443589 403507797 21323252 4 5308960 642826576 147461 262528 24576 2785280002 1114112 536936448 134316293 8388608 9280 272634368 541065217 302653481 50995200 3758358528 2155874942 2181103296 8260 2657372672 131072 34083072 131072 536870912 272154624 1648 822083584 50 1120448 2147770880 2419099648 3 2188 590063 2 1073741824 262528 0 0 5122 16 268437508 1140854026 16441 16384 135266817 470810914 33964032 142344192 15467900 67637248 34668544 83886104 343933984 79761408 41959428 537919488 84953089 536870912 2155874816 33554432 10493952 655886 3221226528 1130497 3767013381 1074003970 75530240 1024 2048 2188 269484036 8409280 2193633284 134258688 82837600 512 17825928 1048706 2147500032 540282884 85066752 590092 1056776 50398208 24121512 2415919104 2151874560 1073741860 75497536 4231168 0 17174533 1074302973 178792481 1218740872 2156134400 33555076 8537600 558405 65536 539000832 134225924 1336576 359732223 88166656 1146290176 1 33783844 327688 4096 1048576 536870940 1145047040 573591616 34079584
is_linear=0
shrinkage=0.3


Tree=5
num_leaves=63
num_cat=51
split_feature=5 38 34 41 35 34 35 34 24 7 18 1 41 34 35 7 38 41 7 1 39 38 38 41 8 40 34 35 41 41 41 34 41 25 34 35 34 34 35 1 39 39 1 34 41 34 34 41 34 41 34 1 41 1 34 41 35 41 41 34 24 19
split_gain=96.5465 156.64 94.3842 86.1165 83.4281 86.0198 88.3141 85.9534 77.3576 76.2868 262.244 216.09 103.323 102.938 94.2491 93.6451 205.397 106.4 105.508 297.051 325.456 197.473 171.185 115.653 110.492 140.292 129.743 112.061 110.099 106.86 100.998 99.4678 96.7052 95.8026 91.0962 88.3752 114.979 88.8184 96.8535 87.1611 296.422 276.92 121.614 110.173 100.828 93.8251 84.8229 84.2727 83.7156 84.4367 80.6899 80.6725 76.0394 74.4883 74.3467 71.0845 70.5658 70.5644 70.538 69.8784 69.8521 67.9945
threshold=0.057500001043081291 0 1 2 3 4 5 6 7 0.33984375000000006 8 -0.015833333600312468 9 10 11 0.21484375000000003 12 13 0.082031250000000014 0.024166666902601722 14 15 16 17 1.6220703125000002 18 19 20 21 22 23 24 25 26 27 28 29 30 31 -0.007500000298023223 32 33 0.12416666746139528 34 35 36 37 38 39 40 41 -1.0000000180025095e-35 42 0.0091666667722165602 43 44 45 46 47 48 49 50
decision_type=2 9 9 9 9 9 9 9 9 2 9 2 9 9 9 2 9 9 2 2 9 9 9 9 2 9 9 9 9 9 9 9 9 9 9 9 9 9 9 2 9 9 2 9 9 9 9 9 9 9 9 2 9 2 9 9 9 9 9 9 9 9
left_child=1 2 -1 8 7 6 -6 -5 -3 15 11 -11 -12 56 -15 18 17 -17 24 22 31 30 29 -23 39 48 60 -28 50 -20 -22 -21 -33 -30 -31 36 -18 38 -37 40 44 45 -43 -42 -2 -41 -19 -39 -26 -50 -24 -13 -16 -53 -54 -4 -14 -49 -48 -38 -27 -7
right_child=9 3 55 4 5 61 -8 -9 -10 10 12 51 13 14 52 16 35 46 19 20 21 23 28 -25 25 26 27 -29 33 34 -32 32 -34 -35 -36 37 59 47 -40 41 43 42 -44 -45 -46 -47 58 57 49 -51 -52 53 54 -55 -56 -57 -58 -59 -60 -61 -62 -63
leaf_value=-0.003810175597932404 -0.00074355166352927337 0.001098630176143728 -0.0017241243124126266 0.0057396364137920529 0.005257816344623978 -0.0018166733756094105 0.00081664079264982131 0.001197301447261001 -0.0027991899674729061 -0.0016146814399611612 -0.00099876020146667712 0.021574958309711786 0.00039342563621071164 -0.00071673619475266966 0.00072994811549778756 -0.001456114738227945 -0.00090444779876184482 0.00078874603279991773 0.00079139550425817295 -0.00084321246540256466 0.001112607475302473 -0.00036432056336745149 -0.0013234370964775189 7.8856697960443868e-05 -0.00064501028383567958 5.0803561425171206e-05 0.00037113234330940395 -1.3224841059665792e-05 -0.00010216835461388834 -0.00043774093722915132 0.00031876532850133658 0.00048531672313943263 -0.00028935619762509484 -0.00028068085050308582 5.8420919428033789e-05 -0.00027854162313650885 0.00065988629002367092 -0.00025346460181858846 0.0005703741967113601 0.0013928103312591665 0.00038258463735500118 -9.6721403032675794e-05 0.00010362026271145078 0.00012404323397461117 -0.0001277969208288268 0.00042246322691583197 0.00066397161959706112 0.00050789827848365531 0.00038203340472606938 -0.00029178733021751398 -0.00047533419725524436 -0.0011138008502628656 0.00039563805817478706 0.0088462177946702133 -0.00018792796294176149 0.0085461289361817468 -0.0010132651999108493 0.00013837667764420622 -0.00047610298849383242 -0.00011711637973599136 -0.00054034137258840203 0.00016677429385349388
leaf_weight=533 3378 979 525 693 807 2596 3275 4644 2047 489 3561 523 534 3388 2250 2696 1211 1566 2889 2298 2113 4620 1422 77580 1032 923 2394 18039 81770 3883 18037 1455 18198 48078 32574 1314 1078 4999 8570 1290 11861 100398 24514 85987 21937 11119 1437 5972 727 6681 9253 360 3537 682 22368 4319 3589 65725 11622 8087 1966 27911
leaf_count=533 3378 979 525 693 807 2596 3275 4644 2047 489 3561 523 534 3388 2250 2696 1211 1566 2889 2298 2113 4620 1422 77580 1032 923 2394 18039 81770 3883 18037 1455 18198 48078 32574 1314 1078 4999 8570 1290 11861 100398 24514 85987 21937 11119 1437 5972 727 6681 9253 360 3537 682 22368 4319 3589 65725 11622 8087 1966 27911
internal_value=8.13438e-05 0.0130786 0.0612915 0.00702448 0.0107266 0.00533221 0.0461651 0.0455973 -0.0416721 -0.000754013 -0.0132912 0.0909002 -0.0187696 -0.0138909 -0.0080526 -2.57492e-05 0.00784133 -0.0222408 -0.00153315 -0.00544429 0.00583333 0.0129423 -0.0132378 0.00641512 0.00253757 -0.014167 -0.00215993 0.00626558 -0.0181343 0.00425326 0.0395496 -0.027305 -0.0203661 -0.0157231 -0.000156293 0.0132167 -0.012938 0.0163525 0.0431083 0.00457453 0.010369 -0.000622619 -0.00487016 0.0178541 -0.0185612 0.042098 -0.0121131 0.0128983 -0.0472787 -0.0359838 -0.0474127 0.145692 -0.00235381 0.0971263 -0.00695682 0.0745057 -0.0584038 0.0155252 -0.0200367 -0.00140567 -0.0615305 -0.000147444
internal_weight=800303 48329 5377 42952 39926 34589 4082 5337 3026 751974 41281 2054 39227 35666 31543 710693 114277 17321 596416 304170 124301 102350 179869 82200 292246 31762 23322 20433 140523 39346 20150 21951 19653 129848 36457 96956 10376 86580 9884 260484 123163 137321 124912 97848 25315 12409 14625 76696 8440 7408 10675 1565 28155 1042 25905 4844 4123 71697 13059 9165 2889 30507
internal_count=800303 48329 5377 42952 39926 34589 4082 5337 3026 751974 41281 2054 39227 35666 31543 710693 114277 17321 596416 304170 124301 102350 179869 82200 292246 31762 23322 20433 140523 39346 20150 21951 19653 129848 36457 96956 10376 86580 9884 260484 123163 137321 124912 97848 25315 12409 14625 76696 8440 7408 10675 1565 28155 1042 25905 4844 4123 71697 13059 9165 2889 30507
cat_boundaries=0 8 16 24 32 40 48 56 60 62 70 78 86 94 102 107 115 122 130 134 142 150 158 166 174 182 190 194 202 210 218 226 234 239 244 252 260 268 276 284 292 300 308 316 324 332 340 348 356 364 367 374
cat_threshold=1261260 2151940352 0 0 0 0 4 1544 268570624 2 50397312 8288 8200 133888 2164527245 69238856 524288 8388616 202375680 49152 141557776 1069624 8290 17056278 67174928 58786820 278784 1280 1073758272 536870976 67109146 67715331 138950144 4098 51970112 671090724 1040 69214212 805445632 131080 33555616 129 570564611 1212219397 637701120 1140850688 1067008 8388736 38830080 17432852 128 285220866 209813601 541099008 67108928 18350080 43915362 2178566160 168874320 8 0 8 2097152 196736 33624208 272629776 2151809056 1074028804 23726152 528 262416 4196352 266368 338183204 2100256 2349858817 2098176 2099473 1536 572597248 2048 524290 1115816016 1181384 554172432 17892352 1129420 2147484416 3200 536871168 0 0 2147483776 8296 142606368 32 8781844 9 27787280 1086850053 36765704 327745 67440200 0 6291456 1073741825 273481728 70600 67372032 1024 2147491840 0 536871425 270024832 8825 1074932864 2590264320 67720 541097984 2281701376 70 2320 1073743872 2359428 2097152 262180 142903360 1251229696 1075871778 1052682 2563770368 269160960 261554239 49424 1648494112 2097152 132104 64 19922948 1614940160 131778 9437568 5251084 537133088 8390666 50332296 18098432 1073872912 68157512 262144 34820 1088 2434 537274368 67176488 2418018322 67190912 8914944 2148073472 352321544 138412288 301056 274210817 92 134250496 34120448 294914 16778240 2231386112 268582930 2160132128 2425390 1114120 64 16386 2147491968 4227072 530952 277037096 532496 8552448 8429846 4227072 16785536 1488 28672 547651589 2148535296 135004736 393216 1879056419 1610612736 0 1879048192 3648 268435456 2424373249 2267070480 4264512 524800 144703552 8390657 271845120 1358955616 4136 4352 620756996 1082195984 16851008 41943040 405 263305 1075970052 17152 536879397 16910336 131360 8389121 1075843592 33554432 151680 2415985216 1074004228 2181039168 135004161 8389127 8388609 603992064 2147483714 100794380 527362 2151956480 1076101140 67174724 2097698 134359040 524304 25172505 2417033217 2147484160 134217984 32784 8394760 2148532481 67174408 33685505 25186944 656384 16386 637534336 2483160072 33108 17301504 1048577 134217728 205520896 1158677760 58786838 148544 98380 1107296773 8390672 2152726541 4720648 8 2353004544 33621248 133248 403706402 4098 8388992 263716 46670849 1026 4210816 196616 16384 1073741828 1 1476423776 612433920 68419650 16818460 2129921 134217733 1074300224 1610615040 101089345 262144 2151811328 16777344 262144 2415919124 9175040 134225968 588513313 3 3221258384 1342177288 18874377 12853248 67117200 134223361 10502416 2148007936 134422536 1073766400 29360128 10372 0 3221235968 33558784 1108606997 8 1342178307 33821699 2169644672 1073741856 8421452 1079148552 524352 16779776 8208 49664 2151677954 268436612 1619268096 262192 1078988929 16408 139264 4 4100 1107563520 1140850722 524288 536875056 17859075 16781312 1049102 542179345 168427776 201326608 0 264224 134776832 3221817377 10768 1174405120 1074012288 1074790528 3238564370 4325376 67109120 687865872 33556530 1342439490 134219860 21070337 2151677952 2097280 3222274049 4194330 67633152 1413546133 793262894 92277896 0 35651584 2390769672 134251556 113313888 285217152 24840
is_linear=0
shrinkage=0.3


Tree=6
num_leaves=63
num_cat=56
split_feature=8 38 1 23 29 41 41 38 35 34 8 34 19 34 34 41 41 41 35 34 41 40 34 34 35 35 22 22 22 6 40 5 19 41 41 34 34 34 19 22 38 5 21 38 21 39 39 22 34 35 34 41 34 22 35 21 18 41 35 34 34 35
split_gain=62.1861 384.298 151.473 155.27 151.886 143.692 119.269 117.671 116.271 107.8 105.64 102.951 102.875 115.582 108.426 99.6187 97.8239 96.2832 95.7427 92.2337 92.0679 91.1796 106.489 103.269 88.0088 87.3027 86.8715 86.6709 86.223 86.0554 149.341 124.775 139.917 120.091 109.967 98.1539 95.485 95.3963 95.7193 94.2194 371.837 268.821 182.469 155.781 147.8 191.425 143.697 129.388 109.621 102.979 100.655 97.6497 95.7456 94.9952 92.5942 90.7743 140.754 100.918 90.3131 87.5954 84.79 82.6994
threshold=0.18652343750000003 0 -0.012500000186264513 1 2 3 4 5 6 7 0.024414062500000003 8 9 10 11 12 13 14 15 16 17 18 19 20 21 22 23 24 25 0.073697142302989974 26 0.35083332657814031 27 28 29 30 31 32 33 34 35 0.417499989271164 36 37 38 39 40 41 42 43 44 45 46 47 48 49 50 51 52 53 54 55
decision_type=2 9 2 9 9 9 9 9 9 9 2 9 9 9 9 9 9 9 9 9 9 9 9 9 9 9 9 9 9 2 9 2 9 9 9 9 9 9 9 9 9 2 1 9 1 9 9 9 9 9 9 9 9 9 9 1 9 9 9 9 9 9
left_child=1 8 3 11 5 -4 -5 16 -1 -8 27 -3 13 -7 -14 -6 -2 -16 -13 -12 -11 22 -17 -23 -25 -24 -20 -10 -15 30 33 37 60 -9 -34 -36 -35 -32 -39 40 41 42 49 44 45 51 47 -46 -42 -31 -44 -41 -43 -48 -40 57 -57 -50 -54 -47 -33 -22
right_child=7 2 4 6 15 12 9 29 10 20 19 18 14 28 17 21 -18 -19 26 -21 61 23 25 24 -26 -27 -28 -29 -30 39 31 32 34 36 35 -37 -38 38 54 43 48 52 50 -45 46 59 53 -49 55 -51 -52 -53 58 -55 -56 56 -58 -59 -60 -61 -62 -63
leaf_value=0.0084375897948399808 -0.00052769450916491498 -0.00055090819726290503 0.0010524712766230885 0.0013787708592109596 0.00076429973282247617 0.00084664452477542593 0.0010941649920639966 0.0008552897089833801 0.00084925773200889964 -0.0015478944326219211 0.0023156516777752944 0.0021262325150711286 0.00055233884532524468 -0.00036848270944215606 -0.0018769030063820742 0.00076485468314361896 -8.8194714787588767e-05 -0.00037435729664138227 -2.6419725655413988e-05 0.00032033635845088535 -0.0011926952953541254 -0.0005235163931372579 0.00059101303696511135 -0.00050077007928222737 0.00025776251438198615 -0.00074322549429031617 0.0013073600956511867 0.0052788812162920746 -0.0018798606724414225 -4.44339390149559e-05 0.00034719397572268465 0.00075788722619134729 -0.00055649883976813795 -0.00042055239017417111 0.00021043811949703314 -0.00012554982074823131 0.00014972084303594961 0.00011817590501427547 0.00030021373474084571 0.0010206561418323581 0.00023832378400907619 0.00027171993611972174 0.00072546473151523618 -3.7598788450303244e-05 -0.000313566887791794 -0.00066067750107328055 0.00036770315687593535 7.182349668459934e-05 -0.00065587555595638628 0.00059567011132964415 4.4626496713065369e-05 0.00034859409881407409 -0.00042418655540702387 -8.1849511331572839e-06 -0.0014704607881026917 3.8060834572535515e-05 -0.00034098306840253575 0.00015182753342601443 -5.6427942784194985e-05 4.7695125565004503e-05 0.00013231751295684875 2.3059107386990194e-05
leaf_weight=2533 7193 1073 2573 1990 3887 1047 2274 1116 1884 1436 1343 1076 3356 2646 1897 1276 80636 23033 2038 16813 1520 5007 1291 4031 32112 8964 4819 3953 5659 3108 1504 754 2825 1755 4420 33208 12823 2027 1042 1957 6151 2278 2448 271425 15870 1351 10057 15036 991 30174 18917 20674 1704 10179 8153 11789 24157 10620 14074 12514 4603 13239
leaf_count=2533 7193 1073 2573 1990 3887 1047 2274 1116 1884 1436 1343 1076 3356 2646 1897 1276 80636 23033 2038 16813 1520 5007 1291 4031 32112 8964 4819 3953 5659 3108 1504 754 2825 1755 4420 33208 12823 2027 1042 1957 6151 2278 2448 271425 15870 1351 10057 15036 991 30174 18917 20674 1704 10179 8153 11789 24157 10620 14074 12514 4603 13239
internal_value=6.18512e-05 0.00550624 -0.00139241 0.0174398 -0.0071264 -0.0212192 0.00297493 -0.00122264 0.0383224 -0.00456143 0.0318309 0.0502329 -0.0259123 -0.0531824 -0.0168775 0.00289501 -0.0114309 -0.023695 0.062039 0.0205529 -0.013161 -0.000529479 -0.0240925 0.00607842 0.0116747 -0.0342748 0.0487844 0.0669464 -0.0650355 0.000379478 -0.00913353 -0.0160996 -0.00880118 0.0168471 -0.014835 -0.0105367 0.00954077 -0.042379 -0.0518604 0.00183408 0.00887734 0.0228605 0.0333492 -0.000645826 0.0103503 0.0249315 -5.86435e-05 -0.0129245 -0.0100521 0.0472337 0.0116901 0.0419335 -0.00887141 0.0195871 -0.0648745 -0.0149278 -0.0223761 0.00813042 -0.0171754 -0.00283201 0.0367107 -0.0060727
internal_weight=800303 152770 126244 29465 96779 40211 20459 647533 26526 18469 23993 9006 37638 9352 28286 56568 87829 24930 7933 18156 16195 52681 11531 41150 36143 10255 6857 5837 8305 559704 74230 58536 45810 15694 40453 37628 14578 12726 11222 485474 126411 72703 54647 359063 87638 36496 51142 30906 53708 33282 21365 22631 18056 20236 9195 47557 35946 11611 15778 13865 5357 14759
internal_count=800303 152770 126244 29465 96779 40211 20459 647533 26526 18469 23993 9006 37638 9352 28286 56568 87829 24930 7933 18156 16195 52681 11531 41150 36143 10255 6857 5837 8305 559704 74230 58536 45810 15694 40453 37628 14578 12726 11222 485474 126411 72703 54647 359063 87638 36496 51142 30906 53708 33282 21365 22631 18056 20236 9195 47557 35946 11611 15778 13865 5357 14759
cat_boundaries=0 8 12 13 21 29 37 45 53 61 68 76 84 92 100 108 115 123 131 136 144 152 160 168 172 176 180 185 192 200 208 216 224 232 239 242 249 251 259 261 266 271 275 283 291 299 307 315 319 327 329 336 344 352 360 368 376
cat_threshold=1261516 34836 131136 34078976 136315920 536870976 16640 1032 1024 822083592 3736927962 15 60 604082180 70254721 402784400 33570816 276828196 537395210 536879105 6144 2449539344 1073826080 4 67110912 2147780612 32832 2415988880 16387 1191756 34836 139328 557312 136315904 1610612800 33571072 1096 4194435 3256881152 8224 8288 61696 278800 302530560 327808 8 1075904544 176185475 1292894264 512 4136 16777474 100667392 604047874 71831552 604504586 152580112 67113216 0 2097152 8393730 28 67633152 37801993 131088 4620298 1409958280 524672 3226468352 65539 538969216 33685512 111149056 671088784 106954776 41943052 37757109 3195392 20971544 806354944 2147483904 16780032 1140851328 2359296 2424308736 4849739 33 134217985 542119940 37749312 805376000 327680 134283265 1573330 136587266 71303200 1074003968 3254779904 225408 1048584 2113536 786432 4195328 268834 201523200 4375680 310575136 2424960 1623261200 1073752064 2684355456 2097168 269748993 1074790401 44114432 16843808 0 135397793 2426929165 257 526336 134807576 9700352 2752512 2097156 3561097472 20971520 151015424 527 51232 7077888 1358958468 739328 131208 268469536 14696456 266753 2236416 67633152 2149581824 721477952 268439552 2147567616 557096 512 256 4462592 8656128 25175624 6148 2697986400 8272 655360 856992 393250 3623878688 536872992 33562880 3489669120 5243008 285747472 2216697857 1212460 285310980 536870912 16777472 541065216 83887112 1343226787 2960089344 739262633 6 3962639358 2981889 285246561 4 10486206 3506438721 71888341 1 1082130432 268862976 261357823 45120 6 0 2131456 226498560 310583332 541263891 16777234 16424 0 544735232 2282815552 4202561 131072 1073889288 113248320 33587474 1946189824 2148535445 10485769 1073742592 2147647490 9830400 536870912 16912384 135360 335548416 540016656 573440 35915268 37748752 570425360 5506192 8392756 2097216 270598144 100 16448 83922972 25427968 69300232 1142947840 1074003968 444628992 2147684362 136315904 17424 7086092 16777217 0 50368525 92177 201338896 16810001 1074483332 49152 3357540352 383 137428960 822153344 34 1120384 3225707008 285245576 515 2188 4261707264 3859086848 0 2353283840 8 3221225984 2147516416 1 287080576 8753 33358080 16646398 69206595 268470528 4718600 1090530576 786432 73400955 268470272 4456520 1224738304 802816 1047552 89160704 1946222592 15 16648 2121920 8704 570693632 40984 69276160 671621136 73400320 37748992 0 8519937 67109122 2185232640 142607468 1649410056 17301507 2486288384 268451840 537198596 1073766400 270532768 872423426 8916992 8388624 53270 3792699408 537460752 268446720 4194322 36 34865280 8388672 1082130688 2181566816 8913920 134742528 268435528 134234112 268446816 83902984 4522806 268177408 4110417920 13 1109395456 25165832 2147483969 268730628 128 16818221 675356672 33701888 45482152 16615679 131132 537133056 1074266432 256 2147484160 2098176 4199426 33800 72400960 33570896 17039360 553714976 8422144 549453952 32776 134254592 136085664 268566528 2099336 5760 2231369736 67125328 4260100 134258688 2147487745 8388608 536878080 100936192 2684354562 151072908 286724 33554432 1073745920 29360128 285212688 1276453376 8406016 16949 37773696 532512 545267728 1073872898 3225559040 134235138 75530784 604241920 1310722
is_linear=0
shrinkage=0.3


Tree=7
num_leaves=63
num_cat=61
split_feature=29 39 40 22 38 20 21 38 38 41 41 41 38 22 22 38 38 21 41 41 41 34 34 20 41 22 41 34 41 34 41 41 34 34 41 41 41 41 41 34 34 34 41 34 34 34 34 34 41 41 34 34 41 24 34 3 41 34 41 41 19 21
split_gain=54.4429 146.579 154.206 132.554 271.423 122.517 163.663 220.659 153.88 124.271 120.992 118.629 116.798 297.216 153.494 202.901 159.229 251.146 138.43 126.125 119.365 114.784 114.746 114.053 118.574 113.103 110.034 109.284 105.44 104.798 98.9691 97.5736 95.947 95.8571 95.2703 93.6113 91.7007 91.0739 90.6473 90.5321 89.6695 89.6193 89.1153 89.0429 88.428 87.3427 87.2934 85.4671 85.2799 84.2961 83.5377 79.9524 79.5972 78.2162 79.7752 77.9121 77.7346 77.4937 77.1777 76.5322 79.0618 75.5643
threshold=0 1 2 3 4 5 6 7 8 9 10 11 12 13 14 15 16 17 18 19 20 21 22 23 24 25 26 27 28 29 30 31 32 33 34 35 36 37 38 39 40 41 42 43 44 45 46 47 48 49 50 51 52 53 54 0.014166666660457851 55 56 57 58 59 60
decision_type=9 9 9 9 9 9 1 9 9 9 9 9 9 9 9 9 9 1 9 9 9 9 9 9 9 9 9 9 9 9 9 9 9 9 9 9 9 9 9 9 9 9 9 9 9 9 9 9 9 9 9 9 9 9 9 2 9 9 9 9 9 1
left_child=3 38 46 4 10 9 8 28 -7 45 -1 -10 13 19 15 42 17 37 -19 -5 -17 -21 -11 40 -25 32 -20 -22 -8 -15 -9 -18 -4 -32 -27 -12 -31 -16 -2 -33 -23 -30 -14 -13 -36 -6 -3 -39 -48 -38 -40 -44 -34 54 -46 57 -29 -52 -57 -24 -61 -41
right_child=1 2 25 12 5 6 7 30 11 22 35 43 14 29 16 20 31 18 26 21 27 23 59 24 -26 34 -28 56 41 36 33 39 52 -35 44 -37 49 47 50 61 -42 -43 51 -45 53 -47 48 -49 -50 -51 55 -53 -54 -55 -56 58 -58 -59 -60 60 -62 -63
leaf_value=0.00050554260731329481 -0.00036048217816915919 -0.00051969016791599649 -0.00025165918326449499 0.00089034681671100869 -0.0006795430859667036 0.00085216323483794842 -0.0011054190431640206 -0.00024161877901437227 -0.0012105129414242458 0.00035156937122513834 -0.0013662366646874386 -0.00076363268829220349 0.0010886595086879516 0.00032182514181554978 -0.0007722007727022865 -0.0009076228238660243 0.00052057702653494149 -0.0012018434825370923 0.00040431232155708715 -0.00099108953389325611 0.00040667079748798443 6.9511838289280865e-05 -0.00046252317343833444 -0.0019935937289531076 -0.00010361670865461098 0.00032661639299987001 -0.0004211348275670342 0.00057615243272353509 0.0008342020624690405 -0.00071822561221409969 3.3796437378979819e-06 0.00025570336091177483 -0.00036948868565717596 0.00053042851249720797 -0.00010188030842805532 -0.0003326902987544138 0.00064591697765381756 -0.00081039358121479663 0.00063464851985941303 5.4686344569252394e-05 -0.00073530302081595766 -0.00010226926179913118 0.00076857196075295821 -1.0673512100603045e-05 0.00020921225970667396 0.00061361900968579278 -0.00069211776517000658 0.00032898508677833176 -8.7191669746828945e-05 -6.1183847116801605e-05 -0.00061349240021385683 0.00025193749638709081 2.0989163586244278e-06 9.779999786116821e-05 -4.9756914392872722e-05 0.00052087062153180898 -9.0585133906826316e-05 0.001955867974787522 7.0263500720476571e-05 -0.00039818282071978008 5.9143460645935235e-07 -0.00018263397260877395
leaf_weight=2112 1734 2865 7890 1465 539 2643 1365 2600 1171 7855 2261 1814 2180 10667 1012 2668 5349 2719 2026 6335 6556 2864 5330 1040 21163 7335 25969 2335 1458 3305 4689 10161 2816 36089 15152 21555 2810 874 3340 35775 18777 10688 2514 13106 5059 5615 1432 10798 22828 78895 654 26631 53653 77973 31998 2319 40258 3897 20172 5072 47335 40743
leaf_count=2112 1734 2865 7890 1465 539 2643 1365 2600 1171 7855 2261 1814 2180 10667 1012 2668 5349 2719 2026 6335 6556 2864 5330 1040 21163 7335 25969 2335 1458 3305 4689 10161 2816 36089 15152 21555 2810 874 3340 35775 18777 10688 2514 13106 5059 5615 1432 10798 22828 78895 654 26631 53653 77973 31998 2319 40258 3897 20172 5072 47335 40743
internal_value=9.37124e-06 0.0035649 0.000902568 -0.00171254 0.00512206 0.0101024 0.0185271 0.0265356 -0.00579323 0.00122077 -0.0231766 -0.0168229 -0.0049497 -0.0114781 -0.000548997 0.00959665 -0.00677801 -0.0217554 -0.0364187 -0.0298165 -0.00192749 -0.0323544 -0.00260655 -0.0268834 -0.0117623 0.00375654 -0.0301103 0.00143406 -0.00694371 -0.00157698 0.0369624 0.00028683 -0.00662255 0.0405835 0.00861418 -0.0292849 -0.00509515 0.0137524 0.0225411 -0.00214209 -0.0423821 0.001974 0.028653 -0.00956334 0.00673764 0.0419396 -0.0203302 0.0212598 -0.0144611 -0.00310951 0.0263539 0.0242515 -0.00228926 0.00957563 -0.00177237 0.0208028 -0.00411923 0.0566 0.0135642 -0.00723649 -0.00374864 -0.0056762
internal_weight=800303 261117 229001 539186 173297 147369 75623 56889 18734 71746 25928 16091 365889 147321 218568 83142 135426 43398 30714 51644 51817 50179 65592 43844 22203 201876 27995 49149 13511 95677 43378 92028 64359 40778 137517 23816 85010 12684 32116 86679 21641 12146 31325 14920 130182 6154 27125 11672 24260 81705 30382 29145 56469 115030 37057 27042 42593 4551 22491 57737 52407 76518
internal_count=800303 261117 229001 539186 173297 147369 75623 56889 18734 71746 25928 16091 365889 147321 218568 83142 135426 43398 30714 51644 51817 50179 65592 43844 22203 201876 27995 49149 13511 95677 43378 92028 64359 40778 137517 23816 85010 12684 32116 86679 21641 12146 31325 14920 130182 6154 27125 11672 24260 81705 30382 29145 56469 115030 37057 27042 42593 4551 22491 57737 52407 76518
cat_boundaries=0 1 6 11 14 22 23 25 33 40 48 56 64 71 75 79 87 95 97 105 113 121 129 137 138 146 150 158 166 174 182 190 197 205 213 221 229 237 245 253 261 269 277 285 293 301 309 317 325 333 341 349 357 365 369 377 385 393 401 409 416 418
cat_threshold=254 2216755200 402686208 32792 8388609 2415919360 3510636289 0 0 1090519072 15859725 4226809856 127 18542536 1188864 2379520 131073 67633152 2098176 0 2201010432 8825 272 16711824 16711680 4164 2621472788 8 2147782912 2281832448 536870977 269221904 1024 8 2654994448 136 0 0 0 268435464 671678976 536870914 201918600 469762176 1376256 2223046672 1157632001 2 35969058 34080773 67118081 134217856 33556512 4194304 16810049 1081410 6361088 75563137 42993921 2147483680 1081345 1644429316 150995040 6144 823214024 134250546 1120384 270336 0 33 2147485708 346111 72614144 1409286144 5 67459071 1346634752 1409286144 5 0 2359296 0 3825734400 154389657 1073741824 256 512 0 0 0 3825209344 2299776153 0 0 1024 1431590224 1431655765 348127298 1107561473 2147500033 0 41959520 267776 100 35782659 33559124 142610562 805309697 262146 65536 2181300552 16779264 18434 4 264 150996096 134217728 84934688 60833926 1073911872 34402 335544332 1342456064 541590016 2147500544 68 38282244 2952790080 1049160 12329473 8200 4 2298609664 1073873056 2147501056 201917642 65536 160 49152 33554436 8 33952 838893576 536969216 302514298 1835012 3600982016 127 2752163660 2 5 4194304 67633288 2986345252 1183744 1078001684 539500546 83887168 134482958 218366978 50593794 131072 3179072 335548544 1284 6144 1342735104 2147483656 608243714 2768243208 2105344 134217728 2269200 67371040 469768272 335548420 68551168 1157627968 1048710 1048609 69212160 64 580 4788224 34603016 10764288 34820 12608521 2623490 17383424 268511232 541065216 2214613008 32 2265979648 139547140 18434 36198402 1076903936 1074135568 4333568 9044032 262144 1092689922 32896 54543376 32 1073742849 196706 4587586 4096 2164261024 421952 1074266112 197888 150999056 1342185472 323026980 4194306 68288520 34697216 8 8 66 2147483904 151355392 1224748288 1140928130 267392 628800 1073742852 134217734 2281704712 1053712 1074298880 2164982784 1048576 2617247744 18468 36 525312 67109153 2148016128 1484783650 11012112 469809161 2716106762 1611164672 33554432 268435460 0 0 2097920 1073768450 295040 8 671097348 270336 69210112 1094844482 67502125 66048 131080 134432787 1107296264 71352320 270861056 67374080 8392704 33557504 1212154964 268439552 806355468 268469248 67112968 532480 150688 16777221 2230528 16777668 768 1224736768 1124597794 134217729 101714000 52690952 75505664 2171456 176230400 606212 1207976000 1073747072 512 2156970004 16 33816704 3221262357 32912 2785550336 8388672 17041408 34637824 5 268439616 134743104 1090654216 33554432 2501902497 65544 89145873 537075712 276857600 4259840 25239560 562036736 524288 88064 76648457 0 16781312 3239116808 67174656 1073741826 1091839489 73984 4325376 303170888 2147549441 2113536 114816 4392 40960064 1048576 570426128 9502850 271582240 536871427 2151686148 2172649496 67108864 278528 16785408 1631584288 4194304 2562720000 268964420 1073684 163840 82433 8947840 65540 2147483649 10485824 1082175632 2147483648 134382624 24127616 26369 4194432 67110016 2147483904 17039409 217300 269486081 2064 92844326 923374337 2151698048 10 1288 2400 268963844 168045856 2155872768 268436992 136380420 16528 8528897 536871936 268435536 294914 8913168 2600 554442784 42074240 135200 8388864 526344 2097704 234923056 134283521 2147571729 32768 3145728 167772224 1048576 18688 673284224 2684879948 536936657 50348032 1342177312 8391297 0 279042 234889352 269746242 2295232 67174400 0 1109394944 148897800 100909104 2057 50409538 139276 566174496 548053709
is_linear=0
shrinkage=0.3


Tree=8
num_leaves=63
num_cat=62
split_feature=23 41 34 34 41 34 34 41 41 24 19 34 22 34 22 34 22 24 34 34 22 34 38 24 41 41 22 19 41 24 24 19 41 41 41 22 24 19 22 24 19 22 41 41 19 22 24 24 38 41 22 34 22 22 34 21 34 34 23 22 22 23
split_gain=54.2076 93.618 90.4904 80.4984 72.7048 79.8149 70.8831 69.9876 65.3238 72.148 64.5761 91.528 69.0422 66.9815 82.0371 66.2308 62.1458 61.0786 76.0508 61.1103 60.8651 68.08 64.1928 67.4539 60.4481 59.3077 58.9793 61.0342 65.6908 58.2851 57.5448 65.5043 64.0113 57.3537 57.3116 65.6783 60.191 56.0622 55.2538 54.4312 58.0809 67.5074 58.4097 58.3909 57.0827 63.4703 53.9418 53.5546 53.3186 77.0549 53.7925 51.7855 51.7693 51.5345 51.404 50.965 64.6982 52.3555 50.6764 50.5644 50.3179 69.4482
threshold=0 1 2 3 4 5 6 7 8 9 10 11 12 13 14 15 16 17 18 19 20 21 22 23 24 25 26 27 28 29 30 31 32 33 34 35 36 37 38 39 40 41 42 43 44 45 46 47 48 49 50 51 52 53 54 55 56 57 58 59 60 61
decision_type=9 9 9 9 9 9 9 9 9 9 9 9 9 9 9 9 9 9 9 9 9 9 9 9 9 9 9 9 9 9 9 9 9 9 9 9 9 9 9 9 9 9 9 9 9 9 9 9 9 9 9 9 9 9 9 1 9 9 9 9 9 9
left_child=1 2 29 8 5 53 7 60 9 -3 11 16 15 14 24 -13 -6 19 -19 -4 21 -7 46 -24 -12 -16 27 -10 -29 -1 33 -32 -33 -28 35 -9 -37 -35 -21 40 58 42 -42 -43 45 -41 -22 -30 49 -15 -50 -40 -11 -5 -14 56 -20 -57 -36 -59 61 -2
right_child=6 3 17 4 10 20 -8 34 26 52 13 12 54 48 25 -17 -18 18 55 38 22 -23 23 -25 -26 -27 30 28 47 -31 31 32 -34 37 39 36 -38 -39 51 44 41 43 -44 -45 -46 -47 -48 -49 50 -51 -52 -53 -54 -55 -56 57 -58 59 -60 -61 -62 -63
leaf_value=-8.0096805107782187e-06 0.00058569723980297342 0.0009877745591727158 0.00074464027320993436 -9.0650944240664439e-05 -3.7528842620064737e-05 0.00039541006895361545 5.4291005578903261e-06 0.00044746848935436418 0.00045410798176336947 0.00079936137666836735 0.00064169480896763545 -0.00086188505405437172 -0.00026893213575128353 0.00065798976393650823 0.00016209285243132585 -0.00010696648945390207 0.00064242033999556468 -0.00041248654591789498 0.00075017952042054597 0.00025440407948972287 0.00024667085742818135 -0.00058225796741120917 -0.00036312980364603206 0.00025200571026297048 -9.1177699249339256e-05 -0.00039190120715841353 -0.00074993220489331404 0.00039176879908794818 4.4574333469316183e-05 0.0010557698660481711 0.00080412976369177898 0.00059235475648071337 7.3849605334326126e-05 -0.00079036766464133182 0.00082038472854394019 -0.001214610797311798 -0.00023562651457967451 0.00015475158238139087 0.00018843019342592771 0.00074085052373416198 0.00079462389201964516 0.00049487002492987024 0.00028172521371875849 -4.1196427639610839e-05 6.1698342350572022e-06 0.00010268560572982876 -0.00074004543882701828 -0.00054388902971832208 -0.0001640834256833045 2.5350893503242175e-05 -2.8424413781705556e-05 -0.00066611941427572306 -9.7204127197767252e-05 -0.00092306498301025796 0.00019217399804289577 0.0010073596816928411 -0.00011275123370619236 -0.00013394687594936165 0.00025080541026826125 0.00056074155550201257 0.00057171914003664704 -0.00054399038264108955
leaf_weight=424 650 926 778 768 1034 859 473323 1151 932 541 1186 945 1942 2346 1811 5327 2350 1122 791 1349 936 4300 2517 5782 5980 12964 868 1230 1843 901 1268 2270 8434 630 1032 936 1836 4077 755 1035 1095 1649 4032 9524 36230 2459 2271 4134 41000 20022 86398 2305 1309 1732 11394 1134 3256 1493 1480 3322 3196 719
leaf_count=424 650 926 778 768 1034 859 473323 1151 932 541 1186 945 1942 2346 1811 5327 2350 1122 791 1349 936 4300 2517 5782 5980 12964 868 1230 1843 901 1268 2270 8434 630 1032 936 1836 4077 755 1035 1095 1649 4032 9524 36230 2459 2271 4134 41000 20022 86398 2305 1309 1732 11394 1134 3256 1493 1480 3322 3196 719
internal_value=7.68455e-05 -0.00348274 0.017617 -0.00501861 -0.00701341 -0.0246389 0.00178937 0.0109195 0.00996698 0.0535867 -0.00527705 0.00965049 0.00177369 -0.00727642 -0.0227531 -0.0241566 0.0551236 0.0114543 0.0239892 -0.0154068 -0.0171074 -0.04415 -0.00494876 0.00898807 0.0035943 -0.0355244 0.00522997 -0.0158631 -0.0252251 0.09267 0.0150179 0.0267356 0.0190369 -0.0101485 0.00829345 -0.0267598 -0.0517241 0.00298789 -0.029111 0.0106477 0.0239375 0.0173614 0.045826 0.00426463 0.0043487 0.0409013 -0.0409133 -0.03822 -0.00500741 0.00849865 -0.00737933 -0.0513671 0.0190117 -0.0745222 0.0139796 0.0323141 0.0062823 0.0499748 0.0663232 0.0361094 0.0467336 -0.00152053
internal_weight=800303 259956 17630 242326 213864 19165 540347 67024 28462 2776 194699 22992 19608 171707 21941 6272 3384 16305 11118 5187 16665 5159 11506 8299 7166 14775 25686 8139 7207 1325 17547 11972 10704 5575 62459 3923 2772 4707 4409 58536 18812 16300 5127 11173 39724 3494 3207 5977 149766 22368 127398 3060 1850 2500 13336 9996 4047 5949 2512 4815 4565 1369
internal_count=800303 259956 17630 242326 213864 19165 540347 67024 28462 2776 194699 22992 19608 171707 21941 6272 3384 16305 11118 5187 16665 5159 11506 8299 7166 14775 25686 8139 7207 1325 17547 11972 10704 5575 62459 3923 2772 4707 4409 58536 18812 16300 5127 11173 39724 3494 3207 5977 149766 22368 127398 3060 1850 2500 13336 9996 4047 5949 2512 4815 4565 1369
cat_boundaries=0 3 11 19 27 35 43 51 59 67 71 78 85 88 96 100 108 112 116 124 131 135 143 151 155 163 171 175 182 190 194 198 205 213 221 229 232 236 243 247 251 258 262 270 278 285 289 292 296 304 312 316 323 326 330 338 340 347 355 359 363 367 370
cat_threshold=784268429 67244287 8388608 1078001664 6815872 620765184 2 2294382788 262146 470287872 34144256 301569 147458 150994946 10032385 1 268436480 1611161616 292 65536 34603008 1073874468 4262148 2818 167772162 1082131465 33559752 147456 34603084 134348801 2282754056 1107296256 1074277633 539099170 19136512 1107300800 134742016 558381312 0 2197835840 2359328 67117056 12650500 151126089 1610612737 2148794624 32 303039184 327704 71303168 16859649 1140850688 9572356 68159492 50331652 3489661056 42991692 540540928 1441808 120193024 149504 131072 176422916 536875009 109126564 536936448 5120 3442148009 3674400 424296 5 64 1125122048 143667236 436357124 37753024 67207172 131348 33563524 8536594 605030403 16908800 1073741856 3676160 469770240 2150441620 1105360896 1789029384 268853448 2147500032 202637312 2248752 4194304 67108880 339742756 25166336 3422578564 1113950322 554182917 4 263200 8 16512 2150891520 2149843093 131209 570771712 83918848 3288695417 1077940000 2372929042 4 1611579561 2181088407 141837062 4 536871168 2147483648 67404224 268705794 203489666 262208 134217728 10504913 1091584000 153092096 2420377984 285214720 67616 921728 17989638 2752057884 111249665 2191622469 9 806225928 2151677964 65538 2149842944 0 68186112 18881106 524544 8393412 404750352 2112 637804544 268501137 96 19431424 56 3894888579 1296072717 2147571217 1 8482 2281702674 2621440 33557024 84541442 36864 1124155712 32 269486129 2692857856 35651968 1075839488 1049633 2183135232 0 166024 2768458288 2219580436 704751716 4 2 17317888 152068614 35652645 21037132 1074266148 516 135267936 67108866 137953296 335544513 8 3238035456 17039360 17973764 553811988 2299044164 2563278388 8 3146008 3271035586 77097633 13 0 43566336 2152802304 136314899 541073540 604602368 180224 268468265 268472400 6326273 2150760712 1074397184 2151677952 2148794368 75497480 134252585 33554432 136386560 270533504 268967936 134250520 17039364 9453584 268444160 35913792 536887296 134488066 19169296 268703490 84181504 2560 3356024864 655188337 344025184 807643145 688172228 272998442 5 655360 34636800 5267985 65608 17039552 64 41496 542511438 629157395 153110113 2 2754815086 2182350936 25411600 13 589824 113246208 4249619 270664714 8390676 917632 548992 6833714 3498120704 136755624 13 50464768 285237280 6357002 3223453713 9044480 48 134217732 37749764 2281767024 1073774864 2147483648 4751457 33570816 134217856 33755214 98304 0 39854592 67174409 67216384 826343432 973144330 784 1611110484 2151120997 113254412 8 2843842673 1215299594 160437580 547405460 203498752 62952881 2 131072 73715472 128 1107607552 269615105 536871457 17858580 1 2147521584 8448 33622016 2097248 268568867 2147549696 16842888 1537 1092608484 1224790044 604399616 2 570621952 3053785157 2098212 0 1209664512 16657 1536 1620256456 3296748032 2156997536 1658061064 2505102355 2294358068 4 67665920 671187008 50331664 1207975936 184561672 2156151040 37879808 2228256 3266119428 1447986578 1074398208 1115720964 7168 0 1074057216 1107306512 33555584 336592928 153617424 33686016 536872960 268569088 89198594 277086208 33554432 2420113730 870337536 2499954715 8 3003385864 88450150 226502944 13 1121192520 1880662057 3355804166 1 21037104 3412444672 3528809536
is_linear=0
shrinkage=0.3


Tree=9
num_leaves=63
num_cat=56
split_feature=3 38 22 25 19 29 21 34 34 24 34 35 35 35 22 8 35 34 34 35 38 3 4 34 34 35 19 35 4 4 22 35 34 25 22 34 35 35 35 24 22 35 19 34 34 35 21 34 35 35 34 34 23 24 23 38 24 23 22 34 35 24
split_gain=42.8047 520.368 161.008 151.08 152.697 199.346 106.95 93.7485 91.1852 90.7426 88.5455 86.6334 84.6719 84.5202 82.6262 78.5333 86.1567 88.6493 79.7236 98.2323 76.918 102.181 104.789 103.604 93.404 91.6281 88.3873 87.2344 80.7499 143.677 124.731 97.8003 93.1652 92.8013 106.963 86.7992 84.7566 81.6289 76.8695 76.4759 84.2038 74.0981 74.0137 73.8166 63.6868 63.3053 62.8983 85.7587 69.2406 67.8582 80.9302 70.5485 75.6907 73.4794 66.3349 63.127 62.5609 67.0645 65.5824 62.6646 62.5034 62.1581
threshold=0.0075000002980232247 0 1 2 3 4 5 6 7 8 9 10 11 12 13 0.18457031250000003 14 15 16 17 18 0.025833333842456344 0.25083333253860479 19 20 21 22 23 0.029166666790843013 0.035833332687616355 24 25 26 27 28 29 30 31 32 33 34 35 36 37 38 39 40 41 42 43 44 45 46 47 48 49 50 51 52 53 54 55
decision_type=2 9 9 9 9 9 1 9 9 9 9 9 9 9 9 2 9 9 9 9 9 2 2 9 9 9 9 9 2 2 9 9 9 9 9 9 9 9 9 9 9 9 9 9 9 9 1 9 9 9 9 9 9 9 9 9 9 9 9 9 9 9
left_child=1 2 -1 4 10 6 -6 -8 38 -5 61 -12 -10 -9 -14 16 17 -2 19 -18 21 22 24 -24 -17 -25 -27 -26 30 36 35 -32 -33 34 -31 -23 -30 -35 -7 40 -13 -37 -29 -41 -38 -21 47 60 54 50 -48 53 -53 -51 -49 -50 59 58 -58 -19 -20 -3
right_child=15 3 -4 9 5 8 7 13 12 -11 11 39 14 -15 -16 20 18 56 46 45 -22 28 23 25 27 26 -28 42 29 33 31 32 -34 37 -36 41 44 -39 -40 43 -42 -43 -44 -45 -46 -47 49 48 55 51 -52 52 -54 -55 -56 -57 57 -59 -60 -61 -62 -63
leaf_value=-0.0012867094160387167 0.0020178732264460263 -0.00035226126067522298 0.012950125094015972 -0.00064386465226866222 9.8284007944796008e-05 -0.0012104580959447291 0.00011859422118919776 -4.5443574048151162e-05 0.00038296174580039645 0.0025578944380080138 -0.0012183759172337491 -0.00022313466140079849 -9.5797449154985233e-06 -0.0033032744043080806 -0.00069019098741102179 0.00063407180793371661 -0.0018097088724131191 -0.0015688255031305592 0.0023432543420473812 0.00088668371005617681 -3.3283580834263918e-05 -0.0015632297213323454 0.00038496524801180074 -0.00052684344690135277 0.00067919080642459288 0.00040393242509585491 -6.0074922369812765e-05 -0.002609636081724044 -0.0006852303775856059 -1.6022405027385756e-05 0.00088065597855618751 0.00057388847274346877 -0.0011028736344311874 0.00012752298603413423 0.00015327007481241579 0.0025951961425032402 0.0030768090974098443 -2.5334346869833504e-05 0.00073595370584849892 0.00076399127641667893 0.0010708031314410559 0.00041841245326465119 -0.0011471236665921082 -0.00035580774343815124 0.0012502666212129306 -0.00030770646676518107 -0.0019848857914443229 0.00075888576909655093 0.0010939222039310185 0.0012708126525307103 -0.00021326960596626545 -0.00033141629627487493 0.00022689632103842401 0.00023379988598496641 -0.00092659494318636168 0.00017847181195901419 -0.0011761028402736894 0.0010667259354432128 0.00051341395883572805 0.00010495151519583733 0.00087170471650681693 0.0015611265159111429
leaf_weight=1055 1242 543 4045 679 1730 542 1059 862 2260 1357 1258 1550 6414 6428 14388 1490 1049 442 582 1125 343051 674 2509 1817 1008 1475 14388 1024 523 44079 1415 1345 9158 13425 96540 666 444 102522 2804 1355 2695 3723 8824 8047 2712 6891 751 654 3198 1625 4757 11367 23698 3445 1488 13401 637 4300 1445 2371 2533 1419
leaf_count=1055 1242 543 4045 679 1730 542 1059 862 2260 1357 1258 1550 6414 6428 14388 1490 1049 442 582 1125 343051 674 2509 1817 1008 1475 14388 1024 523 44079 1415 1345 9158 13425 96540 666 444 102522 2804 1355 2695 3723 8824 8047 2712 6891 751 654 3198 1625 4757 11367 23698 3445 1488 13401 637 4300 1445 2371 2533 1419
internal_value=5.62267e-06 -0.00766713 0.0839202 -0.0161149 -0.0191807 -0.0300912 -0.0659697 -0.0800502 -0.016374 0.0638671 0.00442561 -0.00347924 -0.0230909 -0.0921939 -0.0290862 0.000632996 0.00909968 0.034654 0.00561011 -0.0207888 -0.000495394 0.0029315 -0.0129729 0.000341729 -0.0347425 -0.00776621 -0.000434636 -0.0443872 0.00479822 0.00610612 -0.0152446 -0.0319866 -0.0419686 0.00526176 0.0104422 0.0241773 0.0649551 -0.00102191 0.0298391 0.00349219 0.0368569 0.0396046 -0.053002 -0.0115997 0.0833333 -0.00941702 0.00915851 0.0223889 0.0147016 0.00281897 -0.0283695 0.00710638 0.00231775 0.0401416 -0.0359331 0.021257 0.0244053 0.0408195 -0.00343832 -0.0128495 0.0684042 0.0641337
internal_weight=800303 60490 5100 55390 53354 36487 10079 8349 26408 2036 16867 14905 23062 7290 20802 739813 87001 10437 76564 9065 652812 309761 32535 20189 12346 17680 15863 10856 277226 260245 16981 11918 10503 256566 140619 5063 3679 115947 3346 13647 4245 4389 9848 9402 3156 8016 67499 21856 18741 45643 5508 40135 35065 5070 2142 16599 9195 6382 2082 2813 3115 1962
internal_count=800303 60490 5100 55390 53354 36487 10079 8349 26408 2036 16867 14905 23062 7290 20802 739813 87001 10437 76564 9065 652812 309761 32535 20189 12346 17680 15863 10856 277226 260245 16981 11918 10503 256566 140619 5063 3679 115947 3346 13647 4245 4389 9848 9402 3156 8016 67499 21856 18741 45643 5508 40135 35065 5070 2142 16599 9195 6382 2082 2813 3115 1962
cat_boundaries=0 7 10 14 21 22 24 32 40 44 52 60 68 76 80 88 96 104 112 120 128 136 144 151 159 163 171 179 183 187 195 203 211 219 223 227 235 242 250 258 266 268 276 284 292 300 308 311 315 319 327 331 334 338 345 353 357
cat_threshold=1261516 49152 0 0 0 0 256 537463807 65633 1024 1073762373 0 1 65537 0 16785423 187710480 369098764 403046400 16 180392 28 17039615 16896 2147500048 3221357058 134742272 266816 104924225 1048578 2269118593 64 8224 2197815552 2158101504 68225025 2147746304 16933376 604045568 33556994 268435584 1350566660 3218363158 15 2315260962 32832 2256539648 4325408 268435584 2483290144 33559041 2232352 805568768 1074790432 1073742145 32769 411042128 184549664 73547780 264192 83960064 134217728 805306433 537395202 3255894016 279715936 134250496 4538368 268435968 8264 131392 1074799491 673190914 16778240 819216 100696320 6298623 805444416 8388660 2 134234120 8389632 262280 4493313 140542720 268566745 12800 69206528 2228224 136323716 8454160 290988040 536871173 3 4325392 8388632 262145 1536 807405832 274690 1344 67108881 2130211 6325264 4096 136847368 131072 2189565952 1342247936 536908322 1091305608 4235264 822083584 2353020962 71681 3288334848 17006720 1 18352140 17 405576 67371009 33951744 33280 2315535368 2157970496 268574736 262144 268959744 35685888 1083179522 16 833 2952794113 336855113 34817 33554496 268468738 8195 2048 308544592 1179656 1143228480 52 0 2231370752 176281600 33775648 12589085 536875030 8 41943040 206021 268959776 131074 2155872257 33808 2684370945 67121728 1075053685 1881097985 234947408 6 100794500 65539 536870928 134742528 46137348 1048648 1656320 35661888 134300164 8388612 673185794 25166352 393216 538247296 2097224 11018772 65559 1 1 65536 4202411 3912105984 2625765436 9 536871970 33587216 42754 67109120 537264168 44171776 16384 25199621 3221487616 545271840 8192 134217740 327684 10494976 1052704 19761217 1074791425 268500992 268445696 609222848 67109938 1141067777 16810024 1 662608 2147484928 268567553 268441600 65536 563118336 4194720 33570849 5447728 1142161632 3176595768 13 2147488579 1610675217 2150026166 6 10847042 268435472 537167936 2181038120 98304 2281766912 263240 67108932 1 54544384 2159116843 32768 566249472 76152864 16392 9175556 1050632 0 16777217 152080385 16640 90259848 33580048 67240449 539305984 1081090080 2281701376 24 33720321 32768 56 612369744 1074135106 561168 136317952 50593792 66816 2 524372 15745279 612380679 2148029776 2134018 8945664 71303201 134218368 17335424 33554432 1572898 16941056 32816 3238543362 134218592 1049600 2147483648 1409549328 4458757 43002881 137232 67840 67649546 17301546 671121408 65574 2 2101252 327685 2 71958528 2416205959 8388672 786496 8454784 69210194 2113536 33570880 557056 524304 16781344 3222298824 327950 1743465992 34932194 1063940 3272624529 76546575 441747272 8 51266253 33685794 328338950 5 8534148 268452096 1056833 1074061568 136314896 577 2375680 1056 1076895922 3985903624 556343507 1 1216545804 720529264 2193687555 583766 3225465600 8871438 2 109318146 805568528 4642 8536064 77594664 2147485248 1052673 1073741857 272642565 34095104 151060480 8392704 2190476292 32 8650753 3489860101 355487248 352322464 5
is_linear=0
shrinkage=0.3


Tree=10
num_leaves=63
num_cat=58
split_feature=1 18 22 34 34 34 41 41 35 22 35 35 35 35 41 19 23 34 41 22 34 34 23 23 7 1 18 23 38 41 34 22 34 34 22 19 35 34 35 41 34 35 41 35 34 34 35 34 35 41 34 22 1 41 35 34 34 41 41 41 34 41
split_gain=53.8423 185.566 150.793 117.925 103.997 97.3543 96.1852 90.8916 88.7928 85.6332 92.8701 85.5894 85.2403 84.7799 80.2131 87.9652 77.5436 76.4978 75.2746 73.4009 73.0416 71.6831 70.2494 69.6987 101.012 155.032 245.215 182.303 136.063 123.767 120.097 114.613 115.275 110.472 101.957 98.7046 93.8699 93.9132 90.9801 89.1158 101.782 89.4876 87.9315 87.6769 95.6953 82.5114 82.7715 79.3991 78.2321 116.083 81.9574 76.7848 76.5924 115.339 116.668 94.7491 86.9459 86.6478 85.8547 79.797 88.3247 78.846
threshold=0.10750000178813936 0 1 2 3 4 5 6 7 8 9 10 11 12 13 14 15 16 17 18 19 20 21 22 0.082031250000000014 -0.047499999403953545 23 24 25 26 27 28 29 30 31 32 33 34 35 36 37 38 39 40 41 42 43 44 45 46 47 48 0.054166667163372047 49 50 51 52 53 54 55 56 57
decision_type=2 9 9 9 9 9 9 9 9 9 9 9 9 9 9 9 9 9 9 9 9 9 9 9 2 2 9 9 9 9 9 9 9 9 9 9 9 9 9 9 9 9 9 9 9 9 9 9 9 9 9 9 2 9 9 9 9 9 9 9 9 9
left_child=23 2 5 -4 12 -2 -5 22 -7 10 -9 -8 -3 -11 -10 -16 19 -13 -17 -14 -15 -12 -6 43 36 26 27 33 34 51 -30 32 -31 -26 -29 -33 37 -25 -35 40 -27 -42 47 44 -1 46 -44 -38 49 -41 -51 -28 56 -54 57 -56 58 -55 -45 60 -58 -57
right_child=1 4 3 6 7 8 11 9 14 13 21 17 16 20 15 18 -18 -19 -20 -21 -22 -23 -24 24 25 39 29 28 30 31 -32 35 -34 38 -36 -37 42 -39 -40 48 41 -43 45 52 -46 -47 -48 -49 -50 50 -52 -53 53 54 55 61 59 -59 -60 -61 -62 -63
leaf_value=0.00042298924166460692 0.00054570630654889529 -0.00027572524224403868 -0.00045643009897824809 0.00031747387986620401 -0.00059670428570000639 0.00050786681701250913 0.00024694751664372039 0.00070474163591215122 0.00054434724649441509 0.00044647739356559068 0.00052594280345520986 0.00012663527611986707 0.00057780640581399422 -0.00022197439891778886 0.00044305490521889145 -0.00053724690643432659 0.00061152465109530886 -0.00021110725653971879 -3.6849887405333087e-05 -0.0001785172234154302 6.7331191573470815e-05 0.00014942610655301365 -2.193416456106247e-05 0.00039035888108850174 0.00069932408579768469 0.00042159802177171477 3.0589244290205931e-05 -0.00031170089992343779 -0.0009637353042212444 0.00045192399205068912 -0.00026120572534584033 -0.00017900462589404882 -0.00029616673045012269 0.00067497643858873324 -0.001297356389183852 0.00013926434884881775 0.0005005907672761007 -0.00020491946404311052 -0.00027146643750245608 -0.00062815737621617872 -0.0010155874265930609 -0.00024060723772026263 0.00045021968612489818 -0.00034711706127855165 -0.00019031062158151861 9.6341615238426141e-05 -0.00016872492754880483 -0.00025402345744350563 -2.2602193321450422e-05 -0.00043343972791425658 0.00031217010089407555 -0.00057957952904026905 -0.00060858730003772855 0.0005773233375302515 0.00040176898637584216 0.00057976399168602189 0.00099588592118842302 -0.0004606343669561969 0.00031921413916752148 3.8149353580569659e-05 0.00021210459852601292 -5.4529164957150423e-05
leaf_weight=2460 1786 529 3285 1841 845 1439 1939 1188 893 2223 1539 3055 435 2631 923 1312 3089 17791 8170 919 19435 8719 1781 1829 1075 2318 1934 2028 1394 1551 10173 7899 14366 841 4761 29168 1067 15326 6776 1983 1876 20141 1619 1845 20660 121981 14714 10256 188394 1771 18772 4074 3454 663 3362 2169 1671 4730 18467 135004 10781 21183
leaf_count=2460 1786 529 3285 1841 845 1439 1939 1188 893 2223 1539 3055 435 2631 923 1312 3089 17791 8170 919 19435 8719 1781 1829 1075 2318 1934 2028 1394 1551 10173 7899 14366 841 4761 29168 1067 15326 6776 1983 1876 20141 1619 1845 20660 121981 14714 10256 188394 1771 18772 4074 3454 663 3362 2169 1671 4730 18467 135004 10781 21183
internal_value=-5.43541e-05 0.007048 -0.00705366 -0.0199513 0.0208536 0.0177296 -0.0128095 0.01555 0.00849477 0.0195121 0.0408972 -0.0181471 0.0616372 0.00941936 -0.00047744 -0.00791973 0.0752188 -0.0237607 -0.0165578 0.014934 0.00377751 0.0316066 -0.0382107 -0.000906879 -0.00292502 -0.0060346 -0.0169313 -0.0405765 -0.0575239 -0.00608094 -0.0376457 -0.00144916 -0.0227321 -0.00475642 -0.091266 0.00769438 0.00306486 -0.0179472 -0.017499 -0.00204925 -0.0192344 -0.0255345 0.00547481 0.00344298 -0.0140584 0.00755606 -0.0124625 -0.0199294 -6.54232e-05 0.0166386 0.0233374 -0.0468438 0.00543373 -0.00721255 -0.00159718 0.00653296 0.00811468 -0.0417946 0.0265105 0.00557816 0.0285462 -0.000256799
internal_weight=800303 85767 42434 27911 43333 14523 24626 38361 12737 35735 11446 22785 4972 24289 11298 10405 4443 20846 9482 1354 22066 10258 2626 714536 488087 321295 86040 27048 18356 58992 11567 52984 15917 8692 6789 37067 166792 17155 7617 235255 24335 22017 149637 226449 23120 138314 16333 11323 210920 22526 20543 6008 203329 35561 32107 26714 167768 5393 20312 147456 12452 23352
internal_count=800303 85767 42434 27911 43333 14523 24626 38361 12737 35735 11446 22785 4972 24289 11298 10405 4443 20846 9482 1354 22066 10258 2626 714536 488087 321295 86040 27048 18356 58992 11567 52984 15917 8692 6789 37067 166792 17155 7617 235255 24335 22017 149637 226449 23120 138314 16333 11323 210920 22526 20543 6008 203329 35561 32107 26714 167768 5393 20312 147456 12452 23352
cat_boundaries=0 7 11 19 27 34 42 50 58 61 69 77 85 93 101 108 112 120 128 131 139 147 150 154 161 165 173 181 189 193 201 209 213 220 228 236 244 252 260 268 276 284 292 300 308 316 324 332 340 344 352 360 368 376 384 392 400 408 416
cat_threshold=786672 805568519 0 536871168 1050112 2148532736 8388608 86417408 4270587904 270576383 2 33556488 2392352 18874432 71305284 20972162 66048 2684387328 4755457 2147483713 1048576 273682433 538974208 667712 12288 142918209 33620228 4100 536 2352220160 71335944 1073741833 134766608 7471130 1049600 8389760 8388640 2550403136 536874548 2326658 545259520 264705 2149597221 2420119552 302007440 0 0 169345152 68698250 65560 136316704 17825792 2151948544 67108992 604110848 537264160 2215706948 33280 26142655 1073774592 1107360720 276844560 36961 525312 0 12288 579895312 2891786 529413 809771136 262292 2147680257 34750464 35652160 1075840514 268468240 4096 33296 2148532224 2164326402 8497665 16777345 537133058 2150105106 25165824 30410752 142704640 537135104 1115684870 1024 1879606272 8622080 67125760 34 335544336 536879136 262208 134353025 3242196994 134348808 2720772 0 3239055360 68190720 27283456 402718854 310935560 262848 17831074 873267224 1962619393 2 17313792 537004228 1250427904 8912898 537265152 4204544 17472 262152 16785536 704775298 8519680 33718528 1627930628 335548928 558096 1 146837635 10093130 245957846 1073742978 33587200 1141384352 3464626184 360456 8388608 8 67633296 704643072 38273032 2703872 226762752 2152742912 536889408 4096 671752 152308032 2621836016 2987484305 0 3760260096 4286568471 7 196611 8 524608 0 2147483648 3147265 1 0 534681856 8398592 8 8384 0 0 0 134217728 0 2452406272 9849 67112448 20488 9216 1024 3221242885 536873986 2214670856 83904516 525315 4325409 35667974 339738880 2147485251 8389152 132108 128 399523841 4204527616 67127999 8 33751040 67108864 1073750144 80 268567304 167772160 1744877826 67110407 306464776 8 100663360 545390612 67125248 536938512 1073746448 17336336 2097417 4294576128 557842623 10 524288 2160066821 16804356 10502170 603981849 570425364 688128 8400896 1342193680 2684485824 1073766400 71307288 24117376 201457665 1181696 163856 2147569808 274743552 18432 604509216 16386 1157629074 256 198856 4194304 33024 134220042 10488194 1073741824 2281706500 34849 2119680 2155872840 2147483648 18907177 337641474 2099200 39985184 3149856 2147485704 1073807360 3145729 8272 83888136 134283268 3456768136 32785 26214400 131072 541328384 787648 67109904 35717264 75808776 852224 2147493217 106037248 67108864 38920 84967441 2048 67109698 4325392 6553872 0 268603396 536870912 196673 67698732 3491825796 131078 3145 1073746304 2147811480 49168 33558532 8392704 69273088 69222656 1610899528 2147483652 131072 50356232 537788416 2326536 1211105280 67240962 67174720 20979712 1075839000 75497472 2684617220 32 1074352144 98374 2176 41943041 33686016 2181038082 8388612 67846156 2349335824 16793668 16785408 2114056 537935872 2166382656 65673 3145736 2185494528 17449504 536871456 805307776 150999040 2685403396 4751360 73796 201332224 33570824 16810256 36438016 441450528 67108868 138412060 268697666 9480 33562656 2348811525 2766221377 3750761216 9 262272 539231362 16777216 2181300230 17043457 67108928 286796336 5251072 64 1073741966 1646264576 2148237376 53250 805322752 1609728 67403792 136839177 2147484304 426080 2852274176 16786056 147521 0 18890752 33579077 4194308 2148532352 5242892 8454656 2218098752 655496 65792 352321540 532480 3263176704 1082131528 3758096384 51385392 100663296 69696 16785408 201589760 2224209952 536875008 142807044 1073758226 1155072 136 33554560 6359108 134235265 2101248 1629487104 1819279376 4608 4194328 807403552 2147516496 134627856 2065 2147485826 0 180355329 75498497 2147483652 4325632 4160 268464128 1111506944 136317568 1075855690 165377
is_linear=0
shrinkage=0.3


Tree=11
num_leaves=63
num_cat=55
split_feature=3 41 24 34 23 21 22 6 39 40 39 19 19 34 34 35 19 35 35 20 41 41 41 40 35 34 35 41 22 23 8 3 19 6 8 1 34 41 34 34 38 41 41 41 34 41 35 34 22 35 35 34 35 34 41 19 34 22 41 19 24 41
split_gain=44.1396 91.9493 84.4182 55.5083 55.5298 44.8254 42.8888 42.2779 195.415 185.578 156.95 280.851 127.495 99.4784 91.125 94.3312 90.8489 108.54 89.6809 93.0898 107.457 102.442 89.2496 88.0311 81.5138 79.4414 74.7076 83.8547 75.4227 73.9633 70.9845 125.899 150.183 115.011 98.4268 128.194 97.2216 97.0659 91.7908 91.4728 88.6085 88.1755 87.8084 85.6577 87.4919 91.1296 96.63 86.2677 84.4468 90.8678 87.3661 84.0701 83.2711 83.0961 78.6885 78.5027 74.5903 73.8892 73.2409 69.864 67.6665 66.7588
threshold=0.18583333492279056 0 1 2 3 4 5 0.070599462836980834 6 7 8 9 10 11 12 13 14 15 16 17 18 19 20 21 22 23 24 25 26 27 0.34082031250000006 0.042500000447034843 28 0.27958343923091894 0.70605468750000011 0.027500000782310966 29 30 31 32 33 34 35 36 37 38 39 40 41 42 43 44 45 46 47 48 49 50 51 52 53 54
decision_type=2 9 9 9 9 1 9 2 9 9 9 9 9 9 9 9 9 9 9 9 9 9 9 9 9 9 9 9 9 9 2 2 9 2 2 2 9 9 9 9 9 9 9 9 9 9 9 9 9 9 9 9 9 9 9 9 9 9 9 9 9 9
left_child=7 -2 5 -4 -5 -3 -6 8 22 13 11 -11 -13 -10 15 -12 17 -16 -15 21 -21 -20 -1 -14 -18 -24 -27 29 -29 -28 43 34 33 38 36 -36 52 53 -33 -39 51 -40 -42 47 45 -45 -47 -9 49 60 56 -38 -32 -35 -51 -52 -50 -49 -54 -17 -46 -34
right_child=1 2 3 4 6 -7 -8 30 9 10 14 12 23 18 16 59 24 -19 19 20 -22 -23 25 -25 -26 26 27 28 -30 -31 31 32 61 37 35 -37 40 39 41 -41 42 -43 -44 44 48 46 -48 57 50 54 55 -53 58 -55 -56 -57 -58 -59 -60 -61 -62 -63
leaf_value=0.0011415329801771153 0.00029988115449461279 0.00057175594009695868 -0.00089093672656949852 7.3582174821089301e-05 -8.5527155589186713e-05 -0.00013667382527486542 -0.0005970371047204835 0.0023294219469182902 -0.00036335034519052078 0.00055044057536447148 0.00081405486911584704 -0.0011943159024760937 -0.0011000912801231836 0.00071086840743262217 -0.00058160222066429811 -0.00049989176332924641 -0.00049538504608224456 0.00016676509447195622 0.00071465624560013391 -0.00052979608315154773 0.00040419276953495165 -0.00014464706337285782 -0.00047574755432779059 -0.00028505502397525997 -0.00013822870904811946 -0.00056997292758232494 -0.0018053059506284508 -4.8761585867565165e-05 0.00056421752888425594 7.6166308732140631e-05 0.00059871653412056798 0.00022524292914903843 0.00015495044938542178 -0.00065768653855633071 -4.7912276673901154e-05 -0.0018004914657975355 0.00070187864183975828 -0.00046899331297268164 0.00022467845842161677 -0.00012293158572383595 0.00078777657555637167 -3.1567358393048208e-05 -2.9633171121955875e-05 -0.0014171311871061703 0.0020905465659684544 -0.0017308759629357446 4.740885283333182e-06 0.0014234493994601074 0.0022543195761435876 0.00068865459587815489 -0.00039623400849768891 -0.00073012776782516501 0.0004747453549217729 0.00030832992455635751 -0.00030579831684202302 0.00028907580163414277 0.00063302645268343497 8.2849701674326382e-05 -0.0010379632098757336 0.0001582715429156539 0.00022875669909149958 3.0582210940811882e-05
leaf_weight=2183 643 337 418 571 431 729 909 1038 2920 2409 1022 3075 3182 2349 1374 1296 5788 10932 1137 1173 12236 12146 2516 14851 51905 1512 673 5306 16605 1610 674 7062 27278 903 2227 2230 874 7280 5374 65186 2209 52714 33088 1657 1002 956 10563 2517 1049 2951 4990 7048 701 6574 24093 53851 5153 5244 4739 7542 2162 287136
leaf_count=2183 643 337 418 571 431 729 909 1038 2920 2409 1022 3075 3182 2349 1374 1296 5788 10932 1137 1173 12236 12146 2516 14851 51905 1512 673 5306 16605 1610 674 7062 27278 903 2227 2230 874 7280 5374 65186 2209 52714 33088 1657 1002 956 10563 2517 1049 2951 4990 7048 701 6574 24093 53851 5153 5244 4739 7542 2162 287136
internal_value=-5.81027e-05 -0.0313366 -0.0509832 -0.0829132 -0.0603743 0.0189238 -0.0936389 0.000100594 -0.00416305 -0.0090455 -0.0152223 -0.0367589 -0.0478409 0.0109311 -0.00887556 0.0181118 -0.0126794 0.010716 0.0162427 0.0112792 0.0289025 -0.00652124 0.0175658 -0.0381546 -0.0176709 0.0130268 0.0180107 0.0220606 0.0277654 -0.032549 0.00122136 -0.000299825 0.0013077 -0.00667585 -0.0140318 -0.0567167 -0.0101733 -0.0143011 0.00267988 -0.0176578 -0.00515602 -0.00124957 0.00128295 0.00788207 0.00556903 -0.0173339 -0.00783105 0.0363296 0.00873896 -0.00436796 0.0148259 -0.0338039 -0.0455436 0.0182267 -0.0100015 0.0112501 0.0486643 0.025357 -0.057887 0.00806778 0.0436398 0.00499195
internal_weight=800303 4038 3395 2329 1911 1066 1340 796265 165742 135337 103376 23517 21108 31961 79859 9860 69999 12306 29041 26692 13409 13283 30405 18033 57693 28222 25706 24194 21911 2283 630523 513297 459507 145093 53790 4457 49333 79943 65150 72466 43219 58088 35297 117226 108427 13176 11519 8799 95251 30208 65043 7922 6114 7477 27044 58841 6202 7761 5440 8838 3164 314414
internal_count=800303 4038 3395 2329 1911 1066 1340 796265 165742 135337 103376 23517 21108 31961 79859 9860 69999 12306 29041 26692 13409 13283 30405 18033 57693 28222 25706 24194 21911 2283 630523 513297 459507 145093 53790 4457 49333 79943 65150 72466 43219 58088 35297 117226 108427 13176 11519 8799 95251 30208 65043 7922 6114 7477 27044 58841 6202 7761 5440 8838 3164 314414
cat_boundaries=0 8 11 19 22 24 27 32 37 42 49 56 64 72 80 87 94 102 103 111 119 127 132 140 148 156 164 167 170 177 185 192 200 208 216 224 232 240 248 256 264 272 276 284 292 300 308 316 324 331 339 343 351 358 362 370
cat_threshold=5 2147500562 5771297 403710784 8519680 268443648 262 29376576 1038107445 137499017 285316104 1124466688 344906112 2147484176 268435456 33554432 4195872 32769 1048577 1129398848 109584397 2974555073 3858866321 294654056 470810624 101199376 64358477 2147812928 402817088 49152 8388621 3489660928 29360128 268688896 244646015 57360 131072 32 256 524288 1560295184 16391 0 2097152 260065285 503521404 4196361 16785410 16392 0 526345 2097664 2049 17080324 1544519692 1516352 524288 2052 2418081824 2844264452 256 33554432 1791266848 565504 1073743872 1074806784 318800156 420093954 3145729 1040 536872976 33955840 656896 40961 1049378 536870912 404750344 8683716 8388608 69445636 524290 2164279297 1175559 201336852 67379200 112 40972 1108074504 37888 83886336 1109458952 555745296 16785600 16452 1883586562 32768 6144 42144034 2148827409 131080 142606336 4096 344 268806784 671088676 526336 33555232 5280128 276825088 16384 8404992 12960 320 2181048576 33554690 1073775104 35914752 2214592512 266754 2147483673 2151710720 4339712 16781572 1073873412 52 16814081 266274 2147485984 0 0 1157629984 11538441 1622410241 539017408 134144 9043968 65604 26 67276800 1050624 402661384 16 33563136 3355481106 134283488 134283264 436208648 794656 4456448 2147500032 514 4210709 11012112 2147615488 290 71707904 411981572 33687552 384 3892314240 71303168 4982784 268435488 69206016 3389039538 3758098465 1678266368 3985999394 68067363 302155024 0 75497487 159451137 134423616 608176329 16801792 49408 4243488 8651392 1224769856 203685889 2147762176 805437442 200704 155648 6455296 2147615308 0 549585040 1055238 3232367364 4194304 2701172744 2048 3532652544 2393092 131072 139392 1611990024 4194369 545783944 33024 2147484673 819456 17 1612972544 538988665 8421376 269557632 528 8320 0 402718848 536870912 2166390792 33 541065223 117538817 16908304 22536 541196804 524480 134217920 18874400 4210704 2359553 134219776 1140883496 4460549 147849248 1074291713 512 268460549 67584 268448896 2392066 5245056 134218056 536887297 33636480 2701328384 268435456 1344323586 67637250 268713996 67117058 2149580852 132224 2088 235032576 14811140 4096 352387122 285212672 8454560 2097224 2129920 1078198416 268566528 2160590923 1092616192 262176 3229614082 2129921 1605632 1075939360 33566720 88522752 2101504 34 132480 512 564990 2614894850 2550136841 2 2621440 285495296 294912 1053824 1074797184 2144 587206666 34560 2148270080 263296 2147491840 3221496322 2166359050 4195394 143370 147584 134218816 32768 268435489 1180674 68612 2148585472 9454720 109117992 557056 1026 196612 33556737 67108867 20971521 3019918482 1114384 33624064 16797700 8945856 2147549184 16957953 16859136 25165826 16928 71437664 1075843105 1140867072 655360 671089160 2164555776 272633856 394240 0 2048 2281750539 268438580 92467202 1351090218 8320 306194628 1024 532488 134234112 1582080 1880098945 6153 32776 2376204304 1166547218 1848918180 3 0 50364448 144713728 1344274432 281550848 67109889 131592 75630848 1 3334479105 32784 1025 302014465 1509949568 1056824 72702082 3392283208 275161098 8 1610613248 134250497 605552776 536875028 67190816 4194306 204611840 540674
is_linear=0
shrinkage=0.3


Tree=12
num_leaves=63
num_cat=58
split_feature=4 38 4 38 22 35 34 34 41 35 34 22 35 24 24 24 23 24 23 34 4 38 22 34 34 41 35 41 22 34 34 35 24 41 4 38 34 34 35 41 34 22 35 34 21 34 24 23 18 23 24 24 23 23 24 35 41 23 34 24 23 34
split_gain=36.7433 249.773 151.959 197.045 105.14 114.259 106.13 98.5282 84.5596 76.603 75.9942 83.7676 68.7835 67.8367 62.1855 59.5597 59.3283 58.9163 56.2971 55.6218 52.9392 126.943 108.145 104.124 95.084 87.1399 83.2015 81.2965 73.7129 88.0088 68.4316 73.4772 71.8633 61.2137 60.6465 194.036 98.5643 93.7563 81.9656 83.3267 68.5668 66.7575 67.5276 56.9282 54.183 52.3878 52.1529 50.1275 49.4914 47.1497 45.36 44.1468 43.316 41.3487 39.4602 38.0843 73.0291 68.3751 70.1077 69.1024 66.9399 73.151
threshold=0.015833333600312475 0 0.012500000186264517 1 2 3 4 5 6 7 8 9 10 11 12 13 14 15 16 17 0.029166666790843013 18 19 20 21 22 23 24 25 26 27 28 29 30 0.035833332687616355 31 32 33 34 35 36 37 38 39 40 41 42 43 44 45 46 47 48 49 50 51 52 53 54 55 56 57
decision_type=2 9 2 9 9 9 9 9 9 9 9 9 9 9 9 9 9 9 9 9 2 9 9 9 9 9 9 9 9 9 9 9 9 9 2 9 9 9 9 9 9 9 9 9 1 9 9 9 9 9 9 9 9 9 9 9 9 9 9 9 9 9
left_child=1 10 4 19 6 17 -3 -7 -9 -10 -1 18 -8 -5 -13 53 -17 -6 -12 -4 21 25 24 50 -23 -2 49 -28 54 -30 -26 -32 -33 -29 35 37 -37 -22 -38 -40 -41 43 -43 -39 -31 -44 -21 -15 -45 -25 -24 -46 -48 -14 -27 56 57 -36 -59 -60 61 -58
right_child=20 2 3 13 5 7 12 8 9 -11 11 14 15 47 -16 16 -18 -19 -20 46 34 22 23 26 30 28 27 33 29 44 31 32 -34 -35 55 36 38 41 39 40 -42 42 45 48 51 -47 52 -49 -50 -51 -52 -53 -54 -55 -56 -57 60 58 59 -61 -62 -63
leaf_value=-0.00080514534387784531 -0.0022134975033229341 -0.0022595664715231323 0.0049647316232447761 -0.0023589211035928226 -0.0012097365504795043 -0.0036275488216946754 -0.0013927212546823453 0.0018550096365668024 -0.0031394254517148009 -0.00089369949512443816 -0.0013119615741167096 0.0017906869674094634 -0.0020009165973067394 0.0018384509491642278 0.004911921844502988 2.6087556756732673e-06 0.0023013617714876624 0.0021010855043639386 0.0023053279453874582 0.00016047375800274028 -0.0010212537282997393 -0.0023956572299945749 -0.0012194055960864736 0.00018040083731512061 0.0029957041433318426 0.00075151163535928001 0.0010387285243941352 -0.0030313199144564504 0.0026945673952362028 -0.0013597422059020803 0.0029960050817144923 0.0015288469094536614 -0.0007110331618883117 -0.0010542158226492387 -0.00065435499232393798 0.0017584202580355908 0.00141578719844858 0.0033259472537051507 -0.0023870436991937491 -0.00198153613356126 -8.9481403586039906e-05 -0.00031740702677883508 0.00077365900521093108 0.0016159742464535445 0.0031941430998307483 0.0033212130148382786 0.00084765038339828711 -0.00071273835674137156 -0.00067710108271568461 -0.0038273674831117684 0.0015613082418698871 -0.00010951764704064988 0.0039082812343267052 0.00064224109006118756 0.0037054987875756191 4.8270161531070956e-06 -0.00047508014921527893 0.00038428723188654558 0.00022544472575101849 -0.00057730823398004173 2.1101606066124817e-05 -8.7913402283376868e-05
leaf_weight=535 615 697 430 552 433 1234 562 685 1187 7357 427 1048 416 437 2401 833 2217 1047 911 652 554 645 430 210 642 321 873 1047 541 789 544 1157 2601 8661 2379 749 699 313 916 658 3220 320 422 738 320 1849 432 973 789 1075 1051 843 1229 929 826 647388 2747 1156 1283 2533 56510 24265
leaf_count=535 615 697 430 552 433 1234 562 685 1187 7357 427 1048 416 437 2401 833 2217 1047 911 652 554 645 430 210 642 321 873 1047 541 789 544 1157 2601 8661 2379 749 699 313 916 658 3220 320 422 738 320 1849 432 973 789 1075 1051 843 1229 929 826 647388 2747 1156 1283 2533 56510 24265
internal_value=3.7467e-07 0.0107507 -0.00319978 0.0446781 -0.0160066 -0.0319448 0.0176844 -0.0429881 -0.0322368 -0.0403927 0.0690663 0.0810794 0.0331455 -0.0279634 0.105836 0.0458134 0.0689745 0.0458444 0.0168888 0.0963702 -0.000383988 -0.0145001 -0.0250158 -0.0396811 0.010016 0.0322709 -0.0490486 -0.0401869 0.0499452 0.0207185 0.024213 0.0104311 -0.00461534 -0.0480864 5.28357e-05 0.0219343 -0.0133354 0.0659796 -0.0273024 -0.0413233 -0.0219023 0.0805536 0.111679 0.036285 -0.00916489 0.129961 0.0770322 0.00717289 0.0118907 -0.120971 0.035164 0.0319148 0.10526 -0.00685324 0.112597 -0.000279981 -0.0060307 -0.0346733 -0.0145666 -0.0341692 -0.00350516 -0.015786
internal_weight=800303 27624 22302 4705 17597 11943 5654 10463 9229 8544 5322 4787 4957 1962 3449 4395 3050 1480 1338 2743 772679 23191 18936 13347 5589 4255 11866 10581 3640 2493 4944 4302 3758 9708 749488 11227 6242 4985 5493 4794 3878 4431 2591 1840 1952 2271 2313 1410 1527 1285 1481 1163 1661 1345 1147 738261 90873 7351 4972 3816 83522 27012
internal_count=800303 27624 22302 4705 17597 11943 5654 10463 9229 8544 5322 4787 4957 1962 3449 4395 3050 1480 1338 2743 772679 23191 18936 13347 5589 4255 11866 10581 3640 2493 4944 4302 3758 9708 749488 11227 6242 4985 5493 4794 3878 4431 2591 1840 1952 2271 2313 1410 1527 1285 1481 1163 1661 1345 1147 738261 90873 7351 4972 3816 83522 27012
cat_boundaries=0 8 16 19 27 35 43 51 59 67 70 78 82 86 90 93 97 101 109 117 121 129 137 145 153 160 164 171 179 187 190 198 206 214 222 230 237 244 248 256 264 266 274 278 282 289 293 297 301 305 308 312 320 328 332 340 343 346 354
cat_threshold=1207961088 301992208 1260736 1610612736 268451841 1073741828 2147485700 1608 823204096 2355101730 8 67112960 8 0 322469888 8241 70255825 1880362794 340866630 67109056 8199 536871424 7610756 109054080 134250516 553714688 16384 33554436 8448 16714 8706 2151686313 3356756000 10487808 168 4227073 2684354625 36962336 268435456 8218 1073905667 33820800 8554048 2147501076 2637952 67108880 553779232 2751926912 131072 268453889 33556480 159383809 270680192 2097152 152576 16906 335552520 20578 524810 849870856 512 155206656 131089 536875008 131328 1090519088 16793604 3290958878 476586777 1150355648 11796864 1207959808 16512 2147512320 42074241 2181365766 1077936136 19398656 916521222 206053378 2172751044 7 1663869090 2042630660 37832324 4 152281172 56762505 2250702949 8 1241911873 2185300497 304491270 2425520396 677447857 13635946 2 2417029638 793314 1487196172 4 13115392 541081665 2154856448 16778248 2148532292 4259844 537002624 3149824 142608012 35654144 132097 537178624 2244624 1 2149842960 88 1075218285 1410925904 1074593872 6 272936584 32 67108864 671154208 50339912 2432700416 616562688 4352 1083180544 2282356738 0 268593152 1 143130624 268567172 26084354 537395222 172096 270565384 0 134284289 286982177 2172649476 256 536875136 5263625 165888 2684354560 469766144 36311300 2147483648 267264 536870928 6886436 2147487744 67373696 1275070465 547946688 268435460 272892305 2227228737 2697774374 5 2147647490 1076529196 70178 0 1677723648 172498961 2 536952836 536871200 5771264 3243311398 268962064 33280 72 67108872 34112386 553680896 0 1064 1111556096 7094272 1074798688 33554432 449594376 943800794 2684750928 458760 2155880456 33719328 3221225472 2363392 1052714 8520288 294912 823203336 205521954 2048 3221487616 403734536 0 285737088 8720 8399108 558080 33686016 3221227016 8914000 2162752 270565377 10518560 1314816 524304 536969216 100866048 1241711106 1310720 1207961856 25165824 538972162 71307648 3288334336 270608 1379926080 4194432 46139456 2 4489425 83939600 131084 2248148232 537137152 8912897 2149056512 1081344 67127313 8421504 553648160 268437540 143678080 1704474 270278407 1410860096 335544336 4 65794 67108864 68681728 268501024 948699200 67382272 8 131072 67633153 69249536 1140856092 0 6295552 147592 128 131072 3778664481 2332918184 81920 3254779904 2189450574 4194824 1081344 1073905792 2146304 2097154 403265736 2955948208 30558496 8 1620228396 180480 847415578 1 196827 262144 268435456 384 2147483648 1048576 8393729 2113602 2226159776 3221225472 1 2238322884 2148057632 640713600 4 83904561 4721313 25838986 8 537137952 268452236 43020431 13 629213228 139268441 269029776 2316313376 1348518674 33818641 9 1075838976 134250651 2147519489 138707456 18087936 402768068 33554432 8388608 612434964 8393216 147584 2181300256 1191182368 4204546 82176 2121728 2326399211 1084264513 1682186305 13 131072 268436484 306970656 2301624345 536870912 458752 2181439744 18874912 2986871438 161533504 48054660 716996696 14829771 2961319552 128 4096 141313 2854227970 1077940224 838860997 545390596 525331
is_linear=0
shrinkage=0.3


Tree=13
num_leaves=63
num_cat=62
split_feature=41 35 22 35 24 35 23 23 23 35 22 38 24 23 23 24 23 35 23 40 35 23 35 21 24 40 35 21 22 22 21 35 35 22 21 22 21 21 21 23 21 21 23 35 21 21 24 24 22 22 35 41 24 41 22 23 41 23 41 19 23 24
split_gain=30.2626 71.8375 62.414 75.9712 71.9976 65.6875 62.7822 60.0012 57.0634 54.074 50.9731 50.2305 64.0649 57.7911 57.5876 56.2373 53.4203 52.34 50.9865 55.4237 48.4661 48.0688 48.0455 48.03 47.3565 46.9968 46.8677 45.5106 45.4814 45.3883 43.9505 46.4575 43.7822 43.6507 41.7249 41.6516 41.2677 40.9324 39.9175 39.4416 39.4263 38.904 38.5964 38.1885 38.0274 37.9862 34.9945 34.8947 33.6542 33.4471 32.638 77.1104 63.7463 66.9502 73.6286 61.6094 58.8635 57.2781 63.1504 61.7076 56.8035 56.6231
threshold=0 1 2 3 4 5 6 7 8 9 10 11 12 13 14 15 16 17 18 19 20 21 22 23 24 25 26 27 28 29 30 31 32 33 34 35 36 37 38 39 40 41 42 43 44 45 46 47 48 49 50 51 52 53 54 55 56 57 58 59 60 61
decision_type=9 9 9 9 9 9 9 9 9 9 9 9 9 9 9 9 9 9 9 9 9 9 9 1 9 9 9 1 9 9 1 9 9 9 1 9 1 1 1 9 1 1 9 9 1 1 9 9 9 9 9 9 9 9 9 9 9 9 9 9 9 9
left_child=1 8 3 7 5 39 26 -3 33 34 42 12 13 27 32 16 28 47 19 40 -15 48 36 -21 -12 -11 -6 -4 -13 -19 31 -20 46 -1 -8 -24 -18 -23 -28 -5 -17 -22 -10 -32 -35 -34 -14 -16 -7 -26 51 55 53 54 -53 61 -54 58 -55 -60 -56 -2
right_child=50 2 11 4 6 21 9 -9 10 25 24 15 14 20 17 18 22 29 30 23 41 37 35 -25 49 -27 38 -29 -30 -31 43 -33 45 44 -36 -37 -38 -39 -40 -41 -42 -43 -44 -45 -46 -47 -48 -49 -50 -51 -52 52 56 57 60 -57 -58 -59 59 -61 -62 -63
leaf_value=0.00090664327392874205 0.00073577903509280495 -0.00023449915764611209 0.00080927286843930244 0.0009376737831553293 0.00092775183791768303 -0.00044431496551165328 1.2809981922479109e-05 0.00097407125860404483 -0.00082026046889864545 -0.00048171898452886627 -0.0012073138746074615 0.00010660467054505065 -0.0012506961676068276 0.00039038464266140746 0.00019194047757268564 -0.00098831818838041648 -0.00085556111681218397 0.00051049217210705417 -0.00011546523138178443 -0.0002299668432889047 -0.0011262315806008084 -0.00021152654107110187 0.00068972229418463144 0.00050374679427947077 -0.0010514046895024106 0.00010904055106257745 0.00063780003995116098 -0.00024856512319605911 -0.00061172592986036408 -1.0095571957342451e-05 0.00031375852720535123 -0.00075126540590477072 0.00053148614959619932 0.00048053006334776508 0.00082699456570895391 8.4433495918230197e-05 0.00018456619225796654 -0.00075981821182889101 -5.0116028487287412e-05 -1.9637758168030231e-05 -0.00014951391412298175 -0.00037694678835330773 0.00058787499958642779 -0.00031366657582377851 -0.00073520639029001696 -0.00028207133838564373 -0.00013860717727295501 0.0013364962523093808 0.00046229921311715733 -0.00010029333644655235 -1.4450335018099253e-06 0.00019697369953145761 -0.0002089885703508554 -0.00034609940645470084 -1.4570440791211268e-05 0.00056730727041468887 0.00011543482663315682 -0.00013974734921697081 -0.00043513562314952061 0.00041154800134713526 -0.00099949032758887683 -0.00045356619765134844
leaf_weight=413 563 439 652 419 1038 462 767 1181 316 2115 669 974 435 623 439 587 434 2086 817 1545 791 1155 1632 2011 647 3787 1054 584 1453 3053 888 2535 907 316 827 2776 458 1600 1342 788 1149 1617 495 6921 584 1071 514 692 644 733 658775 679 5335 1388 439 4130 46373 15137 755 4814 1113 1367
leaf_count=413 563 439 652 419 1038 462 767 1181 316 2115 669 974 435 623 439 587 434 2086 817 1545 791 1155 1632 2011 647 3787 1054 584 1453 3053 888 2535 907 316 827 2776 458 1600 1342 788 1149 1617 495 6921 584 1071 514 692 644 733 658775 679 5335 1388 439 4130 46373 15137 755 4814 1113 1367
internal_value=3.78604e-05 -0.00647467 -0.00360386 0.0111287 0.00483447 -0.024685 0.0185341 0.072794 -0.0443727 0.00311666 -0.0681058 -0.0105003 0.00418521 -0.0261509 0.0182756 -0.0186756 0.00244216 0.0344794 -0.0285879 -0.00429861 -0.0484061 -0.0437645 0.0193147 0.0171524 -0.0933041 -0.0101454 0.0520603 0.0283653 -0.0343173 0.0214909 -0.0400877 -0.0688466 -0.0164341 0.00747158 0.0519302 0.0321719 -0.0438051 -0.0649439 0.0286544 0.0361771 -0.0480548 -0.0676859 -0.00400954 -0.0276563 -0.0296051 0.00904515 -0.0689905 0.0926508 0.0091233 -0.0603447 0.000560414 0.00620059 0.00360181 -0.00906027 -0.0584484 0.0387352 0.00955916 -0.00404414 0.0184675 0.032736 -0.0943733 -0.0055612
internal_weight=800303 59435 55262 17618 15998 5068 10930 1620 4173 7496 2860 37644 13464 4267 9197 24180 7727 6270 16453 5292 3031 3861 5300 3556 2049 5902 3434 1236 2427 5139 11161 3352 2927 1313 1594 4408 892 2755 2396 1207 1736 2408 811 7809 900 1978 949 1131 1106 1380 740868 82093 76033 24325 2231 6060 51708 22094 6957 5569 1552 1930
internal_count=800303 59435 55262 17618 15998 5068 10930 1620 4173 7496 2860 37644 13464 4267 9197 24180 7727 6270 16453 5292 3031 3861 5300 3556 2049 5902 3434 1236 2427 5139 11161 3352 2927 1313 1594 4408 892 2755 2396 1207 1736 2408 811 7809 900 1978 949 1131 1106 1380 740868 82093 76033 24325 2231 6060 51708 22094 6957 5569 1552 1930
cat_boundaries=0 8 16 19 27 30 38 41 45 49 57 61 69 73 77 81 85 88 96 100 105 113 116 124 126 130 135 143 145 149 153 155 163 171 175 177 181 183 185 187 191 193 195 199 207 209 211 215 219 222 225 233 241 245 252 256 260 268 272 280 287 291 295
cat_threshold=1076914176 2492465664 0 2147483656 76808192 1058944 287908872 16793600 8413184 2162688 2755657760 16908800 25690400 148 152080384 14692352 1303822550 2735763460 290455842 1615332352 393216 21504 1140867202 2720006146 262144 4719676 32 3243314613 1108464943 537527296 33820680 13107721 10485824 538542080 268451840 16777224 2418016961 65536 1313059 1076472792 896151558 1075889418 1235223827 2819165200 8 1363164416 2224579342 2254456896 6 36110496 16778248 786440 137371768 1073774720 67108864 2496 49154 470426624 2252342291 2795059208 10 276890440 67108880 65536 537403392 2415919233 1610612770 2183708816 88 44089874 2285979318 172214384 1 974041122 169215360 286395011 2 3294400960 2179274912 1678788866 1 2838898688 537154206 139123265 1 1640237368 428617888 2777731089 402719232 402653184 557058 335556864 541343808 638582784 1024 16926792 2699178225 15158308 2357233666 1 2853178900 496640 16973826 1090520080 1064964 4458080 1074790411 33559104 589824 268435456 2248146944 272631809 33556544 2718548656 673202337 4118945874 1073741952 524290 33555216 2162704 16392 612368640 2097369 67208259 2716903763 2227259629 303333632 1294241192 554026281 12 1051776 72704 25559055 1426110528 5447683 2281701461 978322432 1048592 271581200 20480 16806400 0 100663297 1931002786 2585222938 805835017 338002194 10716873 8 268970016 1279527680 2785733768 10 1210722465 1443365712 553680934 4198656 2097424 272711688 805396480 20480 6291680 33554448 1409679484 1049600 9568340 540704 268443712 16793608 4261888 72 1627889680 2244019201 878057528 1 90772435 1185219914 4264480 1549861192 2183990416 1 4130704392 220961568 204320364 2751711642 815928001 4108877108 3424669736 1067346 101391172 3 2154055656 677654609 656425125 1737703504 539590694 704977921 1073783426 1 65544 1024 17301520 402661492 1074137168 872548608 524368 114688 269798434 620952417 2186737888 613869387 1477446925 377632776 69473031 4 1073752484 623511872 277620098 4 77873296 2734686212 268435488 3256123918 564091140 1344554066 9879587 8404992 335544320 1107296324 134218784 536879104 311299 16846853 2685010978 132272 722470400 0 50337808 53762 16384 66560 914424382 2273837150 2164551683 8 272699908 4538376 3229614530 320878592 0 84017156 4456480 1124598785 2693022039 456919084 5 3104847233 608828165 131588 10 268435777 537231360 2242608 905971776 4227077 536870920 67244034 131072 287851780 624026192 555960451 5 0 134221826 32780 1610645636 539492482 2822766880 1174405140 2146 2 2666496 2050 69241882 847286320 134750336 1097728 168401680 11605002 1140914328 6 159609216 59272096 37913218 4
is_linear=0
shrinkage=0.3


Tree=14
num_leaves=63
num_cat=53
split_feature=3 8 3 39 18 40 19 8 38 34 18 41 40 39 19 39 2 19 2 18 40 40 18 41 41 34 41 35 2 18 35 34 22 35 22 3 39 0 34 34 41 34 35 40 21 41 35 35 41 35 34 34 22 34 34 34 35 41 35 41 41 35
split_gain=30.7049 203.964 151.341 154.355 163.851 124.838 122.236 110.696 140.846 105.863 105.446 202.067 187.471 351.804 402.633 265.531 301.086 226.653 202.755 172.551 234.807 158.526 140.291 127.63 121.323 120.407 120.004 104.771 104.449 180.331 178.858 102.261 101.572 101.439 98.5088 97.6175 158.974 134.362 122.696 96.2254 96.1951 94.7102 93.696 92.4478 91.9508 91.4464 90.7898 90.7585 90.7198 91.7352 90.1782 89.926 95.9777 89.0972 88.6012 84.3513 83.9222 83.6241 83.2734 82.2701 80.7864 80.7395
threshold=0.075833335518836989 0.90917968750000011 0.10750000178813936 0 1 2 3 0.70214843750000011 4 5 6 7 8 9 10 11 -0.36916667222976679 12 -0.46250000596046442 13 14 15 16 17 18 19 20 21 -0.31083333492279047 22 23 24 25 26 27 0.015833333600312475 28 0.32312011718750006 29 30 31 32 33 34 35 36 37 38 39 40 41 42 43 44 45 46 47 48 49 50 51 52
decision_type=2 2 2 9 9 9 9 2 9 9 9 9 9 9 9 9 2 9 2 9 9 9 9 9 9 9 9 9 2 9 9 9 9 9 9 2 9 2 9 9 9 9 9 9 1 9 9 9 9 9 9 9 9 9 9 9 9 9 9 9 9 9
left_child=7 9 31 48 44 -6 -7 10 -9 46 11 25 15 17 22 16 43 18 -14 39 -21 60 -15 32 -17 -1 -19 -10 30 -30 -26 47 -13 -11 -28 36 37 -25 -38 -16 -35 -29 55 -12 58 -23 -2 -3 -4 -50 -46 -37 -53 -8 -24 -33 -27 -44 -5 -43 -18 -52
right_child=1 2 3 4 5 6 53 8 27 33 12 23 13 14 19 24 21 26 -20 20 -22 45 54 35 28 56 34 41 29 -31 -32 42 -34 40 -36 51 38 -39 -40 -41 -42 59 57 -45 50 -47 -48 -49 49 -51 61 52 -54 -55 -56 -57 -58 -59 -60 -61 -62 -63
leaf_value=0.0020215101256116606 0.0010535769571894875 -0.00042238181933179392 -0.00017248110278950452 -0.00024044259391147639 -0.00025252133327375323 -0.00023279789447984794 0.00017291006197187779 -0.00089183097216689021 0.00017865768840451846 -0.00015741760574310208 -0.00010746059929764465 -0.0011321560836975296 0.00078551463089814792 0.00065731706097043804 -0.00062355657410152006 0.00090882946236604811 -0.00078249407675851242 0.00085980511469669404 -0.00061936992221480478 -0.0015410546276025364 -0.00027855514978215314 -0.0020510399002172785 -0.00066711249863402012 0.025347002033644355 -0.00059152314230894159 0.0013119781028164616 0.00037812811486756759 0.00017417392742356361 -0.00037347142564347387 0.00039670773991724303 6.6096015843237216e-05 0.00029982295803611934 -0.00010445840412911596 -0.0001969591668537346 5.4018961429019375e-05 0.00031977496345511234 0.0010014249841313815 0.0021162151638597889 -2.2769708334373339e-05 0.00019619276594127257 0.00017060507365566449 0.0002646784848795836 -0.0004324902471033476 0.0008158837122318308 -0.00037475164122866293 -0.00072378240325264944 0.00028398082073717205 0.00021706734822360765 -0.00022064708423282737 0.00016662108097565388 -0.00030357979822763628 -0.00024815986052668102 6.135895825142983e-05 -2.9045174710483281e-05 0.00011987500684524315 -0.0005001425025140425 0.0003213255801458796 -8.1293630863008476e-05 0.00026448633107229889 -0.00017555350673347479 0.00033739042352208629 0.00012491467210594382
leaf_weight=1030 1102 837 3364 1080 14803 7977 8164 5584 7547 7914 1026 2886 784 7961 1713 3477 1228 3793 7663 5897 113485 1455 1029 2346 2407 2249 18618 6453 5827 44114 10726 840 5884 5445 40101 8288 2045 6446 16969 11961 60776 2754 3927 2308 1698 11946 8359 6443 2328 39735 1503 19676 39610 60837 8966 5297 8468 44691 12258 42076 4183 9946
leaf_count=1030 1102 837 3364 1080 14803 7977 8164 5584 7547 7914 1026 2886 784 7961 1713 3477 1228 3793 7663 5897 113485 1455 1029 2346 2407 2249 18618 6453 5827 44114 10726 840 5884 5445 40101 8288 2045 6446 16969 11961 60776 2754 3927 2308 1698 11946 8359 6443 2328 39735 1503 19676 39610 60837 8966 5297 8468 44691 12258 42076 4183 9946
internal_value=7.87181e-06 0.00234898 -0.00233908 0.00244296 -0.00326688 -0.00926541 -0.00441096 -0.00146706 -0.0130589 0.0150075 0.000283425 0.00800542 -0.00259753 -0.00725596 -0.0154426 0.00905996 -0.019388 0.0101661 -0.0359262 -0.0211336 -0.0247902 -0.0341235 0.0267142 0.00379601 0.0185283 0.0452845 0.0164001 -0.00872846 0.0155122 0.0217748 -0.00829081 -0.0149572 -0.030813 0.0111872 0.013051 0.00698172 0.0219433 0.0552703 0.00649637 0.0107847 0.0150242 -0.0135861 -0.0193967 0.063669 0.0175152 -0.0515992 0.0448749 0.0184311 0.0173045 0.021098 -0.000296364 0.000825735 -0.00326824 -0.000343411 0.00302787 -0.0543015 0.0357629 -0.0149784 0.0350562 -0.0184782 0.0092384 0.00929237
internal_weight=800303 309324 225728 163693 118266 91781 76978 490979 64414 83596 426565 115897 310668 221971 151012 88697 22146 70959 8447 133056 119382 18812 17956 104150 66551 11747 62512 58830 63074 49941 13133 62035 8770 74135 58719 95380 27806 8792 19014 13674 66221 51283 54755 3334 26485 13401 9461 7280 45427 42063 13147 67574 59286 69001 9995 6137 10717 48618 13338 44830 5411 11449
internal_count=800303 309324 225728 163693 118266 91781 76978 490979 64414 83596 426565 115897 310668 221971 151012 88697 22146 70959 8447 133056 119382 18812 17956 104150 66551 11747 62512 58830 63074 49941 13133 62035 8770 74135 58719 95380 27806 8792 19014 13674 66221 51283 54755 3334 26485 13401 9461 7280 45427 42063 13147 67574 59286 69001 9995 6137 10717 48618 13338 44830 5411 11449
cat_boundaries=0 5 12 16 23 30 38 44 52 57 61 68 71 78 84 89 94 101 109 117 125 133 141 147 154 162 166 174 178 183 190 198 206 214 222 227 229 237 245 253 261 269 277 285 289 297 305 313 321 329 337 345 353 361
cat_threshold=2147485696 8448 32768 1560305429 1612529927 0 2 1342177280 537133440 0 2147483648 14685187 403703840 268603392 93519887 41024 0 1049600 176180241 285450312 182290 16785682 16520 1129420 2576 0 0 268435456 0 128 25268248 1048576 258 8388612 71303712 34080768 3015426 70778890 262144 805568521 131392 0 2148532736 3149312 16388 0 1611147280 659687431 134348816 67371024 524353 298 181403648 268998144 261554431 57344 1 2237661211 3489835328 2899992 2048 0 2149581824 260048897 520347756 4327425 16785410 16384 2237923352 3489835328 16408 0 2098176 261097473 520347724 4196353 16785666 16392 0 0 1074266112 0 1024 1 536874752 0 0 0 15728640 4194304 0 9633794 57344 1 196633 0 0 262528 0 2147483648 5123 9437952 83913744 269484973 16384 1152 4 2231435520 8978432 541066336 0 150994944 1074278400 1073742248 2293765 37748793 55808 541065216 289411076 65536 151027713 4198421 0 671614976 78401544 268730368 536912384 1031798857 671219856 48 272629760 536872448 68452352 25233408 537923648 4212226 16558 544768 2134080 33603584 1072 524290 0 524288 0 1024 1 0 135266304 2147485696 50332928 599982272 3043333 33800448 648 1342177360 570490976 537133824 268435460 2148663296 33792 8408785 806343133 2793784064 268828673 4 71311360 1147074 538247176 1297 4456448 558112 1587200 286720 342954973 3556778304 1128726593 1 65536 134217728 32768 8388617 2415919104 163984 21640197 176169502 36880 16388 65536 8388640 41944100 8713220 40 134227968 1616904192 3246456836 1073741824 67141633 2281835524 410637 2 2181071108 537923604 2097216 598016 33560576 5390340 42598401 4096 2191523904 2164260992 547356678 2151792657 512 1573376 526400 268582912 69480514 2149644288 339738880 2685403136 71303168 0 0 227999750 57344 1 4006006286 2315709098 105381892 570557120 4325440 209727504 738250752 268435456 536887808 524304 9437184 269500480 33947648 1140850977 536872960 2416136192 2149711877 4200450 8454144 71565698 268440610 2282225729 530436 536871120 2148565505 2 1572868 40960002 134224000 16777216 35127296 67119104 2148008289 1575046 75507200 2147483648 3073 603981440 1028 144965704 17047552 33719168 1075839112 10485776 1107296512 2214593096 109707298 2197823488 4104 2097281 2181177344 4259842 8423424 138592258 51380224 66592 1208486272 8684544 1259341807 3556790560 2500132881 1 134218792 2302672896 135266336 2753560578 132736 168312834 1075840512 24640 8196 109069392 2298549024 2149868544 2097152 2147483664 320 10485772 1310720 9438210 2147745793 371328000 142938656 1090863106 1 4194560 268438274 11468992 2685215415 263168 24576 0 0 524288 528 75499011 1207959584 33832960 83890177 537133074 1744840832 37767168 33685504 2626560 299264 1078534160 67178496 17825792 805306480 21004880 134217732 34734080 268435456 1073742336 2453669888 1744832642 604111074 6029840 13631528 67110912 1182859267 2466251264 2424307720 32768 65541 3145728 288 2248237064 69271556 134217744 1057928 36865 2174992 576
is_linear=0
shrinkage=0.3


Tree=15
num_leaves=63
num_cat=56
split_feature=3 38 8 38 34 0 39 21 34 35 3 34 35 25 7 7 20 20 23 38 28 38 19 35 35 38 34 35 35 35 34 34 40 19 18 34 23 34 34 35 35 35 34 23 35 23 34 23 34 35 23 34 34 23 23 34 35 35 35 28 23 34
split_gain=39.9837 314.985 100.496 96.1815 94.147 90.2182 87.0478 88.0065 91.6966 107 79.3399 76.3451 76.3136 76.089 112.142 174.386 440.665 263.888 224.581 199.869 199.405 158.813 148.543 106.161 98.9414 98.0824 93.7433 92.7237 80.2963 78.3698 96.8457 73.9676 74.7966 74.846 73.0168 100.946 83.5844 97.8979 87.9072 82.906 81.2161 80.4662 79.4108 71.9334 71.7525 70.0624 70.0527 69.0375 68.9502 73.8504 67.8522 71.3219 66.7062 66.2857 66.0996 65.8694 65.4109 65.0059 64.7296 64.3268 87.7457 82.0046
threshold=0.012500000186264517 0 0.20214843750000003 1 2 0.94421386718750011 3 4 5 6 1.0000000180025095e-35 7 8 9 0.12109375000000001 0.23046875000000003 10 11 12 13 14 15 16 17 18 19 20 21 22 23 24 25 26 27 28 29 30 31 32 33 34 35 36 37 38 39 40 41 42 43 44 45 46 47 48 49 50 51 52 53 54 55
decision_type=2 9 2 9 9 2 9 1 9 9 2 9 9 9 2 2 9 9 9 9 9 9 9 9 9 9 9 9 9 9 9 9 9 9 9 9 9 9 9 9 9 9 9 9 9 9 9 9 9 9 9 9 9 9 9 9 9 9 9 9 9 9
left_child=1 5 34 -4 -5 10 7 8 -2 -10 -1 -9 -6 28 29 17 19 18 21 45 25 -16 -18 -21 -20 -19 -24 -22 46 30 -15 43 47 -34 35 58 37 -36 41 54 -39 -38 -42 57 52 -17 -8 -33 49 -30 55 -52 -13 -51 -37 -32 -40 -31 -3 60 61 -50
right_child=6 2 3 4 12 -7 13 11 9 -11 -12 44 -14 14 15 16 22 20 24 23 27 -23 26 -25 -26 -27 -28 -29 48 31 50 32 33 -35 36 39 38 40 56 -41 42 -43 -44 -45 -46 -47 -48 -49 59 53 51 -53 -54 -55 -56 -57 -58 -59 -60 -61 -62 -63
leaf_value=-0.0034603435496368485 0.00034368201069646546 -0.001753195261259167 -0.0010480041942808177 -0.001149056780344451 0.0005719308317317977 -0.00057868902642343328 -0.0004158152346365419 0.00022022093137118886 -0.00043505040139951874 1.0477090627255742e-05 0.0073806903613715677 -0.00067543675804035235 -0.00027716455417567404 -0.00050339334815022922 0.0012192845828804635 -0.0011322024682382055 0.00039670996836386492 0.00048992571975833236 1.6767517997989317e-05 -0.00016231384129354969 -0.00074748706660799442 -9.9341579140527239e-05 -0.0012330602189917395 0.0010271985161076258 -0.00049016228391617555 6.0907376233209929e-05 -0.00038376575892505902 -0.00016382348251939722 0.00050697858546658173 0.00024414813313798726 -0.00038486713580427543 0.00011570058353678358 -6.9953718083461602e-05 0.00010351046779753682 -0.0014989957796323931 -0.00012461856554647497 0.00063529866470065602 -0.0017648265347219626 -0.00071014070717988578 9.6139415925180835e-05 0.00076654175258564466 -0.0010656760920092372 -0.00039447741552954535 9.2780715250572629e-06 -0.00021345804972682989 8.0548598737538297e-05 -3.3259684835325406e-05 -9.643021923217214e-05 -0.00034931942768013697 0.00029852113497043722 0.00022483027325256378 -0.00020668690902317933 0.00032004427430510062 3.9546973644098353e-05 0.0014162733325252849 0.00024470664539177271 7.6683623660781571e-05 -0.00033494618400378283 -0.00031808641308830312 9.3332054964339937e-06 0.00016164810292487559 3.8537418580914993e-05
leaf_weight=448 6872 915 2403 1196 921 1521 3506 5132 3767 48092 6664 644 6941 1950 1955 683 2200 6405 3776 946 1569 8139 1128 8559 29579 22091 8027 13922 4307 797 662 9388 10894 87339 1730 650 761 1081 2478 24352 1570 3301 11570 12971 51437 1300 29421 20040 4603 9081 1471 8679 3483 19281 1420 4269 26538 5300 2832 130469 75910 30967
leaf_count=448 6872 915 2403 1196 921 1521 3506 5132 3767 48092 6664 644 6941 1950 1955 683 2200 6405 3776 946 1569 8139 1128 8559 29579 22091 8027 13922 4307 797 662 9388 10894 87339 1730 650 761 1081 2478 24352 1570 3301 11570 12971 51437 1300 29421 20040 4603 9081 1471 8679 3483 19281 1420 4269 26538 5300 2832 130469 75910 30967
internal_value=2.0617e-05 -0.00561363 -0.0108293 -0.0370845 -0.0228225 0.0491035 0.000818672 -0.00655816 0.00172105 -0.00259682 0.0633399 -0.0145681 -0.0108204 0.00233358 -0.00130158 -0.00869687 0.0146421 -0.0147945 -0.031373 0.0560348 0.00158867 0.00783691 -0.0272631 0.0741095 -0.0432373 0.0164796 -0.044082 -0.025795 0.00557263 0.00367851 -0.0155782 0.0059145 0.00851785 0.0124922 -0.0070303 0.00458235 -0.0141739 -0.0320053 -0.00556663 0.011122 -0.0237546 -0.0468335 -0.0171989 -0.0115094 -0.0178026 -0.0305262 -0.00842466 -0.00474864 0.00725121 0.020186 -0.00741402 -0.0214328 0.0202222 0.014612 0.0685878 0.0214242 0.000227362 -0.0383532 -0.0414206 0.00550378 0.0107954 -0.00150075
internal_weight=800303 99292 90659 11461 9058 8633 701011 119427 58731 51859 7112 60696 7862 581584 274039 110279 22843 87436 43449 11488 43987 10094 11355 9505 33355 28496 9155 15491 307545 163760 17031 146729 127661 98233 79198 30169 49029 15951 33078 26422 14221 4062 13140 19068 55564 1983 32927 29428 274618 32669 15081 10150 4127 28362 2070 4931 29016 6097 3747 241949 111480 35570
internal_count=800303 99292 90659 11461 9058 8633 701011 119427 58731 51859 7112 60696 7862 581584 274039 110279 22843 87436 43449 11488 43987 10094 11355 9505 33355 28496 9155 15491 307545 163760 17031 146729 127661 98233 79198 30169 49029 15951 33078 26422 14221 4062 13140 19068 55564 1983 32927 29428 274618 32669 15081 10150 4127 28362 2070 4931 29016 6097 3747 241949 111480 35570
cat_boundaries=0 7 15 23 28 30 38 46 54 62 66 67 68 72 80 81 89 95 103 111 119 127 135 143 151 159 167 172 178 185 193 196 204 212 220 228 236 244 248 256 260 268 271 279 287 291 299 307 311 315 323 330 338 346 347 351 359
cat_threshold=1261516 2048 0 0 0 4 128 142606336 134235136 140416 570954496 270535696 64 18120960 9832 33685520 336135172 671302689 33555008 84951058 32772 269484288 4096 66096 134221824 0 8389133 3494461442 4278564863 41749 8192 16777216 1141900300 525826 168038400 134234370 564200772 4196356 1052864 16384 2768241154 605290497 1075838976 17106 1073762304 67584000 135135748 4096 0 1157627908 16424 16777225 4027254016 84246529 142967808 33562624 35165248 1344278544 0 8421381 41945160 65536 3 268435456 0 1073741824 288 288 536870912 939524096 4257161817 15 0 256 4288 536870912 2147484672 516 2470199308 9849 903 0 2252374016 0 536870912 2281701376 7 2470234120 9849 524416 1147148296 12603409 58727432 8650768 570458138 8462849 8192 67108880 201330704 1179648 2150924295 9437185 1705472 1026 543163392 67112961 72 1083179136 3221291264 3774874130 6422849 8388608 32772 204800 1711276288 131088 536870983 2450046976 9841 134223904 4202752 328 1074528528 526337 2198077568 3246407682 2883584 1077938178 1052680 4352 1485340736 1208484880 268468272 38273024 262280 452985856 131252 43016 272632321 17039890 138936328 1024 12584960 1 6335488 268451857 151824 2147483904 25165828 2290614273 7872514 612402178 33554436 67371032 638059530 1073742912 16793600 4096 14686240 8913152 8556545 1075315728 134482009 2172649504 3221618944 16777472 16777216 54528000 268879360 261226559 32 8193 0 2147517440 251724848 486547564 101089297 33562662 393344 268697604 64 536871040 2148532736 1050112 14680065 81920 0 1074003972 5112068 262400 105392131 1074036812 1065492 1443365386 2710717935 69218573 22677636 268501008 67108864 33603585 4194304 18940036 1612710688 8421392 69206408 1610612753 1073745922 2684359170 0 1141113376 134218816 10521732 570426368 50184 268452353 8913088 4195440 268634176 33554441 270352 8617988 1073926144 1073741840 2214593030 547356740 1212512 131072 262400 75498640 65536 3239052544 2097200 48300160 151142912 33619968 549376 134283282 128 1610612772 2282820128 167774208 1052160 67240088 131105 1778581638 45416484 1596719638 6 8536257 8404996 33865728 268439040 268435971 538050564 671776 272384 1073824280 1611403784 4234609668 10 539361320 537428292 209723392 69206016 805307426 0 539230212 17311232 397026881 34166786 69617483 17305600 570426371 201719808 2159477264 268436480 34080768 2165047296 75497472 65536 2173223168 2952790272 41943168 33562912 268435520 708313120 4134 1147669608 1737775521 16793808 5 2282225664 4043317248 2112 344321 16924960 8388866 20982276 18 268435472 4194336 436208769 9437184 8396884 3997714 18874408 1053192 83904582 700819208 341846342 3 2181644754 2182089772 3116636928 8 104 2151728656 33554432 268714336 671092740 402655232 655456 33685504 237323264 33882448 1342262272 2147614720 2228224 538181634 33628192 196864 131076 1075843072 536939202 10485828 2147750064 4260896 8454656 659457 336592899 33686144 16896 1314960 172294164 8 1024 115 630733888 1040508048 2693072914 4 311426 134283520 1888485376 4718592 2425098 529 671092738 16899
is_linear=0
shrinkage=0.3


end of trees

feature_importances:
Column_34=207
Column_41=156
Column_35=132
Column_22=77
Column_38=49
Column_23=47
Column_24=38
Column_19=37
Column_3=35
Column_21=31
Column_39=30
Column_40=27
Column_8=24
Column_18=15
Column_7=14
Column_1=13
Column_25=12
Column_20=9
Column_4=8
Column_5=8
Column_0=6
Column_6=4
Column_26=4
Column_2=3
Column_29=3
Column_28=2
Column_31=1

parameters:
[boosting: gbdt]
[objective: regression_l1]
[metric: l1]
[tree_learner: serial]
[device_type: cpu]
[data_sample_strategy: bagging]
[data: ]
[valid: ]
[num_iterations: 16]
[learning_rate: 0.3]
[num_leaves: 63]
[num_threads: 1]
[seed: 222279557]
[deterministic: 1]
[force_col_wise: 1]
[force_row_wise: 0]
[histogram_pool_size: -1]
[max_depth: 8]
[min_data_in_leaf: 60]
[min_sum_hessian_in_leaf: 0.001]
[bagging_fraction: 1]
[pos_bagging_fraction: 1]
[neg_bagging_fraction: 1]
[bagging_freq: 0]
[bagging_seed: 27615]
[bagging_by_query: 0]
[feature_fraction: 0.9]
[feature_fraction_bynode: 1]
[feature_fraction_seed: 17026]
[extra_trees: 0]
[extra_seed: 9756]
[early_stopping_round: 0]
[early_stopping_min_delta: 0]
[first_metric_only: 0]
[max_delta_step: 0]
[lambda_l1: 0.0005]
[lambda_l2: 2]
[linear_lambda: 0]
[min_gain_to_split: 0]
[drop_rate: 0.1]
[max_drop: 50]
[skip_drop: 0.5]
[xgboost_dart_mode: 0]
[uniform_drop: 0]
[drop_seed: 6576]
[top_rate: 0.2]
[other_rate: 0.1]
[min_data_per_group: 100]
[max_cat_threshold: 32]
[cat_l2: 10]
[cat_smooth: 10]
[max_cat_to_onehot: 4]
[top_k: 20]
[monotone_constraints: ]
[monotone_constraints_method: basic]
[monotone_penalty: 0]
[feature_contri: ]
[forcedsplits_filename: ]
[refit_decay_rate: 0.9]
[cegb_tradeoff: 1]
[cegb_penalty_split: 0]
[cegb_penalty_feature_lazy: ]
[cegb_penalty_feature_coupled: ]
[path_smooth: 0]
[interaction_constraints: ]
[verbosity: -1]
[saved_feature_importance_type: 0]
[use_quantized_grad: 0]
[num_grad_quant_bins: 4]
[quant_train_renew_leaf: 0]
[stochastic_rounding: 1]
[linear_tree: 0]
[max_bin: 255]
[max_bin_by_feature: ]
[min_data_in_bin: 3]
[bin_construct_sample_cnt: 200000]
[data_random_seed: 27573]
[is_enable_sparse: 1]
[enable_bundle: 1]
[use_missing: 1]
[zero_as_missing: 0]
[feature_pre_filter: 1]
[pre_partition: 0]
[two_round: 0]
[header: 0]
[label_column: ]
[weight_column: ]
[group_column: ]
[ignore_column: ]
[categorical_feature: 18,19,20,21,22,23,24,25,26,27,28,29,30,31,34,35,36,37,38,39,40,41]
[forcedbins_filename: ]
[precise_float_parser: 0]
[parser_config_file: ]
[objective_seed: 14758]
[num_class: 1]
[is_unbalance: 0]
[scale_pos_weight: 1]
[sigmoid: 1]
[boost_from_average: 1]
[reg_sqrt: 0]
[alpha: 0.9]
[fair_c: 1]
[poisson_max_delta_step: 0.7]
[tweedie_variance_power: 1.5]
[lambdarank_truncation_level: 30]
[lambdarank_norm: 1]
[label_gain: ]
[lambdarank_position_bias_regularization: 0]
[eval_at: ]
[multi_error_top_k: 1]
[auc_mu_weights: ]
[num_machines: 1]
[local_listen_port: 12400]
[time_out: 120]
[machine_list_filename: ]
[machines: ]
[gpu_platform_id: -1]
[gpu_device_id: -1]
[gpu_device_id_list: ]
[gpu_use_dp: 0]
[num_gpu: 1]

end of parameters

pandas_categorical:null
