tree
version=v4
num_class=1
num_tree_per_iteration=1
label_index=0
max_feature_idx=41
objective=regression_l1
feature_names=Column_0 Column_1 Column_2 Column_3 Column_4 Column_5 Column_6 Column_7 Column_8 Column_9 Column_10 Column_11 Column_12 Column_13 Column_14 Column_15 Column_16 Column_17 Column_18 Column_19 Column_20 Column_21 Column_22 Column_23 Column_24 Column_25 Column_26 Column_27 Column_28 Column_29 Column_30 Column_31 Column_32 Column_33 Column_34 Column_35 Column_36 Column_37 Column_38 Column_39 Column_40 Column_41
feature_infos=[0.014404296875:0.696533203125] [-0.11999999731779099:0.11999999731779099] [-0.11999999731779099:0.11999999731779099] [0:0.11999999731779099] [0:0.11999999731779099] [0:0.11999999731779099] [0:1] [0:0.4609375] [0:1.373046875] [0.014404296875:0.696533203125] none none [0.014404296875:0.696533203125] none none [0.014404296875:0.696533203125] none none -1:6:4:18:2:3:34:16:35:0:17:32:7:1:19:114:92:83:170:70:180:215:193:138:160:191:169:159:50:202:204:33:61:94:192:214:104:60:72:125:103:137:5:181:148:115:213:171:48 -1:34:33:35:32:4:2:3:5:18:6:1:17:0:7:16:19:111:122:55:45:154:63:144:89:87:153:99:100:133:65:73:129:53:64:109:198:75:188:76:196:69:176:131:179:47:56:119:130:167:110:120:195:79:68:132:143:41:67:185:86:58:206:212:91:199:121:168:44:140:200:40:98:189:42:201:124:207:152:107:162:163:177:184:46:88:96:164:80:174:123:183:190:84:135:175:197:43:51:108:128:156:208:77:95:112:118:166:74:113:145:178:102:117:161:210:101:142:54:106:205:57:78:52:134:165:209:187:141:155:146:62:85:97:172:139:173:186:194:151:90:66:157:150 -1:5:8:4:7:3:6:1:2 -1:40:56:24:0:9:48:1:26:32:22:62:8:16:46:20:4:7:58:59:35:47:29:34:31:27:19:61:60:51:14:38:37:55:3:28:10:50:49:2:17:13:15:23:36:21:33:6:12:54:42:25:18:44:11:43:5:57:45:30:41:53:63:39:52 -1:70:72:92:18:9:10:81:2:0:52:68:91:60:20:82:98:19:88:61:90:51:64:99:22:29:15:41:80:12:1:39:71:8:11:78:32:21:5:63:30:89:42:79:49:50:44:76:34:17:85:69:14:38:55:40:28:48:83:87:96:31:59:7:75:62:97:4:58:33:74:45:47:95:25:66:16:77:86:57:13:26:37:6:24:65:94:35:53:67:56:73:84:36:3:23:54:43:93:27 -1:10:4:39:52:58:55:34:43:54:24:41:40:51:31:17:23:19:59:32:20:47:3:14:49:50:28:0:46:6:9:21:16:25:30:42:8:11:33:44:35:7:26:27:45:53:37:57:18:5:92:56:36:48:38:29:76:22:2:13:1:84:63:93:12:15:74:83:87:79:89:90:61:80:69:88:78:60:67:86:66:71:65:97:68:77:81:96:75:91:94:98:95:85:70:82:62:72:73:99 -1:25:46:36:48:42:49:41:55:34:44:15:33:52:12:29:37:43:18:23:57:19:30:56:26:11:40:3:13:71:1:17:21:32:63:58:6:27:9:7:0:31:38:47:5:99:2:45:54:70:24:28:4:39:51:20:16:10:98:82:50:59:53:93:78:69:61:79:22:85:84:8:77:35:97:88:90:94:67:86:89:68:73:81:62:83:87:75:80:72:60:92:66:74:91:95:76:14:65:64 none none -1:0:1 -1:1:2:3:0:4:5:6:7:8:9 -1:1:0:2 -1:7:0:4:6:5:1:2:3 -1:7:4:5:1:3:2:0:6 [0:0.99798387289047241] [0:0.99193549156188965] -1:45:53:39:42:41:46:54:38:51:50:43:55:166:44:40:165:37:31:52:32:163:49:47:174:167:57:33:67:66:56:62:59:65:34:61:58:36:164:30:60:175:173:48:35:177:157:162:168:156:159:63:29:176:158:161:150:155:170:172:64:178:160:169:74:183:68:171:69:28:154:151:152:72:179:26:184:185:75:25:181:76:144:27:73:153:23:182:24:77:78:18:186:148:149:142:71:70:22:21:180:79:143:194:10:9:20:84:83:86:140:193:19:141:11:187:17:85:15:118:80:81:95:145:249:134:227:238:135:87:200:228:13:89:109:190:205:146:188:236:16:88:139:82:201:106:117:1:192:12:206:204:96:189:245:199:14:147:195:244:229:8:119:133:235:110:216:224:191:230:208:240:107:137:120:225:234:2:129:217:209:125:243:7:207:128:0:112:108:116:226:100:124:196:203:202:105:132:136:241:94:97:126:239:197:246:111:127:248:198:250:218:99:223:98:121:5:138:212:215:3:101:214:213:247:220:237:102:211:6:90:231:91:210:232:221:113:130:219:123:122:115:114:131:222:233:93:242:4:103:104 -1:87:86:58:56:57:59:88:85:32:84:172:33:171:89:31:200:199:55:30:141:201:54:4:143:2:71:173:228:5:202:117:142:174:118:115:3:227:140:116:229:70:60:0:28:83:230:72:1:42:61:27:26:29:185:112:43:90:111:197:110:16:100:198:184:101:73:144:186:169:6:34:170:7:41:53:69:145:99:139:66:156:82:113:52:44:213:17:134:146:249:15:212:14:67:250:133:157:214:40:102:35:68:183:155:151:150:225:109:124:187:196:65:152:226:135:132:167:39:18:123:163:162:122:195:219:81:25:168:218:161:180:181:125:190:38:12:80:158:224:153:121:130:179:106:51:95:220:13:49:9:77:78:192:149:208:191:114:11:96:105:126:98:189:240:94:45:10:24:120:188:239:119:203:223:164:204:108:93:131:248:104:19:211:178:207:237:64:247:136:37:127:205:238:50:176:129:193:182:79:8:103:148:128:236:221:74:209:62:154:177:234:206:138:233:36:217:215:147:107:241:46:160:63:159:246:235:21:75:222:76:245:242:175:232:22:97:20:165:23:194:231:216:47:48:243:137:210:166:244:92 -1:16:8:3:7:12:6:4:13:0:9:15:2:11 -1:16:7:8:12:9:3:2:13:6 -1:37:152:28:29:67:33:30:135:24:220:23:118:84:34:27:16:237:143:169:144:20:148:59:58:145:139:63:12:138:149:7:60:127:54:212:142:110:126:211:76:109:53:114:75:131:216:64:57:80:13:228:128:77:111:233:6:229:213:207:50:8:122:71:105:203:125:115:132:206:121:160:217:230:81:224:70:161:104:210:11:9:74:165:108:3:223:162:234:227:2:156:10:155:166:159:17:42:194:195:41:46:199:43:36:47:190:196:40:200:189 -1:160:150:4:148:70:83:124:62:0:22:100:49:147:128:63:24:84:104:142:157:10:18:106:120:110:130:78:129:146:38:109:1:11:43:68:122:126:98:6:156:3:21:82:26:158:16:108:86:67:123:96:99:159:59:119:144:60:85:31:9:5:105:79:136:47:40:45:97 -1:160:25:142:69:103:140:2:23:124:27:104:60:80:87:47:64:89:149:101:111:120:50:30:107:109:71:91:68:88:3:108:110:128:131:51:81:48:129:151:70:28:31:90:148:49:106:8:7:9:130:29:10:4:65:11:100:141:150:0:144:44:24:126:84:122:5:22:41:102:20:145:42:82:67:43:46:66 -1:136:79:116:56:118:45:47:1:44:25:24:7:41:82:230:237:232:106:100:229:250:12:59:188:138:233:122:135:131:3:103:80:226:196:217:15:61:194:160:63:115:134:214:119:129:18:141:142:33:145:73:72:36:69:149:224:70:147:40:239:23:223:200:37:113:6:191:246:65:96:83:26:77:125:27:104:127:85:102:124:235:238:57:64:84:67:105:46:87:5:4:236:227:231:86:126:66:120:60:117:234:43:107:98:0:76:121:20:247:58:78:175:173:210:42:240:97:22:123:249:193:212:245:50:38:137:174:197:166:167:206:241:170:195:62:172:13:19:248:95:176:17:242:185:111:157:177:10:30:215:101:99:209:14:163:222:88:151:207:81:178:93:186:109:139:9:49:154:165:203:228:219:158:243:51:155:8:146:184:204:75:53:91:143:28:180:144:2:130:187:21:183:29:199:221:31:140:159:208:220:89:16:94:179:11:128:192:168:190:132:213:216:244:164:211:189:205:148:198:169:201:152:162:114:153:54:68:171:39:52:225:90:34:71:110:35:133:150:32:156:182:218:74:108:181:55:202:161:48:92
tree_sizes=6979 7163 7573 6611 7026 7102 7502 7419 7550 7800 7911 7444 7927 8071 8180 7986

Tree=0
num_leaves=63
num_cat=43
split_feature=38 5 3 19 38 0 3 20 38 5 22 39 5 5 38 5 0 22 0 32 41 6 21 34 3 34 41 22 41 34 3 22 34 19 41 22 41 19 5 41 34 19 34 34 34 34 23 22 41 34 23 5 23 34 22 22 5 0 5 23 21 23
split_gain=1963.11 864.601 598.766 671.239 381.825 552.488 392.756 362.268 327.279 297.601 287.736 194.076 175.576 158.452 163.631 155.766 228.441 134.982 134.75 128.773 126.543 122.047 116.998 112.587 97.8452 94.3503 90.1265 84.3658 83.6834 82.6292 79.4755 78.1128 76.4328 73.391 72.9341 68.3561 66.7052 66.515 66.4466 66.0437 65.9387 64.2811 69.7305 65.7025 64.0923 63.1911 62.9848 62.4141 55.9221 55.5951 53.795 53.3338 53.036 52.3662 52.0757 52.0312 51.835 71.8428 43.7453 43.3062 42.6859 41.906
threshold=0 0.090833336114883437 0.0091666667722165602 1 2 0.20251464843750003 0.014166666660457851 3 4 0.094166666269302382 5 6 0.070833332836627974 0.094166666269302382 7 0.034166667610406883 0.16149902343750003 8 0.25988769531250006 0.3054435551166535 9 0.14784456789493564 10 11 0.077500000596046462 12 13 14 15 16 0.014166666660457851 17 18 19 20 21 22 23 0.094166666269302382 24 25 26 27 28 29 30 31 32 33 34 35 0.090833336114883437 36 37 38 39 0.052500000223517425 0.29357910156250006 0.094166666269302382 40 41 42
decision_type=9 2 2 9 9 2 2 9 9 2 9 9 2 2 9 2 2 9 2 2 9 2 1 9 2 9 9 9 9 9 2 9 9 9 9 9 9 9 2 9 9 9 9 9 9 9 9 9 9 9 9 2 9 9 9 9 2 2 2 9 1 9
left_child=1 4 3 35 5 6 15 11 25 20 13 -6 56 14 21 16 -1 -13 30 32 -5 -10 -23 -16 -20 38 51 49 -25 33 -14 36 -9 58 -31 -2 -28 -19 47 61 -29 42 -36 -43 -41 -38 -39 -4 -42 -22 -51 54 -35 -37 -27 -34 -7 -58 -12 -49 -61 -33
right_child=2 -3 8 9 7 12 -8 19 10 -11 29 17 18 -15 23 -17 -18 37 24 -21 27 22 -24 28 -26 26 31 40 -30 34 -32 39 55 52 41 53 45 46 -40 44 48 43 -44 -45 -46 -47 -48 59 -50 50 -52 -53 -54 -55 -56 -57 57 -59 -60 60 -62 -63
leaf_value=0.026239799335598946 0.0035294118337333199 0 -0.00044444444356486198 0.0007634378504008055 -0.010380080714821814 -0.045503792166709897 -0.022609917819499968 -0.00329670337960124 -0.00069177558179944754 0 0.002933333348482847 0.0029962733387947083 0.02224510833621025 0 0.0024113265797495839 0.026571952924132346 -0.074999999999999997 -0.0044680852442979813 -0.028654042258858679 -0.00069204149767756464 0.0040000000968575472 0.0038216561079025269 0.0017751479521393775 -0.0021235520951449868 0 -0.00032292787218466399 0.00067039104178547861 -0.01508627850562334 0.00060668176738545301 0 -0.0053386073559522629 0.001685393275693059 -0.0056957798078656197 0 0.0021951219532638788 0.0036339165642857549 0.00019771257648244499 -0.00329670337960124 0 0 -0.0032335514668375251 0 0 0 0 0 0.00071290360065177081 -0.0053809401579201221 -0.010802787914872169 0 -0.010860576108098029 0 0 0 -0.0045662099495530125 -0.0092526689171791073 -0.010171262919902802 -0.033521680533885954 0 0 -0.0038881747517734763 0
leaf_weight=426 1441 6895 659 620 452 2249 980 441 1009 2878 1211 1188 139 6573 1082 504 228 725 1474 617 313 5234 4081 891 640 433 833 1162 6418 1599 198 429 970 1366 545 549 744 631 804 1274 720 5508 3271 34970 11487 5103 1422 534 6686 559 1364 656 3060 2656 1179 2511 938 1098 373 328 780 922
leaf_count=426 1441 6895 659 620 452 2249 980 441 1009 2878 1211 1188 139 6573 1082 504 228 725 1474 617 313 5234 4081 891 640 433 833 1162 6418 1599 198 429 970 1366 545 549 744 631 804 1274 720 5508 3271 34970 11487 5103 1422 534 6686 559 1364 656 3060 2656 1179 2511 938 1098 373 328 780 922
internal_value=-0.0205853 -0.0976595 -0.00499362 -0.0540158 -0.13258 -0.176739 -0.0440186 -0.0885048 0.00399388 -0.0861604 0.013822 -0.0271557 -0.219101 0.0400553 0.0541433 0.074224 -0.0224083 -0.00565607 -0.154831 -0.147989 -0.107938 0.0794118 0.0902222 0.0229204 -0.182892 -0.0249952 -0.0183599 -0.11544 0.0094659 0.00103438 0.0212385 -0.0121419 -0.168349 0.034075 -0.00330029 0.0450193 0.0145696 -0.0418279 -0.0740134 -0.0247876 -0.129126 -0.00557938 0.031583 -0.00909113 -0.0314726 0.00317458 -0.0139467 -0.100174 -0.118172 -0.0625889 -0.0817053 -0.0749999 0.014128 0.0204227 -0.104647 -0.183109 -0.255773 -0.22051 0.0892856 -0.131137 -0.0948213 0.0380777
internal_weight=147030 24726 122304 18948 17831 8874 2138 8957 103356 14302 77191 4418 6736 25288 18715 1158 654 3966 2451 4539 11424 10324 9315 8391 2114 26165 23060 10804 7309 51903 337 20792 3922 6010 45893 4646 6680 2778 3105 14112 8568 44294 3816 40478 12761 5847 2053 2301 7406 2236 1923 2268 4426 3205 1612 3481 4285 2036 1584 1642 1108 1351
internal_count=147030 24726 122304 18948 17831 8874 2138 8957 103356 14302 77191 4418 6736 25288 18715 1158 654 3966 2451 4539 11424 10324 9315 8391 2114 26165 23060 10804 7309 51903 337 20792 3922 6010 45893 4646 6680 2778 3105 14112 8568 44294 3816 40478 12761 5847 2053 2301 7406 2236 1923 2268 4426 3205 1612 3481 4285 2036 1584 1642 1108 1351
cat_boundaries=0 8 10 12 13 21 24 25 32 36 44 46 54 62 70 73 81 89 92 100 107 114 117 125 132 140 148 155 163 171 179 187 191 195 203 211 215 218 226 230 233 236 238 242
cat_threshold=1261516 315136 0 0 0 0 2415951880 9841 0 15 1261516 1024 146 0 2589982736 1260617 256 2064 64 54282384 8 4214226944 536871167 5177280 2048 822083584 34 128 3288653824 1146880 39 260 268577499 67175168 4277075968 6 541139520 671746 205529360 264192 1073795104 788550 536871424 4096 4011978724 1644228512 2147488266 65600 537395220 3355447296 524560 698351640 2684354560 532744 76087296 2147483796 10240 35659776 16777220 68292720 2158493794 67108996 2147483776 1073742336 4196354 576513 67129344 32898 626688 40110380 1160250303 192 14942465 536872192 2415919136 13697032 524289 8929281 335544360 1073774596 75563680 36704260 0 4231186 811925648 131672 134742016 538443777 10256 1072169506 4026662979 1126039591 42053632 1375731744 0 67436560 329792 285212672 143958024 2130432 68 9 136316968 67158048 570662976 50692352 139408 536871936 1614872581 83886096 75530248 1074200576 2013266212 1610686472 528516096 2957021293 4019255 218335232 16777474 805307776 8389568 536871936 536870912 2432958465 8454146 589868 101720064 9437185 33570856 436338692 1082425348 8448 469763072 12582922 1138688 2164260996 2415919136 201853704 50331904 1060864 538968064 553648146 151027828 4718592 2282750081 67125504 296128 1048836 0 1074267392 6322706 4207629 8 268902408 1442560 134217728 543164544 8389120 1074802752 641769600 458816 1073743872 2097664 1082474624 2097232 2776630400 2231375936 537233408 264708 0 128 258 8192 266240 17242389 8389424 0 135538693 8651072 167772354 16777248 2147615490 1074135168 32 4719105 138412564 36897 2249015434 3379167280 809571080 7 2775613840 152634432 64110776 8 77594884 262144 2684354626 1646265252 2147483648 285212672 134480024 1081488 1073745920 3225436548 0 2129921 2151713794 276865280 0 100663808 34607285 1916394496 1283721248 12 1142990848 818972274 2722153406 2 545293581 16777228 1612713984 1231093824 96 1 8320 377487888 671096960 160166197 9 31457744 3756926720 536870941 4499140 138866700 2795768204 336102070 2554732708 1778671809 2200142500 2299199576 8
is_linear=0
shrinkage=0.3


Tree=1
num_leaves=63
num_cat=46
split_feature=39 5 38 0 0 22 3 6 19 5 34 22 5 34 5 0 34 34 34 19 34 38 19 5 34 38 22 34 34 21 34 34 23 24 34 23 24 24 34 23 8 0 34 5 34 23 24 0 22 23 34 19 34 40 5 24 22 23 22 23 24 5
split_gain=1120.97 387.349 472.187 334.386 322.708 208.494 200.094 127.416 115.741 134.219 113.513 107.5 98.5544 93.3275 89.3884 117.696 88.3458 85.8072 84.963 84.5953 84.4117 77.0937 74.8671 78.6784 73.3533 71.775 70.3859 72.3982 69.6429 68.5841 72.8616 64.6139 64.5789 64.1511 64.0282 63.4105 62.3733 62.0153 60.7353 59.8171 59.4303 103.177 59.0858 58.3795 66.9511 56.8677 56.7605 54.1422 52.2698 51.1072 50.5764 50.2595 49.981 48.7699 55.5679 52.0313 47.9873 47.6572 46.567 44.0036 43.4234 43.3315
threshold=0 0.069166667759418501 1 0.17736816406250003 0.12512207031250003 2 0.010833333246409895 0.12403846159577371 3 0.094166666269302382 4 5 0.094166666269302382 6 0.049166666343808181 0.33410644531250006 7 8 9 10 11 12 13 0.092500001192092909 14 15 16 17 18 19 20 21 22 23 24 25 26 27 28 29 0.59863281250000011 0.24011230468750003 30 0.094166666269302382 31 32 33 0.22595214843750003 34 35 36 37 38 39 0.094166666269302382 40 41 42 43 44 45 0.094166666269302382
decision_type=9 2 9 2 2 9 2 2 9 2 9 9 2 9 2 2 9 9 9 9 9 9 9 2 9 9 9 9 9 1 9 9 9 9 9 9 9 9 9 9 2 2 9 2 9 9 9 2 9 9 9 9 9 9 2 9 9 9 9 9 9 2
left_child=1 2 3 6 20 7 -1 22 31 13 35 28 17 37 -5 40 -13 -3 51 24 -2 42 23 60 -20 -15 32 -28 -12 36 -31 -9 -19 39 56 -4 -18 -10 -35 -22 41 -16 -21 44 -26 -33 -29 -44 -36 -40 61 -7 -47 59 55 -55 -23 -48 -51 -53 -6 -24
right_child=4 12 10 14 5 18 -8 8 9 -11 11 16 -14 25 15 -17 29 26 19 21 33 34 50 -25 43 -27 27 46 -30 30 -32 45 -34 38 48 -37 -38 -39 49 -41 -42 -43 47 -45 -46 52 57 -49 -50 58 -52 53 -54 54 -56 -57 -58 -59 -60 -61 -62 -63
leaf_value=0.018975028954446315 -0.021650903290137646 -0.0041309352032840247 0.0042078977229539306 -0.032954157292842866 -0.00037050201790407301 0 -0.019208213388919829 -0.00038847390795126551 -0.0021216407418251037 0 -0.00058365758741274476 -0.0066398898046463725 0 0.0022979119420051576 -0.0036364983022212985 -0.023862247467041017 -0.00059171598404645915 0 0 0 -0.014977554604411124 0 -0.0075422183051705362 0 -0.0047171063907444468 0.00032915205170866104 0.0013671927060931921 0 -0.0065402272139908737 0.0034126164391636848 -0.0014506769366562366 0 -0.0032779681496322155 0.0013079765578731892 0 -0.0010186923178844155 -0.004664208088070154 0.00091829840093851081 -0.0066514048562385138 0.0039625842450186606 -0.00048931304365396543 -0.030051067918539044 -0.004105738021899015 0 -0.0017191977705806494 0.00071820519631728543 0 0 0 -0.0093788287416100499 0 -0.001058823550119996 0 0.0028606483619660139 0 0.0011083744000643491 0 -0.0023346198583021759 -0.020452067924779844 0 0.0051005967613309616 0
leaf_weight=574 532 1206 429 2147 319 1058 633 765 535 4511 549 1136 9681 10462 462 600 1031 842 800 1052 428 2592 361 665 660 2900 694 1678 3518 675 3371 2257 2045 420 16528 850 2294 1142 696 859 358 688 3426 1384 3519 696 1159 8005 20884 544 3461 561 4058 1185 1353 2717 2936 2564 1198 1433 773 171
leaf_count=574 532 1206 429 2147 319 1058 633 765 535 4511 549 1136 9681 10462 462 600 1031 842 800 1052 428 2592 361 665 660 2900 694 1678 3518 675 3371 2257 2045 420 16528 850 2294 1142 696 859 358 688 3426 1384 3519 696 1159 8005 20884 544 3461 561 4058 1185 1353 2717 2936 2564 1198 1433 773 171
internal_value=-0.01779 -0.0612384 -0.0915049 -0.166167 -0.00199707 0.00149751 -0.027047 0.0211255 0.0296729 0.0419742 -0.0618824 -0.0705546 -0.0318404 0.055608 -0.20599 -0.161801 -0.0512032 -0.0524337 -0.00776692 -0.0115975 -0.0790553 -0.00783079 -0.0194541 0.0320519 -0.0443294 0.0639524 -0.0421614 -0.023776 -0.110762 -0.0390491 -0.0127156 -0.00130969 -0.0807174 -0.0640125 -0.00179502 0.0232377 -0.0709319 -0.01119 -0.0890592 -0.00808303 -0.116821 -0.15 -0.0285714 -0.056556 -0.0743362 0.00777443 -0.0355256 -0.0348422 0.00266139 -0.107265 -0.0420973 0.0206996 0.0263743 0.029624 0.0447693 0.0630123 -0.0318953 -0.0561445 -0.134949 -0.010319 0.0817183 -0.127389
internal_weight=147030 39184 19315 5462 107846 103169 1207 33076 27326 19550 13853 12574 19869 15039 4255 2108 8507 10188 70093 61786 4677 55423 5750 1757 6363 13362 8982 6095 4067 7371 4046 7776 2887 4145 42940 1279 3325 1677 2858 1287 1508 1150 12483 5563 4179 7011 5401 11431 37412 2438 3993 8307 4754 7249 5255 3902 5528 3723 1742 1994 1092 532
internal_count=147030 39184 19315 5462 107846 103169 1207 33076 27326 19550 13853 12574 19869 15039 4255 2108 8507 10188 70093 61786 4677 55423 5750 1757 6363 13362 8982 6095 4067 7371 4046 7776 2887 4145 42940 1279 3325 1677 2858 1287 1508 1150 12483 5563 4179 7011 5401 11431 37412 2438 3993 8307 4754 7249 5255 3902 5528 3723 1742 1994 1092 532
cat_boundaries=0 5 12 15 22 30 34 42 50 58 66 73 81 88 95 103 110 114 122 130 132 140 148 152 155 163 167 171 175 183 187 195 203 207 211 215 219 227 234 242 247 251 255 258 262 266 270
cat_threshold=2216757313 134217984 4227096 1098912777 2417229825 1129356 0 0 0 0 0 33554432 4128260096 5375 8052672 65536 2098189 75564040 421610609 272695312 545259776 262912 82 131072 1074794832 8716432 67232 269484032 272 430088 2148646912 134525693 2885835714 8 2281719808 2048 1615069312 335815296 1327108 68160000 6553872 163840 1410075776 34669060 8192 132098 3355443456 16957440 0 4196354 278912 3226632448 272 8389184 1664 135267074 2157969600 1024 23593222 2148532224 135188 805380112 65624 532480 143659009 10256 65536 2149597696 209780737 488636528 281020417 1619542146 16416 50397184 553779217 134299906 2149056514 18 524288 258 417800 0 169869312 1259713 2147484416 34944 36 322734360 0 2153779215 32771 16795676 37748736 268632064 74048 33556992 1430538304 104081504 16777280 131584 134217728 2097152 5127 1895825408 34 67584 3292815872 286492809 515 136 2149940288 10488621 1350747952 9 167772192 0 1704064 786467 142606432 262144 268902419 67841 100663808 290455552 263168 33555498 33816576 536942850 13713414 65569 419659519 1799379520 2285904128 67117104 19415552 8704 1048576 1073751041 16794144 540672 1081412 268435584 2164261128 33554688 1073741832 18888704 83935264 39846272 2722959361 1631404072 2218789152 9 2151852312 2164011024 866395032 8478848 33554448 18874432 117604416 402950144 6144 41104 75760000 1082156289 8555265 367814154 13 2307018818 1290816514 1361215533 2 52466465 2147922836 1112737289 4 1076367360 98820 4194824 406919200 940572672 17039376 65540 85983232 2856488975 2232225861 100707352 5 2049 0 8 83886148 277006368 23068672 2894862 17055776 393216 2621696 558080 2150107904 32771 133684 8258 82048 604585498 808272579 135528484 14 1279074 1518821449 1177190944 12 78713 1591607296 2952790045 10 2099917 319099280 155316260 12 34078720 8741376 84 4210689 604241953 1157891072 8749056 4194320 262144 76554240 189858835 285212690 838864896 1669332992 98376 67108872 1082130528 33554432 690028576 33563217 2151678464 302252032 67257345 62917632 268819456 226754763 285218832 8454152 818626688 574555144 456147042 10 144802752 4180118016 2231705625 2 8680596 1153991588 1348279072 2028012144 2299661449 17372240 1 563088941 131154 2195080418 2 2318013184 35215504 2150631493 8
is_linear=0
shrinkage=0.3


Tree=2
num_leaves=63
num_cat=46
split_feature=38 5 38 3 38 0 4 3 3 22 38 3 0 4 35 34 5 22 41 4 34 35 34 41 0 4 4 41 34 35 34 35 35 22 41 34 22 34 41 35 35 41 19 41 34 34 23 23 34 23 23 23 35 5 34 41 34 23 22 23 22 8
split_gain=641.954 296.216 256.804 219.635 229.981 188.078 180.888 151.053 148.248 115.517 120.676 100.966 207.479 96.5821 98.9289 104.879 92.4081 115.986 117.999 122.369 97.0263 93.7673 92.2063 91.0538 90.0791 88.7392 85.3636 84.3148 83.0745 82.8461 81.4515 81.1736 78.7876 78.5443 71.6514 69.1702 68.7238 67.3159 61.9667 59.6307 58.2499 57.3741 56.1709 61.3332 58.2729 56.0403 52.7947 48.8913 48.7879 46.7774 46.6189 45.7629 45.639 45.0924 90.1634 71.434 60.0393 63.1471 51.3386 43.8891 41.5958 38.9336
threshold=0 0.070833332836627974 1 0.0091666667722165602 2 0.16662597656250003 0.094166666269302382 0.014166666660457851 0.0075000002980232247 3 4 0.035833332687616355 0.31433105468750006 0.094166666269302382 5 6 0.079166665673255934 7 8 0.0075000002980232247 9 10 11 12 0.20983886718750003 0.029166666790843013 0.052500000223517425 13 14 15 16 17 18 19 20 21 22 23 24 25 26 27 28 29 30 31 32 33 34 35 36 37 38 0.090833336114883437 39 40 41 42 43 44 45 0.092773437500000014
decision_type=9 2 9 2 9 2 2 2 2 9 9 2 2 2 9 9 2 9 9 2 9 9 9 9 2 2 2 9 9 9 9 9 9 9 9 9 9 9 9 9 9 9 9 9 9 9 9 9 9 9 9 9 9 2 9 9 9 9 9 9 9 2
left_child=1 2 5 4 6 8 36 28 -1 29 16 24 25 14 -6 50 17 18 -11 -20 46 -22 -9 52 26 -13 61 -17 -4 48 41 -29 60 49 -31 -35 -2 39 -39 -36 -40 -25 44 -44 -32 -38 -19 -47 -5 -34 -16 -30 -12 54 -3 -56 -57 -58 -59 -43 -24 -7
right_child=3 53 7 9 13 11 -8 22 -10 10 23 12 -14 -15 15 27 -18 20 19 -21 21 -23 32 30 -26 -27 -28 31 51 34 42 -33 33 35 37 -37 45 38 40 -41 -42 59 43 -45 -46 47 -48 -49 -50 -51 -52 -53 -54 -55 55 56 57 58 -60 -61 -62 -63
leaf_value=0.024069546964019532 -0.00044091938179917632 0.00098339044488966461 0.00061876034829765547 0 -0.010784220392815768 -0.042613752812147139 0 0.0019078459868906064 -0.015014398505911231 -0.0012204858222976326 -0.0016999145880108701 -0.0072579311728477487 -0.016370894148945807 0 -0.0055530162155628211 -0.011347709829249651 0 -0.00027906977338716389 -0.0014639717505779116 0.0027066160904942078 0.0029290228709578513 -0.00014823713921941815 -0.0020971943135373295 0 -0.031969996109604833 0.0028597279451787472 0.0050453908145427703 0.0013904826622456313 -0.0072857043799012897 0 0 -0.005779275985085406 6.9277903530746485e-05 -0.0036421137795550748 -0.0030816581100225446 0.00062434966675937174 0.010465862075798214 0 0 0 0 0 0 0 0 -0.00049490895867347704 0.0033217224776744842 0.0056579775405116378 0 -0.004822392114205285 0.0039195694355294106 -0.015754119368037209 0 0 0.00070038595749065272 -0.0050688441842794418 0 -0.00041015781182795764 -0.0037469774018973109 -0.00020111731253564358 -0.0073243909575976427 -0.010294969618320465
leaf_weight=304 916 720 412 551 1607 237 880 846 550 947 852 593 724 2825 321 1110 15434 421 991 6870 1152 10079 412 926 1389 478 194 967 565 1811 657 6470 420 716 540 2795 420 2184 2886 2292 18315 778 1791 21174 2850 560 1149 1436 2599 1132 823 1665 1196 7827 647 828 1145 801 1846 1805 852 347
leaf_count=304 916 720 412 551 1607 237 880 846 550 947 852 593 724 2825 321 1110 15434 421 991 6870 1152 10079 412 926 1389 478 194 967 565 1811 657 6470 420 716 540 2795 420 2184 2886 2292 18315 778 1791 21174 2850 560 1149 1436 2599 1132 823 1665 1196 7827 647 828 1145 801 1846 1805 852 347
internal_value=-0.0131114 -0.0535756 -0.083339 -0.00339975 -0.0335878 -0.140058 0.0279119 -0.0552864 -0.0126166 0.00212165 0.008963 -0.167861 -0.115025 -0.0519137 -0.064354 -0.0527156 0.0206207 0.0332886 0.0597619 0.0718277 0.0150082 0.00520322 -0.0327387 -0.00452233 -0.21148 -0.0310343 -0.129231 -0.064143 -0.116641 -0.013033 -0.000330072 -0.0524365 -0.0451491 -0.0282561 -0.0182204 -0.00332099 0.059928 -0.022212 -0.0168996 -0.0658227 -0.0119219 -0.0431979 0.00536927 -3.91631e-05 0.0406649 0.0862438 0.0845764 0.0643924 0.033017 -0.0842071 0.0324393 -0.139161 -0.0655339 -0.0220831 -0.0416764 -0.0552377 -0.068329 -0.0519716 -0.0773975 -0.0661271 -0.111912 -0.186348
internal_weight=147030 28445 14631 118585 18335 4816 4212 9815 854 100250 69072 3962 1795 14123 11298 9691 37043 21609 8808 7861 12801 11231 7173 32029 2167 1071 778 8547 2642 31178 29981 7437 6327 5063 28028 3511 3332 26217 23385 2832 21201 3509 26472 22965 3507 2416 1570 1996 3150 1552 1144 2230 2048 13814 5987 5267 4620 3792 2647 2583 1264 584
internal_count=147030 28445 14631 118585 18335 4816 4212 9815 854 100250 69072 3962 1795 14123 11298 9691 37043 21609 8808 7861 12801 11231 7173 32029 2167 1071 778 8547 2642 31178 29981 7437 6327 5063 28028 3511 3332 26217 23385 2832 21201 3509 26472 22965 3507 2416 1570 1996 3150 1552 1144 2230 2048 13814 5987 5267 4620 3792 2647 2583 1264 584
cat_boundaries=0 8 9 17 21 28 36 44 47 55 63 71 79 87 95 103 111 119 127 135 139 147 155 159 167 175 182 190 198 205 213 221 228 232 235 243 247 251 255 263 271 279 287 291 295 299 303
cat_threshold=1261516 2147766016 8200 0 0 0 557080 8761 1121156 142606336 270532612 136257 570958080 2552251408 1610612804 2147500292 1024 929917 2667315200 3087007751 11 2030043136 38 0 3221283584 2551414785 1073741863 16777216 1310720 2687500288 33554564 136317041 268443652 1107300352 1074405664 130 12304 1639488 4202632 536903712 50405376 671350787 536870920 66562 3766486016 537004009 50848736 83984512 2147488320 3145732 402653440 134774913 17072257 134217730 82432 103813124 67239936 136325120 41943108 524929 139460624 1082659844 2048 34603016 24644 88473632 524288 2621568 8321 152076291 4988964 67109376 270540808 524313 37756929 40174209 524288 4198400 168451 2148007936 3489792000 18874386 285220929 201588800 1052672 604078752 37748800 134496256 2147484432 16797728 335544320 679936 131073 524288 28196866 5357568 90349568 33808 0 1078034432 4195331 16896 32 3149824 2147492882 260 536877248 20485 1048598 310378498 8946692 33570816 69206024 2384463880 545270784 5245953 402653220 2621440 4227074 33562624 137216 16777793 1576960 2050 17826056 672137232 5341536 3221487648 134220992 2164523040 201396224 53249 16779314 524288 67174948 1525777 70822 2166644572 3 805306368 4194337 0 570851328 1610648072 2017465344 1644767232 73728 1613958144 605815297 2105344 0 2164274176 67108928 34308096 20 2151904191 11928128 2449474048 1 8601664 134217728 128 2264940578 34113537 67174912 41960048 33555968 2281709568 2098506 8388840 8404992 75497472 2148270080 134250720 22054912 1040 337838601 1040 134840576 1074004240 17596416 20972032 276824088 33816704 3221303904 2097156 536870920 1073783040 2151696644 1179648 1074020358 74310 536870912 2818573576 534040 1879048192 37748992 65536 262272 2197848576 17826340 16 553787512 604274736 1048816 335544384 35651616 21504 8421382 2415919108 1258817856 1359093760 40960 134217728 134217728 1048576 19923329 547356676 3825475584 940576912 17039440 0 270533901 66572 0 418906176 16883984 260 538071168 1080963088 693272596 14 1124991172 2757859361 436758784 18087968 2148008068 536870924 64 268436613 51397124 272629844 41943043 2228764944 1163723776 470065280 6 151049682 33555012 574096434 4 1124114692 289409537 88651812 7 1073758392 1109393410 124256400 0 134217728 14336 524672 67108912 269158404 4096 5115976 2097153 150470656 16850944 805572608 37748992 0 2298740738 553648896 281559057 268304 1573139 671088641 262180 67387520 178946312 16826372 268435456 2147763200 1077936648 8388736 65537 2190565525 2165052092 1086850336 2 2254569600 2156466372 2201759877 7 8519809 1181266701 1480676454 10 1712956760 1183908288 411924 4
is_linear=0
shrinkage=0.3


Tree=3
num_leaves=63
num_cat=45
split_feature=38 29 0 0 0 6 38 3 0 6 29 38 41 22 41 41 28 0 22 2 2 41 41 41 19 22 41 35 40 29 8 35 35 35 29 19 3 8 19 41 23 32 3 35 24 22 22 23 21 0 24 0 39 24 24 18 22 22 24 24 24 23
split_gain=476.295 238.446 222.963 184.328 148.227 115.104 150.769 111.568 120.472 212.225 142.45 94.2025 94.1198 88.2589 86.5579 84.6871 83.2361 128.183 78.7668 74.4717 84.8866 72.9094 72.2595 71.9897 70.4938 70.4738 65.378 64.2196 62.3134 70.8498 62.1384 61.8349 60.8518 60.5381 69.9143 70.4556 58.9462 57.9074 56.7816 54.5955 53.9555 52.8712 93.3806 51.495 54.4046 48.6661 45.5744 47.2209 45.1301 44.2956 44.222 43.6106 42.4478 38.9346 38.4761 38.4652 37.4291 37.4241 36.68 34.4583 32.6894 32.6058
threshold=0 1 0.11315917968750001 0.25061035156250006 0.22351074218750003 0.14784456789493564 2 0.075833335518836989 0.34533691406250006 0.41403941810131079 3 4 5 6 7 8 9 0.19348144531250003 10 -0.094166666269302354 0.094166666269302382 11 12 13 14 15 16 17 18 19 0.66503906250000011 20 21 22 23 24 0.027500000782310966 0.26464843750000006 25 26 27 0.41229838132858282 0.014166666660457851 28 29 30 31 32 33 0.29968261718750006 34 0.30456542968750006 35 36 37 38 39 40 41 42 43 44
decision_type=9 1 2 2 2 2 9 2 2 2 1 9 9 9 9 9 1 2 9 2 2 9 9 9 9 9 9 9 9 1 2 9 9 9 1 9 2 2 9 9 9 2 2 9 9 9 9 9 1 2 9 2 9 9 9 9 9 9 9 9 9 9
left_child=1 3 18 12 41 6 39 8 9 28 19 14 -1 15 58 54 -14 25 55 -10 -21 50 57 43 32 -18 53 -26 49 -30 -5 -23 -25 56 -35 -36 -19 -11 -28 -4 -20 -3 -43 -15 -45 -40 60 -48 -39 -6 -17 -32 -42 -16 -13 -2 -24 -8 -7 -58 -41 -56
right_child=2 4 5 30 7 11 22 -9 10 37 -12 13 16 23 26 21 17 36 40 20 -22 31 33 24 27 -27 38 -29 29 -31 51 -33 -34 34 35 -37 -38 48 45 46 52 42 -44 44 -46 -47 47 -49 -50 -51 -52 -53 -54 -55 61 -57 59 -59 -60 -61 -62 -63
leaf_value=0.0032812572316266576 0.013174687629158141 -0.0052256779271643607 0.0005157593311741948 -0.018131049370084661 0 0 0.00052052507142070679 0 0 -0.0086554323837161103 0 0 1.3403721386566783e-05 0 0.0015162177854217589 0.0017094017006456851 0.0012050155380915379 -0.031788126464188105 -0.0093246886988868922 -0.016818268769793213 0 0 0 0 0 -0.014774355359282343 0 0 -0.0078335930027067652 0 0.0022350521329790353 0 0 0 0 -0.00047409944236278531 -0.0047740750471595679 -0.0003615131929982452 0 -0.0004615846972097639 -0.0012408442628220641 0.021303411418036555 -0.00062434027958661366 0 0.00050997437640326105 0 0 0 0.0035290442470461126 0 0 -0.0097992320291697983 -0.022666471034620193 0 0 -0.0073383835404718413 0 0 -0.0014271047097863629 0 0 -0.0022388059180229901
leaf_weight=554 214 185 797 1002 520 308 435 2307 234 111 683 544 585 568 427 541 556 700 652 1456 205 2607 560 556 5289 962 792 44138 1613 437 93 21240 4667 3277 2711 11333 174 218 3859 531 211 462 318 1078 2476 8286 1249 2853 960 274 1240 116 1386 919 429 856 425 934 948 906 1214 849
leaf_count=554 214 185 797 1002 520 308 435 2307 234 111 683 544 585 568 427 541 556 700 652 1456 205 2607 560 556 5289 962 792 44138 1613 437 93 21240 4667 3277 2711 11333 174 218 3859 531 211 462 318 1078 2476 8286 1249 2853 960 274 1240 116 1386 919 429 856 425 934 948 906 1214 849
internal_value=-0.00889398 -0.0600529 -0.0031946 -0.115472 -0.0337706 -0.00121872 -0.0185441 -0.0457317 -0.0652912 -0.0335187 -0.116163 0.00341676 -0.0807529 0.00729179 -0.018076 -0.00675114 -0.101673 -0.126539 -0.0799458 -0.158461 -0.180758 -0.00229329 -0.0312193 0.0138507 0.0109601 -0.0742104 -0.0113956 0.0074516 -0.0792691 -0.106644 -0.216405 -0.00667672 0.0440687 -0.0359707 -0.0415393 -0.0507689 -0.218493 0.0673895 -0.017955 0.0207332 -0.111588 0.0778695 0.11202 0.0520319 0.0654514 -0.0230484 0.0105991 0.0278561 0.086949 -0.00707177 0.0560512 -0.0668239 -0.141516 0.0512517 -0.0690294 -0.0121995 0.0149763 0.0351918 -0.0932175 -0.0125092 -0.0298804 -0.0974417
internal_weight=147030 14725 132305 4742 9983 128986 27225 9018 6711 4133 2578 101761 3531 86222 15539 27450 2977 2392 3319 1895 1661 25628 20581 58772 54650 1518 14283 49427 2844 2050 1211 23847 5223 19212 17321 14044 874 1289 12937 6644 2249 965 780 4122 3554 12145 5847 4102 1178 794 1781 209 1597 1346 1822 1070 1891 1369 1256 1331 1745 1278
internal_count=147030 14725 132305 4742 9983 128986 27225 9018 6711 4133 2578 101761 3531 86222 15539 27450 2977 2392 3319 1895 1661 25628 20581 58772 54650 1518 14283 49427 2844 2050 1211 23847 5223 19212 17321 14044 874 1289 12937 6644 2249 965 780 4122 3554 12145 5847 4102 1178 794 1781 209 1597 1346 1822 1070 1891 1369 1256 1331 1745 1278
cat_boundaries=0 8 9 16 17 25 33 37 45 53 54 58 66 74 82 89 93 101 109 114 115 123 131 139 140 147 154 162 166 174 178 182 186 190 192 195 200 204 208 214 218 222 225 229 233 237
cat_threshold=1261516 512 0 0 0 0 0 1073 1 1216348160 34820 1257664 570994944 2283929616 1073741892 278912 2 0 304400640 1194177 256 16 68 2149861784 584 0 10485776 2147879170 336863238 3344 402956352 201400320 24 405881 2264172800 3087007759 11 26886276 268435602 65536 262177 128 2 138938560 16802624 2147483648 9438536 2248147497 25088 69214208 3801088 67142832 3145728 56 825230141 1090989312 1090733152 2 66564 589824 16777216 570687488 4229696 1749090336 1934166016 73728 604569664 2113536 201335936 2103300 3221258240 4718722 570722816 33560576 537019392 262150 469770304 2129960 268500998 1745355008 134283272 8389824 0 1176502528 2105858 4200456 536913992 486637600 1114324 2758018048 1477845522 235572200 10 335544384 3221553188 5122 277872904 2151694592 1056980992 139264 1048576 134218112 1073807365 21268496 1073774976 268992512 538968576 8421440 18358532 2428503692 720896 251658488 61504 8585223 2 268451840 138412072 3494191168 1073741856 17826314 1207968064 2688565248 1310720 33595648 75497472 2248278017 2156927490 1024 1275076610 33587202 67272720 86593536 0 3 335675648 3200 79691779 536891466 86016 4 524288 21016331 33607696 53258 67125272 268505376 256 0 5769472 2232426496 2165764 545669120 168296680 1179760 2685468712 270535680 2151745536 2149580800 131072 8683548 8455169 134144 268436161 4161494322 139477000 15 2147500288 554706048 67650058 134239232 335708161 73400320 0 524356 3843089138 134218892 269223707 10 558105245 3477340368 875561873 2 252767261 316674345 67115077 1 2148677946 222389770 807997504 4 9306752 2148859969 604029478 1965328100 1080039946 262145 2112 16384 134217732 537133060 1422401672 2274419620 687866404 2 402667652 1221072705 186524257 4 0 262150 268435456 384 0 1048577 311487967 226820609 1216872452 4 1619599574 5252925 3628139520 2 29642768 794644 1280853126 622920832 1392903384 2202143272 8 603989507 584198248 161510097 8 136856185 2149007706 872452354 6
is_linear=0
shrinkage=0.3


Tree=4
num_leaves=63
num_cat=41
split_feature=38 0 19 4 8 0 4 0 38 22 41 34 41 34 35 34 41 0 3 35 22 41 0 3 4 34 35 34 22 4 19 3 35 41 23 6 22 19 8 23 35 23 22 35 0 8 24 34 34 4 23 23 22 4 22 35 34 22 3 0 24 22
split_gain=310.289 183.872 171.961 171.17 177.83 347.006 152.9 120.935 93.9442 104.293 92.06 86.7198 84.6582 82.3907 87.0975 79.8817 77.6901 75.7272 118.058 75.5428 75.3633 73.9671 69.444 92.2427 98.2278 69.3554 68.8886 68.3822 67.4783 65.538 65.249 64.5514 63.5876 63.3403 62.6166 62.0116 59.0586 59.0286 58.527 58.3862 57.6 56.6703 56.0884 54.8199 53.4665 66.64 53.3457 53.0684 51.2928 51.094 49.4463 48.4878 48.0591 47.4788 45.7263 44.8942 44.6426 43.6623 42.4097 57.7827 41.3751 41.1658
threshold=0 0.14880371093750003 1 0.094166666269302382 0.46484375000000006 0.22717285156250003 0.044166667386889465 0.15637207031250003 2 3 4 5 6 7 8 9 10 0.34240722656250006 0.077500000596046462 11 12 13 0.29235839843750006 0.024166666902601722 0.047499999403953559 14 15 16 17 0.030833332799375061 18 0.0075000002980232247 19 20 21 0.12933094054460528 22 23 0.025390625000000003 24 25 26 27 28 0.40466308593750006 0.72363281250000011 29 30 31 0.092500001192092909 32 33 34 0.082499999552965178 35 36 37 38 0.075833335518836989 0.30944824218750006 39 40
decision_type=9 2 9 2 2 2 2 2 9 9 9 9 9 9 9 9 9 2 2 9 9 9 2 2 2 9 9 9 9 2 9 2 9 9 9 2 9 9 2 9 9 9 9 9 2 2 9 9 9 2 9 9 9 2 9 9 9 9 2 2 9 9
left_child=3 2 28 4 5 6 7 31 9 11 -4 -3 -13 -12 -15 43 58 29 44 60 46 -17 23 53 -25 -22 47 32 -2 -18 -28 -1 -10 36 -30 -8 -29 39 -9 54 52 -21 -41 -11 45 -19 -16 -23 -42 51 57 -45 -39 -7 -35 -40 -38 -34 59 -6 -14 -52
right_child=1 8 10 -5 16 22 35 38 27 15 13 12 19 14 20 21 17 18 -20 41 25 26 -24 24 -26 -27 30 33 34 -31 -32 -33 50 37 -36 -37 56 40 55 42 48 -43 -44 49 -46 -47 -48 -49 -50 -51 61 -53 -54 -55 -56 -57 -58 -59 -60 -61 -62 -63
leaf_value=0.023481666981409653 -0.0048552865401143208 0.0001422298327088356 0.0048154797772876927 0 -0.00099006370212882514 -0.030004184371111624 0.01973259891427355 -0.02847745166174602 0.00040161158156697645 0 -0.012458951052103659 0 0.0018034182570409029 0.0038190752500668165 -0.0044699129714572345 0.0001422298327088356 -0.00033878512496128554 -0.0057232334225432663 0 0 0.004230057098006364 0 -0.024831346443039075 -0.011400579864042812 0.0029606521743745545 -0.0063116956938699146 0 -0.00055816498206113466 -0.0034520482644438744 0.0048703283660206939 0 -0.0088272325797824312 0 -0.003030394648667425 0.010099052707082591 0.00070258346496149867 -0.00039116648738854578 0 0.0035659316341261722 -0.00015299231292097832 0 0 0 0 -0.013828638299955056 0.0076292039533623016 -0.012539596748887561 0 0 0 0 -0.0020470366068184374 0.00011654217238537965 -0.0040879585107229657 0 -0.011383625684317668 0 0.0001422298327088356 0 -0.011792241749297537 0 0
leaf_weight=239 688 2360 658 1824 301 654 295 350 1106 659 1128 1053 541 763 675 1388 657 357 861 4694 685 533 800 291 244 4448 4754 1224 426 614 26823 462 559 532 1101 543 664 685 118 1053 5467 9876 2595 1024 278 94 1633 2931 39886 842 1140 2148 1481 109 1138 519 2250 1233 366 418 1178 2614
leaf_count=239 688 2360 658 1824 301 654 295 350 1106 659 1128 1053 541 763 675 1388 657 357 861 4694 685 533 800 291 244 4448 4754 1224 426 614 26823 462 559 532 1101 543 664 685 118 1053 5467 9876 2595 1024 278 94 1633 2931 39886 842 1140 2148 1481 109 1138 519 2250 1233 366 418 1178 2614
internal_value=-0.00336865 0.000434692 -0.0347014 -0.0533058 -0.0711152 -0.111025 -0.0360759 -0.0880472 0.00388161 0.0123125 -0.0514397 0.0302526 0.0228708 -0.0591074 -0.0484907 0.00370676 -0.0243161 0.0017751 -0.0418341 0.028213 -0.058406 0.00844653 -0.201143 -0.157846 -0.0620109 -0.0379592 0.00574273 -0.00417668 0.0408172 0.0563235 0.00132957 0.00725441 0.0245798 -0.00753856 0.0758284 0.0685713 -0.0432289 -0.00473424 -0.155612 -0.0346716 -0.00137594 0.0211494 -0.0132786 -0.0331697 -0.130506 -0.0662248 -0.103448 0.0458285 -0.00366361 -0.0463487 0.011389 -0.0638941 0.0462809 -0.224706 -0.0809749 -0.100939 -0.0197881 0.0522172 -0.0921603 -0.135229 0.0875216 -0.00820495
internal_weight=147030 136636 12205 10394 8570 4624 2526 1688 124431 60804 9990 19702 17342 9332 8204 41102 3946 2861 1590 16289 7441 36429 2098 1298 535 5133 35041 63627 2215 1271 31577 701 6652 56975 1527 838 4138 52837 987 5318 47519 14570 3648 4673 729 451 2308 3464 45353 4014 5546 3172 2166 763 1670 637 2914 1792 1085 719 1719 3754
internal_count=147030 136636 12205 10394 8570 4624 2526 1688 124431 60804 9990 19702 17342 9332 8204 41102 3946 2861 1590 16289 7441 36429 2098 1298 535 5133 35041 63627 2215 1271 31577 701 6652 56975 1527 838 4138 52837 987 5318 47519 14570 3648 4673 729 451 2308 3464 45353 4014 5546 3172 2166 763 1670 637 2914 1792 1085 719 1719 3754
cat_boundaries=0 8 15 23 26 34 42 50 58 66 74 82 90 94 102 110 118 126 130 137 145 153 157 161 168 172 180 183 187 195 199 207 215 219 223 227 230 235 242 246 250 254
cat_threshold=1252748 0 0 0 0 0 256 8 0 2164295951 2065 12582926 17039440 151191712 16480 1895825408 71303714 128 3863003648 402752648 547 0 1040 3624011778 671613181 33816560 64 4718593 146800640 2394276 33591296 1145045056 2148859912 4224 3145729 285213184 534625 2818580480 18351108 4227332 545267712 1049856 134217824 606077960 16910340 270345 134349824 272679106 13107200 8388608 16842752 83886096 2215182406 25165824 788480 18432 1207959818 42868740 0 1073741829 2717908992 2969714820 83886146 278529 8392720 93358080 134414528 1048659 67306496 3221229572 32800 100669700 272629764 384 128 0 131076 588252784 4335620 1090674848 537145350 8192 1208025353 12591104 4194368 404 12 50364416 17334528 827908 33978562 227029552 2885690003 9 65540 1078001668 272629760 75628552 33566768 104923169 3758106624 270592 268440576 67840 1073742336 2147860492 2818637828 5242885 575668256 67108864 54526088 2147486736 16404 76152834 1115752512 1048608 8650752 33092 16924674 16777472 33554432 4202517 2621490 318767104 1241516295 67153920 16971904 1086595221 2282237647 10 0 1073742089 2288011266 306201620 33558592 17268768 1057408 335872 71304192 327937 65537 2123776 134758400 2148106513 67633170 4268033 1536 107479040 4097 193986560 557088 271497 39846024 71775488 2483094616 402677152 12 47371 2299079528 336278024 4 65536 45056 209765399 287481904 4194320 1090658310 136 1217138688 977300661 1124210368 9 15273986 2147549440 268486672 33685504 2283274244 4194432 8392708 17866880 742017580 614359108 2350153860 4211728 2695136707 622661140 6 538968064 4194305 1053770 805834752 135296 1102053384 1180672 533508 1619280640 2162639048 66367500 8 2156184096 68616 10747936 570425344 2099200 1073775296 12288 1065986 335556608 8422400 677380096 67240648 1310848 4227584 12584608 33555584 2420802369 1678389259 71403114 5 346621456 2468488721 1661868290 4 37634 1995571466 2955547794 12 556297224 3376493624 3360687160 2147483648 67108864 4194304 268435456 12288 1342177280 3464827410 4489488 0 3842244608 48 32 2416065880 1342375953 3537168896 1 807887432 1225818532 2418609040 2 3461095488 1662657549 51388 2
is_linear=0
shrinkage=0.3


Tree=5
num_leaves=63
num_cat=45
split_feature=38 5 9 41 34 1 32 22 39 8 3 19 4 9 41 41 22 35 34 35 41 5 34 41 41 19 41 40 41 34 34 22 18 4 23 24 41 3 22 24 23 23 23 35 22 41 5 23 24 9 4 34 5 18 21 22 4 24 21 21 32 23
split_gain=187.014 160.052 100.597 99.173 90.5906 86.0335 85.4853 71.5624 68.0021 101.377 122.271 104.799 91.657 111.029 124.54 109.668 105.538 82.4654 79.8499 77.9061 72.5777 93.9157 105.083 106.653 100.376 89.455 69.7761 69.2531 66.5718 65.9463 65.0121 64.5561 63.5356 61.9459 61.9079 61.2868 61.0265 60.6454 58.4107 57.3017 50.1925 48.8556 48.562 48.4563 48.0148 47.993 47.3578 43.2922 41.9753 40.3012 40.2236 40.1487 39.6314 38.9319 36.4429 36.3376 35.0564 34.1878 33.6232 32.5708 31.7517 31.2943
threshold=0 0.074166666716337218 0.10559082031250001 1 2 1.0000000180025095e-35 0.56552419066429149 3 4 0.34082031250000006 0.042500000447034843 5 0.10583333298563959 0.20617675781250003 6 7 8 9 10 11 12 0.089166667312383666 13 14 15 16 17 18 19 20 21 22 23 0.014166666660457851 24 25 26 0.045833334326744087 27 28 29 30 31 32 33 34 0.094166666269302382 35 36 0.28283691406250006 0.029166666790843013 37 0.074166666716337218 38 39 40 0.094166666269302382 41 42 43 0.70766127109527599 44
decision_type=9 2 2 9 9 2 2 9 9 2 2 9 2 2 9 9 9 9 9 9 9 2 9 9 9 9 9 9 9 9 9 9 9 2 9 9 9 2 9 9 9 9 9 9 9 9 2 9 9 2 2 9 2 9 1 9 2 9 1 1 2 9
left_child=1 3 32 5 -5 53 50 34 20 12 17 29 13 14 -10 41 -16 42 48 -17 27 22 35 31 -23 -25 57 52 -20 -12 -26 -24 33 60 -6 55 -31 -28 -34 59 -29 -15 -11 -32 46 -37 -3 -41 -19 -46 -7 -14 -4 -1 -49 -22 -44 -13 -36 -9 -2 -40
right_child=2 44 8 4 7 6 -8 39 9 10 11 26 51 15 16 19 -18 18 28 -21 21 24 23 25 30 -27 37 40 -30 36 43 -33 38 -35 58 45 -38 -39 61 47 -42 -43 56 -45 49 -47 -48 54 -50 -51 -52 -53 -54 -55 -56 -57 -58 -59 -60 -61 -62 -63
leaf_value=-0.017928156796905372 0.07345750414518408 -0.0052202464415797732 0.004818341638776473 0.0023739222388118471 -0.0069685036103013425 -0.0063393023072951474 -0.017416681115946148 -0.007136501725625086 0.0063660308370221156 0 -4.2668949812650675e-05 -0.00020111731253564358 0 0.0001422298327088356 0.0020289576553157531 0 -0.00097633570493781022 0 0.00014624879097071232 0 -0.0057335388230276294 0 3.8991216046269701e-05 -0.0024106121133081614 0 -3.6987743165809643e-05 0.0010913587013608775 0.0001422298327088356 0 0 0 -0.0047899411814173801 -0.00067452039072122595 -0.022425846732040518 0.0039692678084839112 0.00014854508481425001 0 0 -0.0093068437822448301 -0.010433522597886623 0 0.0023500779008120295 -0.0047726329765864642 0 0.00060612787731201365 -0.0041038209758698938 0 -0.0023228927349937764 0.00093360997270792718 0 0.0026347993580563933 0 0 -0.0044366535356501115 -0.0088648217887526259 0.00044675055811152525 0 0 -0.0017472693621570958 0.00058513360665051644 -0.0026473000064291289 -0.024025979509745374
leaf_weight=476 128 822 735 671 444 234 169 418 915 540 1123 423 688 534 6347 1752 13520 428 790 15323 211 1387 557 1998 1168 18548 1195 533 9629 1059 655 1322 640 118 419 350 8423 22205 422 665 1076 1131 924 7996 658 1927 883 644 989 2845 294 4370 579 240 759 752 218 795 543 534 60 829
leaf_count=476 128 822 735 671 444 234 169 418 915 540 1123 423 688 534 6347 1752 13520 428 790 15323 211 1387 557 1998 1168 18548 1195 533 9629 1059 655 1322 640 118 419 350 8423 22205 422 665 1076 1131 924 7996 658 1927 883 644 989 2845 294 4370 579 240 759 752 218 795 543 534 60 829
internal_value=-0.0029463 -0.0392839 0.000203954 -0.0706695 -0.0507927 -0.140842 -0.0665234 -0.0663812 0.00125529 0.00568288 -0.00377285 0.00553584 0.0160222 0.0208886 0.0057881 0.037632 0.000769649 -0.0280251 -0.0191171 0.0303915 -0.00912676 -0.0127376 -0.0227452 -0.0154165 0.0101713 -0.00913512 0.0162728 0.0362861 -0.028214 -0.019384 -0.000549268 -0.0836065 -0.0634379 0.0622637 -0.010155 -0.0731549 -0.011186 0.0199257 -0.0837099 -0.0924142 -0.00555204 0.110912 -0.0899645 0.00844971 -0.000115134 -0.0999999 -0.0412346 -0.120577 0.0474457 0.0199715 -0.00679217 -0.021996 0.087104 -0.214763 -0.0888338 -0.00923062 -0.125043 -0.0534145 0.0326487 -0.0304978 0.170526 -0.121378
internal_weight=147030 11718 135312 6510 5097 1413 697 4426 133115 93321 48741 35223 44580 39522 20782 18740 19867 13518 11836 17075 39794 36871 25665 22425 11206 20546 24618 2923 10419 10605 9819 1879 2197 306 1406 3240 9482 23400 1891 3020 1609 1665 1682 8651 5208 2277 1705 2068 1417 3503 528 5058 1314 716 1403 963 1142 1218 962 952 188 1251
internal_count=147030 11718 135312 6510 5097 1413 697 4426 133115 93321 48741 35223 44580 39522 20782 18740 19867 13518 11836 17075 39794 36871 25665 22425 11206 20546 24618 2923 10419 10605 9819 1879 2197 306 1406 3240 9482 23400 1891 3020 1609 1665 1682 8651 5208 2277 1705 2068 1417 3503 528 5058 1314 716 1403 963 1142 1218 962 952 188 1251
cat_boundaries=0 7 15 22 26 31 37 45 53 57 65 73 81 89 97 105 113 120 128 133 141 149 157 160 167 170 174 182 185 189 193 197 201 209 212 219 222 226 234 236 238 241 245 247 249 253
cat_threshold=1252808 33554432 0 0 0 0 32768 144 32768 1536 1644172128 46163968 1090528264 7344131 8192 2147615872 671220226 139460608 4195840 3288341505 276889920 1 1083771904 671753427 155898832 8 2220953155 2550137152 6291480 1098911749 1879834625 524289 2567 67585 94437412 268800051 33571220 536887328 2097156 3556769792 168034380 3489749000 1610612751 536870912 256 1189000 2097152 0 18907202 32788 1208485440 272695296 84083800 4126146692 134744999 65208640 4 262144 271057193 1082134528 1128502 48 1081352 2101776 67244032 134221964 2684354593 536870978 9437188 656704 32768 2150105602 2167811 69619808 167772160 2957049856 553648128 68157954 1073840129 149504 2188 67108872 1124663300 171982864 160 256 134807552 3892325376 1094160 268500992 1375764608 136331265 335553600 1141244929 134218176 536871136 33555456 2148007937 268436488 16778758 268438528 210305152 4608 169 103022596 2176852097 268567104 1074270242 2550136833 143655040 1081344 136 35651656 0 8389632 75615767 421675040 272891904 25440258 8 1610680352 16388 16768 268699680 33554464 206111745 537922560 1576960 277873936 33280 8585370 285223392 6307853 34096260 269221953 2147493888 1174405418 536970240 134217728 671219848 32768 1049744 167772176 16777216 554696708 0 1347994180 8389376 76022788 16777216 822100256 16777222 1075838993 2097200 54788096 1577060352 2109441 101978752 809309249 2201094203 0 6 256 256 0 0 8388608 1200836194 1073881603 143413506 2436539204 1688278156 135694336 8 545292288 403719208 1074003968 0 537526336 692480 50921497 4616 1415053581 3355905360 354095184 2443379228 2553479259 1663043872 2 541465888 15139073 27100520 3 2385609226 302786894 2154431780 1 637995028 847255607 1386754066 4 2691074 258 0 34275328 2285371396 138412032 541082116 16785536 1073872639 42729728 4026614023 384 134217730 32768 8388608 20544 570425344 3670280 321673344 1690886182 1627489864 1973442560 92285138 28856840 4 1048577 8405509 524384 2281709568 2282225796 4227396 545267713 36864 0 1 4068732198 2453923395 33748992 361472 2688566401 2282906880 3235121697 1410959696 4 1763985408 2846576515 4035316900 2200900054 3976208388 44893218 1259966532 13
is_linear=0
shrinkage=0.3


Tree=6
num_leaves=63
num_cat=46
split_feature=3 38 8 4 0 38 41 8 19 4 34 41 5 0 4 3 35 4 35 0 34 35 0 41 22 34 21 19 41 19 41 35 35 34 38 35 34 24 34 41 22 34 22 34 24 34 24 34 23 41 22 3 34 22 4 34 41 22 6 23 41 23
split_gain=140.671 235.253 180.323 144.159 235.232 136.325 125.026 107.416 106.228 109.416 114.562 111.142 102.458 109.963 90.6112 163.228 98.56 88.3287 84.4568 82.0285 81.3397 81.0076 78.4326 97.3038 89.1212 103.002 95.158 77.8732 72.4989 72.1786 71.8222 69.6622 69.4448 68.6653 67.6537 66.593 64.9906 63.7541 63.438 67.0135 61.8522 61.0922 60.4577 60.327 60.3188 60.1466 59.6759 66.3827 59.9176 59.5162 58.3798 57.2033 57.032 56.6026 55.1069 55.068 54.0028 53.5392 51.371 51.1325 48.2823 47.6966
threshold=0.042500000447034843 0 0.34472656250000006 0.094166666269302382 0.27478027343750006 1 2 0.31250000000000006 3 0.095833331346511855 4 5 0.030833332799375061 0.18200683593750003 0.094166666269302382 0.049166666343808181 6 0.10583333298563959 7 0.32409667968750006 8 9 0.19055175781250003 10 11 12 13 14 15 16 17 18 19 20 21 22 23 24 25 26 27 28 29 30 31 32 33 34 35 36 37 0.045833334326744087 38 39 0.045833334326744087 40 41 42 0.070298988372087493 43 44 45
decision_type=2 9 2 2 2 9 9 2 9 2 9 9 2 2 2 2 9 2 9 2 9 9 2 9 9 9 1 9 9 9 9 9 9 9 9 9 9 9 9 9 9 9 9 9 9 9 9 9 9 9 9 2 9 9 2 9 9 9 2 9 9 9
left_child=1 3 8 4 6 30 -1 -6 9 10 -3 -12 13 37 15 16 -7 -5 -13 54 -18 -14 23 53 25 -25 -26 -22 45 41 -2 43 57 -33 -11 42 -34 -8 59 -40 55 -30 -4 -31 -29 -17 47 -41 -48 -38 -47 -16 -23 -10 -9 -32 -42 -24 -36 -37 -53 -57
right_child=5 2 35 17 7 14 12 19 22 34 11 18 21 -15 51 28 20 -19 -20 -21 27 52 32 24 26 -27 -28 44 29 31 40 33 36 -35 58 38 49 -39 39 46 56 -43 -44 -45 -46 50 48 -49 -50 -51 -52 60 -54 -55 -56 61 -58 -59 -60 -61 -62 -63
leaf_value=0.0050095641288845473 0 -0.0029818412436201469 0.0017021581534005235 0 -0.025261787724513061 -0.00082593502022791654 0.0019459700456354763 -0.0074425762502856041 0.0098033809904416545 0 -0.0028478750634239988 0.0042320655036019155 0.0030679510987802125 -0.014650211357428364 0 0 -0.00046111587763647544 0 0.0015864413614355729 -0.012722277464557674 0.00030956362879718533 -0.0069390990766688889 0 0.0031829413625106104 0.0020458859757258325 -0.005420777798446943 -0.0019473811781140138 0.0019012518493499372 -3.4962651715613891e-05 -8.5944930568803115e-05 -0.00012203561863861978 0 0 0 -4.2668949812650675e-05 -0.00028008299181237812 0 -0.010353104068788746 -0.0016524727846757741 -0.0013441388614257449 -0.00032987645791028629 0.00012304734354838729 0 0.00011654217238537965 0.0036693458677036685 0 -0.00056661150062573137 0 0 0 0.00072318363399244835 0 -0.002064924087034771 0.0014071944066759896 0.0004862735681963383 0 0 0 0 3.4560290057561263e-05 0 0
leaf_weight=671 978 882 535 1021 742 751 533 238 423 1043 815 2204 851 802 702 549 549 1271 8837 454 965 536 688 666 4138 5077 8062 1188 416 435 533 3196 2602 23464 548 538 1430 1118 1040 532 750 3127 1087 2935 2717 791 2584 3367 5916 16044 1853 601 3275 747 470 686 5441 1362 1327 1434 6827 1666
leaf_count=671 978 882 535 1021 742 751 533 238 423 1043 815 2204 851 802 702 549 549 1271 8837 454 965 536 688 666 4138 5077 8062 1188 416 435 533 3196 2602 23464 548 538 1430 1118 1040 532 750 3127 1087 2935 2717 791 2584 3367 5916 16044 1853 601 3275 747 470 686 5441 1362 1327 1434 6827 1666
internal_value=-0.00197508 -0.00980189 -0.00347714 -0.0487744 -0.0648163 0.00902621 -0.0416795 -0.159286 0.00462942 0.0256574 0.0376766 0.0454247 -0.0533324 -0.103014 0.0153119 0.0208137 0.0659591 0.0188317 0.0533339 -0.102062 0.0799852 -0.0272727 -0.00335991 -0.0174366 -0.0229073 -0.0536924 -0.00837699 0.0923597 0.0132343 0.00911121 -0.0228889 0.00432394 0.0087988 -0.00082108 -0.0267123 -0.0305547 0.0141726 -0.0586206 -0.0366271 -0.0440042 -0.031228 0.0495358 0.0271725 0.0448846 0.111284 0.0563494 -0.037781 -0.00698027 -0.0518797 0.00756604 0.0751129 -0.0137235 -0.0459063 0.0659897 -0.038028 0.00507416 -0.0481219 -0.0436469 -0.0605723 0.0136088 -0.00597575 0.024873
internal_weight=147030 85910 73928 11982 9690 61120 7786 1904 56895 15656 12738 11856 7115 2453 51066 42936 6170 2292 11041 1162 5419 4662 41239 19113 17943 5743 12200 4870 36766 33573 10054 30030 22126 26660 2918 17033 20076 1651 15411 13439 9076 3543 1622 3370 3905 3193 12399 3899 8500 17474 2644 8130 3811 1170 708 2885 6191 2050 1875 1972 7428 2352
internal_count=147030 85910 73928 11982 9690 61120 7786 1904 56895 15656 12738 11856 7115 2453 51066 42936 6170 2292 11041 1162 5419 4662 41239 19113 17943 5743 12200 4870 36766 33573 10054 30030 22126 26660 2918 17033 20076 1651 15411 13439 9076 3543 1622 3370 3905 3193 12399 3899 8500 17474 2644 8130 3811 1170 708 2885 6191 2050 1875 1972 7428 2352
cat_boundaries=0 8 15 23 30 38 46 54 62 70 78 86 90 98 100 106 114 121 129 137 145 153 160 168 176 179 187 195 199 207 211 219 223 231 235 243 247 255 259 267 271 279 287 291 295 303 307
cat_threshold=1261512 314368 0 0 0 0 1083408 8808 8522752 270532612 131137 570990848 2418019345 1073741924 33833232 36864 524288 134220096 14682247 268566532 33554448 1275109376 65592 0 1073743886 5351441 4276230 8392800 335745168 65604 2147600512 33554432 1745354752 2215117128 0 608176128 321648 65536 4194560 16778321 150994976 134365216 76030560 2147487786 33344 50593792 100728848 16793600 2214658688 1835012 8425474 139361 6029312 50659328 4194304 134677890 34644354 131584 2048 136324609 205521416 524304 67371522 0 8781824 201375808 68325379 302649346 1026 67117056 2147550336 234881024 0 2415919152 68214868 4392964 131076 16809987 603979844 6307841 218103816 16777736 0 1170737218 66048 9344 520224 2277781536 3089105214 11 269484808 104873984 134217984 805470240 1074528768 2686190080 1610618896 16777216 152358654 2567962624 65536 1077936398 18907161 163784725 16394 8397064 0 604241933 1702893568 269488272 282672 1048832 3145732 17039360 0 1073750272 18874922 310401026 553787464 1073848424 1114240 67240448 1342260272 71303680 0 196744 2330624 50856962 5243520 268435488 90114 71303700 612499584 1120403488 1097776 33816576 37 270536768 69632 2147551232 2164285448 1573504 1141407744 839131136 6280 704643104 268436224 262272 33557120 537137472 71303172 65792 864453 4 2097200 1048648 4194304 16777344 512 2415919104 2 1073788992 335611932 1073873024 2483028096 2097152 41943042 12058886 2097216 1179720 2148139266 151789568 1073741832 2149778192 528392 4196480 1132626256 3256042641 3775031864 8 2483032064 1099 276828420 524304 5129 17866754 21504016 512 1090650112 2416181312 2688 201332736 606232576 3690753 16785408 445994258 1105301616 76836864 4 17055748 2164391936 553648128 2050 2148532480 1342316577 26218506 16392 2457960732 2681274408 2215267072 5 1048705 50594048 1065472 2097216 1648721920 134316224 2148532225 8912896 1077936930 2656339720 1082341465 8 1241686280 20482 1069064 66560 51396608 604373008 41984 2105346 200720 1701347402 1518214150 12 339740417 524422 3178496 3221241920 35921920 2048 538984520 33685504 1745201522 1388708506 1076133920 8 3762294785 3222667520 536875008 268697856 536903680 532576 2147484761 32770 386275351 2151940110 592560192 7 285474816 2358394880 50446342 8256 134250752 4104 2097280 4194328 1166087333 957678129 813793892 2 4456448 848564616 4202576 8388608 807403520 805323072 2098180 4096 1064968 256 532484 545554624 1107329040 210518016 276828160 8390656 2169625088 2164925960 302562066 7 106972937 4231830 2689779844 6 64 524290 139776 614465800 65538 168296448 1094778880 8454272 92201472 1091192840 2181579152 3
is_linear=0
shrinkage=0.3


Tree=7
num_leaves=63
num_cat=56
split_feature=38 1 39 1 5 39 22 23 41 34 35 34 41 24 34 35 35 34 41 41 34 24 34 22 34 41 35 35 35 41 34 35 23 34 41 22 34 8 19 24 35 22 35 41 22 22 24 41 24 22 22 24 23 5 21 22 23 23 22 24 5 21
split_gain=86.923 119.028 235.014 162.52 184.977 154.131 64.6537 61.6318 82.1873 70.5102 74.4613 74.6802 65.213 64.7193 63.3175 63.033 60.9528 81.9745 66.9783 65.7757 75.0651 59.8932 74.0282 63.5102 62.3861 60.6221 60.2372 58.9602 57.9045 64.8701 57.4986 56.6398 55.6726 54.2699 53.4719 62.2536 52.9594 51.6605 51.5699 54.6135 51.5691 52.156 51.4475 49.4799 48.476 47.7111 46.5974 45.7054 45.5119 43.9367 43.7541 47.6474 43.7101 43.6637 43.2491 42.6164 41.173 40.5616 40.0483 39.8556 39.4704 38.9854
threshold=0 1.0000000180025095e-35 1 -0.077500000596046434 0.094166666269302382 2 3 4 5 6 7 8 9 10 11 12 13 14 15 16 17 18 19 20 21 22 23 24 25 26 27 28 29 30 31 32 33 0.53515625000000011 34 35 36 37 38 39 40 41 42 43 44 45 46 47 48 0.094166666269302382 49 50 51 52 53 54 0.094166666269302382 55
decision_type=9 2 9 2 2 9 9 9 9 9 9 9 9 9 9 9 9 9 9 9 9 9 9 9 9 9 9 9 9 9 9 9 9 9 9 9 9 2 9 9 9 9 9 9 9 9 9 9 9 9 9 9 9 2 1 9 9 9 9 9 2 1
left_child=1 2 3 53 58 32 -4 8 40 27 11 -11 33 15 -15 -14 17 56 -19 20 -18 22 23 -21 34 26 -26 -10 45 -30 52 -27 -3 -12 59 -36 -13 60 -29 44 -2 -42 -25 -38 -40 -24 -43 -41 55 -50 51 -32 -20 -1 -34 -22 -9 -51 -5 -23 -7 -8
right_child=7 5 6 4 -6 37 61 16 9 10 12 36 13 14 -16 -17 19 18 30 21 48 24 28 42 25 31 -28 38 29 -31 50 -33 54 -35 35 -37 43 -39 39 47 41 46 -44 -45 -46 -47 -48 -49 49 57 -52 -53 -54 -55 -56 -57 -58 -59 -60 -61 -62 -63
leaf_value=0.00082343330103904009 -0.0012785234343493355 0.0026245379124187835 -0.0001818383631936041 -0.0077179606647025251 0 -0.0094331366592424089 0 0 0.0010587855211232091 0.0013115052713608361 0.00079020143346861 -0.00033370257572183632 0 -3.6914203064516183e-05 0 -2.9868264868855479e-05 -0.00081892065877575075 -0.00049883237480535206 0 0 0 0 0 0 0 0 0.0001422298327088356 -0.00051684465117577956 -3.6914203064516183e-05 0 -0.00070502337024360882 0 0 0 0 1.2800684943795202e-05 0 0 -0.00062858954770490523 0 0 0 0.00060628426261246217 0 0 -0.00020912141783628612 -0.00042167432650923737 9.9560882896184916e-05 0 0 0 0 -0.0017155466198294014 0 0.0001422298327088356 -0.00057836059733861085 0.0010450263337293277 0.00016220085078704876 -0.014474062850468303 0.0018730815668008291 0 0.0021682395376184252
leaf_weight=143 823 674 440 211 344 646 458 432 754 554 565 573 1147 2567 17099 8132 910 1099 423 922 426 435 588 446 562 5080 3923 444 2421 17979 523 38329 569 2308 1544 3513 647 389 442 554 799 556 1603 2408 982 1653 1405 2468 950 1047 4240 1436 596 162 965 1066 625 1235 1255 827 135 579
leaf_count=143 823 674 440 211 344 646 458 432 754 554 565 573 1147 2567 17099 8132 910 1099 423 922 426 435 588 446 562 5080 3923 444 2421 17979 523 38329 569 2308 1544 3513 647 389 442 554 799 556 1603 2408 982 1653 1405 2468 950 1047 4240 1436 596 162 965 1066 625 1235 1255 827 135 579
internal_value=-0.00265044 -0.0353194 -0.0733722 -0.137094 -0.171854 0.00505913 0.0187373 -0.00102162 -0.0101328 -0.00637363 -0.0112629 0.0263233 -0.0162111 -0.0204924 -0.0107328 -0.0411366 0.00332437 -0.019625 -0.0296434 0.00584409 -0.0254516 0.00805641 -0.00389868 0.0405296 0.013704 0.0100008 0.0431621 0.0247701 -0.00974705 -0.00470311 -0.0190456 0.00656364 0.0516216 0.0268284 0.0416995 0.0277569 0.010467 -0.0824872 0.0126071 0.0224091 -0.0536578 -0.033658 0.0698689 0.0262145 -0.0259052 -0.0553927 -0.0599087 0.0451878 -0.0101351 0.00989514 -0.00811461 -0.0450532 -0.0846749 0.0644946 0.0195989 -0.0532579 0.0586528 0.0324324 -0.218256 0.0967817 -0.127586 0.0594851
internal_weight=147030 6970 3592 2115 1810 3378 1477 140060 45227 41644 36000 4182 31818 28945 19666 9279 94833 9374 8317 85459 5634 79825 25612 2971 54213 47894 4485 5644 22641 20400 7218 43409 2208 2873 6319 5057 3628 1170 4890 4446 3583 2760 2049 3055 1424 2241 1961 3022 4724 3232 6199 1959 1019 305 1534 1492 1057 2282 1466 1262 781 1037
internal_count=147030 6970 3592 2115 1810 3378 1477 140060 45227 41644 36000 4182 31818 28945 19666 9279 94833 9374 8317 85459 5634 79825 25612 2971 54213 47894 4485 5644 22641 20400 7218 43409 2208 2873 6319 5057 3628 1170 4890 4446 3583 2760 2049 3055 1424 2241 1961 3022 4724 3232 6199 1959 1019 305 1534 1492 1057 2282 1466 1262 781 1037
cat_boundaries=0 7 12 17 21 25 33 41 49 57 65 69 77 85 93 101 109 117 125 128 136 140 148 156 164 172 180 188 196 204 208 216 224 228 236 243 246 254 258 266 274 278 281 284 292 295 299 303 307 311 313 316 320 324 328 332 334
cat_threshold=1186952 33280 0 0 0 0 32768 2162688 0 0 17 268435456 65539 268435456 0 16777217 268435712 8672212 2550138438 87310432 13 741740059 637661380 2147746052 14 537952260 1049664 516 16777256 138936352 170931216 2149580805 4325392 18874642 530442 36865 81928 1073742848 2664516 2147488768 2134032 424935937 1073750276 276832384 394240 8458240 41943050 4194304 67110276 2155884544 68166208 37773314 1074266113 83951616 1073741824 168042504 1056769 141329 6356996 524288 1073747008 65536 79757346 285475400 1577120 2214666509 2218797353 3844441348 14 675350656 128 1209010304 513 8390757 256 260309120 8488 8916992 2098208 4198402 557088 2151678472 1015845 3342337 33636352 872415264 8 268501120 571473928 2215772672 1074495537 2688557056 2099328 101195792 0 2149744676 74588224 100663304 2147483649 2155872261 24576 153092096 67774624 135274511 2624 8200 67584 2183135238 328 3221749760 8388620 128 8192 91226129 5013922 1141899296 59768833 2173829120 285346052 237027329 40976 2684420096 50855943 32 8 1376854116 2282434620 3248030601 8388684 2147614720 524297 16777732 2236416 10158208 607127552 67641888 2169705557 3395321962 10637314 11 138547204 128 135292416 136314913 4522020 671096832 579866632 524292 536953344 1360592896 335806464 155222048 268700160 673189888 537722881 2097152 142888194 2097280 1025 1409314864 2162952 262144 1024 33314 1090519168 3072 12582984 68157440 2155946016 1213859840 32848 4194304 512 8256 2684368897 75563522 1619018756 262400 35815489 1069056 1360 2148630529 276824064 201329732 33685632 2166358016 285822976 2359552 9437184 537395208 545792000 2181058560 675545094 1611859976 537395200 525888 8388608 8683584 604014608 8389184 5 70255232 25564162 1679360 2182480900 1254621552 1887060260 4 1140850688 3925869600 33817158 524320 268435456 1114144 5243008 46139392 276861122 2 8288 7341056 786562 268632065 33571072 4243474 1948485584 1247056928 84049922 9 33587212 1610612737 131168 276856832 37781616 2147487744 1076953090 33554690 0 41979392 2282783757 33554496 352354368 193658882 48 1492425736 754977564 180420647 1073774720 301989888 583008768 2146400 14336 4224 2153776704 8388656 563631620 3777101891 269520145 4 2 134217728 35652674 6816864 262176 109074432 2229888 50331648 54796296 18907392 557065 268437120 132096 2415919104 67518720 67145856 872621240 3221401634 438351936 3 2757786117 2368352 134432816 1476725384 2962530930 1677725472 4718592 1090535462 13705216 541590016 512 8454405 4538368 39040 186402824 841138978 1101078759 80290912 805864098 2719090987 12 2765750507 744491825 272452 3 940057088 337185959 3289948226 4 2437500964 11667730 622344712 1 1403593574 616891428 1332222976 312488053 1208094976 1376288960 1101791776 613978248 1 540772 3508011289 133418146 1 537946112 134383106 645 8 2284635136 591413760 304257124 4 2375049714 1278549642
is_linear=0
shrinkage=0.3


Tree=8
num_leaves=63
num_cat=54
split_feature=38 20 5 39 35 5 3 7 5 35 41 34 35 34 41 24 24 23 35 34 41 24 34 22 34 35 34 41 34 34 35 35 41 34 41 24 24 24 23 35 41 24 23 22 19 22 23 40 41 5 3 24 3 21 23 22 23 21 21 22 21 23
split_gain=116.762 92.7942 128.366 107.503 105.747 82.7668 137.834 55.4482 85.0428 100.059 104.982 100.275 92.1475 78.874 75.0653 73.0811 53.7859 53.1104 53.0816 99.468 81.757 54.2408 60.6382 53.4146 80.1643 75.8813 67.9662 81.785 66.5365 62.4267 62.0114 61.0662 59.5447 64.4033 58.8957 57.1244 54.6934 54.4984 53.1929 72.7964 64.2172 52.0391 51.475 51.6787 50.9775 50.6855 49.7432 49.054 48.3297 47.3072 50.1922 46.4487 44.6051 43.3406 42.7296 41.8855 41.6091 40.9066 39.8297 38.1722 38.0584 36.3409
threshold=0 1 0.094166666269302382 2 3 0.094166666269302382 0.077500000596046462 0.30859375000000006 0.094166666269302382 4 5 6 7 8 9 10 11 12 13 14 15 16 17 18 19 20 21 22 23 24 25 26 27 28 29 30 31 32 33 34 35 36 37 38 39 40 41 42 43 0.070833332836627974 0.017500000074505809 44 0.020833333022892479 45 46 47 48 49 50 51 52 53
decision_type=9 9 2 9 9 2 2 2 2 9 9 9 9 9 9 9 9 9 9 9 9 9 9 9 9 9 9 9 9 9 9 9 9 9 9 9 9 9 9 9 9 9 9 9 9 9 9 9 9 2 2 9 2 1 9 9 9 1 1 9 1 9
left_child=1 2 4 5 52 6 49 18 9 17 16 15 41 -14 -10 -12 -11 -9 19 59 -21 42 -23 24 36 29 27 54 31 -26 55 -27 33 -28 -30 -31 -20 -35 39 -34 -40 -13 -22 -44 -32 -24 -5 -16 -38 50 -3 -6 -1 -53 -25 -29 -49 -17 -18 -2 -19 -50
right_child=7 3 -4 46 51 -7 -8 8 14 10 11 12 13 -15 47 57 58 60 23 20 21 22 45 26 25 28 32 30 34 35 44 -33 38 37 -36 -37 48 -39 40 -41 -42 -43 43 -45 -46 -47 -48 56 61 -51 -52 53 -54 -55 -56 -57 -58 -59 -60 -61 -62 -63
leaf_value=-0.013590881273428683 0 -0.012993779958340267 -3.4962651715613891e-05 -0.0006504718612855275 -0.00014099325891240417 0 0.0005394891076628117 -0.0017920643970401656 7.0617390208647592e-07 -0.001687984250854351 0.00013209995910292495 -0.00053290918126283268 0.0014751527359185275 -0.00099405082086930917 0 -0.0026866063220350772 -0.00011901719345245526 0.0014249083116325491 0 -3.6914203064516183e-05 6.2736425350885837e-05 0 0 0 8.4772090573038443e-05 5.8671717598765113e-05 -0.00056279353753477322 0.0012688821181654931 -2.1635721903294361e-05 -0.00087908750602028185 -0.00097695658105658367 -3.84020548313856e-06 -0.00012048347447009293 8.9604794606566433e-06 0 0 0 -2.6002172254957249e-05 5.6265182704897473e-05 0 0 -0.004957640603669715 6.7393860014708384e-05 -3.4962651715613891e-05 0 0.00027819019399864619 5.4551508958081226e-05 0 0 -0.015351834928281582 -0.0043196876755381306 0.0018214464093197699 -0.00070712422908706101 0.0058088040530944783 -0.00174950516782701 0 0 -0.0066708413714863125 0.0044323214347532485 -0.00065667894471553156 0.0051391234294667076 0.00092034292738884691
leaf_weight=217 303 421 789 419 569 537 147 440 707 317 437 555 1556 10109 885 438 215 547 1150 965 771 826 1700 419 544 646 867 323 1543 790 531 3267 2163 1231 21471 2012 554 2917 3570 17030 37122 1288 558 1364 5526 3571 773 875 660 404 713 657 413 623 793 534 1891 856 576 761 593 1581
leaf_count=217 303 421 789 419 569 537 147 440 707 317 437 555 1556 10109 885 438 215 547 1150 965 771 826 1700 419 544 646 867 323 1543 790 531 3267 2163 1231 21471 2012 554 2917 3570 17030 37122 1288 558 1364 5526 3571 773 875 660 404 713 657 413 623 793 534 1891 856 576 761 593 1581
internal_value=3.26449e-05 -0.0386764 -0.00246947 -0.0732049 0.0310761 -0.112131 -0.145287 0.00187874 -0.0118455 -0.0209828 -0.0279479 -0.0344436 -0.0256731 -0.0157746 0.0257339 -0.102237 0.0608034 0.0508793 0.00446957 0.0244853 0.0340022 0.0431152 0.0587821 0.00244741 0.0122261 0.00697374 -0.00213587 -0.0279798 0.0122722 -0.0355568 -0.0152902 -0.0238471 0.00110457 -0.0302566 0.0184226 -0.0536247 0.0523881 -0.0145673 0.00373641 -0.00927883 0.00987618 -0.0878166 0.00754153 -0.0187693 -0.026001 0.0706417 -0.000249045 0.00818997 0.0750267 -0.171818 -0.139965 0.0670606 -0.0742988 0.0986841 -0.0995097 0.0597236 0.0278617 -0.138055 0.102366 -0.0621746 0.0848957 0.0946737
internal_weight=147030 6682 3268 3414 2479 2222 1685 140348 22285 17927 16347 15239 13508 11665 4358 1731 1108 1580 118063 10819 9755 8790 6097 107244 34218 30273 73026 8126 26927 3346 6914 3913 64900 5015 23014 2802 3945 4148 59885 19193 40692 1843 2693 1922 6057 5271 1192 3651 2795 1538 1134 1849 630 1280 1212 857 2766 1294 791 1064 1140 2241
internal_count=147030 6682 3268 3414 2479 2222 1685 140348 22285 17927 16347 15239 13508 11665 4358 1731 1108 1580 118063 10819 9755 8790 6097 107244 34218 30273 73026 8126 26927 3346 6914 3913 64900 5015 23014 2802 3945 4148 59885 19193 40692 1843 2693 1922 6057 5271 1192 3651 2795 1538 1134 1849 630 1280 1212 857 2766 1294 791 1064 1140 2241
cat_boundaries=0 8 9 14 22 30 38 46 54 62 70 73 77 81 89 97 105 109 117 121 129 137 145 153 161 169 177 184 192 199 207 211 215 219 223 231 239 243 247 251 258 261 265 270 278 282 284 288 292 296 298 300 303 305 308
cat_threshold=1186944 256 0 0 0 0 32768 8 146 65536 0 16 16781313 269484032 3171155972 1792 0 524288 0 0 134217728 64 10256384 624704 172032 393344 2181040128 1312769 4097 102694912 1073808704 6307841 16384 10485760 268468736 1615333888 270602240 6834176 1082130432 135268368 1141113856 923272192 2097168 1141899776 1077936296 3588 2080 574640128 17301505 58724368 5242890 1350770704 139075584 16384 67109208 16793600 16818244 1073754124 3221946368 18 2818572800 8929408 12290 2684391712 8421984 16779904 139392 2147491840 16416 33816577 402931748 80033816 580448273 1074880576 218139533 3223343105 4 674417346 17981721 33623048 8 555745281 32768 2053 42205248 1082130436 77594624 42860546 582084 814219264 50192 2156396676 565954 1073744134 2281717760 4128 524304 1224876160 4211720 1576961 8388736 1090553024 84017153 16385 20480 406876132 46139409 1077674398 2 4460672 537403392 1073743616 70270980 2147483776 307235072 2147485184 2228228 828638338 151060599 34897800 12 1056258 49216 76546080 287313976 33564932 2147483920 33554464 1 41945088 403177504 1073808386 553715744 2416181248 163848 83951617 6291505 536957289 33312 320 32 8204 258 2189525024 4988994 1157775410 534016 2154824192 545261824 0 4202560 6291456 164481 56623121 545260544 32768 0 549716138 25169472 287834128 4202624 98304 2147488772 1212162048 1615331328 1074069568 33572872 2287476736 67110928 132226 134217728 2147516418 1073751172 134223875 3490742284 67110912 50397217 268451968 75518208 538968080 67158016 693125123 268447746 134217984 10748928 1073741825 1140850688 268435520 369360930 2114 68256546 23069696 47448080 176242704 143656082 50331712 335544368 1056769 2105344 1078526208 67109002 2147617800 537178112 1073879040 16 404774912 4202496 269493504 1076036066 4052148742 12 134416860 1612849678 2326265961 2 1620166677 9308329 1077036042 12 544019856 1259373668 2160148742 11 1572928 602112 2097184 1073864705 67634320 1073742084 3359703044 37748736 1413545984 6554688 37755904 8421409 1082261504 541065220 536887297 8462352 612938801 3292561584 2319616642 6 1145053202 1366560545 2320695362 8 2357592672 2209358368 2306347153 8 0 3279947776 44106240 4390914 33558688 1879052288 172112 1699101392 3238136086 78409984 214655529 914358530 168706242 13 2977959813 332288 33554512 1073790976 15859719 1083310114 2852176434 4530432 1048576 2121728 2147614720 8388864 8228 72882738 4656428 2025856 8 171793255 667266209 572527296 1783140377 671202496 11 1149347864 5641344 3300917282 1 3225972916 2839155208 1445486656 1 1344346346 2155677240 671158803 673186584 1988104512 1220542872 335544469 497382976 1598093541 1258832930 2992966421 33891888
is_linear=0
shrinkage=0.3


Tree=9
num_leaves=63
num_cat=53
split_feature=4 38 3 40 22 34 4 38 22 4 35 34 40 6 38 4 41 41 4 35 38 6 41 35 35 34 22 34 22 41 22 34 35 41 23 23 34 34 35 41 23 23 34 23 34 22 23 22 22 3 23 34 34 22 23 23 18 18 23 40 23 21
split_gain=81.0936 346.813 117.307 117.736 128.872 96.6023 95.2796 196.437 200.106 124.444 111.183 106.548 103.443 98.4587 130.578 113.4 96.9315 95.0819 92.6024 114.085 101.417 110.824 93.6387 91.6169 87.211 85.7247 84.0776 80.7677 80.3194 81.357 79.1039 78.947 74.8439 71.4155 70.7976 70.5207 69.0872 69.0671 64.5235 62.4847 61.9895 60.252 59.861 59.2132 56.4862 54.6735 51.8978 50.9635 49.781 48.5673 47.2326 44.5694 44.0882 43.3896 41.4269 41.2805 41.0344 40.3888 39.8265 35.0649 34.8565 34.6707
threshold=0.0091666667722165602 0 0.094166666269302382 1 2 3 0.015833333600312475 4 5 0.029166666790843013 6 7 8 0.61152571439743053 9 0.035833332687616355 10 11 0.089166667312383666 12 13 0.34815546870231634 14 15 16 17 18 19 20 21 22 23 24 25 26 27 28 29 30 31 32 33 34 35 36 37 38 39 40 0.10583333298563959 41 42 43 44 45 46 47 48 49 50 51 52
decision_type=2 9 2 9 9 9 2 9 9 2 9 9 9 2 9 2 9 9 2 9 9 2 9 9 9 9 9 9 9 9 9 9 9 9 9 9 9 9 9 9 9 9 9 9 9 9 9 9 9 2 9 9 9 9 9 9 9 9 9 9 9 1
left_child=1 26 3 60 31 -6 7 8 50 10 42 35 27 18 36 44 -13 -9 20 52 25 -22 -21 -17 -7 -14 57 53 32 -30 40 -5 -18 55 -32 -12 -15 47 -10 -39 -19 -33 -8 -38 -16 -44 -26 -35 -37 -4 -2 -36 -20 -11 -28 -29 -52 -1 -40 -56 -3 -43
right_child=6 2 49 4 5 24 9 17 38 12 11 16 13 14 15 23 28 30 19 22 21 -23 -24 -25 46 -27 54 33 29 -31 34 41 -34 37 51 48 43 39 58 -41 -42 61 45 -45 -46 -47 -48 -49 -50 -51 56 -53 -54 -55 59 -57 -58 -59 -60 -61 -62 -63
leaf_value=-0.0016102120658226195 0.001300640271472148 -0.0025524312203700828 9.7827830385336132e-05 0.0036365814428203041 0.00039527585670410186 -0.00011474059777962977 -0.0054622993186010287 -0.0024150825461541534 0.00011590896379854529 0 0.0033200835625137987 0.00074763124863733534 0.002286678042038809 -0.0012242621489351876 -0.00035169987240806221 -2.6881438381969929e-06 0.0018072573468471749 0.00030065062326349617 0 8.9604794606566433e-06 -0.00094352241406325701 0 0 8.9604794606566433e-06 -0.0087809422766503553 1.1074260919354855e-05 0.00041350102660269475 0 -0.0037598397736938595 -0.00018795496463659223 -0.00027026684023439884 -0.0053240832021362507 -1.687955481146924e-05 0 0.0039198064997086994 -0.0015782570764218691 4.2518267346473324e-05 -0.00010865338359831367 0.0025364577244099788 0 -0.0015919285565185127 0.0020300366816011083 0.00010215049322212582 -2.5155409499121016e-05 0.0042427068616853834 -0.0023193481891066767 -0.0054169283020310101 6.0335193760693075e-05 0.00098555761210052865 0 -0.0032468576272280188 0.0005852297343633267 0 -0.00050233171467902132 0.00032011415536715635 8.1179796201009342e-05 0 0.00081188432760040722 0.0053259659077672401 0.0080813757515087476 0.003494032686576247 -0.0017827012584923066
leaf_weight=481 436 421 576 425 715 651 420 710 422 421 552 1161 1005 656 311 2131 662 540 332 1470 15103 12825 16651 17143 1468 6710 534 439 1248 8212 919 750 3857 658 413 442 1123 1449 738 15178 1277 648 552 2630 1803 1204 3173 1398 852 558 413 1810 1875 1037 329 1256 660 542 1617 1193 881 964
leaf_count=481 436 421 576 425 715 651 420 710 422 421 552 1161 1005 656 311 2131 662 540 332 1470 15103 12825 16651 17143 1468 6710 534 439 1248 8212 919 750 3857 658 413 442 1123 1449 738 15178 1277 648 552 2630 1803 1204 3173 1398 852 558 413 1810 1875 1037 329 1256 660 542 1617 1193 881 964
internal_value=0.00152008 -0.0199357 -0.0443782 -0.054694 -0.0671133 -0.0918591 0.00383355 0.0320578 0.0804095 0.00154438 -0.0206637 -0.0124426 0.00565218 0.0105503 0.0258847 0.0355654 -0.0207497 -0.00464704 0.00348382 0.0196409 -0.00573151 -0.014141 0.0274803 0.0283409 -0.105882 0.0246926 0.0691038 -0.0126877 -0.0276821 -0.043391 0.0101388 -0.013612 0.0052306 -0.00778322 0.0389029 0.0553821 -0.0211038 -0.0131425 0.12811 -0.0195625 -0.0395297 -0.0351305 -0.0843235 -0.00525892 0.101512 -0.0590497 -0.120374 0.0385879 0.0165389 0.0470069 -0.00769221 0.0677852 -0.0446146 -0.0806121 0.104013 0.0509665 -0.0414745 -0.00144913 0.147655 0.129465 0.0294519 -0.00221666
internal_weight=147030 14309 11230 10096 8794 6007 132721 9955 4286 122766 19162 16986 103604 81768 25797 21388 15140 5669 55971 20328 35643 27928 18121 19274 5292 7715 3079 21836 13979 9460 4959 2787 4519 20378 3142 1846 4409 18683 2777 16627 1817 2362 2176 3753 2114 1756 4641 2056 1294 1134 1509 2223 2207 1458 2056 1695 1073 1023 2355 1522 1302 1612
internal_count=147030 14309 11230 10096 8794 6007 132721 9955 4286 122766 19162 16986 103604 81768 25797 21388 15140 5669 55971 20328 35643 27928 18121 19274 5292 7715 3079 21836 13979 9460 4959 2787 4519 20378 3142 1846 4409 18683 2777 16627 1817 2362 2176 3753 2114 1756 4641 2056 1294 1134 1509 2223 2207 1458 2056 1695 1073 1023 2355 1522 1302 1612
cat_boundaries=0 8 13 16 23 31 35 43 51 56 64 72 80 88 96 104 112 120 128 132 140 144 152 156 164 172 180 184 188 196 204 212 220 224 228 236 240 248 252 256 259 262 266 274 281 285 288 292 299 306 310 315 319 321
cat_threshold=1216349184 33556756 1256640 536875008 147457 1073741892 2377728 72 4043309824 722944 251658396 63520 10485763 1091591295 790814 1578174529 2419074128 134350850 536870915 3146001 656448 134217736 81952 822083584 205799458 1259648 3288342528 18440 1 1050628 8705 84636574 20975632 1614811141 3 2048 40911888 704 2768240640 67113496 3624009728 1208483840 5636 151013376 32 536870912 437780512 70328728 1052706 1615857664 4104 1627391620 1004032 118489292 49152 6291463 1082130496 270565396 1187905 794880 136449024 536870976 2183153928 64 404766721 4263940 71303296 33571392 2147483650 145768448 840499200 524288 2147516440 67109138 131584 41472 67117584 134217728 1610646032 41378 2693120 4098 65536 917506 2558526084 337643520 377618696 17301504 1098907648 270565380 4161 4980992 271680528 1610612832 2113556 1024 4194304 2214594560 8388610 8708 240193696 268452992 2150629472 18874369 388 268435456 1025 604047424 2166358656 12845128 135266392 62923008 1074271232 541065226 18 67108888 1074792448 100667396 553650698 8652420 65554 32768 25690368 9437185 536985610 100745537 42467332 525444 5307433 279710212 3154185025 2 40976 32768 546308096 2328039565 65560 256 71321618 528640 1108619724 2484352008 3448047696 4 106544 2147483656 557568 131104 84411392 318963785 1072 33849353 2844541708 168429122 1745486860 10 136315012 49672 3221234176 2162692 0 82690304 164 786434 134349057 524288 8 1212940308 285540354 67119108 335550496 8519680 2097154 2151686264 1140932608 8650784 4198400 281190417 67108868 4489728 2940273474 240193673 2248149160 9 1091246786 1289294080 943759768 4 1076887616 604274688 1073789184 1073758208 1611268096 67187208 68288512 4098 1573889 0 1095249920 1073758210 268440321 2952921112 557568 8390668 3223323137 268435456 32 8405024 1116864848 88604672 4196001 16384 273188864 524416 525312 71311360 2316314752 2883588 134218048 60883008 297905201 2456813858 679510186 2 806453830 3254990869 64226568 10 2239759360 327720 34816 2097152 138551305 16810098 1443381248 16384 1747060024 1612973080 751046682 11 1024 79713437 2684452864 67110912 2113536 50332164 16384 16777216 157221968 1217692498 537725507 2 3965723144 58770730 2820912132 4 2181567622 235896839 814404145 218234898 2572423472 1214842951 1478535492 537243761 134877254 6 2214625792 3709865985 16514 16384 1686175745 262594 0 1 8421440 2148544672 16400 2113536 35655938 108544 8384 671891458 824574978 1108797104 13 93454600 37577328 1325736576 558907409 1685094662 1083056288 3 524312 805568512 1074266176 0 2147484672 1049089 4195328 393344 268697604 1073741888 537133056 0 2148532225 2 687087298 27272257 540083782 12 0 524288 48 36864 3145729 572588730 273170832 2174001560 10 151068931 907481228
is_linear=0
shrinkage=0.3


Tree=10
num_leaves=63
num_cat=49
split_feature=0 6 38 4 34 38 41 34 4 19 34 41 19 3 4 4 6 39 22 5 41 41 34 41 41 34 0 41 34 40 34 34 34 0 5 38 34 22 34 41 41 22 34 23 0 34 41 41 23 39 34 34 22 23 23 23 34 23 38 23 23 22
split_gain=115.495 186.575 163.819 111.75 104.706 86.0493 85.5794 74.8922 73.1631 191.592 107.773 96.8952 91.6797 128.502 177.861 181.516 139.315 120.648 117.805 123.641 113.88 110.97 98.7736 107.477 96.8145 97.749 94.4742 89.0028 84.3864 83.5281 82.5082 81.1511 77.2287 80.0448 100.909 95.238 93.9206 83.8314 77.4844 73.5504 73.5406 72.5194 71.5919 71.3202 69.9778 69.3333 68.3862 67.984 66.5915 65.7677 62.3393 59.9246 59.6312 56.6298 56.4361 53.8834 53.8039 52.8575 51.0412 50.9343 47.7501 47.6925
threshold=0.44104003906250006 0.34815546870231634 0 0.015833333600312475 1 2 3 4 0.0091666667722165602 5 6 7 8 0.025833333842456344 0.094166666269302382 0.10583333298563959 0.14784456789493564 9 10 0.079166665673255934 11 12 13 14 15 16 0.30212402343750006 17 18 19 20 21 22 0.25646972656250006 0.054166667163372047 23 24 25 26 27 28 29 30 31 0.35412597656250006 32 33 34 35 36 37 38 39 40 41 42 43 44 45 46 47 48
decision_type=2 2 9 2 9 9 9 9 2 9 9 9 9 2 2 2 2 9 9 2 9 9 9 9 9 9 2 9 9 9 9 9 9 2 2 9 9 9 9 9 9 9 9 9 2 9 9 9 9 9 9 9 9 9 9 9 9 9 9 9 9 9
left_child=8 3 4 -2 -3 -5 -4 -8 9 10 -1 -11 27 14 17 16 29 24 19 22 55 -19 -15 -24 -14 -26 -23 48 -13 -16 40 -21 54 35 39 37 -37 -34 -36 -35 -22 45 -12 -17 52 -30 -9 -32 -10 -18 -43 -33 -44 -48 -29 -20 -45 -6 -55 -54 -47 -56
right_child=1 2 6 5 57 -7 7 46 12 11 42 28 13 18 15 43 49 21 20 31 30 26 23 -25 25 -27 -28 32 41 -31 47 51 33 34 38 36 -38 -39 -40 -41 -42 50 44 56 -46 60 53 -49 -50 -51 -52 -53 59 58 61 -57 -58 -59 -60 -61 -62 -63
leaf_value=0.0065480190936970818 -2.934834911560084e-05 0 1.3436836121371012e-05 -3.3222782758064567e-06 -2.6881438381969929e-06 0.00013176902143120417 7.5466228497363046e-06 -2.6881438381969929e-06 8.9604794606566433e-06 0.001143189667548575 -0.0024244127254526241 0.00020073536320291144 0.0053779977853883809 -0.0004825855153098999 0 0 1.0488795514684166e-05 -0.010362509365105228 -0.0010275465971607944 -3.5690542104213968e-05 -3.2556408707052466e-05 -0.0017396893593831918 0.0030047760083286904 0.0013751953355422032 -0.00301023215048198 0.00016966510899787471 -0.014957197617168964 0 0.0014036333040135631 0.00014201798053820963 0.0003508750243002304 3.8617398406116074e-05 -0.00028775858716394441 0.00047241354135478807 8.9604794606566433e-06 0.0027252096327411105 -0.00034603428867726916 0.0031403860958365351 0 -0.0025444005412410052 0.00035389405395459919 0 -0.00062798975882231002 -1.9041826249624149e-06 -7.8080609228115206e-05 0.00022298085559923139 -2.6881438381969929e-06 0 -0.0011917901850678025 0 -0.00398457407163597 0 -5.5626282311978156e-05 6.490716570988308e-06 -0.0018865005858448129 -6.5283493213355533e-06 0 -2.6881438381969929e-06 0 0.0052640066329397127 -0.0020801341739988145 -0.00012791693293392009
leaf_weight=574 494 544 576 317 1149 910 700 995 665 704 577 954 630 1068 438 1363 326 781 754 676 525 8449 2484 5458 2156 15181 237 960 416 1637 1758 699 1725 645 2587 807 6654 3947 15651 1944 3048 691 1015 410 448 546 1282 23358 1655 978 4471 4571 580 1133 786 1681 2555 2328 1690 1560 1523 1606
leaf_count=574 494 544 576 317 1149 910 700 995 665 704 577 954 630 1068 438 1363 326 781 754 676 525 8449 2484 5458 2156 15181 237 960 416 1637 1758 699 1725 645 2587 807 6654 3947 15651 1944 3048 691 1015 410 448 546 1282 23358 1655 978 4471 4571 580 1133 786 1681 2555 2328 1690 1560 1523 1606
internal_value=-0.000536617 -0.0285891 -0.043735 0.0628554 -0.0910488 0.11131 -0.0137132 -0.0247247 0.00198348 -0.018498 0.0304658 -0.0435011 0.00436639 0.0101375 -0.00352559 0.0367363 0.0888198 -0.0148382 0.020559 0.0424305 0.0100302 -0.0422196 0.0646138 0.0760749 -0.000383773 -0.00461697 -0.0323522 -0.0074614 -0.0522814 0.137073 0.0153235 0.00887691 -0.00390633 0.000388551 -0.0111767 0.0187286 -0.00357284 0.0479768 -0.00330591 -0.0665766 0.0579079 -0.0627889 0.0135257 -0.00394916 0.0292946 -0.0204244 -0.0373826 0.00924068 -0.0643224 0.0119448 -0.0830885 0.0214691 0.0451377 -0.0201117 -0.0472651 -0.0521046 -0.0300302 -0.110232 0.00370365 0.0733271 -0.04296 -0.0718801
internal_weight=147030 12118 10397 1721 4021 1227 6376 5800 134912 14059 4754 9305 120853 81221 35141 7707 3379 27434 46080 14956 31124 9467 9010 7942 17967 17337 8686 39632 8601 2075 28689 5946 37312 33960 20827 13133 7461 5672 18238 2589 3573 7647 4180 4328 3603 2485 5100 25116 2320 1304 5162 5270 3155 4105 3352 2435 2965 3477 2823 2140 2069 2392
internal_count=147030 12118 10397 1721 4021 1227 6376 5800 134912 14059 4754 9305 120853 81221 35141 7707 3379 27434 46080 14956 31124 9467 9010 7942 17967 17337 8686 39632 8601 2075 28689 5946 37312 33960 20827 13133 7461 5672 18238 2589 3573 7647 4180 4328 3603 2485 5100 25116 2320 1304 5162 5270 3155 4105 3352 2435 2965 3477 2823 2140 2069 2392
cat_boundaries=0 8 16 23 31 39 46 54 62 69 75 79 87 95 103 111 119 127 135 143 148 156 164 172 180 188 192 200 208 216 220 228 232 240 248 256 260 265 273 280 284 288 292 296 304 308 316 320 324 328
cat_threshold=806487048 474219298 4104 2151677952 268468352 546 524292 537 680525952 0 2181041169 2214728258 545292352 50397440 32 8388886 1233130496 33554436 0 37748736 3195904 0 2097152 20971777 1574080 2147484672 9 2415919168 1068032 2217803792 6295592 169869312 8421392 1073811720 9585920 1610612736 3178528 163840 4386 589824 67117071 12635144 119538688 46149632 1342443520 32 33554948 671498240 393216 1616986112 1073922561 8388608 148224 67141648 69935137 545275905 68682818 16809984 1191182337 524288 1088 3088 65536 2102287 75500545 151077936 272646161 1082671424 4 17040985 1342310464 7094336 402677764 4538374 1 3760327682 671744246 140569064 12 2147483653 8398850 33570970 33554436 269551621 1075979328 1064960 591872 1073741824 33554568 8519684 671104512 671088770 151273728 262176 42223624 6291600 67378210 1141145600 67109376 1073745920 335545352 2098368 4259976 446490 536875010 4096 38805520 272 0 1048640 25308768 1024 81264640 71435264 2147518720 36896 1006633482 1107370496 16385 82432 10752016 327681 67371026 2162704 67111008 18907792 5126 2097152 2155872705 16842752 8192 125833376 268961290 201326784 102793728 405274834 2 536936449 2494728 2147483712 201590792 4145 128 163577996 299520 33554432 1140852768 2170880 16777220 268437520 33588802 2147488266 161480848 536870912 1157629953 8391296 16780292 537133088 34078976 1075052544 336595200 536936962 72384512 663570 1109393904 0 2348810248 65920 33570821 1074794496 2121840 8389056 1082337092 270532628 1 34345216 2283798553 64 34603008 1024 2562 2147485696 17827841 48 590848 407371776 264588 67117068 2150672109 572457120 704686145 8 67585 134291456 1610743840 2160066626 2843770914 545261572 536903680 1050656 16777408 12320 4489282 527360 1073743112 1 4196360 28672 17825800 1342210048 270592 532481 537444354 36864 4260608 2367504 1082418225 4464958 475216452 1 269041792 1074266113 16384 1048576 545521666 402820164 67110913 4260928 1043598602 41986182 2148368772 6 1073906176 1217463040 2281710080 1 67469824 1350567042 256 33816576 536873608 262148 4472832 67109136 21250 3020029969 54534148 65540 1074268192 65537 3225420033 268437506 49200 541065228 1895826176 12582928 2298642561 43024577 1365122072 6 23398400 134348800 540752 1082134540 2416967680 2214597632 538970112 33554576 1057410 33556480 34079236 1074136072 17891348 339804688 2097161 2282127360 16777216 33563272 21250048 270795872 135548465 280232004 2232498628 6 1663115280 3557037592 3061846376 10 537658899 1129333080 1216741998 1 2299122184 1208242235 2424343178 13 33685508 3271589888 135266504 539234305 272760840 4726784 6153 8192 3094748955 335581248 17254656 6 8395076 1028 1255616 570695680 18941952 4 34832 64 2827100844 537274434 3275030784 2 126107657 2151484740 2820718848 13 3777270040 1030464708 41943424 8
is_linear=0
shrinkage=0.3


Tree=11
num_leaves=63
num_cat=51
split_feature=0 6 38 34 38 40 35 3 34 38 6 34 3 38 4 0 39 35 34 1 38 34 35 24 34 35 35 34 22 35 34 22 34 34 34 21 24 22 23 24 24 22 22 23 23 24 22 22 22 24 23 24 22 21 21 21 4 23 21 21 6 4
split_gain=95.7611 131.497 179.515 109.547 104.633 95.0032 88.9933 87.7287 92.1059 79.9611 70.0392 65.6875 64.5042 106.166 111.03 138.786 91.8361 82.4184 73.9982 71.6664 65.5129 75.1031 63.2778 62.0315 61.8443 86.6668 69.4416 83.9029 78.155 65.6338 61.3148 59.4921 79.0638 63.5597 58.7564 58.645 58.3269 57.6923 57.118 56.4944 56.1384 70.5565 57.1136 53.0409 52.7268 51.547 50.7694 47.7219 47.0122 44.6317 43.9951 40.9215 37.6135 36.078 34.4835 34.0436 32.0451 31.3148 30.9955 30.0047 29.0542 50.2745
threshold=0.44860839843750006 0.61152571439743053 0 1 2 3 4 0.097500000149011626 5 6 0.35160160064697271 7 0.0075000002980232247 8 0.094166666269302382 0.21496582031250003 9 10 11 -1.0000000180025095e-35 12 13 14 15 16 17 18 19 20 21 22 23 24 25 26 27 28 29 30 31 32 33 34 35 36 37 38 39 40 41 42 43 44 45 46 47 0.072499997913837447 48 49 50 0.2124435901641846 0.0041666666511446246
decision_type=2 2 9 9 9 9 9 2 9 9 2 9 2 9 2 2 9 9 9 2 9 9 9 9 9 9 9 9 9 9 9 9 9 9 9 1 9 9 9 9 9 9 9 9 9 9 9 9 9 9 9 9 9 1 1 1 2 9 1 1 2 2
left_child=7 4 44 -4 51 -5 -7 12 -9 -10 35 -8 13 14 15 16 19 48 43 -1 21 45 37 -24 25 57 27 52 -29 55 49 32 -28 -33 -6 60 -36 -20 -18 -13 42 -42 -32 -19 -3 -14 -31 -46 -15 -23 -38 -2 -26 -52 -47 -27 -17 -22 -51 -45 61 -11
right_child=1 2 3 5 34 6 11 8 9 10 -12 39 20 17 -16 56 38 18 22 -21 24 30 23 -25 26 29 31 28 -30 46 40 33 -34 -35 36 -37 50 -39 -40 -41 41 -43 -44 59 47 54 -48 -49 -50 58 53 -53 -54 -55 -56 -57 -58 -59 -60 -61 -62 -63
leaf_value=0.014012451930852711 5.1071225881925788e-06 8.7086844461901189e-06 6.1972329243483103e-06 0 8.8045047346802519e-06 8.0644315145909785e-07 -1.8817006867378952e-06 -4.0710445016250007e-05 -1.0964240071506549e-06 0.00059469190308404348 0 -1.8817006867378952e-06 -0.003220801380258603 5.712547874887245e-07 0 -0.023226662063702275 -0.011140044784950525 5.5018350963335312e-05 -2.3287412213342114e-06 -0.006171882083453044 7.2499046080120078e-05 -8.6145202037790844e-05 8.4080211281003714e-05 -2.8999960088229358e-06 0.0029769703791552187 -0.0016783873287792512 -0.00010828032920210595 0 -0.00021003913837485015 0.00033012075081706227 0.00041201386215565717 0 0 6.2767774721724028e-06 -2.2639868549208915e-06 0.00017688850803259732 -1.9472149712964924e-06 0.0014146992046027967 -0.0040880567431036468 -1.8817006867378952e-06 -0.00027228234013589096 0 0 -0.0051819173357639343 6.4389021098613692e-06 -0.0024146921201640046 1.6953780699790572e-07 -2.2639868549208915e-06 -0.0024934629975950306 8.9604794606566433e-06 0 -3.3222782758064567e-06 1.3825928761507374e-05 8.2248086597632764e-06 0 0 -0.0094866189004560297 0.0022313352410367319 0.0019497950907907981 -0.00021801121778959002 5.6386489390977665e-05 -2.5812209678906941e-05
leaf_weight=356 224 442 556 898 425 422 429 441 917 187 386 941 411 333 916 306 644 429 543 312 326 421 2992 6927 210 330 3184 2228 4957 2719 1509 7691 21817 43935 671 1100 438 1173 1474 2018 3287 7392 3668 437 318 314 5874 769 890 549 321 932 767 859 557 511 428 722 554 567 247 429
leaf_count=356 224 442 556 898 425 422 429 441 917 187 386 941 411 333 916 306 644 429 543 312 326 421 2992 6927 210 330 3184 2228 4957 2719 1509 7691 21817 43935 671 1100 438 1173 1474 2018 3287 7392 3668 437 318 314 5874 769 890 549 321 932 767 859 557 511 428 722 554 567 247 429
internal_value=-0.000330539 -0.0277074 -0.0528477 -0.0790371 0.0164256 -0.0939406 -0.114678 0.00181053 0.0473173 0.0646125 0.0939008 -0.130941 0.000538209 -0.0157777 -0.05625 -0.0805792 -0.0499282 -0.00316716 0.00383026 0.0467645 0.00322026 -0.0130288 0.0117713 0.00253749 0.00640408 0.0281303 0.00371458 -0.0225716 -0.0338057 0.0189604 -0.00783118 0.00651757 -0.00549314 0.0123339 0.0485326 0.117252 0.0290743 0.0647569 -0.0802816 -0.147021 -0.0133665 -0.025788 0.0122567 -0.0602075 0.0375729 -0.0827665 0.02681 0.00163772 -0.0772468 0.049414 0.0598159 -0.0588184 0.0594538 0.0898489 -0.0400904 -0.0604922 -0.196467 0.109528 0.0809864 -0.0977361 0.0562284 0.0218444
internal_weight=147030 10663 6793 5264 3870 4708 3810 136367 3707 3266 2349 3388 132660 18727 4436 3520 2786 14291 13068 668 113933 18662 11635 9919 95271 10482 84789 8162 7185 9434 17380 76627 25001 51626 2714 1963 2289 1716 2118 2959 15856 10679 5177 1433 1529 1282 8593 1087 1223 1524 1618 1156 977 1180 871 841 734 1048 1103 1004 863 616
internal_count=147030 10663 6793 5264 3870 4708 3810 136367 3707 3266 2349 3388 132660 18727 4436 3520 2786 14291 13068 668 113933 18662 11635 9919 95271 10482 84789 8162 7185 9434 17380 76627 25001 51626 2714 1963 2289 1716 2118 2959 15856 10679 5177 1433 1529 1282 8593 1087 1223 1524 1618 1156 977 1180 871 841 734 1048 1103 1004 863 616
cat_boundaries=0 7 15 23 28 36 44 52 60 68 73 81 89 97 105 113 117 125 133 140 148 152 160 168 172 180 188 196 198 201 204 208 212 215 219 223 227 230 233 237 241 245 249 253 256 260 262 264 266 270 272 274
cat_threshold=1073742592 2100228 1187905 34402560 2231297 68 2377728 406913152 8 2147483648 2424439042 1610612816 184614912 77643808 8388868 1098907716 268435460 1049792 574627840 135513112 0 2146304 1048 1090523044 137728 135266484 16384 14815241 301990144 268959744 536871939 69632 2250244224 292 2149187665 33554496 16777728 134348832 33685506 401424 76550152 538968226 131072 143360 1234178176 308281860 1054912 604242432 268615681 0 2375680 8192 2237440 16777216 1181971 69632 8397312 2685403136 570426368 17335824 1257924 2382630400 8 0 134217728 0 303595648 8809 65536 134348800 4194304 8396808 2415919104 270368 2150629376 2147550216 184551433 134218368 134414384 131074 17302656 128 537001985 201359456 131586 2621440 1076365312 539788432 9056 9584128 33044 131137 101191680 2149582865 64 2148811016 1024 2150133767 0 1074532352 67305480 65600 281018368 4199440 230403 16781312 134350912 4325986 2148042244 8979458 8388736 2885746688 65552 2172977184 2504396738 2689114310 4 3702785 4325376 201461840 135200897 11014664 0 688137 4194304 524292 2560 269485056 8650882 1074102284 33833472 1094844416 101721216 33555712 1073774592 1342243840 2147575808 2231697926 33988616 268452368 520 1024 3271565320 537927680 4456464 1140855812 3332 3301376 1125851910 1082269721 1745536201 1 1052673 32768 2147553322 16777988 638584832 67616 1089668 4260096 2304 1073741824 597688352 3225422848 1075 151584832 268960258 264256 101136437 240386304 1023411797 9 65544 144 2686189568 536924426 33554432 1073807634 352387104 35654720 4194336 1344012352 27263008 68167696 3221234688 2231631936 16674 4098 10747904 1746141707 1090519104 98320 2147502080 83894336 524321 196672 2199906195 2342027728 2183629298 343937184 3390050570 2378645547 268612106 4026703890 975179779 3003290592 2325889048 8 2013429836 1216415137 4115891202 2 2694874434 1786159376 717361193 3251143321 3534750340 1216416640 2 26755080 1489220040 3968082432 2 813737216 2736788480 2754845752 8 327977037 135950466 1092618386 2237663457 1896618542 413143044 395806724 75827398 53741184 11 278791553 167777056 2693022848 10 812648225 651 67127656 1 104117796 4522562 1146292800 8 101226497 581095424 1370172160 8 68165697 672141857 19005712 2148635650 2148008960 1613496332 8 2189714049 2835579072 2198274241 2179195073 677332360 1180769408 555384841 51442309 537103376 1 3426118928 2678754032 3583559712 349225051
is_linear=0
shrinkage=0.3


Tree=12
num_leaves=63
num_cat=59
split_feature=0 38 41 4 22 41 35 38 34 34 34 35 34 35 34 23 23 23 22 24 24 6 23 19 34 35 24 41 19 35 34 24 22 35 34 24 34 41 35 34 23 23 34 41 24 34 35 22 22 24 24 22 22 21 24 22 21 21 21 21 21 23
split_gain=191.217 145.661 109.928 106.306 155.14 132.458 125.104 112.182 96.3642 94.6065 91.198 90.0423 82.7746 77.0488 75.2913 73.3121 68.4984 67.4645 68.02 62.3428 57.9186 56.8462 55.3939 53.9527 93.8092 84.8337 73.9468 71.4414 95.0406 89.6347 91.6087 73.9576 66.4954 60.4446 105.055 80.1578 76.8935 70.8009 102.787 83.244 65.0531 57.3396 55.3025 106.261 59.7587 53.088 48.4479 48.0874 47.2301 45.9961 45.9357 45.7893 44.611 43.0411 40.2839 39.1352 35.2944 34.2703 33.8672 32.7989 32.2958 30.665
threshold=0.44860839843750006 0 1 0.10583333298563959 2 3 4 5 6 7 8 9 10 11 12 13 14 15 16 17 18 0.34815546870231634 19 20 21 22 23 24 25 26 27 28 29 30 31 32 33 34 35 36 37 38 39 40 41 42 43 44 45 46 47 48 49 50 51 52 53 54 55 56 57 58
decision_type=2 9 9 2 9 9 9 9 9 9 9 9 9 9 9 9 9 9 9 9 9 2 9 9 9 9 9 9 9 9 9 9 9 9 9 9 9 9 9 9 9 9 9 9 9 9 9 9 9 9 9 9 9 1 9 9 1 1 1 1 1 9
left_child=3 11 -3 23 9 -6 -7 10 -4 -5 -8 -2 -13 -10 -9 -11 -16 48 -19 -20 -12 -14 57 24 52 58 41 28 61 47 53 -32 46 34 50 40 -37 38 54 -40 -36 56 43 -39 -44 -34 -28 -30 -15 -17 -29 -43 -1 -31 -35 -24 -27 -23 -26 -54 -50 -25
right_child=1 2 8 4 5 6 7 14 13 15 20 12 21 17 16 49 -18 18 19 -21 -22 22 55 27 25 26 32 33 29 30 31 -33 45 37 35 36 -38 42 39 -41 -42 51 44 -45 -46 -47 -48 -49 60 -51 -52 -53 59 -55 -56 -57 -58 -59 -60 -61 -62 -63
leaf_value=0.0035449205224033441 1.3709533574804663e-06 -6.8113005704223769e-06 -4.070848603472117e-06 -2.6881438381969929e-06 1.0488795514684166e-05 6.2103511371707965e-06 0 7.8006516764871737e-06 1.0188079609938167e-05 0 -1.8830332416517207e-06 1.3709533574804663e-06 -1.3289113103225824e-06 -2.1236336321756241e-06 0 1.0488795514684166e-05 -1.8830332416517207e-06 -2.199793134993468e-06 -2.1236336321756241e-06 2.6700306609583781e-06 -1.8830332416517207e-06 1.3709533574804663e-06 -1.3171904807165266e-06 -1.1585219521834823e-05 0 -0.00081203096509433815 0.0012676303229358981 1.6799600331404894e-05 -3.1466386544052497e-06 0.00016404014245120983 0.00073455764135276337 -2.4024865544292335e-05 -0.00032929064364991493 7.1316615023498905e-05 5.9778308633458819e-05 0.0014179225625970951 -1.8830332416517207e-06 -0.0023983368541618875 -0.00096339939166331201 0.0001497380964654236 -0.0011004756696389078 -0.0018257757320954446 -3.8776102511154023e-06 -2.6881438381969929e-06 3.1731425350420906e-05 0.000988044753918249 -7.4479982459938737e-05 -0.0028911152163333168 9.9668348274193705e-07 0 -0.0030820725209111935 -3.8710408995204532e-05 -0.00039348299085885353 -0.0034776455688013213 0.0031374641546445415 -1.8479044725877922e-06 0.0012301117198315851 -1.3171904807165266e-06 -0.0017754702476176784 0.0014366464723455312 1.287375186334849e-05 -0.0039154912204244583
leaf_weight=433 424 851 685 424 564 716 429 542 793 1018 1053 432 362 331 905 666 1944 897 656 1299 2457 309 561 209 321 217 414 220 429 211 2182 4610 429 327 917 809 5444 1269 996 8110 1876 558 23569 8114 49908 3637 1514 894 427 1553 895 1280 224 712 880 1492 605 572 546 513 572 824
leaf_count=433 424 851 685 424 564 716 429 542 793 1018 1053 432 362 331 905 666 1944 897 656 1299 2457 309 561 209 321 217 414 220 429 211 2182 4610 429 327 917 809 5444 1269 996 8110 1876 558 23569 8114 49908 3637 1514 894 427 1553 895 1280 224 712 880 1492 605 572 546 513 572 824
internal_value=-0.0047459 -0.0434318 -0.015315 -0.00172033 -0.0283549 -0.0503131 -0.060201 -0.071915 -0.000105756 0.0233596 -0.106378 -0.0872478 -0.102192 0.0144977 -0.0316485 0.0409048 -0.0511709 -0.00185976 -0.0278631 0.00366032 -0.122402 -0.11844 -0.132629 0.000913793 0.0212744 0.0113605 0.0203554 -0.00100778 -0.0251116 -0.0151823 -0.00275655 0.00934742 0.0388112 0.00134403 -0.0206134 -0.00983659 0.00905026 0.00374094 0.0271671 0.0161877 -0.0519786 -0.02122 0.000821747 -0.0208515 0.00359237 0.0605443 -0.00711332 -0.0869662 0.0536512 0.0714029 -0.10701 -0.0505945 0.101015 -0.090802 0.109024 -0.159661 0.0442444 -0.0668531 -0.0774742 0.0540719 0.0860533 -0.110813
internal_weight=147030 10663 6511 136367 12271 8610 8046 7330 5660 3661 3939 4152 3728 4975 3391 3237 2849 4182 2852 1955 3510 3296 2934 124096 10691 9521 8654 113405 10071 9038 7715 6792 5994 103334 10161 9046 6253 93173 10313 9106 2793 2660 82860 9383 73477 4066 1928 1323 1330 2219 1115 1838 1170 923 1207 2053 822 881 867 737 999 1033
internal_count=147030 10663 6511 136367 12271 8610 8046 7330 5660 3661 3939 4152 3728 4975 3391 3237 2849 4182 2852 1955 3510 3296 2934 124096 10691 9521 8654 113405 10071 9038 7715 6792 5994 103334 10161 9046 6253 93173 10313 9106 2793 2660 82860 9383 73477 4066 1928 1323 1330 2219 1115 1838 1170 923 1207 2053 822 881 867 737 999 1033
cat_boundaries=0 8 16 20 27 35 43 51 59 67 75 83 91 98 102 106 109 113 117 121 125 132 140 148 152 160 167 175 183 187 191 199 207 211 219 227 235 243 246 249 257 265 269 277 285 289 293 297 301 305 309 311 315 319 321 323 325 327 329 333
cat_threshold=823263236 2281702178 4232 4194304 403800192 34 524308 1561 134480384 33816592 537198592 137364496 23043 805962000 1107820544 327680 67449021 504627200 1023674964 14 4785409 1082392640 64 33562720 219152400 24736 2428992 256 32768 3489860616 83979 3238133762 1107656720 16400 2097280 956303368 304087078 8 2684387840 18055296 0 268992512 561 1049120 1088 22300160 524322 10486688 545259520 675291136 100663809 131079 0 33574928 1644544 31982144 537001992 34603073 1048576 536870916 128 10486016 101713920 1073741833 1073741824 2185282656 1966082 269484032 524360 1024 67584 606076948 67109152 155844625 41943104 270467072 33816576 2148532369 2214592576 16 537919488 17824 8651010 2466267136 335675649 2164326528 6361152 32 134217729 67109376 33816596 1482850336 1076363792 2215658752 8192 16850944 806491138 2097152 3242901572 2311720201 436338904 1 168206154 809797984 541327780 14 336337828 152684582 2150171798 2168459364 1746018566 2017841419 4 33866652 822872980 671887697 8 374399240 2291206188 360793861 2 209061919 67309572 3290188040 11 0 1140850944 2150633986 71307270 553787392 503775240 1122528 1375731712 12593280 2130194 524353 657408 786588 1073743361 513 288 2134592 67174465 4198400 1074267137 71311624 2751463576 2099200 1398538594 1133003058 9478914 12 2105600 131168 41943552 24576 240132104 4205568 67113348 17858566 0 2150630912 125832192 318955592 65625 16785714 8 1157627904 1074792962 35652176 135790600 16779264 570425601 1803264 2097164 8192 3233808384 286864 301989888 2169766528 741610496 8388624 4194304 1075190834 42745946 174628672 2 1887918634 2718209536 537863188 2 1207360 0 2415989896 2168541187 520 262148 2105344 33689602 4589064 134244353 65537 2256798208 4097 1048576 541065280 50598464 272451593 2552287266 1660961690 4 33554432 131584 536870912 1749631001 1111622786 343966720 40964 114688 536870912 34144257 1946157056 74612772 268500996 671088674 855638529 160 234881281 12593280 133122 0 2065 830607489 524353 2114560 675807232 36872 8421376 539010113 67111344 2147614816 3584 16785536 1182856800 2491424874 1313645120 302385664 683596808 3834851330 17154272 69207044 69206276 1048896 1024 67108868 1090519520 69337344 66068 1073758208 2148796480 268959744 25166336 25296905 2290090032 67373312 1125169156 219164693 3381282632 2 2048 131072 1610613280 67272704 9469960 2281834496 816054304 33096 8706 1282 4194308 201457664 16779264 396416 4204064 532515 39946371 546308753 1278387016 13 286336068 3297509380 2199953412 5 1393846548 2098232 2250573080 8 3492020228 2147617346 33558144 4 134836400 37363266 545980679 2 620830161 542442960 3293184536 2 1613169176 67411988 711073873 134513152 609002026 2 34618384 1405288843 3830972550 4 3527413796 676134928 346376408 1502351400 1384909474 1040723073 579240744 56754305 3544209610 569936413 2147754393 2148335616 1048736 8
is_linear=0
shrinkage=0.3


Tree=13
num_leaves=63
num_cat=56
split_feature=0 41 35 38 41 4 41 35 38 0 22 41 3 0 19 39 38 41 35 22 41 23 35 22 35 21 35 22 35 41 41 41 19 35 35 23 35 23 22 35 0 41 23 41 35 22 24 21 22 22 24 21 35 24 41 22 24 23 24 22 23 24
split_gain=179.456 122.243 98.9243 75.1876 70.44 69.2478 212.388 172.002 145.084 143.281 123.631 101.138 96.7443 179.58 154.427 110.848 107.692 99.4219 88.0393 83.3766 83.12 77.3787 94.7971 76.4955 78.9705 75.1247 72.5265 72.2141 97.9423 78.8402 74.2289 71.9506 68.9531 67.9688 67.6966 65.5516 65.4368 65.2242 64.7067 64.3879 63.8954 74.3357 72.6295 72.2803 63.1958 62.7568 62.2193 61.4029 59.4602 58.0261 57.1429 56.8876 54.2532 54.2457 53.9253 53.5377 52.8126 51.6248 55.2662 50.6236 50.2962 49.8152
threshold=0.43859863281250006 0 1 2 3 0.094166666269302382 4 5 6 0.26208496093750006 7 8 0.012500000186264517 0.27795410156250006 9 10 11 12 13 14 15 16 17 18 19 20 21 22 23 24 25 26 27 28 29 30 31 32 33 34 0.33557128906250006 35 36 37 38 39 40 41 42 43 44 45 46 47 48 49 50 51 52 53 54 55
decision_type=2 9 9 9 9 2 9 9 9 2 9 9 2 2 9 9 9 9 9 9 9 9 9 9 9 1 9 9 9 9 9 9 9 9 9 9 9 9 9 9 2 9 9 9 9 9 9 1 9 9 9 1 9 9 9 9 9 9 9 9 9 9
left_child=5 36 -3 37 -5 12 56 45 9 35 39 -10 13 14 20 54 17 -14 51 -20 -1 22 48 33 -25 44 -12 28 61 47 -30 38 -33 -17 -31 -9 -2 -4 -24 -11 41 -19 -43 -42 -22 -8 -27 -29 -18 50 -6 -13 -45 -50 -16 -56 -7 -51 -59 -39 -38 -23
right_child=1 2 3 4 49 6 7 8 11 10 26 18 16 -15 15 23 21 40 19 -21 25 27 31 24 -26 46 -28 29 30 34 -32 32 -34 -35 -36 -37 60 59 -40 -41 43 42 -44 52 -46 -47 -48 -49 53 57 -52 -53 -54 -55 55 -57 -58 58 -60 -61 -62 -63
leaf_value=0.0065086735046087632 3.8239072465682789e-07 6.6023715210208311e-06 -5.1168011769710673e-07 2.0036131689455025e-05 -2.1840902052631959e-06 0 5.3492313907328769e-05 -2.4659153411805597e-05 -1.2874545830301842e-05 -9.5194276051262714e-06 0 5.6490997249551623e-07 -0.0036097623664855089 -0.014823943945779227 -0.0094120136512524533 -0.0037431435813593148 -0.0019072595260053518 0.0024274902301340993 4.7372507160587704e-06 0 -0.0058773681509874968 -2.5560459781777439e-05 -7.5784018879202771e-05 0.0026403031730680916 -0.0028529881683611461 -0.00074062705334270536 -3.0711670996563045e-06 -0.0025213276627509226 0.001570069298190761 0.0011328603758686425 -0.00011069786457788471 0.0013252912874803389 0.00028958847112872682 0.0013851944496313293 0.0001389265957455916 2.2630264868190075e-06 -9.2203333650156858e-07 -7.8191416861385115e-07 0.0024650520523420618 0 0.00039002382093083126 0.00090179517210372444 -0.00068563221578388049 2.5493483114591712e-05 -1.5247114874567674e-07 5.712547874887245e-07 0.0031142143589687702 8.6725777352427715e-05 -0.001739450917727055 -3.694138974608005e-06 4.3059768372988896e-06 -9.5194276051262714e-06 -0.00093243207870066542 0.00059001667536888317 -0.0066999728053321354 -0.0018054008314030076 4.636682324178458e-05 -3.5260934566031666e-06 5.6490997249551623e-07 -3.1998239558940996e-06 -1.740197317566722e-06 -0.0024389915815372695
leaf_weight=700 427 1076 1027 545 450 540 631 428 1162 519 548 436 946 379 896 545 645 867 2423 4862 693 536 450 957 6984 1356 4522 1050 1069 3708 13770 2504 17053 3751 28608 1158 682 674 1281 1577 529 2703 5697 840 2357 1104 2936 1218 408 1000 1149 672 2299 1029 913 1773 1203 775 1583 1710 1517 1180
leaf_count=700 427 1076 1027 545 450 540 631 428 1162 519 548 436 946 379 896 545 645 867 2423 4862 693 536 450 957 6984 1356 4522 1050 1069 3708 13770 2504 17053 3751 28608 1158 682 674 1281 1577 529 2703 5697 840 2357 1104 2936 1218 408 1000 1149 672 2299 1029 913 1773 1203 775 1583 1710 1517 1180
internal_value=-0.00476223 -0.0389712 -0.0237276 -0.0341176 -0.0123504 -0.00155114 -0.0170331 -0.0257754 -0.0343414 -0.0622318 -0.0803571 -0.00874881 0.00144364 -0.0153453 -0.0120815 -0.029278 0.00604806 -0.0182034 0.00278404 0.0148006 0.0217531 0.0105675 0.0248653 -0.0156502 -0.0330818 0.0122382 -0.105608 0.00402924 -0.0122593 0.011828 -0.00438353 0.0308451 0.025617 0.0165738 0.0156273 0.0192694 -0.0964366 -0.0690622 0.0893287 -0.0186432 -0.0112845 0.00197431 -0.00670469 -0.0447956 -0.0237099 0.0642243 0.0377788 -0.0421052 -0.0361031 -0.0236667 0.0232774 -0.0755356 -0.0619803 -0.00186325 -0.075626 -0.0538176 0.0830768 -0.0460237 -0.0215189 -0.0962854 -0.117368 -0.079861
internal_weight=147030 12615 9989 8913 5502 134415 21785 20042 18307 8752 7166 9555 112630 24240 23861 15819 88390 13881 8393 7285 8042 74509 23370 12237 7941 7342 5070 51139 16555 34584 14839 21288 19557 4296 32316 1586 2626 3411 1731 2096 12935 9267 8400 3668 3050 1735 4292 2268 2082 4957 1599 1108 3139 1437 3582 2686 1743 3358 2358 2384 2199 1716
internal_count=147030 12615 9989 8913 5502 134415 21785 20042 18307 8752 7166 9555 112630 24240 23861 15819 88390 13881 8393 7285 8042 74509 23370 12237 7941 7342 5070 51139 16555 34584 14839 21288 19557 4296 32316 1586 2626 3411 1731 2096 12935 9267 8400 3668 3050 1735 4292 2268 2082 4957 1599 1108 3139 1437 3582 2686 1743 3358 2358 2384 2199 1716
cat_boundaries=0 8 16 24 32 40 47 55 59 67 74 79 86 94 101 105 113 117 125 129 137 139 147 151 159 167 175 183 190 197 205 209 217 221 225 233 241 245 253 261 265 269 271 275 279 283 285 292 296 304 308 312 316 320 324 328 332
cat_threshold=805322888 243269638 553656336 44040212 536940804 1610613265 268435456 65536 855654912 1074266112 2149717088 134320128 67108864 8484 2688557072 4196352 957482116 2181038882 4104 4194304 420577408 34 17301504 536 2147483648 2149056608 525312 67141696 268968064 42077312 1052672 19137928 21504000 1073743040 0 272416 252715040 3154944 9441348 1081345 1048832 33587208 3489735680 2164332545 68158208 1074168136 1090543616 2030045440 33555490 4096 3758129152 270729345 1073742337 268992768 552 33699897 307626240 2635072103 9 2048 2686988 134219776 3231711234 268468230 671219716 306186240 201728 131072 1073777423 2134048 69206029 17109016 134283280 49160 69208067 2281701376 24 1073746960 2417557505 8535624 2130196 206913 34091264 2147485712 536870976 2147500032 35389696 8448 526336 9249 24641569 4194308 71303296 4194317 134223873 12288 67375104 539787522 2129921 2505588864 33685640 2685679673 1190691360 1476691984 5 1053696 1076363264 337024 10485784 20 713310208 1074266116 526336 2181562624 3642819336 1562017368 1 1310720 164384 1073787912 2148575240 80 4194565 404766724 4458496 1147143069 2910859502 33561730 2 24576 263234 2147484193 656642 67712 277137928 12582920 4210704 2458426095 4261585921 50349056 32 547635200 1610637320 1090781186 4202497 2717909024 2114560 570757465 236207368 2626945050 1 1509951488 64 3288334480 2149646594 19923202 8256 3489662016 16781824 3221225984 2048 2316304384 262720 3363831936 1074668800 1141544000 1 1024 266241 1074923521 268451878 541589506 12976160 1912606784 33554432 268452352 4194304 411047936 320897060 4736 1073741824 3758628992 8388652 128 1107821568 16813624 67204168 33685504 302317568 393392 2148942080 132 26348544 0 134218513 2315321472 524578 2492563458 8194 4 2183561216 2101280 4194560 33685504 67907845 1074352368 1364321024 134228496 1 264 140512256 516 808812624 536871040 83902496 138412129 64 745015582 3228635144 1074096408 1 3234923144 1950484650 689995780 1 2147483648 27394562 38813872 67764224 167854208 538985600 4352 33554504 8404992 3087009792 3238002688 69730818 268510272 2617258496 16384 8388608 3770699808 144338017 235942450 12 512 17301506 3145728 209715200 604045312 1073882136 19044417 67371008 24576 536871432 1139081280 5251081 4202496 67371008 238027264 8 80623692 303858688 827596898 14 2250613768 7012646 1175024792 4 2692655151 2748334998 71454449 1792606217 39981824 4 679890193 34112577 876236484 2 1123344902 8913153 588792842 8 51524691 3876703366 2264932352 5309792 1115685124 537543424 2112 100667392 34432 18945548 29374580 1075191944 10 41943168 2281702560 25165860 2315264001 4160 444858400 33554452 8388608 1260560920 1478656582 10695778 8 1619234529 3290644490 578952448 8 31130240 2451587626 111591436 3 575078888 11354115 146878525 4 1339597 1283719178 3896000648 1 2283151379 101007808 2992523520 7 1322258641 3243313696 1080033608 6
is_linear=0
shrinkage=0.3


Tree=14
num_leaves=63
num_cat=60
split_feature=5 34 6 38 19 41 34 41 34 34 23 34 41 24 41 24 23 38 23 41 39 24 40 39 41 41 41 34 19 24 34 23 34 41 34 40 22 24 41 34 40 22 24 22 24 41 41 24 23 24 23 23 23 24 22 24 34 21 21 34 24 24
split_gain=139.181 183.166 155.112 194.315 131.44 124.077 109.824 107.261 103.7 88.5627 83.8398 86.8191 83.3275 81.4406 76.4373 73.3984 71.2988 68.1191 66.6452 65.6346 95.7536 76.2305 73.8972 66.6799 113.058 86.5565 85.5676 87.8062 83.8854 74.9172 69.5073 68.552 75.0096 84.433 71.7171 67.9889 66.2803 64.1844 61.4636 107.435 68.0093 60.394 60.1298 60.0458 59.5704 70.0553 69.2415 59.5263 59.4124 58.1449 57.077 56.6789 55.4836 54.7406 54.0532 53.5788 51.4708 51.4604 49.698 47.018 45.9271 45.7155
threshold=0.094166666269302382 0 0.35767590999603277 1 2 3 4 5 6 7 8 9 10 11 12 13 14 15 16 17 18 19 20 21 22 23 24 25 26 27 28 29 30 31 32 33 34 35 36 37 38 39 40 41 42 43 44 45 46 47 48 49 50 51 52 53 54 55 56 57 58 59
decision_type=2 9 2 9 9 9 9 9 9 9 9 9 9 9 9 9 9 9 9 9 9 9 9 9 9 9 9 9 9 9 9 9 9 9 9 9 9 9 9 9 9 9 9 9 9 9 9 9 9 9 9 9 9 9 9 9 9 1 1 9 9 9
left_child=19 17 4 9 16 -5 -7 52 42 -4 11 -10 -8 51 -12 -14 -3 -2 -19 20 21 -1 53 24 -21 -26 27 -25 29 -27 55 34 33 -33 36 -32 57 -38 39 -34 -40 48 -9 -24 46 -46 -36 -35 -29 -20 -45 -11 -6 -22 -15 -30 -43 -28 -52 -56 -58 -50
right_child=1 2 3 5 7 6 12 8 10 13 14 -13 15 54 -16 -17 -18 18 49 23 22 -23 43 26 25 28 31 41 30 -31 35 32 38 47 44 -37 37 -39 40 -41 -42 56 -44 50 45 -47 -48 -49 61 -51 58 -53 -54 -55 59 -57 60 -59 -60 -61 -62 -63
leaf_value=0.00019086866305044679 -2.5308441754685926e-07 -3.9677313925931318e-07 4.4948848509527844e-07 2.4943817033077687e-05 -6.6558907915131176e-07 7.9821170298427131e-06 -6.7025873092476729e-06 -9.6168311175482947e-07 -9.1389909490715956e-06 -2.1419959189131492e-06 -2.7162633591630264e-05 1.5548333142285833e-06 1.148423672664055e-06 -7.5847773189862353e-07 -1.3181232691562045e-06 -1.5793237998530644e-06 4.6414187961524518e-05 -9.6168311175482947e-07 -2.1168890507082685e-06 -0.0042358657864151571 0.0043777948135275274 -0.0036598922450361321 0.0011198471142894234 -0.0015121268333215883 0.0019588662966237452 -0.0012847654553147013 0.0026595170337914099 0.002759080483914413 -0.0013597692783090243 0.0020153130950685966 0.00043944360958283769 -0.0029551978842435969 0.0015268067634865217 0.00072444262011970705 -0.00083256721523537161 -0.0011289552205741718 0.00064169060339304667 -0.0022280547768421363 0.00087097286370176367 -0.0011705282342144255 -5.3190119737788963e-06 0.0036726042665550448 3.1765340409893516e-05 0.00049088876513325014 0.0016533395271357968 0.00012502421568029069 0.0015815781407480624 -0.00098557294357536811 0.0022718993198611774 -2.8216430682793782e-05 -0.00067331513393375803 0 6.6433528935317765e-05 0.00023779319380612011 -5.8456890942353083e-07 0.0020125312073080862 0.0030915165107203591 -0.00045499131989554611 -0.0038040590446757816 -5.079898560187656e-06 0.00070739900530764055 -0.0013779031155257261
leaf_weight=682 914 537 773 810 428 806 757 568 687 511 982 3613 1507 1069 8091 3298 1325 1010 671 1280 441 1751 922 754 1161 436 442 446 418 1082 2245 929 902 1851 831 9787 678 1531 9281 5371 32791 839 1218 684 1721 13211 6373 4017 207 1683 642 1210 1105 932 441 1034 820 599 1032 2202 1812 879
leaf_count=682 914 537 773 810 428 806 757 568 687 511 982 3613 1507 1069 8091 3298 1325 1010 671 1280 441 1751 922 754 1161 436 442 446 418 1082 2245 929 902 1851 831 9787 678 1531 9281 5371 32791 839 1218 684 1721 13211 6373 4017 207 1683 642 1210 1105 932 441 1034 820 599 1032 2202 1812 879
internal_value=-0.00424805 -0.0203932 -0.0125634 -0.0371806 0.00518969 -0.00350485 -0.0176332 -0.00326867 -0.0109353 -0.075989 -0.0200149 0.0144712 -0.0326695 -0.0895317 -0.0363566 -0.0179364 0.0805229 -0.0786014 -0.0983708 0.00102873 -0.0268808 -0.0749693 -0.00160768 0.00293811 -0.0139731 -0.00714064 0.00635827 0.0416536 -0.0132676 0.0533332 -0.0208062 0.00382915 -0.00211045 -0.0315905 0.0167257 -0.0282962 -0.0248313 -0.0541647 0.00204107 -0.0256324 0.00617336 0.0560518 0.0567296 -0.0260631 0.0228373 0.0120048 0.0452328 -0.0181632 0.00621752 -0.126162 -0.0513923 -0.0349682 0.0720387 0.0565342 -0.114635 0.0409835 0.07795 0.0373218 -0.0811387 -0.137966 0.0567322 -0.0316939
internal_weight=147030 36216 31938 13384 18554 7178 6368 16692 15159 6206 13373 4300 5562 5433 9073 4805 1862 4278 3364 110814 7086 2433 4653 103728 17443 16163 86285 5757 15002 1518 13484 80528 55142 6797 25386 12032 3250 2209 48345 6273 42072 5003 1786 3280 22136 14932 7204 5868 1532 2354 2358 1721 1533 1373 3712 1452 3471 1041 1674 2643 2632 1086
internal_count=147030 36216 31938 13384 18554 7178 6368 16692 15159 6206 13373 4300 5562 5433 9073 4805 1862 4278 3364 110814 7086 2433 4653 103728 17443 16163 86285 5757 15002 1518 13484 80528 55142 6797 25386 12032 3250 2209 48345 6273 42072 5003 1786 3280 22136 14932 7204 5868 1532 2354 2358 1721 1533 1373 3712 1452 3471 1041 1674 2643 2632 1086
cat_boundaries=0 8 16 23 31 39 47 55 63 67 75 83 87 95 99 102 110 114 122 127 131 136 141 149 157 165 172 179 182 190 193 201 209 217 222 226 230 238 246 251 255 258 262 265 273 281 284 288 292 296 300 304 307 311 314 322 324 326 334 338 342
cat_threshold=16781330 16384 33554947 1074266153 10486304 4718600 134228493 67174913 823199880 2147484194 1032 536870912 269713536 1073741827 268992528 1553 65536 1082150912 201393197 419496000 38014982 1158152480 8196 12584960 3344 8913664 268705824 182452240 0 67145728 44566600 168099840 134217872 67143680 68288576 538018889 4096 2223013888 4211840 0 1082130688 1082212352 524416 225443888 67133568 2215641152 3309571 32 786432 1160019968 67289472 536875020 2147616768 66560 34341314 213152 36 3145728 101746752 570425472 151060992 67633312 4202506 949390922 1644429318 2185741348 2 2516714496 547359744 528400 2701131776 229632 83886080 524288 8410128 268435490 150994954 143360 570429824 536936972 553648680 272629763 32768 274243660 201983156 3381466884 2 607125568 2166784 536871168 270566402 2147483648 316 1611137152 67116048 2688099140 222495796 3434094721 2 2148008000 3560448800 3592538770 1073951368 134480384 2176 1107828736 134145 32 1572864 9232 2202094996 67152518 2434845728 2 6324224 1152 33554432 24576 256901120 3206144 68161728 54001666 67110928 3221358592 7602240 8405013 541327363 1946232864 60302404 682109082 2 2151679652 268963840 235143171 1090560224 2293760 6357507 402686016 4194304 16777221 2416443392 134234881 4096 3223333892 1787954697 526336 2147483712 0 2560 17043456 2298560548 603979776 2176 528 987152 1367346192 4096 805307012 4521988 3623881824 69238786 0 1778384964 33554440 1296 939541506 671612928 270608 79741280 1074921472 1040 6308036 0 3289383424 2181038080 8389632 654753929 939851952 147488 2452931335 562563080 1233166544 1048832 1083392 270720 1225264128 1140850704 1084293188 134488064 1053220 38813984 2166621233 2098903672 268501440 10518676 16777344 83887106 262144 1145044996 8667440 2883840 16842752 16480 24215556 268961936 2147484162 131072 8437760 4461056 540800 134552064 0 276826112 2554332162 2181038112 270632000 4196422 150995201 17408 60096530 1342179616 5308431 2422263846 153685014 2522874307 1 7602688 4213724825 2822416 10 1319938 3364888640 4194305 512 8396800 17109264 2281840672 4603904 2162335760 278785 2147483649 6291656 71303170 2056 527 4224 433062172 131072 83886096 1073744944 6516736 3283517456 2433000768 539069545 4 2754615273 67307392 6338832 302006880 138645516 599037524 8 1825214485 1704988994 128253958 134423552 3147778 4407300 134217856 1082396674 42 2286297092 8388608 1074266120 77613064 2359305 128 2147618821 136 136333361 8486912 2234071112 8670403 3188484128 2457897216 943237123 604034216 12 272113816 700781313 3238822147 2 369923020 1226867840 826426392 4 2164873488 298862852 1226851112 12 34219137 2154849107 537557776 1 680407040 4249173 174097276 1107391096 38212866 875561509 10 1602820232 67987460 180387976 8388608 1115709444 1076989956 16777217 42303744 541204772 268435456 64 2278794791 1352745225 3773892756 410571958 605061632 8397056 65536 2147614720 134226944 1073752322 443712 5168 2183202903 35791384 239355431 10 277169184 1074790690 268730434 4
is_linear=0
shrinkage=0.3


Tree=15
num_leaves=63
num_cat=58
split_feature=0 35 34 3 5 41 34 35 41 34 34 41 19 34 41 41 34 35 23 22 24 41 34 23 35 4 19 22 23 24 34 35 19 24 35 34 23 23 22 22 38 24 22 23 22 22 22 23 23 24 40 22 21 35 22 24 21 23 21 22 21 22
split_gain=60.9017 102.038 100.551 83.3971 82.3148 79.5433 90.7638 77.7313 120.242 105.62 73.4267 71.1461 70.7182 103.2 80.3856 75.9395 76.6213 78.3398 71.6566 68.6937 68.0788 66.1651 76.4877 65.0593 65.0131 64.5031 91.7754 67.8947 64.2145 64.1431 62.2422 79.975 70.3001 60.598 60.4555 83.8275 60.2989 60.106 59.7516 59.2085 58.0199 56.8904 56.7604 55.9144 55.2165 53.0139 51.7436 51.2104 50.1528 46.1823 42.2679 46.7575 40.515 40.0516 39.7576 38.0659 37.7647 34.118 33.636 33.1791 29.884 29.2414
threshold=0.26306152343750006 0 1 0.0075000002980232247 0.040833333507180221 2 3 4 5 6 7 8 9 10 11 12 13 14 15 16 17 18 19 20 21 0.0075000002980232247 22 23 24 25 26 27 28 29 30 31 32 33 34 35 36 37 38 39 40 41 42 43 44 45 46 47 48 49 50 51 52 53 54 55 56 57
decision_type=2 9 9 2 2 9 9 9 9 9 9 9 9 9 9 9 9 9 9 9 9 9 9 9 9 2 9 9 9 9 9 9 9 9 9 9 9 9 9 9 9 9 9 9 9 9 9 9 9 9 9 9 1 9 9 9 1 9 1 9 1 9
left_child=5 2 -2 40 -5 6 -1 8 57 -10 -4 -11 13 41 53 44 17 -17 -19 29 36 22 -6 -21 48 26 -18 -27 45 -16 31 59 -33 -30 35 -32 -12 52 49 -26 -3 -9 -36 -40 -14 -13 60 -46 -24 -8 51 -45 -22 -15 -38 -42 -52 -7 -48 -23 -39 -49
right_child=1 3 10 4 21 7 38 12 9 11 20 28 15 14 19 16 25 18 -20 23 37 30 24 -25 39 27 -28 -29 33 -31 34 32 -34 -35 42 -37 54 46 43 -41 55 -43 -44 50 47 -47 58 61 -50 -51 56 -53 -54 -55 -56 -57 -58 -59 -60 -61 -62 -63
leaf_value=0.0024401239846477858 -4.2106663356349214e-05 -0.00041749997648447384 0.000194409200198558 -0.003892085872455106 -2.3030175819865219e-05 0.0016524733946757153 0.0025232448995090241 0.00060726550999287536 -0.0019042666965966651 0.0057232056745126362 -0.00013711138609751608 -0.0035865714008671123 -0.0006593176041866692 0.00099091732253422265 0.001971491860789076 0.0037290558585912712 0.0014348793980306044 -0.0012800113618425845 0.00089988501444458399 0.0027626384912094984 1.7102945997530178e-05 -0.0002653432469706699 -4.6644999426857496e-07 0.00095815856202253883 -1.1435186479366237e-05 9.9193415223119746e-05 -0.0056171512043508799 -0.00014641916747086471 9.2527175225839173e-05 -0.00054738551800045997 3.8800099562937309e-05 4.3463930828495141e-05 -9.2359066300356072e-06 0.0028789687348487964 1.0324706895148033e-06 -1.166828195005597e-05 6.403155162057887e-05 0.00013058870876890083 -0.005246106572116889 3.6098768015911446e-05 1.8366905708824665e-06 -0.0037847642644615303 -9.7571464576511735e-07 -0.0031359130517683853 -1.0134468120841773e-05 0.00070533155620089796 3.2982969598987739e-05 0.0016075925916804784 0.0003458342701052937 -0.00064570685640023796 -0.0066706673688957047 0.0011076719392617061 -1.891032113036895e-05 -0.0038675754533500422 -4.5764444495418806e-06 -1.1567997483418066e-05 -0.00063075069765470616 -0.0038316659696653061 0.00023649833188297859 -4.6111275504770737e-05 -1.3708406735141281e-05 0.0055216905288653778
leaf_weight=686 685 594 899 749 790 107 428 431 645 940 561 430 561 213 1175 680 1140 1172 2519 2581 548 315 311 5871 1074 9272 2880 20037 1168 2691 781 729 6590 2564 15566 5754 415 323 914 2396 313 938 34200 419 416 1074 818 439 810 1031 446 655 631 718 772 773 565 821 1068 834 530 574
leaf_count=686 685 594 899 749 790 107 428 431 645 940 561 430 561 213 1175 680 1140 1172 2519 2581 548 315 311 5871 1074 9272 2880 20037 1168 2691 781 729 6590 2564 15566 5754 415 323 914 2396 313 938 34200 419 416 1074 818 439 810 1031 446 655 631 718 772 773 565 821 1068 834 530 574
internal_value=-0.00203425 -0.00763613 0.0262737 -0.0110262 -0.00946108 0.00462033 -0.0311869 0.00759316 0.0356784 0.0494804 0.0377223 0.0615708 0.00357879 0.0214081 0.0295226 -0.00299229 -0.006014 0.0312799 0.0138536 0.0359611 0.0249383 -0.00840318 0.0235305 0.0511106 0.038388 -0.0109145 -0.046544 -0.00602845 0.0476753 0.0027849 -0.0110588 -0.0350236 -0.0233665 0.06875 -0.00744766 -0.0345502 -0.0242045 0.0468702 -0.0468456 0.0179207 -0.077051 -0.0566979 -0.00388123 -0.0710395 0.053946 -0.00474924 0.0712104 0.0851491 0.100882 0.00305904 -0.0433476 -0.00165732 -0.00982355 -0.055037 0.0142618 -0.0344261 -0.0870966 -0.0651062 0.0989462 -0.108269 0.00936399 0.121463
internal_weight=147030 79829 7250 72579 70899 67201 5144 62057 7749 6821 6565 6176 54308 14618 13249 39690 37700 4371 3691 12318 5666 70150 5381 8452 4591 33329 4020 29309 5236 3866 64769 8468 7319 3732 56301 6535 1748 3918 4458 3470 1680 1369 49766 2999 1990 1504 2739 1429 1121 1459 2085 1074 1179 931 1187 1086 1011 928 1886 1149 853 1013
internal_count=147030 79829 7250 72579 70899 67201 5144 62057 7749 6821 6565 6176 54308 14618 13249 39690 37700 4371 3691 12318 5666 70150 5381 8452 4591 33329 4020 29309 5236 3866 64769 8468 7319 3732 56301 6535 1748 3918 4458 3470 1680 1369 49766 2999 1990 1504 2739 1429 1121 1459 2085 1074 1179 931 1187 1086 1011 928 1886 1149 853 1013
cat_boundaries=0 8 16 24 32 40 48 56 64 72 79 87 95 103 111 118 122 126 130 138 146 149 157 164 168 171 174 182 190 197 201 209 217 221 224 228 232 239 242 246 250 254 258 261 265 268 272 278 282 284 292 296 300 302 305 307 311 313 316
cat_threshold=546309376 1074790400 3221242544 1090525184 268436480 1073774880 3492544512 1050624 2402304 8194 153616386 1073743878 147480 536872960 2148532232 1081348 2147483904 133312 1074790400 28672 213385216 1536 69239269 50724864 537461504 129 0 20971520 1073807488 35792897 101321792 16793616 16777344 11332 1049601 276955264 2146304 10304 75501715 67641664 274202626 2049507344 16793611 8390656 541204480 2359298 135266304 6291456 134299648 295424 2152988672 4160 1196300 134352992 1090551872 67174402 42008656 58720400 2684485632 270533248 807403648 8429568 4227072 66608 65565 8192 268443648 35946576 16777730 64 2688813056 76060808 262144 1078461454 138484228 75501632 8192 1040257040 65860 525826 838860803 3288336512 16793600 8396832 813694976 539242504 8388708 524288 545801736 167774212 2228752 545 12582954 1208034816 32 805962752 11272196 201343104 0 536969253 524386 8463872 65552 1050906 196608 2148564993 134283264 196688 1073743360 1611804672 34605057 134218240 1073746561 4202640 140509200 612372736 38290192 1074806816 445261520 2151793291 2355131392 4 1075205291 2592090418 738206912 10 2408333410 3225433160 2701527240 10 2151678208 3229615304 1073742336 12336 210772000 35330 32993 33554432 31722514 17408 1048608 3145728 1091567680 34120516 134217732 102760448 1355878528 1210083338 1091294962 153125010 826279426 22544450 16400 1073807360 16785408 4194368 67108868 65601 119572481 18908161 156682 12582912 1073791136 1049216 3090153986 672836291 51332192 8 2186896903 270729412 134570412 17088609 975244047 3254786167 20971604 68159809 2113632 8388609 2097920 1074274560 12717057 8200 4292609 644 67108868 2416189443 4522048 2149062664 67141888 67141636 2 2150670848 167772195 151096320 138428434 536871110 81940 2199998527 74006542 135857708 8 2101248 2147746306 532480 613154824 33280 270598276 26345539 33652992 2955084808 8388608 1611661328 268444032 33832960 2129920 67108880 33915921 117702660 1619258512 751411290 4 2349347776 211849604 4250928208 269795616 2334339460 151074261 2 2276458632 553921028 588702049 14 143860288 2449473540 65 536871168 136314880 0 2113536 35684354 465963095 319080502 2483224705 3655435320 1612785675 3 746988547 16860200 1077764486 6 2281750544 996844072 3226017804 8 271057082 285619714 260444232 2 2202592005 104937736 3251519491 2273516048 4195081 1664091180 1 151052549 117770240 1686946348 70255698 292282 2383446737 4 2701133368 268455936 261357577 1090520080 69644 1 1686306884 1409320986 3288631818 12 2164203083 3006476336 0 4224 64 3145728 536879104 134221824 2097152 131072 1623351936 2703950977 2170980432 12 1085286417 1779441683 1210073376 6 1098393929 189753762 81920 7340292 134479872 14450994 3754456111 134742072 2147552996 184943520 12 1223426674 105259360 881731853 2156928065 237371682
is_linear=0
shrinkage=0.3


end of trees

feature_importances:
Column_34=156
Column_22=120
Column_41=116
Column_23=102
Column_35=86
Column_24=78
Column_38=43
Column_0=42
Column_5=36
Column_21=36
Column_4=35
Column_19=33
Column_3=31
Column_6=15
Column_39=13
Column_40=13
Column_8=11
Column_18=5
Column_1=4
Column_29=4
Column_32=4
Column_9=3
Column_2=2
Column_20=2
Column_7=1
Column_28=1

parameters:
[boosting: gbdt]
[objective: regression_l1]
[metric: l1]
[tree_learner: serial]
[device_type: cpu]
[data_sample_strategy: bagging]
[data: ]
[valid: ]
[num_iterations: 16]
[learning_rate: 0.3]
[num_leaves: 63]
[num_threads: 1]
[seed: 31752865]
[deterministic: 1]
[force_col_wise: 1]
[force_row_wise: 0]
[histogram_pool_size: -1]
[max_depth: 8]
[min_data_in_leaf: 60]
[min_sum_hessian_in_leaf: 0.001]
[bagging_fraction: 1]
[pos_bagging_fraction: 1]
[neg_bagging_fraction: 1]
[bagging_freq: 0]
[bagging_seed: 25533]
[bagging_by_query: 0]
[feature_fraction: 0.9]
[feature_fraction_bynode: 1]
[feature_fraction_seed: 9987]
[extra_trees: 0]
[extra_seed: 8391]
[early_stopping_round: 0]
[early_stopping_min_delta: 0]
[first_metric_only: 0]
[max_delta_step: 0]
[lambda_l1: 0.0005]
[lambda_l2: 2]
[linear_lambda: 0]
[min_gain_to_split: 0]
[drop_rate: 0.1]
[max_drop: 50]
[skip_drop: 0.5]
[xgboost_dart_mode: 0]
[uniform_drop: 0]
[drop_seed: 22808]
[top_rate: 0.2]
[other_rate: 0.1]
[min_data_per_group: 100]
[max_cat_threshold: 32]
[cat_l2: 10]
[cat_smooth: 10]
[max_cat_to_onehot: 4]
[top_k: 20]
[monotone_constraints: ]
[monotone_constraints_method: basic]
[monotone_penalty: 0]
[feature_contri: ]
[forcedsplits_filename: ]
[refit_decay_rate: 0.9]
[cegb_tradeoff: 1]
[cegb_penalty_split: 0]
[cegb_penalty_feature_lazy: ]
[cegb_penalty_feature_coupled: ]
[path_smooth: 0]
[interaction_constraints: ]
[verbosity: -1]
[saved_feature_importance_type: 0]
[use_quantized_grad: 0]
[num_grad_quant_bins: 4]
[quant_train_renew_leaf: 0]
[stochastic_rounding: 1]
[linear_tree: 0]
[max_bin: 255]
[max_bin_by_feature: ]
[min_data_in_bin: 3]
[bin_construct_sample_cnt: 200000]
[data_random_seed: 13582]
[is_enable_sparse: 1]
[enable_bundle: 1]
[use_missing: 1]
[zero_as_missing: 0]
[feature_pre_filter: 1]
[pre_partition: 0]
[two_round: 0]
[header: 0]
[label_column: ]
[weight_column: ]
[group_column: ]
[ignore_column: ]
[categorical_feature: 18,19,20,21,22,23,24,25,26,27,28,29,30,31,34,35,36,37,38,39,40,41]
[forcedbins_filename: ]
[precise_float_parser: 0]
[parser_config_file: ]
[objective_seed: 23742]
[num_class: 1]
[is_unbalance: 0]
[scale_pos_weight: 1]
[sigmoid: 1]
[boost_from_average: 1]
[reg_sqrt: 0]
[alpha: 0.9]
[fair_c: 1]
[poisson_max_delta_step: 0.7]
[tweedie_variance_power: 1.5]
[lambdarank_truncation_level: 30]
[lambdarank_norm: 1]
[label_gain: ]
[lambdarank_position_bias_regularization: 0]
[eval_at: ]
[multi_error_top_k: 1]
[auc_mu_weights: ]
[num_machines: 1]
[local_listen_port: 12400]
[time_out: 120]
[machine_list_filename: ]
[machines: ]
[gpu_platform_id: -1]
[gpu_device_id: -1]
[gpu_device_id_list: ]
[gpu_use_dp: 0]
[num_gpu: 1]

end of parameters

pandas_categorical:null
